자전거번호,구분,자치구,등록일시,시간대
SPB-30006,체인,마포구,2024-08-13 18:02,18
SPB-30014,기타 ,서대문구,2024-08-29 8:21,8
SPB-30018,기타 ,종로구,2024-08-16 19:56,19
SPB-30022,체인,서초구,2024-08-14 9:10,9
SPB-30022,기타 ,서초구,2024-08-27 6:42,6
SPB-30024,타이어 ,강서구,2024-08-21 22:04,22
SPB-30041,타이어 ,영등포구,2024-08-26 6:48,6
SPB-30041,타이어 ,영등포구,2024-08-27 18:17,18
SPB-30055,페달,마포구,2024-08-03 18:45,18
SPB-30066,체인,양천구,2024-08-24 22:51,22
SPB-30070,단말기,강서구,2024-08-22 8:05,8
SPB-30071,기타 ,마포구,2024-08-01 19:49,19
SPB-30073,기타 ,중랑구,2024-08-08 10:12,10
SPB-30079,기타 ,마포구,2024-08-16 21:37,21
SPB-30080,타이어 ,양천구,2024-08-14 20:14,20
SPB-30080,타이어 ,영등포구,2024-08-16 21:01,21
SPB-30080,페달,금천구,2024-08-29 3:48,3
SPB-30080,기타 ,영등포구,2024-08-30 18:38,18
SPB-30096,타이어 ,성북구,2024-08-05 17:52,17
SPB-30096,기타 ,은평구,2024-08-29 9:43,9
SPB-30099,타이어 ,강서구,2024-08-13 20:33,20
SPB-30103,타이어 ,송파구,2024-08-01 5:54,5
SPB-30106,타이어 ,중랑구,2024-08-20 21:40,21
SPB-30109,타이어 ,송파구,2024-08-11 19:20,19
SPB-30110,타이어 ,동대문구,2024-08-13 7:11,7
SPB-30111,기타 ,송파구,2024-08-06 20:59,20
SPB-30115,체인,송파구,2024-08-01 9:21,9
SPB-30115,타이어 ,송파구,2024-08-20 8:36,8
SPB-30116,타이어 ,광진구,2024-08-29 10:16,10
SPB-30117,안장,관악구,2024-08-30 20:13,20
SPB-30124,기타 ,강남구,2024-08-23 18:59,18
SPB-30124,안장,송파구,2024-08-28 14:20,14
SPB-30125,체인,영등포구,2024-08-12 18:23,18
SPB-30129,타이어 ,중구,2024-08-14 7:13,7
SPB-30132,타이어 ,성동구,2024-08-15 17:01,17
SPB-30136,타이어 ,성동구,2024-08-12 22:03,22
SPB-30143,기타 ,중구,2024-08-07 17:34,17
SPB-30151,기타 ,강서구,2024-08-22 18:43,18
SPB-30153,타이어 ,마포구,2024-08-07 18:49,18
SPB-30154,기타 ,동대문구,2024-08-05 12:18,12
SPB-30154,기타 ,성북구,2024-08-09 8:05,8
SPB-30154,기타 ,성북구,2024-08-10 11:03,11
SPB-30166,타이어 ,강동구,2024-08-08 18:46,18
SPB-30166,타이어 ,서초구,2024-08-30 19:12,19
SPB-30168,타이어 ,송파구,2024-08-29 7:47,7
SPB-30184,페달,금천구,2024-08-07 18:37,18
SPB-30184,페달,금천구,2024-08-16 9:21,9
SPB-30184,페달,금천구,2024-08-25 8:10,8
SPB-30185,기타 ,종로구,2024-08-02 16:38,16
SPB-30185,타이어 ,종로구,2024-08-13 20:47,20
SPB-30185,단말기,송파구,2024-08-21 18:41,18
SPB-30189,타이어 ,영등포구,2024-08-22 18:41,18
SPB-30190,타이어 ,영등포구,2024-08-27 16:22,16
SPB-30191,타이어 ,강남구,2024-08-20 7:18,7
SPB-30197,타이어 ,강서구,2024-08-29 5:14,5
SPB-30202,체인,구로구,2024-08-08 19:16,19
SPB-30208,기타 ,강동구,2024-08-22 18:03,18
SPB-30208,타이어 ,강동구,2024-08-23 22:08,22
SPB-30215,체인,구로구,2024-08-02 8:27,8
SPB-30221,안장,양천구,2024-08-30 12:03,12
SPB-30222,페달,용산구,2024-08-23 13:43,13
SPB-30229,기타 ,영등포구,2024-08-12 8:13,8
SPB-30230,타이어 ,강서구,2024-08-24 8:15,8
SPB-30234,페달,구로구,2024-08-22 9:47,9
SPB-30236,체인,강동구,2024-08-28 17:58,17
SPB-30237,페달,성동구,2024-08-19 17:32,17
SPB-30242,안장,서초구,2024-08-25 5:59,5
SPB-30243,기타 ,서초구,2024-08-16 17:16,17
SPB-30243,기타 ,서초구,2024-08-28 6:09,6
SPB-30248,기타 ,마포구,2024-08-30 20:22,20
SPB-30254,타이어 ,송파구,2024-08-29 20:24,20
SPB-30257,타이어 ,송파구,2024-08-29 18:42,18
SPB-30258,체인,마포구,2024-08-27 21:04,21
SPB-30259,기타 ,중구,2024-08-02 1:17,1
SPB-30259,타이어 ,중구,2024-08-02 8:40,8
SPB-30259,기타 ,종로구,2024-08-02 15:58,15
SPB-30259,타이어 ,중구,2024-08-03 3:53,3
SPB-30261,기타 ,송파구,2024-08-05 9:05,9
SPB-30268,안장,강동구,2024-08-14 14:42,14
SPB-30268,기타 ,송파구,2024-08-20 7:45,7
SPB-30271,페달,강서구,2024-08-31 18:47,18
SPB-30273,페달,동대문구,2024-08-19 20:08,20
SPB-30275,단말기,성동구,2024-08-13 9:00,9
SPB-30280,타이어 ,구로구,2024-08-30 9:14,9
SPB-30304,타이어 ,중랑구,2024-08-30 23:43,23
SPB-30306,단말기,금천구,2024-08-18 14:20,14
SPB-30309,페달,종로구,2024-08-03 0:28,0
SPB-30309,타이어 ,강북구,2024-08-14 16:17,16
SPB-30309,페달,서초구,2024-08-26 20:46,20
SPB-30315,페달,서대문구,2024-08-02 20:01,20
SPB-30319,단말기,송파구,2024-08-10 20:01,20
SPB-30319,타이어 ,양천구,2024-08-19 6:08,6
SPB-30320,기타 ,노원구,2024-08-08 22:36,22
SPB-30320,기타 ,노원구,2024-08-19 19:43,19
SPB-30320,체인,노원구,2024-08-21 22:41,22
SPB-30328,단말기,송파구,2024-08-17 22:13,22
SPB-30331,타이어 ,강서구,2024-08-05 20:00,20
SPB-30336,타이어 ,송파구,2024-08-11 10:22,10
SPB-30336,타이어 ,관악구,2024-08-20 8:12,8
SPB-30340,기타 ,구로구,2024-08-28 8:45,8
SPB-30349,타이어 ,서초구,2024-08-04 9:06,9
SPB-30349,기타 ,송파구,2024-08-12 18:47,18
SPB-30350,안장,강동구,2024-08-11 9:47,9
SPB-30351,기타 ,금천구,2024-08-19 7:37,7
SPB-30353,타이어 ,송파구,2024-08-14 18:47,18
SPB-30363,타이어 ,송파구,2024-08-09 12:05,12
SPB-30367,기타 ,송파구,2024-08-06 18:27,18
SPB-30381,단말기,송파구,2024-08-31 20:12,20
SPB-30382,단말기,동대문구,2024-08-07 0:40,0
SPB-30399,타이어 ,영등포구,2024-08-12 19:32,19
SPB-30403,타이어 ,구로구,2024-08-06 18:55,18
SPB-30406,페달,강동구,2024-08-05 14:47,14
SPB-30411,페달,강동구,2024-08-01 2:04,2
SPB-30412,기타 ,서초구,2024-08-16 21:22,21
SPB-30423,체인,성동구,2024-08-19 20:30,20
SPB-30423,타이어 ,성북구,2024-08-24 0:59,0
SPB-30423,타이어 ,성북구,2024-08-30 16:53,16
SPB-30423,타이어 ,성북구,2024-08-31 22:38,22
SPB-30424,타이어 ,강서구,2024-08-19 8:31,8
SPB-30428,타이어 ,중랑구,2024-08-07 9:16,9
SPB-30428,타이어 ,도봉구,2024-08-18 12:29,12
SPB-30430,안장,강남구,2024-08-05 17:40,17
SPB-30431,기타 ,강서구,2024-08-12 19:21,19
SPB-30447,기타 ,광진구,2024-08-14 8:11,8
SPB-30454,기타 ,노원구,2024-08-30 19:33,19
SPB-30458,페달,강서구,2024-08-30 7:58,7
SPB-30461,페달,강서구,2024-08-28 21:08,21
SPB-30467,타이어 ,종로구,2024-08-31 16:22,16
SPB-30479,타이어 ,송파구,2024-08-06 10:22,10
SPB-30479,체인,강동구,2024-08-26 5:30,5
SPB-30488,안장,광진구,2024-08-13 17:07,17
SPB-30488,페달,성북구,2024-08-22 19:18,19
SPB-30488,안장,강북구,2024-08-31 12:50,12
SPB-30490,안장,종로구,2024-08-07 4:32,4
SPB-30496,기타 ,용산구,2024-08-18 7:50,7
SPB-30498,타이어 ,용산구,2024-08-01 8:49,8
SPB-30500,타이어 ,양천구,2024-08-28 6:48,6
SPB-30506,타이어 ,영등포구,2024-08-07 7:07,7
SPB-30507,체인,마포구,2024-08-29 18:41,18
SPB-30508,안장,영등포구,2024-08-31 8:56,8
SPB-30512,안장,노원구,2024-08-23 15:45,15
SPB-30519,타이어 ,영등포구,2024-08-15 9:57,9
SPB-30524,타이어 ,동작구,2024-08-07 18:24,18
SPB-30533,기타 ,성동구,2024-08-18 22:28,22
SPB-30535,타이어 ,강남구,2024-08-23 2:07,2
SPB-30539,기타 ,강남구,2024-08-02 18:35,18
SPB-30539,기타 ,강남구,2024-08-10 20:38,20
SPB-30539,기타 ,강남구,2024-08-28 7:26,7
SPB-30541,기타 ,영등포구,2024-08-05 0:25,0
SPB-30541,기타 ,양천구,2024-08-26 3:31,3
SPB-30543,타이어 ,구로구,2024-08-22 8:18,8
SPB-30549,페달,구로구,2024-08-08 8:32,8
SPB-30549,페달,은평구,2024-08-27 12:26,12
SPB-30560,기타 ,송파구,2024-08-12 10:44,10
SPB-30568,안장,노원구,2024-08-03 1:03,1
SPB-30575,기타 ,도봉구,2024-08-28 19:45,19
SPB-30578,페달,동작구,2024-08-02 6:29,6
SPB-30578,페달,영등포구,2024-08-04 16:18,16
SPB-30579,안장,양천구,2024-08-09 22:13,22
SPB-30601,타이어 ,양천구,2024-08-27 22:38,22
SPB-30607,체인,강동구,2024-08-16 8:42,8
SPB-30615,페달,성동구,2024-08-06 17:15,17
SPB-30616,타이어 ,강서구,2024-08-29 15:48,15
SPB-30620,타이어 ,중구,2024-08-19 20:42,20
SPB-30623,안장,강남구,2024-08-27 19:30,19
SPB-30628,타이어 ,강동구,2024-08-10 18:42,18
SPB-30637,타이어 ,용산구,2024-08-12 18:07,18
SPB-30638,타이어 ,강서구,2024-08-06 8:39,8
SPB-30648,안장,용산구,2024-08-23 18:53,18
SPB-30664,기타 ,영등포구,2024-08-29 8:06,8
SPB-30665,타이어 ,강서구,2024-08-15 16:23,16
SPB-30671,기타 ,성동구,2024-08-08 19:12,19
SPB-30672,페달,강서구,2024-08-19 20:20,20
SPB-30680,체인,영등포구,2024-08-12 22:46,22
SPB-30681,타이어 ,금천구,2024-08-10 10:30,10
SPB-30682,페달,성동구,2024-08-06 18:46,18
SPB-30682,기타 ,광진구,2024-08-28 20:00,20
SPB-30684,체인,강동구,2024-08-08 10:18,10
SPB-30684,체인,서초구,2024-08-15 22:12,22
SPB-30692,안장,종로구,2024-08-28 18:23,18
SPB-30694,안장,중랑구,2024-08-23 8:47,8
SPB-30702,타이어 ,종로구,2024-08-18 14:10,14
SPB-30716,페달,관악구,2024-08-15 1:27,1
SPB-30717,타이어 ,영등포구,2024-08-22 20:53,20
SPB-30719,기타 ,광진구,2024-08-05 18:24,18
SPB-30719,타이어 ,관악구,2024-08-19 23:28,23
SPB-30720,체인,강서구,2024-08-11 20:09,20
SPB-30720,페달,영등포구,2024-08-16 6:47,6
SPB-30721,타이어 ,도봉구,2024-08-25 14:21,14
SPB-30722,페달,영등포구,2024-08-05 22:40,22
SPB-30724,기타 ,강동구,2024-08-27 8:05,8
SPB-30730,기타 ,금천구,2024-08-28 20:05,20
SPB-30731,기타 ,마포구,2024-08-07 19:59,19
SPB-30736,페달,중랑구,2024-08-26 9:52,9
SPB-30740,단말기,금천구,2024-08-25 19:23,19
SPB-30740,타이어 ,구로구,2024-08-29 21:52,21
SPB-30748,기타 ,양천구,2024-08-02 13:14,13
SPB-30755,기타 ,금천구,2024-08-13 7:16,7
SPB-30759,체인,종로구,2024-08-21 19:51,19
SPB-30759,체인,종로구,2024-08-22 7:55,7
SPB-30759,페달,서초구,2024-08-24 22:17,22
SPB-30762,기타 ,마포구,2024-08-03 18:00,18
SPB-30762,체인,양천구,2024-08-07 8:17,8
SPB-30767,타이어 ,동대문구,2024-08-23 19:39,19
SPB-30768,타이어 ,관악구,2024-08-06 18:49,18
SPB-30770,페달,구로구,2024-08-05 18:10,18
SPB-30773,체인,강서구,2024-08-05 6:01,6
SPB-30774,타이어 ,송파구,2024-08-04 12:41,12
SPB-30777,타이어 ,영등포구,2024-08-31 17:38,17
SPB-30790,기타 ,중랑구,2024-08-30 7:47,7
SPB-30793,기타 ,용산구,2024-08-06 13:05,13
SPB-30796,타이어 ,영등포구,2024-08-15 21:52,21
SPB-30803,안장,구로구,2024-08-08 20:12,20
SPB-30816,안장,마포구,2024-08-30 0:43,0
SPB-30817,기타 ,마포구,2024-08-20 14:12,14
SPB-30819,타이어 ,구로구,2024-08-02 17:55,17
SPB-30821,타이어 ,노원구,2024-08-08 18:41,18
SPB-30824,타이어 ,영등포구,2024-08-08 21:28,21
SPB-30824,체인,강서구,2024-08-30 17:09,17
SPB-30828,페달,성북구,2024-08-16 19:06,19
SPB-30829,기타 ,은평구,2024-08-12 23:11,23
SPB-30829,타이어 ,강서구,2024-08-29 18:43,18
SPB-30836,타이어 ,서초구,2024-08-21 13:32,13
SPB-30837,체인,광진구,2024-08-18 17:40,17
SPB-30841,페달,강동구,2024-08-01 9:42,9
SPB-30841,체인,동대문구,2024-08-09 14:05,14
SPB-30841,페달,성동구,2024-08-11 10:37,10
SPB-30842,타이어 ,광진구,2024-08-22 17:18,17
SPB-30842,타이어 ,송파구,2024-08-29 19:56,19
SPB-30844,체인,금천구,2024-08-13 8:44,8
SPB-30844,타이어 ,금천구,2024-08-16 17:44,17
SPB-30848,타이어 ,강서구,2024-08-09 10:39,10
SPB-30848,안장,강서구,2024-08-28 9:51,9
SPB-30854,안장,영등포구,2024-08-07 23:58,23
SPB-30854,타이어 ,영등포구,2024-08-12 21:53,21
SPB-30863,페달,송파구,2024-08-09 11:54,11
SPB-30864,타이어 ,중랑구,2024-08-26 0:57,0
SPB-30869,페달,강서구,2024-08-05 18:50,18
SPB-30872,기타 ,노원구,2024-08-23 19:32,19
SPB-30874,체인,강서구,2024-08-14 9:36,9
SPB-30874,체인,강서구,2024-08-20 13:01,13
SPB-30881,페달,성동구,2024-08-06 19:58,19
SPB-30883,타이어 ,강북구,2024-08-25 8:46,8
SPB-30892,타이어 ,송파구,2024-08-05 13:01,13
SPB-30896,기타 ,송파구,2024-08-07 21:55,21
SPB-30896,타이어 ,송파구,2024-08-12 18:17,18
SPB-30896,기타 ,용산구,2024-08-20 23:59,23
SPB-30896,기타 ,용산구,2024-08-27 18:02,18
SPB-30897,체인,강서구,2024-08-01 21:45,21
SPB-30897,체인,양천구,2024-08-05 22:29,22
SPB-30902,안장,종로구,2024-08-19 20:31,20
SPB-30903,체인,성동구,2024-08-30 13:44,13
SPB-30912,타이어 ,마포구,2024-08-07 15:58,15
SPB-30913,기타 ,영등포구,2024-08-26 13:56,13
SPB-30915,기타 ,마포구,2024-08-19 10:59,10
SPB-30920,타이어 ,강남구,2024-08-06 7:04,7
SPB-30925,체인,강서구,2024-08-01 18:38,18
SPB-30931,타이어 ,영등포구,2024-08-20 18:45,18
SPB-30932,기타 ,강남구,2024-08-04 15:01,15
SPB-30933,페달,강남구,2024-08-26 22:47,22
SPB-30933,페달,강남구,2024-08-27 12:57,12
SPB-30936,타이어 ,종로구,2024-08-19 11:18,11
SPB-30940,체인,강남구,2024-08-06 8:26,8
SPB-30940,기타 ,광진구,2024-08-20 4:38,4
SPB-30944,기타 ,송파구,2024-08-05 8:19,8
SPB-30944,기타 ,서초구,2024-08-18 17:51,17
SPB-30944,기타 ,동작구,2024-08-26 21:06,21
SPB-30944,기타 ,관악구,2024-08-29 18:47,18
SPB-30950,체인,마포구,2024-08-30 12:01,12
SPB-30957,기타 ,용산구,2024-08-13 8:10,8
SPB-30957,기타 ,종로구,2024-08-17 17:23,17
SPB-30958,타이어 ,강남구,2024-08-17 0:27,0
SPB-30958,체인,서초구,2024-08-26 18:57,18
SPB-30959,타이어 ,마포구,2024-08-19 13:17,13
SPB-30961,안장,강남구,2024-08-01 17:45,17
SPB-30962,안장,성북구,2024-08-04 10:32,10
SPB-30962,안장,성북구,2024-08-29 11:28,11
SPB-30962,안장,성북구,2024-08-29 23:25,23
SPB-30962,안장,노원구,2024-08-31 11:41,11
SPB-30967,페달,동대문구,2024-08-27 18:48,18
SPB-30968,안장,광진구,2024-08-16 19:17,19
SPB-30978,기타 ,강남구,2024-08-10 6:28,6
SPB-30981,안장,강서구,2024-08-16 12:43,12
SPB-30985,타이어 ,강남구,2024-08-20 12:50,12
SPB-30990,타이어 ,종로구,2024-08-07 10:25,10
SPB-30991,체인,영등포구,2024-08-13 17:52,17
SPB-30991,체인,양천구,2024-08-16 19:15,19
SPB-30992,안장,종로구,2024-08-25 13:22,13
SPB-31005,기타 ,구로구,2024-08-27 18:04,18
SPB-31039,단말기,구로구,2024-08-30 18:25,18
SPB-31041,기타 ,강남구,2024-08-02 14:01,14
SPB-31042,기타 ,송파구,2024-08-17 18:42,18
SPB-31042,기타 ,송파구,2024-08-20 21:23,21
SPB-31047,페달,노원구,2024-08-09 10:40,10
SPB-31047,페달,동대문구,2024-08-12 12:19,12
SPB-31047,기타 ,서대문구,2024-08-28 1:13,1
SPB-31049,체인,성동구,2024-08-30 18:40,18
SPB-31052,타이어 ,강서구,2024-08-06 19:53,19
SPB-31056,단말기,중랑구,2024-08-26 14:51,14
SPB-31063,기타 ,강남구,2024-08-09 21:46,21
SPB-31063,타이어 ,송파구,2024-08-18 9:50,9
SPB-31068,페달,동대문구,2024-08-19 7:55,7
SPB-31068,체인,성동구,2024-08-26 9:50,9
SPB-31068,체인,서대문구,2024-08-31 7:26,7
SPB-31070,기타 ,강서구,2024-08-31 14:44,14
SPB-31071,타이어 ,동대문구,2024-08-23 2:06,2
SPB-31078,체인,성북구,2024-08-07 6:44,6
SPB-31081,페달,종로구,2024-08-20 20:00,20
SPB-31081,페달,중구,2024-08-22 17:17,17
SPB-31082,기타 ,강서구,2024-08-15 21:30,21
SPB-31082,타이어 ,강서구,2024-08-27 20:31,20
SPB-31082,타이어 ,강서구,2024-08-29 17:46,17
SPB-31086,안장,송파구,2024-08-05 8:32,8
SPB-31090,기타 ,성북구,2024-08-08 20:25,20
SPB-31091,타이어 ,강남구,2024-08-19 23:31,23
SPB-31096,단말기,서초구,2024-08-30 8:15,8
SPB-31098,기타 ,구로구,2024-08-16 12:56,12
SPB-31098,기타 ,금천구,2024-08-22 15:56,15
SPB-31102,타이어 ,강동구,2024-08-14 8:30,8
SPB-31102,타이어 ,강동구,2024-08-23 3:20,3
SPB-31112,타이어 ,송파구,2024-08-26 9:19,9
SPB-31119,체인,양천구,2024-08-01 18:21,18
SPB-31123,페달,강북구,2024-08-08 21:16,21
SPB-31123,페달,노원구,2024-08-15 12:30,12
SPB-31125,체인,강서구,2024-08-22 18:24,18
SPB-31125,체인,강서구,2024-08-28 15:22,15
SPB-31128,타이어 ,영등포구,2024-08-05 20:34,20
SPB-31131,기타 ,강서구,2024-08-08 9:22,9
SPB-31132,체인,동작구,2024-08-12 21:00,21
SPB-31132,타이어 ,강서구,2024-08-16 16:48,16
SPB-31132,페달,강서구,2024-08-26 13:55,13
SPB-31132,체인,강서구,2024-08-27 14:14,14
SPB-31136,기타 ,강서구,2024-08-28 7:57,7
SPB-31137,단말기,서초구,2024-08-01 19:32,19
SPB-31137,안장,노원구,2024-08-15 4:32,4
SPB-31138,페달,은평구,2024-08-04 19:41,19
SPB-31138,페달,도봉구,2024-08-12 7:11,7
SPB-31139,단말기,구로구,2024-08-23 17:45,17
SPB-31140,기타 ,중랑구,2024-08-03 20:17,20
SPB-31153,단말기,송파구,2024-08-09 8:07,8
SPB-31153,단말기,중랑구,2024-08-28 8:16,8
SPB-31155,타이어 ,노원구,2024-08-08 23:09,23
SPB-31159,안장,송파구,2024-08-24 8:21,8
SPB-31167,체인,강동구,2024-08-05 16:12,16
SPB-31167,기타 ,송파구,2024-08-19 15:05,15
SPB-31170,타이어 ,서대문구,2024-08-10 17:34,17
SPB-31171,타이어 ,영등포구,2024-08-23 9:45,9
SPB-31173,타이어 ,영등포구,2024-08-19 9:54,9
SPB-31182,타이어 ,성동구,2024-08-17 14:24,14
SPB-31190,기타 ,서초구,2024-08-23 1:53,1
SPB-31190,페달,강남구,2024-08-26 20:27,20
SPB-31197,타이어 ,강서구,2024-08-05 22:32,22
SPB-31206,페달,서대문구,2024-08-10 11:53,11
SPB-31209,안장,양천구,2024-08-30 22:59,22
SPB-31213,기타 ,노원구,2024-08-26 21:20,21
SPB-31214,타이어 ,종로구,2024-08-04 10:26,10
SPB-31214,타이어 ,종로구,2024-08-04 20:50,20
SPB-31215,체인,송파구,2024-08-26 22:08,22
SPB-31217,체인,종로구,2024-08-10 15:36,15
SPB-31218,안장,서초구,2024-08-12 19:44,19
SPB-31219,체인,구로구,2024-08-05 22:13,22
SPB-31225,타이어 ,구로구,2024-08-22 12:19,12
SPB-31227,페달,강동구,2024-08-30 21:14,21
SPB-31240,안장,송파구,2024-08-01 8:50,8
SPB-31240,안장,송파구,2024-08-16 14:52,14
SPB-31240,안장,송파구,2024-08-21 16:58,16
SPB-31249,체인,강서구,2024-08-29 18:48,18
SPB-31254,타이어 ,서초구,2024-08-16 13:32,13
SPB-31255,안장,마포구,2024-08-12 13:05,13
SPB-31264,체인,성동구,2024-08-05 20:54,20
SPB-31272,기타 ,서초구,2024-08-06 9:04,9
SPB-31279,타이어 ,금천구,2024-08-29 8:11,8
SPB-31281,페달,강서구,2024-08-19 18:47,18
SPB-31281,페달,강서구,2024-08-21 0:06,0
SPB-31285,단말기,동작구,2024-08-23 17:14,17
SPB-31287,타이어 ,강동구,2024-08-22 19:36,19
SPB-31294,체인,양천구,2024-08-26 20:03,20
SPB-31295,타이어 ,강동구,2024-08-03 20:55,20
SPB-31295,타이어 ,강동구,2024-08-07 22:09,22
SPB-31298,타이어 ,구로구,2024-08-09 8:58,8
SPB-31309,기타 ,송파구,2024-08-29 12:45,12
SPB-31312,타이어 ,양천구,2024-08-14 18:48,18
SPB-31320,기타 ,강남구,2024-08-20 16:28,16
SPB-31322,타이어 ,강서구,2024-08-26 8:46,8
SPB-31324,기타 ,영등포구,2024-08-04 22:02,22
SPB-31327,단말기,마포구,2024-08-03 14:15,14
SPB-31333,타이어 ,강서구,2024-08-07 18:55,18
SPB-31336,기타 ,성동구,2024-08-29 19:43,19
SPB-31341,단말기,동대문구,2024-08-19 0:03,0
SPB-31348,타이어 ,강동구,2024-08-30 9:35,9
SPB-31355,기타 ,성동구,2024-08-02 8:24,8
SPB-31357,페달,강서구,2024-08-13 18:57,18
SPB-31365,체인,마포구,2024-08-08 18:06,18
SPB-31365,체인,마포구,2024-08-12 20:10,20
SPB-31365,체인,마포구,2024-08-27 17:39,17
SPB-31365,페달,은평구,2024-08-28 21:45,21
SPB-31369,타이어 ,송파구,2024-08-01 23:01,23
SPB-31369,타이어 ,송파구,2024-08-03 13:33,13
SPB-31374,타이어 ,양천구,2024-08-28 16:46,16
SPB-31377,타이어 ,관악구,2024-08-29 12:52,12
SPB-31394,체인,서대문구,2024-08-02 22:46,22
SPB-31396,타이어 ,영등포구,2024-08-08 17:50,17
SPB-31396,기타 ,구로구,2024-08-12 20:32,20
SPB-31396,체인,영등포구,2024-08-18 19:26,19
SPB-31399,기타 ,송파구,2024-08-30 10:33,10
SPB-31403,단말기,강서구,2024-08-10 18:24,18
SPB-31405,안장,마포구,2024-08-23 14:51,14
SPB-31416,체인,영등포구,2024-08-07 18:34,18
SPB-31416,기타 ,영등포구,2024-08-19 8:50,8
SPB-31419,타이어 ,강남구,2024-08-25 6:16,6
SPB-31420,단말기,강서구,2024-08-30 8:33,8
SPB-31427,안장,송파구,2024-08-09 17:13,17
SPB-31427,안장,강동구,2024-08-19 11:43,11
SPB-31435,체인,송파구,2024-08-15 14:58,14
SPB-31440,기타 ,종로구,2024-08-09 20:45,20
SPB-31440,타이어 ,동대문구,2024-08-13 12:57,12
SPB-31440,기타 ,성북구,2024-08-17 19:20,19
SPB-31446,안장,노원구,2024-08-14 15:39,15
SPB-31448,타이어 ,구로구,2024-08-12 17:02,17
SPB-31449,체인,마포구,2024-08-29 17:22,17
SPB-31450,안장,금천구,2024-08-20 17:33,17
SPB-31453,타이어 ,영등포구,2024-08-16 23:31,23
SPB-31459,타이어 ,강동구,2024-08-14 16:39,16
SPB-31460,페달,은평구,2024-08-22 8:48,8
SPB-31460,체인,은평구,2024-08-27 7:21,7
SPB-31460,체인,마포구,2024-08-31 2:15,2
SPB-31461,기타 ,중랑구,2024-08-23 18:46,18
SPB-31462,안장,송파구,2024-08-28 8:55,8
SPB-31463,체인,서대문구,2024-08-19 15:06,15
SPB-31464,체인,양천구,2024-08-13 7:52,7
SPB-31465,기타 ,동대문구,2024-08-26 18:27,18
SPB-31467,체인,금천구,2024-08-28 19:46,19
SPB-31469,안장,관악구,2024-08-08 9:01,9
SPB-31469,안장,양천구,2024-08-25 10:41,10
SPB-31469,타이어 ,양천구,2024-08-30 9:45,9
SPB-31471,기타 ,용산구,2024-08-03 19:26,19
SPB-31477,기타 ,영등포구,2024-08-06 21:54,21
SPB-31477,타이어 ,송파구,2024-08-24 21:15,21
SPB-31478,단말기,서대문구,2024-08-05 6:32,6
SPB-31485,타이어 ,관악구,2024-08-07 8:34,8
SPB-31492,체인,광진구,2024-08-29 8:57,8
SPB-31493,타이어 ,광진구,2024-08-20 17:58,17
SPB-31495,페달,성북구,2024-08-07 7:59,7
SPB-31505,타이어 ,금천구,2024-08-29 8:27,8
SPB-31508,체인,강서구,2024-08-08 20:28,20
SPB-31519,안장,종로구,2024-08-22 20:49,20
SPB-31523,타이어 ,구로구,2024-08-14 22:28,22
SPB-31531,타이어 ,영등포구,2024-08-15 10:48,10
SPB-31531,기타 ,구로구,2024-08-25 21:29,21
SPB-31532,기타 ,서대문구,2024-08-08 20:24,20
SPB-31534,페달,관악구,2024-08-21 22:26,22
SPB-31537,안장,성동구,2024-08-18 20:20,20
SPB-31539,체인,강서구,2024-08-07 23:32,23
SPB-31544,체인,양천구,2024-08-25 21:43,21
SPB-31545,타이어 ,영등포구,2024-08-07 7:18,7
SPB-31547,체인,금천구,2024-08-29 8:55,8
SPB-31549,기타 ,영등포구,2024-08-12 10:13,10
SPB-31550,체인,성동구,2024-08-12 19:36,19
SPB-31550,기타 ,강서구,2024-08-22 18:53,18
SPB-31552,타이어 ,서초구,2024-08-08 8:40,8
SPB-31555,타이어 ,은평구,2024-08-01 14:52,14
SPB-31565,타이어 ,서대문구,2024-08-09 7:11,7
SPB-31570,타이어 ,양천구,2024-08-14 20:05,20
SPB-31573,타이어 ,도봉구,2024-08-18 23:08,23
SPB-31577,기타 ,강서구,2024-08-24 6:19,6
SPB-31582,체인,서초구,2024-08-05 20:17,20
SPB-31584,페달,영등포구,2024-08-01 23:08,23
SPB-31584,페달,동작구,2024-08-09 22:09,22
SPB-31584,체인,종로구,2024-08-24 22:51,22
SPB-31585,타이어 ,송파구,2024-08-29 21:59,21
SPB-31590,타이어 ,강서구,2024-08-14 8:36,8
SPB-31591,페달,강서구,2024-08-01 8:50,8
SPB-31591,타이어 ,강서구,2024-08-19 9:23,9
SPB-31603,타이어 ,강서구,2024-08-23 12:51,12
SPB-31610,페달,영등포구,2024-08-19 8:59,8
SPB-31623,타이어 ,양천구,2024-08-29 18:14,18
SPB-31624,체인,광진구,2024-08-28 19:04,19
SPB-31626,단말기,영등포구,2024-08-08 7:24,7
SPB-31626,기타 ,영등포구,2024-08-09 17:43,17
SPB-31637,타이어 ,동대문구,2024-08-07 18:27,18
SPB-31646,체인,서초구,2024-08-01 18:07,18
SPB-31649,체인,성북구,2024-08-06 8:06,8
SPB-31650,타이어 ,강서구,2024-08-23 8:49,8
SPB-31651,페달,서초구,2024-08-10 20:18,20
SPB-31651,페달,동대문구,2024-08-15 8:46,8
SPB-31659,체인,서초구,2024-08-25 22:30,22
SPB-31669,타이어 ,마포구,2024-08-11 21:52,21
SPB-31671,타이어 ,종로구,2024-08-26 7:55,7
SPB-31671,체인,종로구,2024-08-26 17:39,17
SPB-31672,기타 ,중구,2024-08-27 14:34,14
SPB-31679,타이어 ,강서구,2024-08-18 20:49,20
SPB-31679,타이어 ,강서구,2024-08-31 7:52,7
SPB-31689,타이어 ,강서구,2024-08-15 6:16,6
SPB-31691,페달,동대문구,2024-08-25 22:35,22
SPB-31694,기타 ,영등포구,2024-08-27 19:47,19
SPB-31695,기타 ,강북구,2024-08-01 12:10,12
SPB-31695,타이어 ,송파구,2024-08-16 18:51,18
SPB-31695,타이어 ,송파구,2024-08-26 21:42,21
SPB-31699,안장,마포구,2024-08-06 19:59,19
SPB-31700,타이어 ,강북구,2024-08-26 19:44,19
SPB-31700,타이어 ,노원구,2024-08-31 17:16,17
SPB-31702,타이어 ,동대문구,2024-08-19 7:34,7
SPB-31703,체인,종로구,2024-08-14 7:34,7
SPB-31703,체인,성동구,2024-08-19 8:52,8
SPB-31703,체인,중랑구,2024-08-24 8:17,8
SPB-31703,체인,성북구,2024-08-26 19:42,19
SPB-31703,기타 ,성북구,2024-08-29 9:37,9
SPB-31704,체인,강북구,2024-08-02 21:38,21
SPB-31704,페달,성북구,2024-08-09 12:21,12
SPB-31704,페달,성북구,2024-08-09 13:08,13
SPB-31704,페달,노원구,2024-08-20 9:35,9
SPB-31704,체인,노원구,2024-08-24 8:45,8
SPB-31710,단말기,양천구,2024-08-14 20:26,20
SPB-31716,기타 ,중구,2024-08-05 15:45,15
SPB-31716,단말기,마포구,2024-08-27 17:55,17
SPB-31717,타이어 ,강서구,2024-08-27 17:56,17
SPB-31726,타이어 ,성북구,2024-08-05 16:10,16
SPB-31727,기타 ,양천구,2024-08-27 15:57,15
SPB-31736,타이어 ,송파구,2024-08-30 19:05,19
SPB-31737,타이어 ,강서구,2024-08-14 19:49,19
SPB-31738,기타 ,강서구,2024-08-23 18:14,18
SPB-31740,기타 ,양천구,2024-08-26 7:17,7
SPB-31743,체인,성동구,2024-08-13 17:33,17
SPB-31743,타이어 ,서대문구,2024-08-25 21:00,21
SPB-31757,페달,양천구,2024-08-23 16:21,16
SPB-31772,타이어 ,송파구,2024-08-30 19:51,19
SPB-31775,타이어 ,동작구,2024-08-17 21:08,21
SPB-31780,페달,종로구,2024-08-04 22:04,22
SPB-31781,타이어 ,구로구,2024-08-03 7:34,7
SPB-31785,페달,금천구,2024-08-26 18:31,18
SPB-31790,타이어 ,강남구,2024-08-23 8:53,8
SPB-31806,체인,서초구,2024-08-23 19:30,19
SPB-31814,페달,용산구,2024-08-01 18:10,18
SPB-31814,페달,종로구,2024-08-02 7:41,7
SPB-31814,페달,종로구,2024-08-02 11:25,11
SPB-31814,체인,동대문구,2024-08-19 21:08,21
SPB-31824,기타 ,강서구,2024-08-09 16:11,16
SPB-31824,기타 ,영등포구,2024-08-28 20:43,20
SPB-31836,안장,강서구,2024-08-28 22:30,22
SPB-31837,기타 ,양천구,2024-08-09 20:48,20
SPB-31847,체인,강서구,2024-08-21 20:16,20
SPB-31850,페달,구로구,2024-08-08 8:16,8
SPB-31850,페달,구로구,2024-08-28 16:36,16
SPB-31855,체인,강서구,2024-08-26 8:50,8
SPB-31857,체인,강동구,2024-08-16 21:59,21
SPB-31860,기타 ,송파구,2024-08-24 9:46,9
SPB-31862,기타 ,동대문구,2024-08-02 21:11,21
SPB-31862,기타 ,강남구,2024-08-29 21:48,21
SPB-31863,안장,노원구,2024-08-13 6:00,6
SPB-31864,체인,마포구,2024-08-07 23:21,23
SPB-31865,안장,금천구,2024-08-03 16:04,16
SPB-31865,안장,금천구,2024-08-13 16:41,16
SPB-31872,타이어 ,광진구,2024-08-24 11:49,11
SPB-31874,체인,양천구,2024-08-10 21:04,21
SPB-31874,체인,양천구,2024-08-12 8:36,8
SPB-31882,기타 ,강남구,2024-08-28 21:54,21
SPB-31891,단말기,구로구,2024-08-19 17:08,17
SPB-31892,기타 ,성동구,2024-08-16 9:54,9
SPB-31892,안장,광진구,2024-08-18 23:30,23
SPB-31896,기타 ,영등포구,2024-08-19 7:55,7
SPB-31903,기타 ,구로구,2024-08-26 22:12,22
SPB-31907,기타 ,강동구,2024-08-06 20:00,20
SPB-31909,체인,양천구,2024-08-17 20:36,20
SPB-31910,타이어 ,성북구,2024-08-15 14:32,14
SPB-31912,기타 ,강서구,2024-08-08 18:27,18
SPB-31914,체인,마포구,2024-08-04 17:32,17
SPB-31916,기타 ,관악구,2024-08-18 1:05,1
SPB-31917,체인,관악구,2024-08-01 22:02,22
SPB-31917,체인,송파구,2024-08-16 18:25,18
SPB-31918,안장,동대문구,2024-08-13 21:21,21
SPB-31921,안장,강서구,2024-08-01 9:31,9
SPB-31938,타이어 ,동대문구,2024-08-17 14:32,14
SPB-31941,페달,송파구,2024-08-14 18:27,18
SPB-31941,체인,송파구,2024-08-18 17:25,17
SPB-31941,체인,성동구,2024-08-23 9:11,9
SPB-31943,타이어 ,강남구,2024-08-05 11:12,11
SPB-31947,타이어 ,동대문구,2024-08-29 8:53,8
SPB-31948,타이어 ,서초구,2024-08-19 17:24,17
SPB-31958,기타 ,성북구,2024-08-18 0:12,0
SPB-31967,타이어 ,송파구,2024-08-05 7:52,7
SPB-31969,체인,용산구,2024-08-19 8:17,8
SPB-31969,타이어 ,강서구,2024-08-28 18:15,18
SPB-31972,체인,송파구,2024-08-08 21:06,21
SPB-31972,체인,강남구,2024-08-16 13:47,13
SPB-31978,기타 ,관악구,2024-08-19 20:40,20
SPB-31984,타이어 ,노원구,2024-08-31 19:34,19
SPB-31989,기타 ,성동구,2024-08-31 16:54,16
SPB-31990,타이어 ,강동구,2024-08-18 17:20,17
SPB-31994,안장,중랑구,2024-08-12 17:44,17
SPB-31997,체인,영등포구,2024-08-25 20:42,20
SPB-32001,타이어 ,강서구,2024-08-09 11:32,11
SPB-32005,페달,영등포구,2024-08-06 10:52,10
SPB-32018,기타 ,강남구,2024-08-19 18:15,18
SPB-32019,기타 ,서대문구,2024-08-18 21:22,21
SPB-32020,타이어 ,관악구,2024-08-01 9:16,9
SPB-32025,기타 ,마포구,2024-08-21 21:19,21
SPB-32027,페달,영등포구,2024-08-28 8:04,8
SPB-32030,타이어 ,광진구,2024-08-02 9:03,9
SPB-32037,타이어 ,중구,2024-08-09 18:18,18
SPB-32044,안장,금천구,2024-08-12 19:09,19
SPB-32044,안장,금천구,2024-08-26 13:19,13
SPB-32047,기타 ,금천구,2024-08-12 13:00,13
SPB-32051,페달,서초구,2024-08-27 19:14,19
SPB-32070,페달,영등포구,2024-08-16 22:06,22
SPB-32070,타이어 ,영등포구,2024-08-24 8:36,8
SPB-32076,안장,성동구,2024-08-02 18:16,18
SPB-32076,안장,중랑구,2024-08-16 21:47,21
SPB-32077,기타 ,금천구,2024-08-22 20:30,20
SPB-32080,타이어 ,강동구,2024-08-05 7:52,7
SPB-32081,타이어 ,마포구,2024-08-23 9:46,9
SPB-32081,체인,서대문구,2024-08-27 20:48,20
SPB-32083,타이어 ,종로구,2024-08-02 13:48,13
SPB-32083,타이어 ,용산구,2024-08-22 20:26,20
SPB-32083,타이어 ,용산구,2024-08-23 20:24,20
SPB-32090,기타 ,성북구,2024-08-12 20:48,20
SPB-32100,기타 ,강남구,2024-08-02 8:38,8
SPB-32104,체인,성동구,2024-08-29 19:03,19
SPB-32104,기타 ,동대문구,2024-08-31 14:56,14
SPB-32107,단말기,강동구,2024-08-28 12:34,12
SPB-32110,기타 ,강동구,2024-08-20 1:02,1
SPB-32111,타이어 ,동작구,2024-08-14 22:09,22
SPB-32112,타이어 ,중랑구,2024-08-06 5:53,5
SPB-32122,타이어 ,중랑구,2024-08-18 17:12,17
SPB-32130,안장,마포구,2024-08-21 18:51,18
SPB-32138,기타 ,금천구,2024-08-12 18:39,18
SPB-32138,체인,동작구,2024-08-28 13:06,13
SPB-32139,기타 ,금천구,2024-08-23 19:29,19
SPB-32140,체인,서대문구,2024-08-13 18:44,18
SPB-32141,기타 ,송파구,2024-08-17 22:46,22
SPB-32143,타이어 ,양천구,2024-08-23 20:12,20
SPB-32147,안장,구로구,2024-08-07 6:48,6
SPB-32151,단말기,강남구,2024-08-26 7:09,7
SPB-32151,체인,서초구,2024-08-27 16:49,16
SPB-32151,체인,서초구,2024-08-30 20:34,20
SPB-32161,체인,송파구,2024-08-01 18:26,18
SPB-32162,체인,양천구,2024-08-29 9:10,9
SPB-32165,안장,송파구,2024-08-16 7:52,7
SPB-32165,체인,광진구,2024-08-27 21:21,21
SPB-32170,체인,송파구,2024-08-31 22:22,22
SPB-32179,체인,강서구,2024-08-02 8:11,8
SPB-32186,안장,성북구,2024-08-15 9:45,9
SPB-32186,페달,도봉구,2024-08-20 1:50,1
SPB-32188,기타 ,금천구,2024-08-04 0:29,0
SPB-32188,기타 ,구로구,2024-08-23 8:04,8
SPB-32191,안장,강동구,2024-08-25 19:45,19
SPB-32193,기타 ,중구,2024-08-04 18:36,18
SPB-32196,기타 ,광진구,2024-08-23 7:32,7
SPB-32200,체인,영등포구,2024-08-12 20:22,20
SPB-32205,체인,강서구,2024-08-13 8:44,8
SPB-32208,기타 ,광진구,2024-08-01 8:51,8
SPB-32210,타이어 ,강북구,2024-08-19 5:54,5
SPB-32211,체인,양천구,2024-08-27 22:19,22
SPB-32212,기타 ,금천구,2024-08-19 16:31,16
SPB-32217,페달,노원구,2024-08-09 17:05,17
SPB-32218,타이어 ,금천구,2024-08-27 16:27,16
SPB-32226,체인,송파구,2024-08-23 12:08,12
SPB-32227,타이어 ,도봉구,2024-08-26 3:05,3
SPB-32229,타이어 ,송파구,2024-08-28 18:09,18
SPB-32230,타이어 ,양천구,2024-08-28 20:42,20
SPB-32236,기타 ,성동구,2024-08-22 8:31,8
SPB-32239,타이어 ,금천구,2024-08-28 5:38,5
SPB-32240,타이어 ,강서구,2024-08-07 6:26,6
SPB-32240,타이어 ,강서구,2024-08-29 19:01,19
SPB-32241,타이어 ,송파구,2024-08-05 23:47,23
SPB-32255,타이어 ,영등포구,2024-08-12 19:27,19
SPB-32270,체인,동작구,2024-08-29 7:18,7
SPB-32273,타이어 ,강남구,2024-08-30 18:21,18
SPB-32279,페달,성북구,2024-08-23 8:20,8
SPB-32279,체인,동대문구,2024-08-26 23:04,23
SPB-32281,타이어 ,마포구,2024-08-03 22:25,22
SPB-32285,타이어 ,노원구,2024-08-13 8:34,8
SPB-32291,타이어 ,마포구,2024-08-08 21:13,21
SPB-32294,단말기,송파구,2024-08-28 20:00,20
SPB-32301,타이어 ,영등포구,2024-08-06 20:40,20
SPB-32301,타이어 ,동대문구,2024-08-18 12:15,12
SPB-32303,체인,서초구,2024-08-21 13:43,13
SPB-32305,기타 ,광진구,2024-08-12 23:44,23
SPB-32306,단말기,동대문구,2024-08-08 1:09,1
SPB-32307,기타 ,양천구,2024-08-07 11:54,11
SPB-32309,타이어 ,강서구,2024-08-13 6:25,6
SPB-32310,단말기,강남구,2024-08-04 6:55,6
SPB-32312,기타 ,송파구,2024-08-13 6:21,6
SPB-32322,타이어 ,성동구,2024-08-28 20:16,20
SPB-32326,타이어 ,강동구,2024-08-24 8:08,8
SPB-32327,안장,영등포구,2024-08-05 18:31,18
SPB-32328,안장,광진구,2024-08-15 21:23,21
SPB-32328,페달,성동구,2024-08-23 23:52,23
SPB-32330,타이어 ,동대문구,2024-08-13 17:49,17
SPB-32331,기타 ,영등포구,2024-08-30 8:25,8
SPB-32332,안장,양천구,2024-08-29 9:00,9
SPB-32336,체인,은평구,2024-08-26 19:54,19
SPB-32336,페달,서대문구,2024-08-28 20:35,20
SPB-32338,타이어 ,성동구,2024-08-26 8:11,8
SPB-32349,체인,양천구,2024-08-27 8:39,8
SPB-32352,페달,강남구,2024-08-17 20:52,20
SPB-32359,기타 ,노원구,2024-08-01 20:10,20
SPB-32366,체인,노원구,2024-08-05 8:55,8
SPB-32368,기타 ,도봉구,2024-08-01 7:56,7
SPB-32369,페달,성동구,2024-08-12 17:22,17
SPB-32374,체인,강서구,2024-08-22 22:42,22
SPB-32378,기타 ,서대문구,2024-08-31 20:09,20
SPB-32383,체인,강서구,2024-08-05 6:50,6
SPB-32391,타이어 ,영등포구,2024-08-13 7:54,7
SPB-32400,타이어 ,중구,2024-08-23 18:32,18
SPB-32402,기타 ,영등포구,2024-08-07 18:45,18
SPB-32402,체인,강동구,2024-08-22 18:24,18
SPB-32405,안장,영등포구,2024-08-06 21:50,21
SPB-32405,안장,강남구,2024-08-14 22:26,22
SPB-32421,체인,마포구,2024-08-28 16:55,16
SPB-32432,단말기,관악구,2024-08-04 1:20,1
SPB-32433,기타 ,동대문구,2024-08-27 17:44,17
SPB-32434,페달,관악구,2024-08-16 22:55,22
SPB-32437,타이어 ,광진구,2024-08-06 21:51,21
SPB-32443,타이어 ,중구,2024-08-21 20:23,20
SPB-32445,페달,노원구,2024-08-01 22:12,22
SPB-32448,체인,중랑구,2024-08-28 18:23,18
SPB-32451,단말기,강서구,2024-08-01 9:51,9
SPB-32459,타이어 ,관악구,2024-08-11 23:58,23
SPB-32462,기타 ,강동구,2024-08-23 23:05,23
SPB-32471,타이어 ,영등포구,2024-08-10 11:37,11
SPB-32473,타이어 ,동작구,2024-08-23 6:36,6
SPB-32480,기타 ,송파구,2024-08-29 17:55,17
SPB-32483,기타 ,강서구,2024-08-06 19:20,19
SPB-32483,타이어 ,강서구,2024-08-19 14:00,14
SPB-32483,기타 ,영등포구,2024-08-22 8:14,8
SPB-32486,체인,강서구,2024-08-24 16:37,16
SPB-32487,기타 ,영등포구,2024-08-30 17:56,17
SPB-32488,페달,영등포구,2024-08-29 8:46,8
SPB-32492,타이어 ,양천구,2024-08-16 8:53,8
SPB-32499,타이어 ,종로구,2024-08-09 11:38,11
SPB-32499,타이어 ,서대문구,2024-08-25 8:53,8
SPB-32500,단말기,광진구,2024-08-27 20:49,20
SPB-32503,체인,노원구,2024-08-09 18:13,18
SPB-32504,기타 ,서초구,2024-08-25 19:00,19
SPB-32504,기타 ,서초구,2024-08-28 17:19,17
SPB-32516,기타 ,노원구,2024-08-23 14:09,14
SPB-32517,기타 ,강동구,2024-08-06 8:18,8
SPB-32521,체인,양천구,2024-08-19 17:25,17
SPB-32521,체인,금천구,2024-08-22 18:33,18
SPB-32523,페달,강남구,2024-08-07 18:43,18
SPB-32538,타이어 ,강서구,2024-08-14 6:56,6
SPB-32545,타이어 ,관악구,2024-08-16 22:10,22
SPB-32548,타이어 ,양천구,2024-08-05 1:38,1
SPB-32557,타이어 ,양천구,2024-08-05 0:10,0
SPB-32557,페달,서대문구,2024-08-24 17:38,17
SPB-32559,안장,양천구,2024-08-28 11:02,11
SPB-32560,타이어 ,구로구,2024-08-02 17:25,17
SPB-32560,타이어 ,구로구,2024-08-08 17:51,17
SPB-32563,타이어 ,서초구,2024-08-18 20:35,20
SPB-32565,타이어 ,강동구,2024-08-26 5:48,5
SPB-32579,타이어 ,중구,2024-08-13 15:38,15
SPB-32587,기타 ,강남구,2024-08-12 8:41,8
SPB-32591,페달,관악구,2024-08-06 15:24,15
SPB-32591,페달,관악구,2024-08-07 21:47,21
SPB-32591,기타 ,서초구,2024-08-30 17:57,17
SPB-32595,타이어 ,동대문구,2024-08-07 14:50,14
SPB-32620,단말기,강동구,2024-08-05 21:54,21
SPB-32620,타이어 ,송파구,2024-08-15 20:41,20
SPB-32629,체인,양천구,2024-08-12 9:47,9
SPB-32630,단말기,은평구,2024-08-20 7:49,7
SPB-32639,기타 ,양천구,2024-08-20 23:26,23
SPB-32647,기타 ,성동구,2024-08-08 13:21,13
SPB-32650,체인,강서구,2024-08-02 16:19,16
SPB-32652,타이어 ,성북구,2024-08-19 0:03,0
SPB-32658,단말기,서초구,2024-08-06 18:34,18
SPB-32672,타이어 ,용산구,2024-08-29 18:36,18
SPB-32677,체인,관악구,2024-08-31 10:32,10
SPB-32680,기타 ,동대문구,2024-08-06 17:12,17
SPB-32684,안장,강동구,2024-08-26 14:57,14
SPB-32688,페달,중랑구,2024-08-16 20:01,20
SPB-32688,기타 ,광진구,2024-08-25 12:02,12
SPB-32692,페달,강서구,2024-08-06 19:18,19
SPB-32692,안장,동작구,2024-08-15 18:25,18
SPB-32692,안장,영등포구,2024-08-19 8:24,8
SPB-32693,타이어 ,종로구,2024-08-06 5:48,5
SPB-32696,페달,노원구,2024-08-13 19:09,19
SPB-32696,페달,성북구,2024-08-19 8:46,8
SPB-32696,페달,노원구,2024-08-23 18:31,18
SPB-32700,페달,영등포구,2024-08-11 9:50,9
SPB-32707,체인,강서구,2024-08-27 18:16,18
SPB-32709,페달,노원구,2024-08-21 16:59,16
SPB-32710,안장,강동구,2024-08-03 7:43,7
SPB-32716,기타 ,동대문구,2024-08-05 21:20,21
SPB-32718,페달,강남구,2024-08-25 15:15,15
SPB-32718,타이어 ,서초구,2024-08-26 22:12,22
SPB-32719,체인,중랑구,2024-08-04 13:22,13
SPB-32719,페달,도봉구,2024-08-21 13:27,13
SPB-32729,기타 ,노원구,2024-08-17 22:37,22
SPB-32732,단말기,광진구,2024-08-05 12:45,12
SPB-32733,타이어 ,강서구,2024-08-30 12:58,12
SPB-32736,기타 ,강서구,2024-08-17 19:32,19
SPB-32740,체인,강서구,2024-08-12 18:07,18
SPB-32747,페달,광진구,2024-08-05 20:47,20
SPB-32749,체인,강동구,2024-08-02 19:39,19
SPB-32749,기타 ,서초구,2024-08-09 8:46,8
SPB-32749,타이어 ,강남구,2024-08-14 16:24,16
SPB-32749,타이어 ,강남구,2024-08-16 20:11,20
SPB-32754,타이어 ,영등포구,2024-08-16 19:12,19
SPB-32758,기타 ,서초구,2024-08-20 8:30,8
SPB-32761,타이어 ,영등포구,2024-08-23 21:41,21
SPB-32761,체인,영등포구,2024-08-24 19:45,19
SPB-32762,체인,종로구,2024-08-07 21:04,21
SPB-32766,단말기,강서구,2024-08-19 21:56,21
SPB-32768,기타 ,양천구,2024-08-22 23:07,23
SPB-32772,체인,강서구,2024-08-09 13:21,13
SPB-32774,페달,관악구,2024-08-05 18:48,18
SPB-32775,타이어 ,서초구,2024-08-27 20:30,20
SPB-32777,타이어 ,강서구,2024-08-20 17:36,17
SPB-32777,타이어 ,강서구,2024-08-25 14:14,14
SPB-32779,페달,강서구,2024-08-01 23:04,23
SPB-32779,타이어 ,구로구,2024-08-11 12:30,12
SPB-32783,타이어 ,광진구,2024-08-24 16:45,16
SPB-32787,체인,강동구,2024-08-17 9:28,9
SPB-32789,타이어 ,마포구,2024-08-07 18:58,18
SPB-32801,페달,강서구,2024-08-13 13:57,13
SPB-32801,페달,강서구,2024-08-22 18:25,18
SPB-32804,기타 ,관악구,2024-08-14 21:43,21
SPB-32811,안장,송파구,2024-08-30 21:06,21
SPB-32833,체인,종로구,2024-08-02 7:44,7
SPB-32833,체인,강북구,2024-08-09 10:08,10
SPB-32837,페달,영등포구,2024-08-08 18:53,18
SPB-32839,타이어 ,구로구,2024-08-21 17:14,17
SPB-32842,기타 ,노원구,2024-08-28 16:11,16
SPB-32845,타이어 ,동대문구,2024-08-31 13:01,13
SPB-32846,페달,광진구,2024-08-26 20:18,20
SPB-32848,체인,양천구,2024-08-29 23:52,23
SPB-32865,타이어 ,송파구,2024-08-09 17:16,17
SPB-32868,타이어 ,강서구,2024-08-17 18:31,18
SPB-32869,타이어 ,종로구,2024-08-28 21:35,21
SPB-32874,기타 ,강서구,2024-08-07 10:59,10
SPB-32875,페달,송파구,2024-08-17 0:45,0
SPB-32881,타이어 ,금천구,2024-08-31 23:34,23
SPB-32883,체인,성동구,2024-08-16 22:33,22
SPB-32886,단말기,광진구,2024-08-05 9:14,9
SPB-32891,페달,광진구,2024-08-26 19:28,19
SPB-32896,타이어 ,영등포구,2024-08-14 8:51,8
SPB-32896,타이어 ,동작구,2024-08-27 20:29,20
SPB-32902,체인,영등포구,2024-08-30 5:05,5
SPB-32903,타이어 ,도봉구,2024-08-16 18:13,18
SPB-32910,안장,구로구,2024-08-14 11:05,11
SPB-32938,타이어 ,광진구,2024-08-27 7:10,7
SPB-32939,타이어 ,양천구,2024-08-15 12:23,12
SPB-32945,체인,구로구,2024-08-07 9:21,9
SPB-32947,기타 ,서대문구,2024-08-30 22:10,22
SPB-32951,타이어 ,종로구,2024-08-19 21:43,21
SPB-32960,페달,양천구,2024-08-03 15:15,15
SPB-32962,페달,영등포구,2024-08-07 17:58,17
SPB-32965,타이어 ,성북구,2024-08-20 8:41,8
SPB-32967,타이어 ,강서구,2024-08-20 8:35,8
SPB-32983,안장,강서구,2024-08-20 8:22,8
SPB-32986,타이어 ,서대문구,2024-08-22 6:12,6
SPB-32991,타이어 ,도봉구,2024-08-19 0:03,0
SPB-32992,타이어 ,동대문구,2024-08-04 23:21,23
SPB-33007,기타 ,서대문구,2024-08-07 8:48,8
SPB-33010,안장,영등포구,2024-08-28 17:46,17
SPB-33012,체인,강서구,2024-08-18 22:53,22
SPB-33015,타이어 ,구로구,2024-08-15 10:17,10
SPB-33019,기타 ,송파구,2024-08-07 18:36,18
SPB-33024,기타 ,강서구,2024-08-30 8:47,8
SPB-33026,체인,서초구,2024-08-08 5:37,5
SPB-33026,페달,동작구,2024-08-10 9:42,9
SPB-33035,체인,용산구,2024-08-17 21:39,21
SPB-33035,안장,용산구,2024-08-23 17:12,17
SPB-33043,타이어 ,송파구,2024-08-12 9:32,9
SPB-33061,기타 ,광진구,2024-08-29 20:24,20
SPB-33082,기타 ,종로구,2024-08-08 12:29,12
SPB-33082,기타 ,노원구,2024-08-26 8:28,8
SPB-33084,타이어 ,중구,2024-08-26 17:27,17
SPB-33086,기타 ,강서구,2024-08-19 9:21,9
SPB-33091,기타 ,종로구,2024-08-23 7:41,7
SPB-33095,기타 ,송파구,2024-08-23 17:42,17
SPB-33098,기타 ,마포구,2024-08-28 18:31,18
SPB-33099,체인,구로구,2024-08-16 16:39,16
SPB-33101,타이어 ,강북구,2024-08-06 21:04,21
SPB-33113,기타 ,영등포구,2024-08-11 9:50,9
SPB-33117,기타 ,마포구,2024-08-02 16:50,16
SPB-33118,단말기,강동구,2024-08-12 13:50,13
SPB-33119,체인,동대문구,2024-08-20 10:22,10
SPB-33119,체인,동대문구,2024-08-23 0:16,0
SPB-33126,체인,동대문구,2024-08-13 20:14,20
SPB-33129,체인,강북구,2024-08-28 22:44,22
SPB-33134,타이어 ,영등포구,2024-08-07 21:37,21
SPB-33136,타이어 ,중랑구,2024-08-29 18:22,18
SPB-33140,체인,구로구,2024-08-09 22:48,22
SPB-33142,체인,도봉구,2024-08-09 21:51,21
SPB-33143,페달,노원구,2024-08-31 0:57,0
SPB-33147,안장,마포구,2024-08-11 22:24,22
SPB-33152,타이어 ,영등포구,2024-08-07 18:18,18
SPB-33157,체인,동대문구,2024-08-29 8:28,8
SPB-33177,기타 ,서초구,2024-08-30 22:00,22
SPB-33178,페달,서초구,2024-08-08 19:27,19
SPB-33184,안장,노원구,2024-08-06 18:25,18
SPB-33192,타이어 ,강동구,2024-08-27 15:31,15
SPB-33203,타이어 ,강서구,2024-08-28 17:47,17
SPB-33208,페달,서초구,2024-08-28 8:20,8
SPB-33226,타이어 ,강서구,2024-08-16 8:41,8
SPB-33250,안장,동대문구,2024-08-12 18:50,18
SPB-33251,타이어 ,마포구,2024-08-28 8:04,8
SPB-33251,페달,강서구,2024-08-31 9:35,9
SPB-33254,타이어 ,은평구,2024-08-26 19:56,19
SPB-33255,단말기,은평구,2024-08-13 7:56,7
SPB-33259,타이어 ,양천구,2024-08-28 9:09,9
SPB-33260,타이어 ,강남구,2024-08-09 20:16,20
SPB-33263,페달,성동구,2024-08-25 7:01,7
SPB-33265,타이어 ,강동구,2024-08-13 5:58,5
SPB-33268,안장,성동구,2024-08-15 22:08,22
SPB-33286,체인,용산구,2024-08-11 9:56,9
SPB-33286,기타 ,중구,2024-08-14 10:20,10
SPB-33290,체인,광진구,2024-08-18 16:00,16
SPB-33297,타이어 ,노원구,2024-08-28 9:45,9
SPB-33299,체인,양천구,2024-08-10 18:23,18
SPB-33302,체인,노원구,2024-08-07 6:24,6
SPB-33305,타이어 ,양천구,2024-08-29 18:39,18
SPB-33308,기타 ,서초구,2024-08-15 17:14,17
SPB-33308,기타 ,송파구,2024-08-16 23:29,23
SPB-33309,기타 ,노원구,2024-08-30 6:54,6
SPB-33313,단말기,금천구,2024-08-30 7:33,7
SPB-33315,안장,강동구,2024-08-07 20:21,20
SPB-33316,기타 ,서초구,2024-08-15 10:01,10
SPB-33322,안장,노원구,2024-08-13 20:45,20
SPB-33326,체인,광진구,2024-08-15 12:15,12
SPB-33328,체인,송파구,2024-08-30 17:55,17
SPB-33329,체인,영등포구,2024-08-08 17:31,17
SPB-33330,기타 ,마포구,2024-08-30 22:15,22
SPB-33334,안장,마포구,2024-08-20 9:24,9
SPB-33338,타이어 ,영등포구,2024-08-05 16:38,16
SPB-33338,기타 ,금천구,2024-08-18 22:37,22
SPB-33338,체인,금천구,2024-08-24 8:45,8
SPB-33350,기타 ,동대문구,2024-08-13 16:42,16
SPB-33350,기타 ,은평구,2024-08-30 19:52,19
SPB-33357,기타 ,노원구,2024-08-13 18:14,18
SPB-33363,타이어 ,강서구,2024-08-08 10:47,10
SPB-33363,기타 ,영등포구,2024-08-28 17:01,17
SPB-33367,체인,영등포구,2024-08-01 17:36,17
SPB-33367,체인,영등포구,2024-08-02 8:25,8
SPB-33367,체인,영등포구,2024-08-05 21:06,21
SPB-33367,페달,강서구,2024-08-12 13:55,13
SPB-33373,타이어 ,송파구,2024-08-31 22:47,22
SPB-33391,기타 ,송파구,2024-08-23 18:48,18
SPB-33392,페달,강서구,2024-08-19 18:12,18
SPB-33393,체인,양천구,2024-08-29 1:31,1
SPB-33404,체인,서대문구,2024-08-26 21:08,21
SPB-33407,기타 ,송파구,2024-08-11 22:32,22
SPB-33409,안장,서대문구,2024-08-30 19:11,19
SPB-33412,체인,양천구,2024-08-26 12:33,12
SPB-33413,타이어 ,양천구,2024-08-16 7:57,7
SPB-33416,기타 ,구로구,2024-08-29 16:29,16
SPB-33422,타이어 ,용산구,2024-08-04 17:35,17
SPB-33426,타이어 ,강남구,2024-08-05 18:43,18
SPB-33431,타이어 ,강서구,2024-08-20 14:05,14
SPB-33435,타이어 ,강남구,2024-08-27 19:24,19
SPB-33436,타이어 ,송파구,2024-08-20 8:20,8
SPB-33437,타이어 ,강동구,2024-08-10 15:48,15
SPB-33439,타이어 ,마포구,2024-08-27 18:36,18
SPB-33448,기타 ,강남구,2024-08-14 8:18,8
SPB-33450,기타 ,금천구,2024-08-01 19:02,19
SPB-33450,체인,마포구,2024-08-23 21:37,21
SPB-33455,기타 ,동작구,2024-08-12 18:22,18
SPB-33466,기타 ,영등포구,2024-08-11 12:24,12
SPB-33467,체인,영등포구,2024-08-29 18:15,18
SPB-33471,타이어 ,영등포구,2024-08-22 5:21,5
SPB-33472,타이어 ,강서구,2024-08-20 14:40,14
SPB-33477,타이어 ,중구,2024-08-21 14:08,14
SPB-33478,체인,영등포구,2024-08-13 17:10,17
SPB-33480,기타 ,동대문구,2024-08-04 23:24,23
SPB-33484,타이어 ,서대문구,2024-08-31 11:37,11
SPB-33493,타이어 ,영등포구,2024-08-12 18:20,18
SPB-33499,안장,송파구,2024-08-26 7:47,7
SPB-33499,체인,광진구,2024-08-28 18:25,18
SPB-33503,페달,강서구,2024-08-03 11:35,11
SPB-33503,페달,영등포구,2024-08-13 19:53,19
SPB-33504,안장,영등포구,2024-08-28 21:00,21
SPB-33508,안장,중구,2024-08-02 18:38,18
SPB-33508,기타 ,성북구,2024-08-24 10:44,10
SPB-33512,타이어 ,강서구,2024-08-14 5:50,5
SPB-33516,단말기,노원구,2024-08-05 18:58,18
SPB-33528,기타 ,양천구,2024-08-07 17:45,17
SPB-33532,기타 ,영등포구,2024-08-02 18:00,18
SPB-33534,타이어 ,광진구,2024-08-08 2:22,2
SPB-33537,타이어 ,중구,2024-08-27 18:38,18
SPB-33538,체인,성북구,2024-08-04 13:29,13
SPB-33544,타이어 ,강서구,2024-08-14 23:50,23
SPB-33546,기타 ,서대문구,2024-08-04 19:58,19
SPB-33546,타이어 ,영등포구,2024-08-31 16:43,16
SPB-33548,기타 ,송파구,2024-08-27 7:12,7
SPB-33548,기타 ,송파구,2024-08-28 19:35,19
SPB-33550,단말기,강서구,2024-08-06 21:35,21
SPB-33554,체인,송파구,2024-08-30 22:48,22
SPB-33555,타이어 ,송파구,2024-08-06 18:38,18
SPB-33555,체인,송파구,2024-08-21 21:29,21
SPB-33558,타이어 ,강서구,2024-08-06 15:36,15
SPB-33559,기타 ,송파구,2024-08-23 8:53,8
SPB-33574,단말기,종로구,2024-08-05 21:18,21
SPB-33574,타이어 ,동대문구,2024-08-27 6:43,6
SPB-33577,기타 ,강서구,2024-08-07 18:35,18
SPB-33578,타이어 ,강서구,2024-08-27 19:54,19
SPB-33580,안장,송파구,2024-08-16 18:22,18
SPB-33581,기타 ,강남구,2024-08-23 12:52,12
SPB-33585,타이어 ,구로구,2024-08-19 21:49,21
SPB-33586,타이어 ,서초구,2024-08-29 19:49,19
SPB-33587,타이어 ,용산구,2024-08-14 8:33,8
SPB-33598,체인,종로구,2024-08-05 21:55,21
SPB-33600,타이어 ,노원구,2024-08-23 22:17,22
SPB-33604,타이어 ,중랑구,2024-08-26 13:15,13
SPB-33613,기타 ,양천구,2024-08-31 9:17,9
SPB-33622,체인,강서구,2024-08-29 14:10,14
SPB-33624,체인,강남구,2024-08-29 4:04,4
SPB-33626,기타 ,도봉구,2024-08-01 7:05,7
SPB-33627,기타 ,강동구,2024-08-18 0:10,0
SPB-33632,페달,강남구,2024-08-28 19:41,19
SPB-33633,안장,마포구,2024-08-03 20:02,20
SPB-33637,타이어 ,노원구,2024-08-14 19:06,19
SPB-33639,단말기,마포구,2024-08-04 10:21,10
SPB-33639,타이어 ,양천구,2024-08-24 0:19,0
SPB-33644,타이어 ,금천구,2024-08-14 8:20,8
SPB-33647,안장,송파구,2024-08-04 12:52,12
SPB-33647,타이어 ,강남구,2024-08-11 17:57,17
SPB-33651,타이어 ,양천구,2024-08-25 20:52,20
SPB-33655,기타 ,동작구,2024-08-08 9:20,9
SPB-33656,타이어 ,노원구,2024-08-26 16:10,16
SPB-33667,타이어 ,용산구,2024-08-02 18:51,18
SPB-33667,체인,동작구,2024-08-10 12:17,12
SPB-33673,기타 ,강서구,2024-08-25 18:25,18
SPB-33673,단말기,강서구,2024-08-26 19:42,19
SPB-33674,체인,관악구,2024-08-20 3:59,3
SPB-33676,타이어 ,강서구,2024-08-04 14:38,14
SPB-33682,타이어 ,강동구,2024-08-14 18:39,18
SPB-33689,타이어 ,동작구,2024-08-07 17:58,17
SPB-33692,안장,마포구,2024-08-20 18:35,18
SPB-33697,타이어 ,도봉구,2024-08-01 19:11,19
SPB-33704,타이어 ,노원구,2024-08-07 15:38,15
SPB-33705,타이어 ,중랑구,2024-08-19 1:47,1
SPB-33706,타이어 ,용산구,2024-08-04 19:36,19
SPB-33710,안장,광진구,2024-08-15 22:24,22
SPB-33716,체인,강동구,2024-08-04 13:33,13
SPB-33718,체인,영등포구,2024-08-08 18:29,18
SPB-33726,기타 ,서초구,2024-08-28 7:42,7
SPB-33726,타이어 ,서초구,2024-08-28 17:34,17
SPB-33731,타이어 ,송파구,2024-08-09 17:42,17
SPB-33733,기타 ,송파구,2024-08-16 19:06,19
SPB-33733,기타 ,강남구,2024-08-19 12:44,12
SPB-33738,체인,은평구,2024-08-26 21:21,21
SPB-33739,체인,강남구,2024-08-04 10:19,10
SPB-33743,체인,성동구,2024-08-14 8:09,8
SPB-33743,체인,종로구,2024-08-30 7:25,7
SPB-33746,체인,관악구,2024-08-12 18:40,18
SPB-33747,체인,강서구,2024-08-23 18:07,18
SPB-33748,타이어 ,마포구,2024-08-29 18:47,18
SPB-33758,타이어 ,종로구,2024-08-17 4:08,4
SPB-33758,체인,중구,2024-08-18 19:54,19
SPB-33758,페달,중구,2024-08-20 8:53,8
SPB-33758,페달,종로구,2024-08-23 13:51,13
SPB-33763,타이어 ,도봉구,2024-08-20 9:41,9
SPB-33764,페달,동작구,2024-08-23 22:36,22
SPB-33765,페달,양천구,2024-08-27 18:35,18
SPB-33770,페달,송파구,2024-08-21 18:51,18
SPB-33770,페달,송파구,2024-08-29 8:18,8
SPB-33774,안장,마포구,2024-08-27 13:23,13
SPB-33777,페달,강동구,2024-08-27 18:49,18
SPB-33778,페달,강서구,2024-08-16 21:07,21
SPB-33782,기타 ,강북구,2024-08-28 14:24,14
SPB-33785,안장,송파구,2024-08-30 22:52,22
SPB-33794,체인,양천구,2024-08-10 16:32,16
SPB-33794,체인,강서구,2024-08-12 8:38,8
SPB-33797,페달,양천구,2024-08-03 21:39,21
SPB-33797,체인,양천구,2024-08-20 11:47,11
SPB-33806,타이어 ,도봉구,2024-08-22 12:51,12
SPB-33807,기타 ,강서구,2024-08-13 6:10,6
SPB-33807,타이어 ,강서구,2024-08-29 10:08,10
SPB-33811,타이어 ,성동구,2024-08-26 11:19,11
SPB-33820,타이어 ,강서구,2024-08-20 6:58,6
SPB-33826,기타 ,양천구,2024-08-13 11:00,11
SPB-33837,페달,성북구,2024-08-02 11:21,11
SPB-33849,안장,금천구,2024-08-20 17:08,17
SPB-33850,페달,양천구,2024-08-01 18:25,18
SPB-33850,타이어 ,구로구,2024-08-12 18:51,18
SPB-33851,안장,송파구,2024-08-04 12:59,12
SPB-33856,타이어 ,서초구,2024-08-28 8:22,8
SPB-33857,페달,송파구,2024-08-28 20:41,20
SPB-33865,페달,성동구,2024-08-27 8:09,8
SPB-33870,체인,강동구,2024-08-22 22:21,22
SPB-33872,체인,마포구,2024-08-29 8:44,8
SPB-33877,타이어 ,강동구,2024-08-09 9:13,9
SPB-33878,체인,종로구,2024-08-20 19:09,19
SPB-33887,타이어 ,영등포구,2024-08-13 11:16,11
SPB-33888,타이어 ,동대문구,2024-08-29 18:41,18
SPB-33894,타이어 ,송파구,2024-08-26 9:49,9
SPB-33899,체인,노원구,2024-08-26 16:52,16
SPB-33899,페달,도봉구,2024-08-26 20:20,20
SPB-33899,타이어 ,노원구,2024-08-31 10:04,10
SPB-33902,체인,강서구,2024-08-09 8:56,8
SPB-33917,타이어 ,영등포구,2024-08-08 8:07,8
SPB-33919,기타 ,관악구,2024-08-13 22:03,22
SPB-33924,타이어 ,중구,2024-08-18 12:23,12
SPB-33926,기타 ,강동구,2024-08-28 9:17,9
SPB-33931,체인,금천구,2024-08-06 21:54,21
SPB-33931,페달,금천구,2024-08-13 8:44,8
SPB-33939,기타 ,동대문구,2024-08-22 9:09,9
SPB-33942,타이어 ,강서구,2024-08-12 0:34,0
SPB-33943,단말기,광진구,2024-08-07 18:27,18
SPB-33946,체인,동작구,2024-08-07 13:59,13
SPB-33946,페달,동작구,2024-08-07 16:48,16
SPB-33949,타이어 ,송파구,2024-08-18 19:00,19
SPB-33951,안장,성북구,2024-08-31 16:49,16
SPB-33953,체인,양천구,2024-08-08 18:30,18
SPB-33957,페달,노원구,2024-08-28 11:21,11
SPB-33957,체인,노원구,2024-08-29 18:34,18
SPB-33958,타이어 ,강남구,2024-08-29 8:16,8
SPB-33967,타이어 ,양천구,2024-08-03 17:35,17
SPB-33968,단말기,서초구,2024-08-07 23:06,23
SPB-33970,기타 ,구로구,2024-08-10 0:05,0
SPB-33974,체인,서대문구,2024-08-20 6:42,6
SPB-33981,기타 ,서대문구,2024-08-11 3:28,3
SPB-33995,체인,성동구,2024-08-28 17:50,17
SPB-33996,타이어 ,서초구,2024-08-13 10:09,10
SPB-34016,타이어 ,종로구,2024-08-15 19:24,19
SPB-34016,페달,성북구,2024-08-24 16:14,16
SPB-34018,기타 ,서초구,2024-08-18 18:34,18
SPB-34020,타이어 ,영등포구,2024-08-05 8:56,8
SPB-34024,안장,양천구,2024-08-12 19:16,19
SPB-34024,안장,영등포구,2024-08-15 7:30,7
SPB-34038,기타 ,송파구,2024-08-05 16:57,16
SPB-34039,체인,도봉구,2024-08-17 13:17,13
SPB-34040,타이어 ,양천구,2024-08-10 19:58,19
SPB-34041,기타 ,송파구,2024-08-30 18:21,18
SPB-34045,타이어 ,종로구,2024-08-30 22:44,22
SPB-34056,타이어 ,양천구,2024-08-08 10:17,10
SPB-34058,타이어 ,강서구,2024-08-09 20:01,20
SPB-34066,타이어 ,강서구,2024-08-07 22:04,22
SPB-34066,타이어 ,강서구,2024-08-10 9:29,9
SPB-34067,안장,노원구,2024-08-02 8:58,8
SPB-34070,체인,강동구,2024-08-05 22:08,22
SPB-34072,체인,강동구,2024-08-11 21:34,21
SPB-34073,안장,마포구,2024-08-29 12:49,12
SPB-34077,기타 ,송파구,2024-08-30 6:45,6
SPB-34082,타이어 ,관악구,2024-08-14 7:46,7
SPB-34083,기타 ,구로구,2024-08-02 15:13,15
SPB-34083,타이어 ,강서구,2024-08-19 17:44,17
SPB-34086,타이어 ,강동구,2024-08-28 1:39,1
SPB-34092,기타 ,강서구,2024-08-02 9:34,9
SPB-34093,체인,영등포구,2024-08-07 21:40,21
SPB-34093,페달,구로구,2024-08-14 11:06,11
SPB-34097,타이어 ,영등포구,2024-08-08 18:55,18
SPB-34104,체인,송파구,2024-08-30 8:20,8
SPB-34111,타이어 ,구로구,2024-08-20 19:09,19
SPB-34116,안장,구로구,2024-08-25 23:00,23
SPB-34116,기타 ,영등포구,2024-08-31 8:44,8
SPB-34117,안장,서대문구,2024-08-07 0:13,0
SPB-34128,기타 ,송파구,2024-08-27 21:49,21
SPB-34132,타이어 ,강서구,2024-08-25 20:56,20
SPB-34133,안장,영등포구,2024-08-10 23:05,23
SPB-34139,타이어 ,동대문구,2024-08-02 10:42,10
SPB-34142,타이어 ,용산구,2024-08-28 22:18,22
SPB-34143,기타 ,금천구,2024-08-18 19:47,19
SPB-34144,체인,강서구,2024-08-22 19:40,19
SPB-34147,기타 ,노원구,2024-08-03 8:22,8
SPB-34150,체인,송파구,2024-08-23 2:05,2
SPB-34153,안장,양천구,2024-08-20 6:59,6
SPB-34156,타이어 ,영등포구,2024-08-19 18:20,18
SPB-34157,체인,송파구,2024-08-23 6:40,6
SPB-34160,안장,용산구,2024-08-15 13:54,13
SPB-34162,기타 ,성동구,2024-08-07 13:50,13
SPB-34164,페달,강서구,2024-08-20 18:54,18
SPB-34165,단말기,성북구,2024-08-08 4:05,4
SPB-34167,타이어 ,강서구,2024-08-22 22:25,22
SPB-34178,체인,양천구,2024-08-05 7:21,7
SPB-34179,기타 ,강남구,2024-08-26 13:04,13
SPB-34181,타이어 ,양천구,2024-08-06 8:18,8
SPB-34182,체인,송파구,2024-08-15 12:40,12
SPB-34188,안장,양천구,2024-08-26 10:58,10
SPB-34194,기타 ,영등포구,2024-08-09 18:29,18
SPB-34200,타이어 ,성북구,2024-08-28 19:26,19
SPB-34204,기타 ,노원구,2024-08-10 20:05,20
SPB-34204,기타 ,노원구,2024-08-11 15:03,15
SPB-34208,기타 ,도봉구,2024-08-28 7:15,7
SPB-34209,타이어 ,송파구,2024-08-19 9:48,9
SPB-34211,체인,관악구,2024-08-20 0:43,0
SPB-34227,타이어 ,은평구,2024-08-23 19:46,19
SPB-34227,타이어 ,중구,2024-08-30 18:06,18
SPB-34238,기타 ,영등포구,2024-08-21 18:44,18
SPB-34239,타이어 ,구로구,2024-08-13 6:22,6
SPB-34244,기타 ,종로구,2024-08-16 21:06,21
SPB-34251,체인,강서구,2024-08-02 21:36,21
SPB-34254,체인,마포구,2024-08-13 18:54,18
SPB-34267,안장,양천구,2024-08-24 7:17,7
SPB-34268,타이어 ,서초구,2024-08-05 9:30,9
SPB-34277,페달,강서구,2024-08-01 22:13,22
SPB-34277,기타 ,강서구,2024-08-14 8:39,8
SPB-34279,체인,노원구,2024-08-01 21:16,21
SPB-34282,타이어 ,광진구,2024-08-06 14:39,14
SPB-34285,페달,강남구,2024-08-20 18:37,18
SPB-34291,체인,은평구,2024-08-05 8:37,8
SPB-34291,타이어 ,은평구,2024-08-18 17:09,17
SPB-34296,체인,마포구,2024-08-26 7:47,7
SPB-34296,타이어 ,마포구,2024-08-26 12:50,12
SPB-34298,타이어 ,양천구,2024-08-21 18:15,18
SPB-34299,타이어 ,강서구,2024-08-20 9:18,9
SPB-34301,체인,구로구,2024-08-19 8:23,8
SPB-34302,타이어 ,영등포구,2024-08-27 15:17,15
SPB-34313,타이어 ,영등포구,2024-08-12 9:12,9
SPB-34313,기타 ,구로구,2024-08-13 8:05,8
SPB-34313,체인,영등포구,2024-08-19 13:18,13
SPB-34313,체인,구로구,2024-08-31 9:44,9
SPB-34326,페달,광진구,2024-08-15 14:14,14
SPB-34329,단말기,동작구,2024-08-30 20:41,20
SPB-34338,체인,강서구,2024-08-16 8:05,8
SPB-34343,타이어 ,강서구,2024-08-30 18:49,18
SPB-34350,체인,노원구,2024-08-08 0:20,0
SPB-34350,체인,노원구,2024-08-09 9:42,9
SPB-34350,페달,성북구,2024-08-18 14:15,14
SPB-34350,페달,성북구,2024-08-18 22:23,22
SPB-34350,페달,노원구,2024-08-26 18:38,18
SPB-34351,체인,마포구,2024-08-05 18:20,18
SPB-34357,안장,노원구,2024-08-23 23:17,23
SPB-34357,체인,노원구,2024-08-31 0:48,0
SPB-34359,페달,서대문구,2024-08-30 18:03,18
SPB-34364,페달,금천구,2024-08-28 7:31,7
SPB-34369,단말기,성동구,2024-08-16 6:46,6
SPB-34371,타이어 ,노원구,2024-08-29 13:12,13
SPB-34375,체인,노원구,2024-08-13 7:46,7
SPB-34375,페달,노원구,2024-08-14 21:10,21
SPB-34377,안장,성북구,2024-08-07 16:03,16
SPB-34378,기타 ,종로구,2024-08-09 8:07,8
SPB-34390,안장,강남구,2024-08-25 8:33,8
SPB-34390,타이어 ,송파구,2024-08-27 12:10,12
SPB-34391,체인,동대문구,2024-08-28 17:13,17
SPB-34394,페달,강서구,2024-08-01 8:57,8
SPB-34396,안장,양천구,2024-08-16 20:15,20
SPB-34397,체인,마포구,2024-08-03 0:07,0
SPB-34405,기타 ,강서구,2024-08-09 7:13,7
SPB-34405,기타 ,구로구,2024-08-29 18:43,18
SPB-34413,체인,용산구,2024-08-28 18:28,18
SPB-34414,타이어 ,용산구,2024-08-28 7:57,7
SPB-34420,타이어 ,성동구,2024-08-18 16:12,16
SPB-34421,타이어 ,강동구,2024-08-21 21:04,21
SPB-34424,타이어 ,동대문구,2024-08-13 10:26,10
SPB-34430,체인,동작구,2024-08-17 21:32,21
SPB-34430,체인,영등포구,2024-08-20 7:26,7
SPB-34433,단말기,금천구,2024-08-24 16:57,16
SPB-34437,안장,은평구,2024-08-07 22:32,22
SPB-34439,타이어 ,광진구,2024-08-18 19:10,19
SPB-34450,기타 ,강서구,2024-08-31 16:48,16
SPB-34451,기타 ,마포구,2024-08-12 11:30,11
SPB-34458,타이어 ,용산구,2024-08-11 16:24,16
SPB-34459,타이어 ,강남구,2024-08-29 9:32,9
SPB-34463,페달,광진구,2024-08-16 13:42,13
SPB-34470,기타 ,양천구,2024-08-28 21:27,21
SPB-34477,페달,중랑구,2024-08-08 21:56,21
SPB-34478,체인,종로구,2024-08-25 18:17,18
SPB-34485,기타 ,마포구,2024-08-09 22:38,22
SPB-34485,타이어 ,마포구,2024-08-10 13:35,13
SPB-34488,기타 ,양천구,2024-08-20 19:34,19
SPB-34510,기타 ,중랑구,2024-08-13 13:52,13
SPB-34516,체인,영등포구,2024-08-31 21:48,21
SPB-34540,체인,양천구,2024-08-06 13:25,13
SPB-34545,타이어 ,구로구,2024-08-19 10:17,10
SPB-34551,체인,강서구,2024-08-14 19:10,19
SPB-34551,체인,강서구,2024-08-27 5:30,5
SPB-34551,페달,강서구,2024-08-28 9:24,9
SPB-34555,안장,송파구,2024-08-23 19:11,19
SPB-34558,타이어 ,중구,2024-08-06 8:37,8
SPB-34559,체인,마포구,2024-08-25 16:41,16
SPB-34569,체인,용산구,2024-08-04 21:11,21
SPB-34569,체인,중구,2024-08-15 22:03,22
SPB-34569,체인,서대문구,2024-08-21 17:41,17
SPB-34570,기타 ,양천구,2024-08-31 1:09,1
SPB-34577,체인,구로구,2024-08-01 8:31,8
SPB-34584,타이어 ,노원구,2024-08-03 7:56,7
SPB-34591,안장,마포구,2024-08-27 17:07,17
SPB-34592,타이어 ,양천구,2024-08-16 18:50,18
SPB-34592,기타 ,강서구,2024-08-30 12:16,12
SPB-34600,체인,양천구,2024-08-13 18:28,18
SPB-34610,체인,마포구,2024-08-12 17:41,17
SPB-34621,안장,마포구,2024-08-30 18:05,18
SPB-34634,타이어 ,광진구,2024-08-27 17:49,17
SPB-34657,안장,동대문구,2024-08-07 19:15,19
SPB-34661,체인,중구,2024-08-08 4:50,4
SPB-34662,기타 ,동작구,2024-08-05 13:22,13
SPB-34662,체인,마포구,2024-08-06 19:13,19
SPB-34666,기타 ,송파구,2024-08-02 22:06,22
SPB-34666,안장,송파구,2024-08-07 17:30,17
SPB-34668,타이어 ,성북구,2024-08-01 20:21,20
SPB-34672,체인,동대문구,2024-08-07 1:20,1
SPB-34676,체인,서초구,2024-08-13 17:09,17
SPB-34683,타이어 ,강남구,2024-08-07 8:05,8
SPB-34683,타이어 ,강남구,2024-08-08 17:27,17
SPB-34684,체인,노원구,2024-08-31 23:26,23
SPB-34688,페달,은평구,2024-08-14 19:11,19
SPB-34688,기타 ,송파구,2024-08-26 14:30,14
SPB-34692,안장,양천구,2024-08-17 22:26,22
SPB-34695,안장,강서구,2024-08-03 15:19,15
SPB-34703,타이어 ,강남구,2024-08-15 23:30,23
SPB-34704,타이어 ,은평구,2024-08-14 8:59,8
SPB-34706,체인,양천구,2024-08-04 11:22,11
SPB-34707,기타 ,마포구,2024-08-12 8:26,8
SPB-34708,타이어 ,성동구,2024-08-26 8:32,8
SPB-34725,안장,금천구,2024-08-12 21:10,21
SPB-34730,안장,도봉구,2024-08-20 21:30,21
SPB-34731,안장,강남구,2024-08-31 8:35,8
SPB-34750,체인,강남구,2024-08-07 19:46,19
SPB-34757,체인,성북구,2024-08-28 9:01,9
SPB-34757,체인,노원구,2024-08-31 5:14,5
SPB-34758,페달,중랑구,2024-08-13 23:34,23
SPB-34758,기타 ,동대문구,2024-08-30 22:12,22
SPB-34761,체인,강동구,2024-08-20 19:08,19
SPB-34763,기타 ,은평구,2024-08-09 13:23,13
SPB-34765,체인,중구,2024-08-19 9:24,9
SPB-34772,기타 ,마포구,2024-08-26 15:52,15
SPB-34773,타이어 ,광진구,2024-08-01 18:50,18
SPB-34773,기타 ,성북구,2024-08-06 15:55,15
SPB-34774,타이어 ,영등포구,2024-08-18 10:18,10
SPB-34778,안장,중랑구,2024-08-15 11:24,11
SPB-34779,안장,서대문구,2024-08-16 13:26,13
SPB-34784,타이어 ,서초구,2024-08-05 16:36,16
SPB-34803,체인,도봉구,2024-08-19 22:13,22
SPB-34805,안장,광진구,2024-08-20 20:03,20
SPB-34809,기타 ,마포구,2024-08-06 21:43,21
SPB-34811,안장,금천구,2024-08-13 8:41,8
SPB-34815,타이어 ,금천구,2024-08-16 7:33,7
SPB-34817,체인,영등포구,2024-08-12 20:31,20
SPB-34820,타이어 ,양천구,2024-08-20 19:22,19
SPB-34828,체인,도봉구,2024-08-16 0:01,0
SPB-34828,페달,성북구,2024-08-17 7:39,7
SPB-34828,체인,광진구,2024-08-19 21:54,21
SPB-34828,체인,도봉구,2024-08-28 10:22,10
SPB-34830,체인,종로구,2024-08-16 8:55,8
SPB-34831,타이어 ,서초구,2024-08-27 7:15,7
SPB-34833,체인,마포구,2024-08-01 10:33,10
SPB-34841,안장,영등포구,2024-08-07 18:01,18
SPB-34842,타이어 ,강남구,2024-08-23 18:23,18
SPB-34846,체인,마포구,2024-08-16 20:52,20
SPB-34851,체인,양천구,2024-08-06 19:07,19
SPB-34852,타이어 ,은평구,2024-08-28 2:01,2
SPB-34853,타이어 ,강남구,2024-08-08 22:42,22
SPB-34854,안장,마포구,2024-08-16 21:53,21
SPB-34855,체인,서대문구,2024-08-26 23:18,23
SPB-34856,체인,강북구,2024-08-20 19:27,19
SPB-34858,타이어 ,영등포구,2024-08-03 17:13,17
SPB-34860,안장,영등포구,2024-08-19 8:12,8
SPB-34864,안장,강서구,2024-08-06 10:37,10
SPB-34865,타이어 ,강서구,2024-08-14 12:32,12
SPB-34865,기타 ,강서구,2024-08-31 18:37,18
SPB-34867,단말기,은평구,2024-08-11 0:19,0
SPB-34869,안장,마포구,2024-08-22 20:00,20
SPB-34882,페달,마포구,2024-08-30 18:45,18
SPB-34893,타이어 ,구로구,2024-08-12 21:10,21
SPB-34896,안장,서초구,2024-08-26 22:00,22
SPB-34898,기타 ,중구,2024-08-28 20:04,20
SPB-34900,안장,중랑구,2024-08-11 5:16,5
SPB-34905,페달,강동구,2024-08-05 18:00,18
SPB-34905,페달,강동구,2024-08-12 19:41,19
SPB-34905,페달,송파구,2024-08-20 22:18,22
SPB-34907,체인,송파구,2024-08-29 18:19,18
SPB-34915,타이어 ,강서구,2024-08-24 18:23,18
SPB-34918,기타 ,동대문구,2024-08-09 23:54,23
SPB-34920,체인,성북구,2024-08-28 20:29,20
SPB-34920,체인,노원구,2024-08-30 8:30,8
SPB-34928,타이어 ,영등포구,2024-08-05 7:07,7
SPB-34929,체인,양천구,2024-08-30 8:52,8
SPB-34932,체인,은평구,2024-08-02 11:01,11
SPB-34934,단말기,서대문구,2024-08-20 18:31,18
SPB-34951,기타 ,강서구,2024-08-28 8:40,8
SPB-34952,타이어 ,강서구,2024-08-29 7:25,7
SPB-34952,안장,강서구,2024-08-30 15:12,15
SPB-34960,타이어 ,강서구,2024-08-31 23:26,23
SPB-34961,기타 ,강서구,2024-08-24 10:01,10
SPB-34971,안장,송파구,2024-08-04 13:09,13
SPB-34972,페달,구로구,2024-08-21 22:26,22
SPB-34974,페달,성동구,2024-08-20 8:21,8
SPB-34989,체인,금천구,2024-08-12 20:58,20
SPB-34993,안장,금천구,2024-08-12 18:40,18
SPB-35001,기타 ,광진구,2024-08-19 16:21,16
SPB-35003,체인,강서구,2024-08-11 20:42,20
SPB-35007,타이어 ,강서구,2024-08-21 17:09,17
SPB-35009,체인,강서구,2024-08-18 18:31,18
SPB-35009,체인,영등포구,2024-08-31 12:38,12
SPB-35013,페달,영등포구,2024-08-17 9:55,9
SPB-35018,기타 ,영등포구,2024-08-12 9:23,9
SPB-35030,기타 ,동대문구,2024-08-19 18:40,18
SPB-35041,타이어 ,관악구,2024-08-28 18:59,18
SPB-35042,체인,성동구,2024-08-24 22:09,22
SPB-35046,타이어 ,양천구,2024-08-09 12:15,12
SPB-35047,기타 ,성동구,2024-08-19 8:38,8
SPB-35050,안장,강서구,2024-08-22 17:27,17
SPB-35054,체인,중구,2024-08-25 21:56,21
SPB-35058,페달,양천구,2024-08-19 9:27,9
SPB-35058,체인,은평구,2024-08-19 19:24,19
SPB-35059,체인,용산구,2024-08-12 7:48,7
SPB-35059,체인,강동구,2024-08-26 2:12,2
SPB-35059,체인,송파구,2024-08-31 11:09,11
SPB-35066,체인,서대문구,2024-08-14 11:39,11
SPB-35066,체인,양천구,2024-08-19 19:07,19
SPB-35068,기타 ,강서구,2024-08-09 23:01,23
SPB-35068,타이어 ,강서구,2024-08-24 8:49,8
SPB-35068,기타 ,종로구,2024-08-30 14:33,14
SPB-35069,체인,강서구,2024-08-16 17:54,17
SPB-35069,타이어 ,관악구,2024-08-23 17:12,17
SPB-35069,체인,관악구,2024-08-24 18:03,18
SPB-35071,페달,마포구,2024-08-16 21:50,21
SPB-35074,페달,영등포구,2024-08-09 21:21,21
SPB-35075,체인,중구,2024-08-01 12:05,12
SPB-35075,체인,서대문구,2024-08-04 8:55,8
SPB-35075,체인,서대문구,2024-08-05 17:56,17
SPB-35078,타이어 ,구로구,2024-08-19 7:13,7
SPB-35083,기타 ,노원구,2024-08-29 19:31,19
SPB-35089,기타 ,양천구,2024-08-05 7:49,7
SPB-35092,체인,서초구,2024-08-13 15:49,15
SPB-35098,안장,강북구,2024-08-13 19:45,19
SPB-35099,기타 ,성북구,2024-08-05 9:51,9
SPB-35103,단말기,관악구,2024-08-28 20:49,20
SPB-35109,체인,도봉구,2024-08-30 16:22,16
SPB-35126,안장,노원구,2024-08-04 10:57,10
SPB-35130,타이어 ,서초구,2024-08-08 21:42,21
SPB-35131,타이어 ,강서구,2024-08-13 7:17,7
SPB-35132,안장,강서구,2024-08-23 23:18,23
SPB-35134,페달,마포구,2024-08-04 1:50,1
SPB-35134,체인,서초구,2024-08-12 18:32,18
SPB-35140,타이어 ,성동구,2024-08-05 10:13,10
SPB-35142,타이어 ,성동구,2024-08-09 9:20,9
SPB-35143,기타 ,성북구,2024-08-19 16:56,16
SPB-35146,체인,송파구,2024-08-11 21:12,21
SPB-35154,체인,영등포구,2024-08-08 18:13,18
SPB-35154,기타 ,동대문구,2024-08-23 18:57,18
SPB-35157,안장,노원구,2024-08-10 19:13,19
SPB-35157,안장,노원구,2024-08-14 6:46,6
SPB-35163,체인,관악구,2024-08-15 16:47,16
SPB-35164,체인,은평구,2024-08-15 18:11,18
SPB-35164,체인,은평구,2024-08-16 0:36,0
SPB-35165,단말기,성동구,2024-08-01 8:13,8
SPB-35165,체인,송파구,2024-08-28 18:28,18
SPB-35167,단말기,은평구,2024-08-10 19:11,19
SPB-35176,안장,강남구,2024-08-19 8:17,8
SPB-35178,기타 ,종로구,2024-08-21 19:00,19
SPB-35180,안장,노원구,2024-08-08 15:40,15
SPB-35183,체인,강북구,2024-08-02 9:24,9
SPB-35183,체인,종로구,2024-08-05 4:09,4
SPB-35183,기타 ,종로구,2024-08-08 16:49,16
SPB-35187,체인,강서구,2024-08-28 17:48,17
SPB-35187,체인,강서구,2024-08-31 18:29,18
SPB-35199,기타 ,구로구,2024-08-09 7:35,7
SPB-35207,단말기,영등포구,2024-08-30 19:10,19
SPB-35208,안장,동작구,2024-08-20 17:34,17
SPB-35209,타이어 ,영등포구,2024-08-27 21:25,21
SPB-35210,체인,중구,2024-08-05 22:17,22
SPB-35210,기타 ,중구,2024-08-06 9:19,9
SPB-35212,안장,송파구,2024-08-23 20:01,20
SPB-35215,타이어 ,도봉구,2024-08-05 19:44,19
SPB-35217,기타 ,은평구,2024-08-28 17:49,17
SPB-35219,안장,강서구,2024-08-30 18:15,18
SPB-35225,체인,구로구,2024-08-20 18:58,18
SPB-35227,기타 ,강남구,2024-08-18 12:35,12
SPB-35228,안장,송파구,2024-08-09 11:24,11
SPB-35234,체인,구로구,2024-08-06 18:05,18
SPB-35238,단말기,동작구,2024-08-12 9:40,9
SPB-35246,체인,강서구,2024-08-19 8:52,8
SPB-35246,체인,강서구,2024-08-23 22:47,22
SPB-35249,체인,은평구,2024-08-18 19:10,19
SPB-35251,체인,서대문구,2024-08-05 18:18,18
SPB-35256,안장,종로구,2024-08-30 9:31,9
SPB-35257,체인,양천구,2024-08-05 15:52,15
SPB-35257,체인,구로구,2024-08-07 13:40,13
SPB-35262,단말기,금천구,2024-08-26 12:56,12
SPB-35263,체인,구로구,2024-08-01 9:34,9
SPB-35267,체인,종로구,2024-08-07 6:25,6
SPB-35273,타이어 ,구로구,2024-08-01 8:25,8
SPB-35300,기타 ,송파구,2024-08-06 18:04,18
SPB-35300,체인,송파구,2024-08-20 20:37,20
SPB-35302,체인,영등포구,2024-08-18 7:25,7
SPB-35304,타이어 ,강남구,2024-08-25 10:46,10
SPB-35308,단말기,영등포구,2024-08-01 12:52,12
SPB-35311,타이어 ,마포구,2024-08-10 8:34,8
SPB-35316,페달,강남구,2024-08-10 18:29,18
SPB-35316,페달,서초구,2024-08-21 20:00,20
SPB-35321,안장,서초구,2024-08-21 18:01,18
SPB-35325,타이어 ,관악구,2024-08-16 17:55,17
SPB-35328,안장,관악구,2024-08-23 20:05,20
SPB-35331,기타 ,광진구,2024-08-13 19:18,19
SPB-35332,기타 ,송파구,2024-08-06 19:49,19
SPB-35332,타이어 ,송파구,2024-08-17 17:17,17
SPB-35333,기타 ,강동구,2024-08-08 17:25,17
SPB-35337,페달,마포구,2024-08-24 20:04,20
SPB-35338,안장,광진구,2024-08-25 20:59,20
SPB-35342,체인,광진구,2024-08-22 3:03,3
SPB-35342,체인,성동구,2024-08-23 18:48,18
SPB-35342,페달,서대문구,2024-08-31 16:09,16
SPB-35344,기타 ,강서구,2024-08-01 18:55,18
SPB-35348,타이어 ,광진구,2024-08-02 8:37,8
SPB-35349,기타 ,노원구,2024-08-23 18:05,18
SPB-35350,기타 ,노원구,2024-08-17 15:31,15
SPB-35352,체인,금천구,2024-08-26 7:34,7
SPB-35353,체인,중랑구,2024-08-16 18:41,18
SPB-35359,체인,광진구,2024-08-28 14:48,14
SPB-35362,체인,송파구,2024-08-30 18:43,18
SPB-35364,기타 ,용산구,2024-08-20 9:17,9
SPB-35365,타이어 ,강서구,2024-08-14 14:23,14
SPB-35370,기타 ,은평구,2024-08-26 2:21,2
SPB-35370,기타 ,강서구,2024-08-30 9:04,9
SPB-35382,기타 ,영등포구,2024-08-07 18:50,18
SPB-35382,기타 ,양천구,2024-08-09 15:13,15
SPB-35382,체인,용산구,2024-08-11 19:16,19
SPB-35382,페달,영등포구,2024-08-14 18:15,18
SPB-35386,안장,중구,2024-08-23 13:35,13
SPB-35388,체인,송파구,2024-08-07 8:24,8
SPB-35388,체인,강남구,2024-08-12 22:39,22
SPB-35398,기타 ,강서구,2024-08-14 6:17,6
SPB-35403,타이어 ,노원구,2024-08-12 11:29,11
SPB-35406,체인,강서구,2024-08-07 7:56,7
SPB-35414,체인,동대문구,2024-08-04 2:50,2
SPB-35414,체인,종로구,2024-08-05 19:07,19
SPB-35418,타이어 ,용산구,2024-08-02 7:12,7
SPB-35421,페달,용산구,2024-08-23 18:36,18
SPB-35422,체인,양천구,2024-08-01 19:10,19
SPB-35422,체인,양천구,2024-08-06 20:30,20
SPB-35423,체인,양천구,2024-08-02 19:16,19
SPB-35423,체인,마포구,2024-08-08 18:43,18
SPB-35426,안장,중구,2024-08-06 7:57,7
SPB-35429,기타 ,동작구,2024-08-19 9:00,9
SPB-35435,체인,강동구,2024-08-03 15:09,15
SPB-35435,체인,강동구,2024-08-12 8:49,8
SPB-35435,체인,강동구,2024-08-19 19:23,19
SPB-35435,페달,송파구,2024-08-29 20:20,20
SPB-35437,체인,노원구,2024-08-10 10:01,10
SPB-35437,체인,서초구,2024-08-27 17:45,17
SPB-35437,체인,송파구,2024-08-30 16:40,16
SPB-35445,체인,서대문구,2024-08-06 6:52,6
SPB-35446,안장,강서구,2024-08-16 7:57,7
SPB-35451,안장,영등포구,2024-08-13 13:07,13
SPB-35461,체인,중구,2024-08-14 16:31,16
SPB-35461,안장,강서구,2024-08-31 18:11,18
SPB-35466,체인,광진구,2024-08-27 3:47,3
SPB-35474,기타 ,강서구,2024-08-19 17:16,17
SPB-35475,페달,영등포구,2024-08-01 23:09,23
SPB-35475,체인,양천구,2024-08-07 15:20,15
SPB-35477,안장,중구,2024-08-05 4:39,4
SPB-35480,체인,영등포구,2024-08-06 18:14,18
SPB-35480,체인,양천구,2024-08-29 23:23,23
SPB-35494,체인,송파구,2024-08-06 20:20,20
SPB-35498,기타 ,동작구,2024-08-02 19:02,19
SPB-35499,기타 ,종로구,2024-08-15 7:37,7
SPB-35503,안장,종로구,2024-08-06 1:11,1
SPB-35503,타이어 ,종로구,2024-08-07 11:37,11
SPB-35512,타이어 ,영등포구,2024-08-30 13:11,13
SPB-35518,타이어 ,중랑구,2024-08-01 18:28,18
SPB-35525,기타 ,성동구,2024-08-01 22:30,22
SPB-35530,타이어 ,금천구,2024-08-30 18:04,18
SPB-35533,타이어 ,동대문구,2024-08-24 22:27,22
SPB-35547,안장,양천구,2024-08-02 8:26,8
SPB-35558,안장,은평구,2024-08-30 8:47,8
SPB-35564,안장,도봉구,2024-08-13 18:41,18
SPB-35564,기타 ,동대문구,2024-08-26 18:39,18
SPB-35566,페달,강서구,2024-08-08 8:55,8
SPB-35566,단말기,강서구,2024-08-28 22:27,22
SPB-35569,타이어 ,송파구,2024-08-29 22:27,22
SPB-35573,기타 ,강서구,2024-08-26 12:57,12
SPB-35577,타이어 ,강서구,2024-08-27 6:03,6
SPB-35578,안장,서대문구,2024-08-29 8:40,8
SPB-35585,단말기,성동구,2024-08-02 12:26,12
SPB-35608,기타 ,강남구,2024-08-07 19:14,19
SPB-35615,체인,중구,2024-08-19 21:00,21
SPB-35616,타이어 ,성동구,2024-08-31 12:39,12
SPB-35624,타이어 ,송파구,2024-08-16 20:37,20
SPB-35631,페달,동대문구,2024-08-28 21:43,21
SPB-35638,페달,양천구,2024-08-27 19:52,19
SPB-35640,기타 ,동대문구,2024-08-02 11:26,11
SPB-35654,타이어 ,강동구,2024-08-17 17:23,17
SPB-35659,타이어 ,성동구,2024-08-29 21:09,21
SPB-35661,타이어 ,서대문구,2024-08-26 8:52,8
SPB-35680,단말기,영등포구,2024-08-28 23:27,23
SPB-35698,기타 ,강남구,2024-08-16 8:26,8
SPB-35699,체인,종로구,2024-08-15 11:55,11
SPB-35699,체인,종로구,2024-08-19 17:21,17
SPB-35699,체인,중구,2024-08-21 0:31,0
SPB-35704,체인,은평구,2024-08-29 20:02,20
SPB-35708,타이어 ,강남구,2024-08-18 12:46,12
SPB-35708,타이어 ,송파구,2024-08-22 17:56,17
SPB-35712,기타 ,금천구,2024-08-13 9:54,9
SPB-35716,체인,마포구,2024-08-12 18:18,18
SPB-35716,페달,서대문구,2024-08-19 8:37,8
SPB-35728,타이어 ,강동구,2024-08-22 11:04,11
SPB-35735,타이어 ,강남구,2024-08-30 18:28,18
SPB-35735,안장,강남구,2024-08-31 22:47,22
SPB-35743,안장,양천구,2024-08-04 14:06,14
SPB-35747,체인,중구,2024-08-16 17:38,17
SPB-35748,타이어 ,강동구,2024-08-08 18:55,18
SPB-35749,체인,영등포구,2024-08-27 16:22,16
SPB-35754,단말기,강서구,2024-08-07 9:46,9
SPB-35768,타이어 ,강서구,2024-08-06 10:10,10
SPB-35775,페달,마포구,2024-08-26 17:58,17
SPB-35779,타이어 ,양천구,2024-08-13 12:10,12
SPB-35783,타이어 ,송파구,2024-08-29 17:49,17
SPB-35786,타이어 ,노원구,2024-08-11 18:37,18
SPB-35788,단말기,양천구,2024-08-05 8:31,8
SPB-35790,기타 ,강서구,2024-08-27 22:10,22
SPB-35793,체인,동작구,2024-08-18 20:57,20
SPB-35798,페달,종로구,2024-08-04 21:39,21
SPB-35812,단말기,은평구,2024-08-24 1:06,1
SPB-35832,단말기,마포구,2024-08-30 20:45,20
SPB-35834,타이어 ,노원구,2024-08-08 7:46,7
SPB-35838,체인,영등포구,2024-08-29 5:49,5
SPB-35843,안장,동작구,2024-08-03 17:01,17
SPB-35848,페달,강동구,2024-08-15 21:56,21
SPB-35879,안장,광진구,2024-08-06 23:36,23
SPB-35894,기타 ,중구,2024-08-14 20:43,20
SPB-35901,체인,강북구,2024-08-22 8:17,8
SPB-35903,페달,강남구,2024-08-12 19:52,19
SPB-35903,체인,광진구,2024-08-20 12:35,12
SPB-35916,안장,송파구,2024-08-28 8:29,8
SPB-35920,타이어 ,구로구,2024-08-30 8:14,8
SPB-35951,체인,광진구,2024-08-23 22:06,22
SPB-35966,체인,강서구,2024-08-16 6:02,6
SPB-35979,안장,동대문구,2024-08-31 19:51,19
SPB-35983,페달,동대문구,2024-08-19 14:38,14
SPB-35983,페달,동대문구,2024-08-19 21:58,21
SPB-35983,페달,중구,2024-08-31 2:03,2
SPB-35983,페달,종로구,2024-08-31 19:55,19
SPB-35991,타이어 ,성동구,2024-08-08 17:35,17
SPB-35993,타이어 ,강서구,2024-08-30 18:50,18
SPB-36003,체인,도봉구,2024-08-24 16:24,16
SPB-36007,체인,강서구,2024-08-30 18:43,18
SPB-36013,체인,서초구,2024-08-02 8:52,8
SPB-36013,안장,동작구,2024-08-08 11:57,11
SPB-36016,기타 ,서대문구,2024-08-08 21:46,21
SPB-36017,기타 ,강서구,2024-08-14 21:26,21
SPB-36020,안장,송파구,2024-08-20 9:10,9
SPB-36023,타이어 ,양천구,2024-08-29 7:39,7
SPB-36036,타이어 ,강서구,2024-08-12 18:47,18
SPB-36038,체인,강남구,2024-08-19 22:32,22
SPB-36041,타이어 ,양천구,2024-08-01 17:46,17
SPB-36067,단말기,노원구,2024-08-13 23:21,23
SPB-36071,타이어 ,관악구,2024-08-06 10:09,10
SPB-36071,체인,구로구,2024-08-22 19:17,19
SPB-36093,타이어 ,영등포구,2024-08-31 17:37,17
SPB-36097,페달,영등포구,2024-08-08 18:11,18
SPB-36097,페달,송파구,2024-08-27 19:41,19
SPB-36098,체인,마포구,2024-08-14 20:45,20
SPB-36099,안장,강남구,2024-08-21 17:52,17
SPB-36102,체인,동작구,2024-08-29 17:46,17
SPB-36104,기타 ,마포구,2024-08-11 20:40,20
SPB-36108,기타 ,마포구,2024-08-27 12:42,12
SPB-36109,타이어 ,관악구,2024-08-18 18:33,18
SPB-36111,기타 ,성북구,2024-08-17 23:07,23
SPB-36119,체인,중구,2024-08-29 8:10,8
SPB-36121,체인,강서구,2024-08-20 21:10,21
SPB-36127,안장,광진구,2024-08-09 8:17,8
SPB-36129,체인,동대문구,2024-08-22 1:22,1
SPB-36129,타이어 ,성동구,2024-08-22 17:55,17
SPB-36129,체인,성동구,2024-08-22 22:17,22
SPB-36129,체인,성동구,2024-08-24 21:45,21
SPB-36129,타이어 ,성동구,2024-08-25 16:35,16
SPB-36134,체인,동대문구,2024-08-29 20:40,20
SPB-36135,타이어 ,금천구,2024-08-07 20:01,20
SPB-36137,기타 ,동대문구,2024-08-01 18:16,18
SPB-36146,타이어 ,광진구,2024-08-14 8:19,8
SPB-36150,안장,광진구,2024-08-22 8:11,8
SPB-36156,타이어 ,노원구,2024-08-27 20:46,20
SPB-36159,기타 ,송파구,2024-08-27 16:30,16
SPB-36167,기타 ,강동구,2024-08-12 18:51,18
SPB-36192,기타 ,송파구,2024-08-22 8:44,8
SPB-36210,타이어 ,동대문구,2024-08-20 9:35,9
SPB-36217,기타 ,관악구,2024-08-26 19:48,19
SPB-36232,기타 ,양천구,2024-08-09 7:52,7
SPB-36233,페달,강서구,2024-08-04 17:49,17
SPB-36234,페달,서초구,2024-08-02 21:31,21
SPB-36237,타이어 ,서초구,2024-08-10 19:13,19
SPB-36237,체인,서초구,2024-08-27 12:35,12
SPB-36238,타이어 ,성동구,2024-08-26 8:25,8
SPB-36242,안장,영등포구,2024-08-27 8:34,8
SPB-36253,타이어 ,종로구,2024-08-27 19:18,19
SPB-36257,페달,강서구,2024-08-23 13:10,13
SPB-36263,안장,강남구,2024-08-02 18:57,18
SPB-36272,기타 ,양천구,2024-08-30 8:08,8
SPB-36282,기타 ,강서구,2024-08-05 7:38,7
SPB-36286,타이어 ,송파구,2024-08-28 9:19,9
SPB-36290,체인,강서구,2024-08-16 17:44,17
SPB-36304,페달,용산구,2024-08-09 17:55,17
SPB-36306,기타 ,송파구,2024-08-15 19:53,19
SPB-36315,안장,동작구,2024-08-04 23:05,23
SPB-36317,기타 ,송파구,2024-08-24 21:35,21
SPB-36321,타이어 ,강서구,2024-08-02 22:41,22
SPB-36323,안장,서초구,2024-08-28 15:23,15
SPB-36326,타이어 ,영등포구,2024-08-04 18:42,18
SPB-36335,타이어 ,강서구,2024-08-08 23:58,23
SPB-36346,타이어 ,서초구,2024-08-20 8:49,8
SPB-36346,타이어 ,서초구,2024-08-20 16:16,16
SPB-36357,기타 ,강동구,2024-08-13 19:55,19
SPB-36358,안장,광진구,2024-08-07 7:31,7
SPB-36366,기타 ,마포구,2024-08-07 9:23,9
SPB-36368,타이어 ,마포구,2024-08-18 13:49,13
SPB-36369,안장,동대문구,2024-08-23 18:46,18
SPB-36373,타이어 ,광진구,2024-08-26 8:36,8
SPB-36374,체인,구로구,2024-08-14 8:53,8
SPB-36377,체인,양천구,2024-08-09 6:46,6
SPB-36383,기타 ,용산구,2024-08-19 21:07,21
SPB-36385,타이어 ,금천구,2024-08-20 19:13,19
SPB-36391,안장,영등포구,2024-08-20 10:28,10
SPB-36392,안장,성동구,2024-08-01 18:25,18
SPB-36394,타이어 ,양천구,2024-08-04 13:20,13
SPB-36397,타이어 ,강서구,2024-08-07 8:42,8
SPB-36412,안장,송파구,2024-08-15 12:48,12
SPB-36415,체인,서초구,2024-08-02 17:32,17
SPB-36415,체인,서초구,2024-08-06 9:03,9
SPB-36415,체인,서초구,2024-08-13 8:38,8
SPB-36415,기타 ,강남구,2024-08-22 8:38,8
SPB-36428,안장,노원구,2024-08-14 7:18,7
SPB-36436,타이어 ,동대문구,2024-08-02 17:15,17
SPB-36438,타이어 ,성북구,2024-08-12 0:44,0
SPB-36442,체인,구로구,2024-08-11 22:38,22
SPB-36448,페달,마포구,2024-08-12 21:08,21
SPB-36448,체인,서대문구,2024-08-26 18:16,18
SPB-36454,타이어 ,강북구,2024-08-11 20:05,20
SPB-36477,기타 ,강동구,2024-08-12 20:45,20
SPB-36483,체인,서초구,2024-08-02 19:25,19
SPB-36491,기타 ,영등포구,2024-08-20 23:28,23
SPB-36495,체인,영등포구,2024-08-08 19:09,19
SPB-36502,기타 ,송파구,2024-08-27 20:46,20
SPB-36503,체인,노원구,2024-08-06 18:07,18
SPB-36507,타이어 ,성북구,2024-08-19 21:16,21
SPB-36525,타이어 ,중구,2024-08-04 20:23,20
SPB-36528,기타 ,서초구,2024-08-31 6:34,6
SPB-36536,타이어 ,도봉구,2024-08-07 7:05,7
SPB-36545,기타 ,강서구,2024-08-21 19:40,19
SPB-36546,타이어 ,강서구,2024-08-26 18:14,18
SPB-36548,타이어 ,강동구,2024-08-19 20:59,20
SPB-36549,체인,노원구,2024-08-25 17:03,17
SPB-36552,안장,강동구,2024-08-18 18:42,18
SPB-36559,페달,송파구,2024-08-14 17:25,17
SPB-36570,기타 ,송파구,2024-08-22 6:49,6
SPB-36573,안장,관악구,2024-08-18 11:10,11
SPB-36582,안장,성북구,2024-08-24 6:32,6
SPB-36583,페달,강동구,2024-08-13 18:13,18
SPB-36593,페달,송파구,2024-08-05 19:17,19
SPB-36597,타이어 ,송파구,2024-08-01 20:13,20
SPB-36598,페달,동대문구,2024-08-21 18:06,18
SPB-36603,기타 ,광진구,2024-08-26 9:39,9
SPB-36605,안장,강북구,2024-08-24 23:38,23
SPB-36606,안장,양천구,2024-08-13 17:41,17
SPB-36615,타이어 ,영등포구,2024-08-24 15:07,15
SPB-36621,타이어 ,종로구,2024-08-04 20:23,20
SPB-36621,타이어 ,양천구,2024-08-19 7:41,7
SPB-36652,안장,중구,2024-08-29 10:02,10
SPB-36653,안장,송파구,2024-08-06 4:33,4
SPB-36657,기타 ,성동구,2024-08-13 6:23,6
SPB-36658,타이어 ,강서구,2024-08-13 23:21,23
SPB-36659,단말기,은평구,2024-08-08 20:52,20
SPB-36662,안장,강남구,2024-08-18 16:41,16
SPB-36663,기타 ,영등포구,2024-08-31 12:39,12
SPB-36668,타이어 ,송파구,2024-08-29 19:15,19
SPB-36674,타이어 ,서초구,2024-08-07 8:03,8
SPB-36683,안장,종로구,2024-08-12 19:37,19
SPB-36686,기타 ,송파구,2024-08-28 22:02,22
SPB-36689,기타 ,송파구,2024-08-10 11:25,11
SPB-36694,타이어 ,영등포구,2024-08-19 10:54,10
SPB-36696,단말기,송파구,2024-08-10 19:07,19
SPB-36697,안장,송파구,2024-08-10 9:46,9
SPB-36700,체인,강서구,2024-08-02 8:51,8
SPB-36700,타이어 ,양천구,2024-08-17 12:30,12
SPB-36702,기타 ,중구,2024-08-27 13:19,13
SPB-36727,체인,중구,2024-08-07 18:57,18
SPB-36735,페달,구로구,2024-08-07 18:55,18
SPB-36740,기타 ,성동구,2024-08-11 20:49,20
SPB-36744,안장,송파구,2024-08-14 6:30,6
SPB-36749,안장,구로구,2024-08-19 17:42,17
SPB-36751,타이어 ,성북구,2024-08-08 8:18,8
SPB-36752,타이어 ,동대문구,2024-08-02 22:32,22
SPB-36754,타이어 ,송파구,2024-08-04 4:46,4
SPB-36761,안장,동작구,2024-08-29 17:56,17
SPB-36767,체인,송파구,2024-08-11 16:40,16
SPB-36792,체인,영등포구,2024-08-20 17:43,17
SPB-36805,기타 ,성북구,2024-08-14 16:37,16
SPB-36810,기타 ,구로구,2024-08-12 21:09,21
SPB-36815,기타 ,강서구,2024-08-13 5:53,5
SPB-36818,타이어 ,은평구,2024-08-15 23:03,23
SPB-36836,기타 ,양천구,2024-08-31 10:24,10
SPB-36844,타이어 ,서대문구,2024-08-27 19:12,19
SPB-36848,타이어 ,관악구,2024-08-06 20:19,20
SPB-36865,타이어 ,마포구,2024-08-12 8:45,8
SPB-36884,타이어 ,양천구,2024-08-12 23:48,23
SPB-36885,타이어 ,양천구,2024-08-13 8:05,8
SPB-36888,타이어 ,강남구,2024-08-02 0:19,0
SPB-36888,기타 ,강남구,2024-08-08 19:19,19
SPB-36888,타이어 ,송파구,2024-08-21 18:21,18
SPB-36889,기타 ,송파구,2024-08-30 18:33,18
SPB-36900,체인,동작구,2024-08-25 13:02,13
SPB-36907,페달,종로구,2024-08-29 19:45,19
SPB-36912,기타 ,강서구,2024-08-20 9:04,9
SPB-36919,기타 ,구로구,2024-08-28 12:03,12
SPB-36923,타이어 ,영등포구,2024-08-29 15:05,15
SPB-36925,안장,송파구,2024-08-29 16:54,16
SPB-36929,체인,송파구,2024-08-06 6:43,6
SPB-36938,페달,동대문구,2024-08-27 21:09,21
SPB-36943,타이어 ,노원구,2024-08-13 18:24,18
SPB-36950,안장,동대문구,2024-08-30 9:46,9
SPB-36957,페달,광진구,2024-08-19 14:48,14
SPB-36963,체인,송파구,2024-08-27 21:09,21
SPB-36967,타이어 ,강서구,2024-08-03 10:53,10
SPB-36980,단말기,성동구,2024-08-18 23:01,23
SPB-36981,체인,강남구,2024-08-25 6:33,6
SPB-36987,안장,종로구,2024-08-23 8:49,8
SPB-36987,타이어 ,종로구,2024-08-24 19:35,19
SPB-36990,타이어 ,동작구,2024-08-17 10:33,10
SPB-37001,기타 ,강남구,2024-08-12 5:14,5
SPB-37002,타이어 ,강서구,2024-08-01 21:37,21
SPB-37010,페달,강서구,2024-08-07 7:58,7
SPB-37010,페달,강서구,2024-08-08 14:13,14
SPB-37010,체인,강서구,2024-08-20 20:39,20
SPB-37013,기타 ,강남구,2024-08-17 18:13,18
SPB-37014,타이어 ,광진구,2024-08-15 17:40,17
SPB-37014,체인,동작구,2024-08-28 6:32,6
SPB-37020,타이어 ,마포구,2024-08-02 17:03,17
SPB-37026,타이어 ,도봉구,2024-08-25 7:57,7
SPB-37031,타이어 ,영등포구,2024-08-19 8:25,8
SPB-37036,타이어 ,강남구,2024-08-26 22:12,22
SPB-37051,타이어 ,강서구,2024-08-02 8:19,8
SPB-37059,타이어 ,강서구,2024-08-23 16:22,16
SPB-37072,타이어 ,중구,2024-08-19 7:39,7
SPB-37078,타이어 ,성북구,2024-08-14 19:04,19
SPB-37079,체인,구로구,2024-08-21 11:39,11
SPB-37084,안장,강서구,2024-08-12 19:55,19
SPB-37086,타이어 ,영등포구,2024-08-09 19:58,19
SPB-37088,안장,서초구,2024-08-22 21:44,21
SPB-37097,타이어 ,송파구,2024-08-14 20:08,20
SPB-37099,체인,강동구,2024-08-22 8:51,8
SPB-37099,기타 ,서초구,2024-08-30 12:22,12
SPB-37112,타이어 ,구로구,2024-08-18 17:47,17
SPB-37117,페달,은평구,2024-08-08 20:19,20
SPB-37117,페달,중구,2024-08-20 18:38,18
SPB-37118,기타 ,광진구,2024-08-24 18:21,18
SPB-37125,타이어 ,금천구,2024-08-26 21:49,21
SPB-37136,체인,강서구,2024-08-08 1:57,1
SPB-37140,타이어 ,성동구,2024-08-26 2:59,2
SPB-37147,타이어 ,구로구,2024-08-05 8:21,8
SPB-37148,안장,강남구,2024-08-17 20:19,20
SPB-37153,타이어 ,강서구,2024-08-22 20:17,20
SPB-37157,타이어 ,영등포구,2024-08-30 17:50,17
SPB-37166,타이어 ,중구,2024-08-09 18:20,18
SPB-37166,기타 ,영등포구,2024-08-16 15:34,15
SPB-37183,체인,강서구,2024-08-30 7:33,7
SPB-37188,타이어 ,구로구,2024-08-04 16:00,16
SPB-37190,페달,마포구,2024-08-04 19:21,19
SPB-37200,타이어 ,강남구,2024-08-18 23:31,23
SPB-37202,타이어 ,송파구,2024-08-16 19:13,19
SPB-37210,안장,서대문구,2024-08-22 8:42,8
SPB-37217,기타 ,영등포구,2024-08-01 18:52,18
SPB-37227,체인,마포구,2024-08-06 11:00,11
SPB-37231,타이어 ,구로구,2024-08-17 12:50,12
SPB-37239,단말기,강서구,2024-08-29 23:13,23
SPB-37244,타이어 ,영등포구,2024-08-05 8:37,8
SPB-37244,체인,마포구,2024-08-17 17:48,17
SPB-37249,타이어 ,서초구,2024-08-10 10:29,10
SPB-37249,기타 ,송파구,2024-08-26 12:43,12
SPB-37257,기타 ,송파구,2024-08-26 13:30,13
SPB-37263,기타 ,영등포구,2024-08-23 6:23,6
SPB-37264,페달,서초구,2024-08-09 20:06,20
SPB-37264,타이어 ,중구,2024-08-27 15:38,15
SPB-37271,기타 ,영등포구,2024-08-01 8:18,8
SPB-37272,페달,강서구,2024-08-30 7:52,7
SPB-37277,안장,마포구,2024-08-19 10:30,10
SPB-37298,안장,양천구,2024-08-13 23:46,23
SPB-37303,타이어 ,서대문구,2024-08-08 0:01,0
SPB-37305,타이어 ,노원구,2024-08-23 21:48,21
SPB-37318,타이어 ,동대문구,2024-08-30 9:31,9
SPB-37328,페달,송파구,2024-08-06 8:29,8
SPB-37329,타이어 ,양천구,2024-08-03 14:52,14
SPB-37329,타이어 ,마포구,2024-08-20 20:05,20
SPB-37336,페달,마포구,2024-08-07 6:45,6
SPB-37338,타이어 ,구로구,2024-08-17 8:45,8
SPB-37352,페달,종로구,2024-08-04 6:08,6
SPB-37352,페달,종로구,2024-08-06 0:44,0
SPB-37355,타이어 ,강서구,2024-08-26 8:18,8
SPB-37356,기타 ,송파구,2024-08-19 9:22,9
SPB-37363,타이어 ,광진구,2024-08-29 14:16,14
SPB-37372,기타 ,성동구,2024-08-28 8:34,8
SPB-37374,기타 ,강서구,2024-08-26 16:32,16
SPB-37375,타이어 ,송파구,2024-08-21 18:42,18
SPB-37376,타이어 ,영등포구,2024-08-19 18:17,18
SPB-37387,타이어 ,강서구,2024-08-07 9:12,9
SPB-37394,기타 ,송파구,2024-08-15 18:26,18
SPB-37408,타이어 ,송파구,2024-08-04 20:39,20
SPB-37408,체인,노원구,2024-08-24 15:43,15
SPB-37409,기타 ,마포구,2024-08-23 15:40,15
SPB-37413,타이어 ,송파구,2024-08-10 22:23,22
SPB-37413,단말기,성동구,2024-08-22 11:43,11
SPB-37418,타이어 ,양천구,2024-08-10 7:19,7
SPB-37431,기타 ,서초구,2024-08-14 18:48,18
SPB-37432,기타 ,도봉구,2024-08-14 8:33,8
SPB-37433,체인,강남구,2024-08-11 16:47,16
SPB-37445,타이어 ,송파구,2024-08-19 18:17,18
SPB-37447,타이어 ,마포구,2024-08-26 4:12,4
SPB-37461,페달,구로구,2024-08-08 17:59,17
SPB-37465,체인,강남구,2024-08-01 18:14,18
SPB-37465,페달,성동구,2024-08-19 2:27,2
SPB-37470,기타 ,동작구,2024-08-20 5:56,5
SPB-37479,기타 ,서초구,2024-08-26 9:42,9
SPB-37482,타이어 ,송파구,2024-08-27 16:23,16
SPB-37487,체인,서대문구,2024-08-03 21:33,21
SPB-37488,타이어 ,마포구,2024-08-13 6:58,6
SPB-37498,기타 ,강남구,2024-08-30 23:17,23
SPB-37505,기타 ,광진구,2024-08-07 19:55,19
SPB-37520,타이어 ,서대문구,2024-08-01 9:01,9
SPB-37522,페달,금천구,2024-08-07 16:06,16
SPB-37525,타이어 ,영등포구,2024-08-30 18:45,18
SPB-37527,기타 ,마포구,2024-08-20 11:28,11
SPB-37534,안장,마포구,2024-08-28 17:04,17
SPB-37535,안장,광진구,2024-08-26 20:49,20
SPB-37536,타이어 ,구로구,2024-08-26 18:33,18
SPB-37537,타이어 ,광진구,2024-08-13 9:45,9
SPB-37541,안장,강서구,2024-08-02 7:57,7
SPB-37541,기타 ,강서구,2024-08-30 17:31,17
SPB-37549,기타 ,강서구,2024-08-31 13:06,13
SPB-37555,페달,은평구,2024-08-09 17:19,17
SPB-37555,페달,은평구,2024-08-24 16:25,16
SPB-37557,기타 ,성동구,2024-08-29 8:09,8
SPB-37560,안장,금천구,2024-08-26 13:28,13
SPB-37570,체인,중랑구,2024-08-01 20:07,20
SPB-37570,타이어 ,서초구,2024-08-14 21:16,21
SPB-37570,페달,송파구,2024-08-19 20:10,20
SPB-37576,안장,노원구,2024-08-28 8:24,8
SPB-37580,기타 ,강동구,2024-08-18 19:06,19
SPB-37582,기타 ,서초구,2024-08-06 2:10,2
SPB-37582,타이어 ,성동구,2024-08-23 8:43,8
SPB-37584,체인,강서구,2024-08-27 21:01,21
SPB-37586,안장,금천구,2024-08-02 16:11,16
SPB-37587,타이어 ,노원구,2024-08-12 15:52,15
SPB-37587,체인,노원구,2024-08-16 19:36,19
SPB-37590,안장,송파구,2024-08-08 19:57,19
SPB-37605,안장,강서구,2024-08-20 10:51,10
SPB-37607,단말기,은평구,2024-08-18 12:05,12
SPB-37609,체인,은평구,2024-08-27 18:43,18
SPB-37610,타이어 ,광진구,2024-08-13 8:44,8
SPB-37615,체인,노원구,2024-08-30 20:08,20
SPB-37618,체인,강서구,2024-08-12 8:13,8
SPB-37625,체인,서대문구,2024-08-15 22:17,22
SPB-37629,기타 ,영등포구,2024-08-16 17:09,17
SPB-37629,페달,영등포구,2024-08-16 20:13,20
SPB-37630,체인,강남구,2024-08-30 17:18,17
SPB-37632,타이어 ,구로구,2024-08-04 22:00,22
SPB-37634,안장,노원구,2024-08-26 15:00,15
SPB-37643,기타 ,광진구,2024-08-27 21:28,21
SPB-37643,기타 ,광진구,2024-08-28 11:42,11
SPB-37665,기타 ,구로구,2024-08-23 21:28,21
SPB-37665,체인,서초구,2024-08-27 18:01,18
SPB-37675,페달,양천구,2024-08-05 7:18,7
SPB-37676,안장,서초구,2024-08-13 9:30,9
SPB-37676,기타 ,송파구,2024-08-18 14:06,14
SPB-37682,체인,동대문구,2024-08-03 20:36,20
SPB-37683,체인,광진구,2024-08-06 13:25,13
SPB-37686,기타 ,마포구,2024-08-10 21:33,21
SPB-37689,기타 ,강동구,2024-08-14 0:41,0
SPB-37690,안장,금천구,2024-08-12 7:24,7
SPB-37702,타이어 ,관악구,2024-08-16 19:00,19
SPB-37712,체인,강서구,2024-08-22 18:00,18
SPB-37718,체인,강남구,2024-08-15 17:53,17
SPB-37718,페달,송파구,2024-08-19 18:21,18
SPB-37720,체인,영등포구,2024-08-21 22:27,22
SPB-37739,안장,강서구,2024-08-26 20:35,20
SPB-37740,안장,영등포구,2024-08-28 8:52,8
SPB-37746,기타 ,서초구,2024-08-13 19:48,19
SPB-37752,체인,광진구,2024-08-29 18:36,18
SPB-37754,체인,강동구,2024-08-01 18:43,18
SPB-37754,체인,광진구,2024-08-10 13:29,13
SPB-37754,체인,광진구,2024-08-11 18:17,18
SPB-37765,체인,강서구,2024-08-02 8:35,8
SPB-37765,체인,강서구,2024-08-07 20:27,20
SPB-37765,체인,강서구,2024-08-13 9:51,9
SPB-37766,타이어 ,강서구,2024-08-09 14:58,14
SPB-37767,타이어 ,강남구,2024-08-16 12:50,12
SPB-37771,체인,양천구,2024-08-01 15:15,15
SPB-37771,체인,강서구,2024-08-09 22:58,22
SPB-37773,체인,강서구,2024-08-04 10:29,10
SPB-37775,체인,노원구,2024-08-15 7:23,7
SPB-37775,체인,노원구,2024-08-15 20:39,20
SPB-37775,체인,노원구,2024-08-17 16:09,16
SPB-37776,타이어 ,은평구,2024-08-07 16:44,16
SPB-37777,체인,종로구,2024-08-14 11:19,11
SPB-37777,체인,강남구,2024-08-25 4:08,4
SPB-37781,타이어 ,서초구,2024-08-27 20:19,20
SPB-37784,페달,강서구,2024-08-21 18:25,18
SPB-37784,타이어 ,강서구,2024-08-28 13:06,13
SPB-37787,기타 ,강서구,2024-08-02 19:33,19
SPB-37797,타이어 ,강서구,2024-08-26 10:13,10
SPB-37802,체인,성동구,2024-08-28 0:07,0
SPB-37803,안장,강동구,2024-08-20 16:52,16
SPB-37803,안장,강동구,2024-08-27 21:19,21
SPB-37808,체인,서초구,2024-08-07 16:14,16
SPB-37808,체인,동작구,2024-08-22 3:08,3
SPB-37811,안장,영등포구,2024-08-13 16:54,16
SPB-37811,안장,영등포구,2024-08-17 20:21,20
SPB-37829,기타 ,영등포구,2024-08-27 4:34,4
SPB-37830,타이어 ,송파구,2024-08-09 8:36,8
SPB-37835,안장,마포구,2024-08-08 10:54,10
SPB-37837,안장,서대문구,2024-08-19 8:12,8
SPB-37840,페달,구로구,2024-08-01 12:39,12
SPB-37844,타이어 ,금천구,2024-08-20 9:02,9
SPB-37854,체인,강동구,2024-08-26 8:19,8
SPB-37858,타이어 ,강남구,2024-08-10 21:34,21
SPB-37865,기타 ,강동구,2024-08-17 14:55,14
SPB-37870,타이어 ,광진구,2024-08-26 10:04,10
SPB-37872,체인,송파구,2024-08-27 18:06,18
SPB-37872,체인,송파구,2024-08-27 22:09,22
SPB-37890,안장,광진구,2024-08-27 16:06,16
SPB-37896,체인,은평구,2024-08-07 22:55,22
SPB-37899,체인,동작구,2024-08-23 7:53,7
SPB-37899,체인,동작구,2024-08-24 8:26,8
SPB-37899,체인,영등포구,2024-08-29 19:36,19
SPB-37912,안장,영등포구,2024-08-11 9:46,9
SPB-37914,페달,송파구,2024-08-03 10:33,10
SPB-37916,안장,중랑구,2024-08-26 20:20,20
SPB-37921,기타 ,노원구,2024-08-13 8:40,8
SPB-37922,체인,구로구,2024-08-02 7:30,7
SPB-37924,단말기,강서구,2024-08-03 19:07,19
SPB-37926,체인,노원구,2024-08-29 8:51,8
SPB-37931,체인,성동구,2024-08-13 10:09,10
SPB-37935,타이어 ,강서구,2024-08-26 18:57,18
SPB-37941,안장,송파구,2024-08-14 17:18,17
SPB-37942,기타 ,노원구,2024-08-01 18:45,18
SPB-37942,안장,노원구,2024-08-08 15:12,15
SPB-37954,타이어 ,용산구,2024-08-12 21:04,21
SPB-37956,체인,마포구,2024-08-12 14:01,14
SPB-37960,기타 ,동작구,2024-08-23 23:21,23
SPB-37969,타이어 ,영등포구,2024-08-12 8:23,8
SPB-37974,기타 ,중랑구,2024-08-02 6:12,6
SPB-37974,페달,송파구,2024-08-29 18:09,18
SPB-37979,체인,중랑구,2024-08-08 12:30,12
SPB-37981,기타 ,금천구,2024-08-30 18:22,18
SPB-37986,기타 ,강서구,2024-08-30 2:06,2
SPB-37990,안장,영등포구,2024-08-02 11:46,11
SPB-37990,타이어 ,구로구,2024-08-07 21:48,21
SPB-37990,타이어 ,영등포구,2024-08-30 18:02,18
SPB-37993,안장,성동구,2024-08-07 11:24,11
SPB-38008,체인,동대문구,2024-08-03 11:52,11
SPB-38008,체인,강북구,2024-08-07 19:34,19
SPB-38011,체인,양천구,2024-08-03 22:19,22
SPB-38011,체인,영등포구,2024-08-06 11:43,11
SPB-38011,체인,강서구,2024-08-28 8:40,8
SPB-38012,페달,강서구,2024-08-23 19:12,19
SPB-38034,체인,강서구,2024-08-23 16:58,16
SPB-38034,체인,관악구,2024-08-28 17:55,17
SPB-38037,체인,강서구,2024-08-03 11:02,11
SPB-38037,체인,강서구,2024-08-03 19:47,19
SPB-38037,체인,강서구,2024-08-13 8:40,8
SPB-38037,타이어 ,강서구,2024-08-17 14:44,14
SPB-38037,체인,강서구,2024-08-28 18:09,18
SPB-38037,체인,강서구,2024-08-31 3:29,3
SPB-38040,타이어 ,강동구,2024-08-23 8:43,8
SPB-38048,기타 ,마포구,2024-08-17 22:00,22
SPB-38050,기타 ,송파구,2024-08-05 19:58,19
SPB-38052,체인,동대문구,2024-08-08 23:58,23
SPB-38058,기타 ,마포구,2024-08-16 7:23,7
SPB-38070,기타 ,마포구,2024-08-09 8:18,8
SPB-38076,안장,송파구,2024-08-07 18:28,18
SPB-38077,체인,마포구,2024-08-02 17:24,17
SPB-38077,체인,강서구,2024-08-26 17:40,17
SPB-38078,안장,양천구,2024-08-20 8:13,8
SPB-38088,체인,중구,2024-08-09 9:02,9
SPB-38088,기타 ,동대문구,2024-08-09 23:08,23
SPB-38089,기타 ,강동구,2024-08-10 14:17,14
SPB-38090,체인,강서구,2024-08-05 20:37,20
SPB-38090,체인,서초구,2024-08-12 8:51,8
SPB-38090,체인,서초구,2024-08-16 17:08,17
SPB-38090,체인,강서구,2024-08-24 13:02,13
SPB-38090,체인,강서구,2024-08-29 8:47,8
SPB-38090,체인,강서구,2024-08-29 19:55,19
SPB-38095,기타 ,마포구,2024-08-03 9:24,9
SPB-38099,체인,성북구,2024-08-30 23:22,23
SPB-38101,체인,서대문구,2024-08-30 0:38,0
SPB-38102,기타 ,강서구,2024-08-28 13:01,13
SPB-38109,기타 ,송파구,2024-08-01 8:37,8
SPB-38109,기타 ,중구,2024-08-30 8:19,8
SPB-38111,체인,마포구,2024-08-09 19:38,19
SPB-38112,체인,마포구,2024-08-11 10:14,10
SPB-38114,페달,노원구,2024-08-11 5:16,5
SPB-38117,기타 ,구로구,2024-08-01 20:42,20
SPB-38122,안장,영등포구,2024-08-13 12:32,12
SPB-38125,단말기,노원구,2024-08-02 17:05,17
SPB-38132,타이어 ,종로구,2024-08-28 8:41,8
SPB-38140,기타 ,도봉구,2024-08-09 20:59,20
SPB-38142,체인,마포구,2024-08-10 18:38,18
SPB-38146,타이어 ,강동구,2024-08-16 8:19,8
SPB-38152,타이어 ,강서구,2024-08-15 15:41,15
SPB-38160,체인,영등포구,2024-08-24 10:34,10
SPB-38163,체인,구로구,2024-08-27 18:02,18
SPB-38166,안장,송파구,2024-08-25 17:07,17
SPB-38171,안장,마포구,2024-08-24 19:34,19
SPB-38174,체인,강서구,2024-08-29 22:10,22
SPB-38175,체인,강서구,2024-08-10 8:33,8
SPB-38175,체인,강서구,2024-08-12 5:23,5
SPB-38175,체인,강서구,2024-08-13 19:47,19
SPB-38175,체인,구로구,2024-08-19 18:41,18
SPB-38176,체인,중랑구,2024-08-09 18:30,18
SPB-38176,체인,종로구,2024-08-17 17:21,17
SPB-38176,체인,영등포구,2024-08-22 19:35,19
SPB-38184,단말기,서초구,2024-08-27 15:44,15
SPB-38185,체인,서초구,2024-08-01 18:07,18
SPB-38188,체인,강북구,2024-08-28 16:30,16
SPB-38197,체인,양천구,2024-08-29 8:34,8
SPB-38198,타이어 ,금천구,2024-08-01 11:01,11
SPB-38205,체인,송파구,2024-08-28 18:59,18
SPB-38206,타이어 ,광진구,2024-08-26 15:16,15
SPB-38216,단말기,성북구,2024-08-27 17:09,17
SPB-38220,체인,은평구,2024-08-01 2:28,2
SPB-38230,안장,강서구,2024-08-01 8:10,8
SPB-38231,체인,영등포구,2024-08-14 4:19,4
SPB-38231,체인,영등포구,2024-08-14 13:36,13
SPB-38245,기타 ,강서구,2024-08-20 9:15,9
SPB-38248,타이어 ,구로구,2024-08-08 0:51,0
SPB-38248,타이어 ,구로구,2024-08-17 20:05,20
SPB-38248,체인,강서구,2024-08-27 6:49,6
SPB-38254,타이어 ,노원구,2024-08-26 13:28,13
SPB-38255,타이어 ,강서구,2024-08-27 18:39,18
SPB-38257,체인,송파구,2024-08-04 23:36,23
SPB-38257,체인,송파구,2024-08-06 19:01,19
SPB-38257,체인,송파구,2024-08-07 22:24,22
SPB-38257,체인,마포구,2024-08-16 0:13,0
SPB-38258,단말기,강동구,2024-08-07 16:41,16
SPB-38258,단말기,송파구,2024-08-21 14:07,14
SPB-38258,타이어 ,성북구,2024-08-29 10:57,10
SPB-38262,안장,광진구,2024-08-08 19:09,19
SPB-38263,타이어 ,동작구,2024-08-22 11:28,11
SPB-38265,기타 ,성북구,2024-08-04 0:08,0
SPB-38265,타이어 ,성동구,2024-08-27 7:43,7
SPB-38271,타이어 ,용산구,2024-08-16 8:53,8
SPB-38280,안장,영등포구,2024-08-14 18:16,18
SPB-38281,안장,광진구,2024-08-17 13:16,13
SPB-38281,기타 ,성동구,2024-08-28 14:15,14
SPB-38283,기타 ,강동구,2024-08-17 21:06,21
SPB-38287,기타 ,강북구,2024-08-24 19:32,19
SPB-38290,체인,강서구,2024-08-19 13:02,13
SPB-38294,체인,영등포구,2024-08-26 15:38,15
SPB-38309,기타 ,마포구,2024-08-01 16:23,16
SPB-38310,체인,강서구,2024-08-21 15:28,15
SPB-38313,기타 ,강동구,2024-08-08 17:10,17
SPB-38319,페달,노원구,2024-08-10 18:06,18
SPB-38326,페달,동대문구,2024-08-01 16:45,16
SPB-38332,체인,도봉구,2024-08-01 9:31,9
SPB-38332,체인,노원구,2024-08-19 8:30,8
SPB-38334,기타 ,마포구,2024-08-08 0:03,0
SPB-38337,기타 ,마포구,2024-08-25 20:33,20
SPB-38345,체인,서초구,2024-08-17 19:06,19
SPB-38348,안장,영등포구,2024-08-23 7:52,7
SPB-38355,기타 ,마포구,2024-08-12 9:25,9
SPB-38355,타이어 ,종로구,2024-08-20 17:53,17
SPB-38355,기타 ,종로구,2024-08-21 0:07,0
SPB-38359,체인,양천구,2024-08-06 22:39,22
SPB-38359,체인,용산구,2024-08-13 8:24,8
SPB-38359,체인,성동구,2024-08-19 19:37,19
SPB-38360,안장,송파구,2024-08-05 18:57,18
SPB-38362,체인,마포구,2024-08-26 22:33,22
SPB-38367,체인,동대문구,2024-08-28 16:17,16
SPB-38377,안장,관악구,2024-08-23 22:11,22
SPB-38380,체인,양천구,2024-08-05 11:19,11
SPB-38380,체인,영등포구,2024-08-07 18:18,18
SPB-38380,체인,양천구,2024-08-10 0:53,0
SPB-38380,체인,양천구,2024-08-11 20:10,20
SPB-38383,타이어 ,성북구,2024-08-29 17:15,17
SPB-38394,기타 ,광진구,2024-08-05 15:37,15
SPB-38404,타이어 ,영등포구,2024-08-28 7:07,7
SPB-38414,기타 ,양천구,2024-08-27 17:15,17
SPB-38417,체인,강동구,2024-08-11 20:15,20
SPB-38418,기타 ,광진구,2024-08-07 23:11,23
SPB-38425,단말기,마포구,2024-08-19 19:50,19
SPB-38427,체인,성동구,2024-08-21 23:15,23
SPB-38434,단말기,은평구,2024-08-03 10:15,10
SPB-38440,기타 ,광진구,2024-08-27 20:30,20
SPB-38441,기타 ,광진구,2024-08-15 17:20,17
SPB-38443,안장,동대문구,2024-08-26 11:26,11
SPB-38453,체인,강서구,2024-08-20 17:56,17
SPB-38455,타이어 ,노원구,2024-08-19 23:49,23
SPB-38470,안장,관악구,2024-08-28 8:05,8
SPB-38470,타이어 ,관악구,2024-08-31 9:43,9
SPB-38475,체인,영등포구,2024-08-08 21:42,21
SPB-38477,타이어 ,강서구,2024-08-29 21:40,21
SPB-38481,안장,광진구,2024-08-24 10:01,10
SPB-38481,안장,영등포구,2024-08-30 17:22,17
SPB-38483,체인,양천구,2024-08-02 22:03,22
SPB-38483,체인,금천구,2024-08-28 19:16,19
SPB-38484,타이어 ,종로구,2024-08-30 20:07,20
SPB-38491,체인,동대문구,2024-08-21 1:04,1
SPB-38493,기타 ,강남구,2024-08-09 22:20,22
SPB-38497,안장,동작구,2024-08-02 18:51,18
SPB-38497,기타 ,구로구,2024-08-13 9:00,9
SPB-38499,페달,강서구,2024-08-26 8:46,8
SPB-38503,타이어 ,노원구,2024-08-08 17:27,17
SPB-38504,체인,영등포구,2024-08-15 18:07,18
SPB-38504,체인,강서구,2024-08-20 22:51,22
SPB-38508,체인,양천구,2024-08-08 18:47,18
SPB-38508,체인,금천구,2024-08-15 0:27,0
SPB-38515,페달,용산구,2024-08-01 0:58,0
SPB-38515,페달,용산구,2024-08-01 21:11,21
SPB-38515,페달,용산구,2024-08-06 17:24,17
SPB-38515,체인,중구,2024-08-09 8:11,8
SPB-38519,안장,영등포구,2024-08-20 6:44,6
SPB-38521,안장,강서구,2024-08-18 17:32,17
SPB-38524,기타 ,강남구,2024-08-12 8:42,8
SPB-38524,체인,송파구,2024-08-16 19:06,19
SPB-38525,안장,마포구,2024-08-30 19:01,19
SPB-38534,타이어 ,영등포구,2024-08-01 20:49,20
SPB-38534,기타 ,영등포구,2024-08-14 8:28,8
SPB-38534,기타 ,강서구,2024-08-21 15:49,15
SPB-38541,타이어 ,송파구,2024-08-29 18:03,18
SPB-38543,기타 ,마포구,2024-08-04 20:58,20
SPB-38543,체인,영등포구,2024-08-06 20:26,20
SPB-38544,타이어 ,강서구,2024-08-12 6:53,6
SPB-38552,타이어 ,강남구,2024-08-09 18:11,18
SPB-38556,기타 ,양천구,2024-08-02 11:34,11
SPB-38563,기타 ,영등포구,2024-08-08 9:22,9
SPB-38572,페달,강서구,2024-08-06 8:54,8
SPB-38572,체인,금천구,2024-08-23 19:12,19
SPB-38574,체인,강남구,2024-08-17 18:11,18
SPB-38574,체인,송파구,2024-08-22 22:16,22
SPB-38577,안장,구로구,2024-08-21 17:45,17
SPB-38578,체인,양천구,2024-08-19 23:07,23
SPB-38578,타이어 ,강서구,2024-08-24 6:17,6
SPB-38579,안장,강서구,2024-08-02 11:20,11
SPB-38587,타이어 ,성동구,2024-08-16 9:05,9
SPB-38601,안장,금천구,2024-08-19 11:39,11
SPB-38609,체인,동대문구,2024-08-17 23:23,23
SPB-38611,체인,강서구,2024-08-13 17:12,17
SPB-38613,타이어 ,강동구,2024-08-01 20:20,20
SPB-38614,체인,노원구,2024-08-11 22:02,22
SPB-38617,안장,동대문구,2024-08-16 21:58,21
SPB-38618,타이어 ,강서구,2024-08-27 18:20,18
SPB-38631,타이어 ,강서구,2024-08-25 3:35,3
SPB-38633,기타 ,영등포구,2024-08-11 17:18,17
SPB-38634,기타 ,송파구,2024-08-15 21:40,21
SPB-38640,체인,영등포구,2024-08-31 16:25,16
SPB-38645,체인,양천구,2024-08-20 8:07,8
SPB-38651,체인,은평구,2024-08-31 0:36,0
SPB-38652,안장,종로구,2024-08-09 17:59,17
SPB-38670,단말기,영등포구,2024-08-29 7:30,7
SPB-38677,안장,서대문구,2024-08-07 0:17,0
SPB-38682,기타 ,강남구,2024-08-18 23:02,23
SPB-38689,체인,송파구,2024-08-02 3:22,3
SPB-38689,체인,송파구,2024-08-04 21:18,21
SPB-38689,체인,송파구,2024-08-14 8:43,8
SPB-38689,체인,송파구,2024-08-15 5:48,5
SPB-38691,타이어 ,종로구,2024-08-26 11:54,11
SPB-38698,타이어 ,강서구,2024-08-09 8:43,8
SPB-38704,타이어 ,동대문구,2024-08-19 21:11,21
SPB-38706,타이어 ,송파구,2024-08-03 8:59,8
SPB-38718,타이어 ,송파구,2024-08-16 21:54,21
SPB-38718,기타 ,송파구,2024-08-19 17:13,17
SPB-38722,체인,구로구,2024-08-01 7:37,7
SPB-38723,체인,성동구,2024-08-09 21:12,21
SPB-38723,안장,용산구,2024-08-29 14:02,14
SPB-38724,체인,성동구,2024-08-11 21:26,21
SPB-38725,기타 ,송파구,2024-08-12 22:16,22
SPB-38726,안장,중구,2024-08-01 17:17,17
SPB-38726,체인,동대문구,2024-08-04 1:36,1
SPB-38726,안장,광진구,2024-08-07 18:38,18
SPB-38730,안장,강동구,2024-08-01 16:06,16
SPB-38731,타이어 ,구로구,2024-08-24 19:21,19
SPB-38732,기타 ,강동구,2024-08-23 7:27,7
SPB-38734,페달,구로구,2024-08-11 16:01,16
SPB-38736,체인,용산구,2024-08-31 12:20,12
SPB-38737,기타 ,관악구,2024-08-01 8:21,8
SPB-38744,기타 ,영등포구,2024-08-28 19:33,19
SPB-38753,기타 ,마포구,2024-08-30 19:21,19
SPB-38759,안장,은평구,2024-08-09 23:46,23
SPB-38759,안장,마포구,2024-08-25 18:03,18
SPB-38760,기타 ,동대문구,2024-08-05 21:09,21
SPB-38761,체인,광진구,2024-08-01 6:03,6
SPB-38761,타이어 ,종로구,2024-08-08 20:42,20
SPB-38766,안장,영등포구,2024-08-21 18:15,18
SPB-38768,안장,노원구,2024-08-19 15:42,15
SPB-38773,체인,중구,2024-08-16 23:14,23
SPB-38773,체인,서대문구,2024-08-27 18:07,18
SPB-38775,체인,노원구,2024-08-06 22:23,22
SPB-38775,체인,중랑구,2024-08-14 6:57,6
SPB-38775,체인,성동구,2024-08-17 6:13,6
SPB-38777,페달,용산구,2024-08-01 18:10,18
SPB-38777,페달,용산구,2024-08-02 15:26,15
SPB-38777,페달,중구,2024-08-09 18:54,18
SPB-38779,체인,송파구,2024-08-27 21:27,21
SPB-38783,타이어 ,성북구,2024-08-12 23:18,23
SPB-38786,타이어 ,광진구,2024-08-10 19:17,19
SPB-38796,페달,영등포구,2024-08-20 15:27,15
SPB-38798,기타 ,영등포구,2024-08-22 13:00,13
SPB-38804,체인,구로구,2024-08-18 16:43,16
SPB-38807,안장,구로구,2024-08-23 21:22,21
SPB-38808,단말기,중랑구,2024-08-20 12:58,12
SPB-38819,페달,성동구,2024-08-05 18:22,18
SPB-38832,단말기,도봉구,2024-08-02 7:15,7
SPB-38840,단말기,성북구,2024-08-20 16:12,16
SPB-38846,체인,종로구,2024-08-10 18:02,18
SPB-38846,체인,종로구,2024-08-11 18:47,18
SPB-38846,체인,종로구,2024-08-30 8:46,8
SPB-38846,페달,종로구,2024-08-30 15:29,15
SPB-38858,기타 ,마포구,2024-08-25 12:20,12
SPB-38864,안장,관악구,2024-08-08 18:27,18
SPB-38865,기타 ,양천구,2024-08-18 17:20,17
SPB-38869,체인,송파구,2024-08-07 7:03,7
SPB-38869,체인,강남구,2024-08-07 18:55,18
SPB-38869,체인,영등포구,2024-08-17 14:18,14
SPB-38869,체인,구로구,2024-08-19 12:55,12
SPB-38885,체인,양천구,2024-08-08 22:07,22
SPB-38885,체인,영등포구,2024-08-21 18:29,18
SPB-38886,타이어 ,종로구,2024-08-29 8:30,8
SPB-38887,체인,송파구,2024-08-18 15:47,15
SPB-38887,페달,강동구,2024-08-27 21:27,21
SPB-38888,안장,관악구,2024-08-29 20:44,20
SPB-38889,기타 ,강서구,2024-08-27 8:34,8
SPB-38890,기타 ,강서구,2024-08-21 11:08,11
SPB-38891,체인,노원구,2024-08-08 6:43,6
SPB-38891,안장,광진구,2024-08-13 19:33,19
SPB-38893,체인,서대문구,2024-08-18 19:42,19
SPB-38895,안장,구로구,2024-08-17 22:49,22
SPB-38898,체인,용산구,2024-08-09 10:13,10
SPB-38901,체인,강북구,2024-08-15 23:36,23
SPB-38906,체인,성동구,2024-08-04 21:31,21
SPB-38909,안장,영등포구,2024-08-18 19:24,19
SPB-38910,체인,성동구,2024-08-11 15:05,15
SPB-38910,타이어 ,광진구,2024-08-30 8:02,8
SPB-38929,체인,동작구,2024-08-29 8:04,8
SPB-38931,페달,동대문구,2024-08-01 10:47,10
SPB-38931,체인,송파구,2024-08-07 20:23,20
SPB-38931,체인,송파구,2024-08-21 18:22,18
SPB-38931,타이어 ,강남구,2024-08-23 5:07,5
SPB-38932,기타 ,강서구,2024-08-14 12:57,12
SPB-38936,체인,중구,2024-08-02 17:37,17
SPB-38936,체인,강북구,2024-08-12 8:51,8
SPB-38936,체인,광진구,2024-08-12 19:44,19
SPB-38936,체인,노원구,2024-08-14 7:04,7
SPB-38938,타이어 ,양천구,2024-08-14 20:15,20
SPB-38940,안장,구로구,2024-08-01 20:00,20
SPB-38940,안장,동작구,2024-08-05 20:15,20
SPB-38941,기타 ,양천구,2024-08-31 14:46,14
SPB-38942,체인,송파구,2024-08-20 17:33,17
SPB-38943,타이어 ,종로구,2024-08-11 14:33,14
SPB-38944,체인,강북구,2024-08-27 21:18,21
SPB-38945,타이어 ,강서구,2024-08-24 13:13,13
SPB-38950,안장,은평구,2024-08-13 9:45,9
SPB-38951,기타 ,강동구,2024-08-06 11:27,11
SPB-38954,타이어 ,노원구,2024-08-20 11:16,11
SPB-38955,타이어 ,강서구,2024-08-05 20:21,20
SPB-38959,체인,강남구,2024-08-18 17:09,17
SPB-38962,기타 ,강서구,2024-08-04 12:29,12
SPB-38963,기타 ,강서구,2024-08-19 8:10,8
SPB-38970,체인,양천구,2024-08-07 8:33,8
SPB-38983,페달,강서구,2024-08-08 22:25,22
SPB-38994,기타 ,강동구,2024-08-02 17:39,17
SPB-39006,페달,강서구,2024-08-28 8:22,8
SPB-39010,타이어 ,구로구,2024-08-23 0:11,0
SPB-39020,타이어 ,광진구,2024-08-28 22:56,22
SPB-39023,체인,마포구,2024-08-07 14:24,14
SPB-39026,체인,관악구,2024-08-11 10:03,10
SPB-39026,체인,구로구,2024-08-20 9:04,9
SPB-39031,안장,강남구,2024-08-20 19:16,19
SPB-39033,안장,송파구,2024-08-31 10:55,10
SPB-39037,안장,금천구,2024-08-07 19:12,19
SPB-39038,타이어 ,송파구,2024-08-07 21:08,21
SPB-39044,기타 ,마포구,2024-08-05 19:20,19
SPB-39044,체인,광진구,2024-08-08 8:12,8
SPB-39047,기타 ,구로구,2024-08-09 17:23,17
SPB-39048,안장,강동구,2024-08-01 5:57,5
SPB-39048,안장,강동구,2024-08-09 17:34,17
SPB-39048,체인,강동구,2024-08-14 17:27,17
SPB-39051,기타 ,양천구,2024-08-27 19:18,19
SPB-39058,체인,강동구,2024-08-02 13:25,13
SPB-39059,체인,강남구,2024-08-06 17:51,17
SPB-39059,페달,노원구,2024-08-11 19:00,19
SPB-39059,체인,서대문구,2024-08-27 18:42,18
SPB-39064,기타 ,성동구,2024-08-14 18:09,18
SPB-39078,기타 ,강서구,2024-08-12 6:12,6
SPB-39080,안장,중구,2024-08-12 18:25,18
SPB-39080,타이어 ,중구,2024-08-28 18:34,18
SPB-39084,체인,영등포구,2024-08-29 7:06,7
SPB-39098,타이어 ,송파구,2024-08-17 17:43,17
SPB-39099,체인,도봉구,2024-08-29 19:20,19
SPB-39100,타이어 ,서초구,2024-08-23 20:22,20
SPB-39102,체인,광진구,2024-08-01 19:44,19
SPB-39102,기타 ,송파구,2024-08-11 18:03,18
SPB-39103,기타 ,종로구,2024-08-02 13:51,13
SPB-39118,체인,노원구,2024-08-08 17:16,17
SPB-39118,기타 ,양천구,2024-08-18 7:38,7
SPB-39119,기타 ,구로구,2024-08-05 19:07,19
SPB-39119,타이어 ,성동구,2024-08-20 13:07,13
SPB-39122,기타 ,강서구,2024-08-10 11:41,11
SPB-39125,안장,강남구,2024-08-14 9:49,9
SPB-39126,타이어 ,구로구,2024-08-18 8:11,8
SPB-39126,타이어 ,구로구,2024-08-21 18:08,18
SPB-39132,타이어 ,강동구,2024-08-18 21:18,21
SPB-39133,기타 ,강북구,2024-08-30 18:14,18
SPB-39135,기타 ,구로구,2024-08-20 11:43,11
SPB-39140,단말기,송파구,2024-08-28 6:45,6
SPB-39141,체인,서초구,2024-08-27 18:44,18
SPB-39144,기타 ,성동구,2024-08-02 3:31,3
SPB-39147,타이어 ,송파구,2024-08-05 16:07,16
SPB-39162,안장,용산구,2024-08-27 20:57,20
SPB-39164,체인,노원구,2024-08-02 13:45,13
SPB-39164,체인,노원구,2024-08-03 10:47,10
SPB-39164,체인,노원구,2024-08-23 5:05,5
SPB-39168,안장,강남구,2024-08-25 12:21,12
SPB-39180,체인,영등포구,2024-08-30 8:24,8
SPB-39185,기타 ,종로구,2024-08-12 14:33,14
SPB-39187,안장,구로구,2024-08-22 21:45,21
SPB-39189,안장,동대문구,2024-08-20 17:44,17
SPB-39193,체인,강서구,2024-08-26 8:07,8
SPB-39201,체인,노원구,2024-08-16 7:48,7
SPB-39201,체인,광진구,2024-08-19 23:50,23
SPB-39202,페달,강서구,2024-08-04 14:34,14
SPB-39209,안장,도봉구,2024-08-13 19:08,19
SPB-39210,단말기,강서구,2024-08-12 21:18,21
SPB-39212,페달,강동구,2024-08-28 17:13,17
SPB-39222,기타 ,마포구,2024-08-14 17:33,17
SPB-39225,타이어 ,용산구,2024-08-30 19:45,19
SPB-39232,안장,강남구,2024-08-19 8:14,8
SPB-39236,안장,송파구,2024-08-26 21:20,21
SPB-39238,안장,동대문구,2024-08-28 21:46,21
SPB-39244,기타 ,노원구,2024-08-22 18:14,18
SPB-39247,타이어 ,영등포구,2024-08-17 19:24,19
SPB-39247,기타 ,노원구,2024-08-22 20:31,20
SPB-39249,체인,강동구,2024-08-27 21:37,21
SPB-39258,안장,강서구,2024-08-28 19:06,19
SPB-39260,체인,영등포구,2024-08-20 18:44,18
SPB-39264,기타 ,동작구,2024-08-13 20:16,20
SPB-39268,페달,마포구,2024-08-08 21:22,21
SPB-39274,안장,송파구,2024-08-20 7:51,7
SPB-39278,타이어 ,구로구,2024-08-13 6:30,6
SPB-39280,타이어 ,중랑구,2024-08-14 9:20,9
SPB-39286,타이어 ,강서구,2024-08-02 16:13,16
SPB-39286,타이어 ,양천구,2024-08-18 14:28,14
SPB-39286,안장,양천구,2024-08-21 22:13,22
SPB-39286,안장,양천구,2024-08-28 8:24,8
SPB-39290,안장,종로구,2024-08-20 21:12,21
SPB-39291,체인,송파구,2024-08-18 5:18,5
SPB-39294,체인,강남구,2024-08-20 9:32,9
SPB-39294,체인,강남구,2024-08-20 18:14,18
SPB-39294,체인,송파구,2024-08-28 18:38,18
SPB-39294,체인,강남구,2024-08-30 2:10,2
SPB-39296,체인,성동구,2024-08-06 12:17,12
SPB-39298,타이어 ,마포구,2024-08-30 8:25,8
SPB-39299,타이어 ,광진구,2024-08-22 18:16,18
SPB-39308,기타 ,종로구,2024-08-23 23:18,23
SPB-39316,타이어 ,강서구,2024-08-28 18:55,18
SPB-39317,안장,송파구,2024-08-20 15:15,15
SPB-39317,기타 ,서초구,2024-08-28 21:15,21
SPB-39321,체인,강동구,2024-08-22 17:42,17
SPB-39321,체인,강동구,2024-08-31 23:26,23
SPB-39323,타이어 ,강서구,2024-08-19 18:45,18
SPB-39325,안장,강남구,2024-08-19 9:21,9
SPB-39326,타이어 ,강서구,2024-08-11 13:14,13
SPB-39327,타이어 ,중랑구,2024-08-03 22:14,22
SPB-39329,타이어 ,양천구,2024-08-09 11:59,11
SPB-39330,안장,강남구,2024-08-01 21:07,21
SPB-39335,안장,성동구,2024-08-07 20:11,20
SPB-39337,타이어 ,종로구,2024-08-23 10:11,10
SPB-39341,페달,중랑구,2024-08-28 7:19,7
SPB-39348,타이어 ,강동구,2024-08-14 7:20,7
SPB-39349,타이어 ,광진구,2024-08-12 9:12,9
SPB-39355,타이어 ,중구,2024-08-28 21:24,21
SPB-39356,체인,양천구,2024-08-10 18:22,18
SPB-39363,체인,강서구,2024-08-19 6:59,6
SPB-39368,체인,광진구,2024-08-19 1:01,1
SPB-39368,안장,노원구,2024-08-20 21:21,21
SPB-39370,안장,강서구,2024-08-01 12:58,12
SPB-39372,기타 ,마포구,2024-08-26 18:08,18
SPB-39374,체인,영등포구,2024-08-19 19:16,19
SPB-39375,체인,송파구,2024-08-05 18:32,18
SPB-39375,체인,송파구,2024-08-13 17:40,17
SPB-39376,체인,영등포구,2024-08-17 16:24,16
SPB-39376,체인,금천구,2024-08-31 18:08,18
SPB-39377,체인,성동구,2024-08-06 17:34,17
SPB-39384,기타 ,은평구,2024-08-13 20:01,20
SPB-39387,체인,강동구,2024-08-08 21:31,21
SPB-39387,체인,서초구,2024-08-27 13:58,13
SPB-39387,기타 ,강남구,2024-08-31 14:12,14
SPB-39393,안장,광진구,2024-08-12 18:44,18
SPB-39393,안장,송파구,2024-08-15 18:41,18
SPB-39394,체인,마포구,2024-08-16 10:57,10
SPB-39395,페달,강서구,2024-08-27 18:33,18
SPB-39402,체인,종로구,2024-08-06 8:06,8
SPB-39402,체인,노원구,2024-08-16 2:12,2
SPB-39402,체인,중랑구,2024-08-19 6:29,6
SPB-39402,안장,강남구,2024-08-26 0:17,0
SPB-39403,기타 ,노원구,2024-08-24 13:08,13
SPB-39405,타이어 ,노원구,2024-08-02 1:54,1
SPB-39405,타이어 ,성북구,2024-08-29 7:06,7
SPB-39408,체인,마포구,2024-08-28 18:46,18
SPB-39409,기타 ,마포구,2024-08-06 19:59,19
SPB-39414,타이어 ,마포구,2024-08-31 12:07,12
SPB-39418,기타 ,광진구,2024-08-23 8:11,8
SPB-39432,페달,영등포구,2024-08-20 10:31,10
SPB-39435,안장,중랑구,2024-08-17 9:35,9
SPB-39438,안장,강서구,2024-08-22 1:23,1
SPB-39442,기타 ,성동구,2024-08-11 10:37,10
SPB-39455,안장,금천구,2024-08-28 20:25,20
SPB-39460,기타 ,노원구,2024-08-22 8:53,8
SPB-39460,타이어 ,도봉구,2024-08-28 4:47,4
SPB-39464,기타 ,영등포구,2024-08-23 15:09,15
SPB-39476,기타 ,강서구,2024-08-17 17:47,17
SPB-39477,타이어 ,성동구,2024-08-21 17:10,17
SPB-39479,안장,강서구,2024-08-01 21:08,21
SPB-39484,타이어 ,강남구,2024-08-03 12:02,12
SPB-39484,타이어 ,서초구,2024-08-07 18:53,18
SPB-39484,기타 ,송파구,2024-08-23 17:44,17
SPB-39492,타이어 ,영등포구,2024-08-23 18:34,18
SPB-39495,타이어 ,용산구,2024-08-30 19:50,19
SPB-39500,페달,구로구,2024-08-24 17:09,17
SPB-39504,타이어 ,양천구,2024-08-30 18:49,18
SPB-39508,타이어 ,강남구,2024-08-06 18:36,18
SPB-39509,페달,종로구,2024-08-06 18:45,18
SPB-39509,체인,강서구,2024-08-30 9:21,9
SPB-39511,안장,마포구,2024-08-13 8:02,8
SPB-39511,안장,마포구,2024-08-20 18:37,18
SPB-39512,타이어 ,마포구,2024-08-30 22:16,22
SPB-39522,안장,양천구,2024-08-05 0:54,0
SPB-39534,안장,관악구,2024-08-14 22:27,22
SPB-39536,체인,송파구,2024-08-23 16:15,16
SPB-39540,안장,송파구,2024-08-23 21:45,21
SPB-39543,안장,동대문구,2024-08-30 9:18,9
SPB-39553,타이어 ,성동구,2024-08-23 12:25,12
SPB-39554,안장,송파구,2024-08-18 11:06,11
SPB-39559,기타 ,서초구,2024-08-04 20:21,20
SPB-39560,안장,영등포구,2024-08-09 5:49,5
SPB-39562,기타 ,노원구,2024-08-22 8:34,8
SPB-39567,안장,노원구,2024-08-23 22:09,22
SPB-39569,기타 ,강서구,2024-08-26 18:32,18
SPB-39569,체인,강서구,2024-08-28 9:29,9
SPB-39584,타이어 ,성동구,2024-08-25 15:08,15
SPB-39586,안장,송파구,2024-08-20 18:31,18
SPB-39587,기타 ,구로구,2024-08-30 8:26,8
SPB-39588,체인,강남구,2024-08-27 18:24,18
SPB-39588,체인,송파구,2024-08-29 16:46,16
SPB-39592,체인,마포구,2024-08-29 10:05,10
SPB-39596,체인,서대문구,2024-08-03 21:54,21
SPB-39600,안장,강서구,2024-08-12 11:47,11
SPB-39604,체인,중구,2024-08-07 21:00,21
SPB-39615,안장,도봉구,2024-08-03 0:32,0
SPB-39620,안장,서초구,2024-08-09 9:36,9
SPB-39620,타이어 ,동대문구,2024-08-20 18:52,18
SPB-39621,타이어 ,강서구,2024-08-01 17:10,17
SPB-39621,타이어 ,용산구,2024-08-24 17:51,17
SPB-39622,타이어 ,관악구,2024-08-07 22:50,22
SPB-39623,기타 ,성북구,2024-08-23 19:06,19
SPB-39627,체인,도봉구,2024-08-17 13:06,13
SPB-39627,타이어 ,성북구,2024-08-28 22:48,22
SPB-39627,체인,동대문구,2024-08-31 0:28,0
SPB-39630,체인,마포구,2024-08-03 23:24,23
SPB-39632,안장,관악구,2024-08-01 20:30,20
SPB-39634,기타 ,중랑구,2024-08-07 22:01,22
SPB-39642,타이어 ,중랑구,2024-08-05 7:39,7
SPB-39644,안장,영등포구,2024-08-12 12:23,12
SPB-39645,기타 ,송파구,2024-08-14 18:51,18
SPB-39646,타이어 ,강동구,2024-08-09 16:50,16
SPB-39653,체인,용산구,2024-08-13 7:50,7
SPB-39654,단말기,영등포구,2024-08-07 20:00,20
SPB-39654,기타 ,강서구,2024-08-09 18:59,18
SPB-39655,타이어 ,성북구,2024-08-22 3:31,3
SPB-39661,체인,영등포구,2024-08-07 16:21,16
SPB-39662,안장,금천구,2024-08-13 7:44,7
SPB-39670,안장,강서구,2024-08-13 20:37,20
SPB-39671,체인,강남구,2024-08-25 17:36,17
SPB-39671,기타 ,송파구,2024-08-30 20:56,20
SPB-39674,체인,강서구,2024-08-15 16:47,16
SPB-39677,기타 ,강북구,2024-08-15 18:44,18
SPB-39679,체인,송파구,2024-08-17 20:50,20
SPB-39681,기타 ,강동구,2024-08-20 17:47,17
SPB-39693,체인,마포구,2024-08-12 6:58,6
SPB-39698,페달,양천구,2024-08-20 23:16,23
SPB-39703,타이어 ,영등포구,2024-08-01 8:46,8
SPB-39715,체인,관악구,2024-08-01 8:47,8
SPB-39715,체인,송파구,2024-08-08 19:28,19
SPB-39715,체인,송파구,2024-08-10 16:54,16
SPB-39715,체인,강남구,2024-08-14 7:56,7
SPB-39715,체인,강남구,2024-08-14 19:14,19
SPB-39715,체인,은평구,2024-08-20 9:37,9
SPB-39716,체인,강서구,2024-08-04 20:31,20
SPB-39716,체인,강서구,2024-08-19 18:22,18
SPB-39719,기타 ,은평구,2024-08-17 23:11,23
SPB-39722,페달,종로구,2024-08-03 18:32,18
SPB-39722,페달,중구,2024-08-30 19:21,19
SPB-39726,안장,노원구,2024-08-04 0:28,0
SPB-39730,기타 ,송파구,2024-08-05 17:29,17
SPB-39732,체인,강동구,2024-08-24 10:50,10
SPB-39748,안장,동대문구,2024-08-25 19:23,19
SPB-39753,안장,노원구,2024-08-05 9:50,9
SPB-39753,체인,도봉구,2024-08-07 6:56,6
SPB-39768,체인,성동구,2024-08-05 11:35,11
SPB-39768,체인,영등포구,2024-08-22 9:42,9
SPB-39772,체인,강서구,2024-08-05 17:52,17
SPB-39772,체인,은평구,2024-08-19 11:10,11
SPB-39774,체인,강남구,2024-08-05 11:29,11
SPB-39774,타이어 ,강남구,2024-08-10 15:20,15
SPB-39774,체인,강남구,2024-08-12 20:48,20
SPB-39774,타이어 ,서초구,2024-08-14 1:03,1
SPB-39774,타이어 ,강남구,2024-08-15 11:58,11
SPB-39774,체인,송파구,2024-08-15 21:28,21
SPB-39774,페달,송파구,2024-08-17 20:05,20
SPB-39774,타이어 ,송파구,2024-08-18 17:53,17
SPB-39774,타이어 ,강남구,2024-08-18 22:39,22
SPB-39775,체인,중구,2024-08-29 19:39,19
SPB-39782,체인,종로구,2024-08-19 12:19,12
SPB-39782,체인,강동구,2024-08-27 14:29,14
SPB-39782,체인,송파구,2024-08-29 16:47,16
SPB-39787,단말기,서대문구,2024-08-10 5:52,5
SPB-39793,타이어 ,송파구,2024-08-09 17:33,17
SPB-39801,기타 ,서초구,2024-08-09 19:50,19
SPB-39801,기타 ,서초구,2024-08-12 8:41,8
SPB-39801,페달,송파구,2024-08-20 10:31,10
SPB-39807,기타 ,종로구,2024-08-19 8:03,8
SPB-39807,기타 ,성동구,2024-08-20 20:00,20
SPB-39811,체인,서초구,2024-08-14 20:15,20
SPB-39822,체인,노원구,2024-08-06 18:11,18
SPB-39828,타이어 ,강북구,2024-08-31 8:34,8
SPB-39829,타이어 ,성북구,2024-08-27 16:11,16
SPB-39829,타이어 ,종로구,2024-08-29 8:20,8
SPB-39829,타이어 ,성동구,2024-08-29 12:57,12
SPB-39832,타이어 ,구로구,2024-08-20 11:01,11
SPB-39835,안장,은평구,2024-08-02 18:47,18
SPB-39846,체인,강서구,2024-08-25 19:33,19
SPB-39849,체인,마포구,2024-08-02 6:49,6
SPB-39852,타이어 ,강남구,2024-08-15 14:21,14
SPB-39852,타이어 ,강남구,2024-08-17 20:05,20
SPB-39853,체인,영등포구,2024-08-27 20:09,20
SPB-39861,페달,강남구,2024-08-08 12:31,12
SPB-39861,페달,광진구,2024-08-13 19:01,19
SPB-39869,기타 ,강남구,2024-08-03 11:52,11
SPB-39870,안장,송파구,2024-08-08 13:15,13
SPB-39874,단말기,강동구,2024-08-06 19:09,19
SPB-39882,체인,강서구,2024-08-16 13:12,13
SPB-39884,체인,노원구,2024-08-03 19:28,19
SPB-39887,체인,노원구,2024-08-19 7:06,7
SPB-39887,체인,중랑구,2024-08-20 10:10,10
SPB-39891,체인,서초구,2024-08-02 8:51,8
SPB-39892,페달,영등포구,2024-08-19 22:20,22
SPB-39893,페달,구로구,2024-08-06 20:28,20
SPB-39899,체인,구로구,2024-08-29 19:52,19
SPB-39900,안장,동대문구,2024-08-21 22:08,22
SPB-39902,기타 ,성북구,2024-08-12 2:37,2
SPB-39902,체인,노원구,2024-08-27 19:35,19
SPB-39902,체인,도봉구,2024-08-28 21:07,21
SPB-39908,페달,강서구,2024-08-23 17:43,17
SPB-39916,기타 ,성북구,2024-08-09 20:10,20
SPB-39916,타이어 ,성북구,2024-08-12 19:58,19
SPB-39926,기타 ,서대문구,2024-08-07 7:59,7
SPB-39932,페달,노원구,2024-08-25 20:17,20
SPB-39936,체인,영등포구,2024-08-01 20:02,20
SPB-39939,기타 ,강동구,2024-08-20 8:40,8
SPB-39941,안장,노원구,2024-08-11 13:10,13
SPB-39942,체인,노원구,2024-08-03 19:28,19
SPB-39942,체인,중구,2024-08-12 8:55,8
SPB-39946,타이어 ,마포구,2024-08-06 12:45,12
SPB-39947,타이어 ,영등포구,2024-08-29 20:08,20
SPB-39952,안장,영등포구,2024-08-03 16:16,16
SPB-39954,페달,중랑구,2024-08-08 12:24,12
SPB-39954,체인,노원구,2024-08-14 8:34,8
SPB-39956,타이어 ,중구,2024-08-26 21:29,21
SPB-39957,안장,중구,2024-08-04 15:51,15
SPB-39961,타이어 ,도봉구,2024-08-05 13:13,13
SPB-39971,단말기,강남구,2024-08-13 9:23,9
SPB-39982,페달,광진구,2024-08-20 8:57,8
SPB-39986,기타 ,영등포구,2024-08-10 12:10,12
SPB-39987,기타 ,양천구,2024-08-11 22:54,22
SPB-39990,페달,용산구,2024-08-16 18:35,18
SPB-39991,타이어 ,강서구,2024-08-10 1:56,1
SPB-40003,페달,동작구,2024-08-16 7:36,7
SPB-40005,체인,양천구,2024-08-28 6:26,6
SPB-40010,타이어 ,중랑구,2024-08-06 18:40,18
SPB-40010,타이어 ,중랑구,2024-08-08 8:54,8
SPB-40016,기타 ,송파구,2024-08-18 14:27,14
SPB-40018,안장,동작구,2024-08-06 7:21,7
SPB-40018,체인,관악구,2024-08-29 21:19,21
SPB-40024,체인,송파구,2024-08-09 10:02,10
SPB-40024,체인,송파구,2024-08-11 16:55,16
SPB-40029,체인,노원구,2024-08-05 20:03,20
SPB-40032,페달,관악구,2024-08-11 7:15,7
SPB-40034,타이어 ,강남구,2024-08-21 13:09,13
SPB-40036,타이어 ,송파구,2024-08-10 21:09,21
SPB-40038,타이어 ,동대문구,2024-08-08 7:59,7
SPB-40048,기타 ,중랑구,2024-08-14 0:30,0
SPB-40050,기타 ,양천구,2024-08-22 8:31,8
SPB-40051,기타 ,강서구,2024-08-31 23:21,23
SPB-40055,안장,용산구,2024-08-31 4:46,4
SPB-40060,타이어 ,강동구,2024-08-06 7:47,7
SPB-40061,기타 ,동작구,2024-08-31 19:59,19
SPB-40062,안장,영등포구,2024-08-07 18:21,18
SPB-40066,체인,광진구,2024-08-18 14:45,14
SPB-40066,체인,광진구,2024-08-19 18:30,18
SPB-40067,안장,마포구,2024-08-13 18:36,18
SPB-40076,안장,강북구,2024-08-11 14:57,14
SPB-40076,안장,영등포구,2024-08-24 0:30,0
SPB-40076,안장,강서구,2024-08-27 8:41,8
SPB-40076,안장,강서구,2024-08-29 19:51,19
SPB-40077,타이어 ,마포구,2024-08-27 17:18,17
SPB-40082,단말기,노원구,2024-08-24 20:52,20
SPB-40092,안장,중구,2024-08-21 12:05,12
SPB-40096,타이어 ,영등포구,2024-08-01 8:30,8
SPB-40111,체인,강동구,2024-08-09 18:32,18
SPB-40111,체인,영등포구,2024-08-20 0:00,0
SPB-40111,체인,서초구,2024-08-24 12:59,12
SPB-40114,안장,영등포구,2024-08-22 10:20,10
SPB-40115,타이어 ,종로구,2024-08-22 15:42,15
SPB-40119,체인,영등포구,2024-08-11 19:16,19
SPB-40123,기타 ,송파구,2024-08-17 22:46,22
SPB-40133,타이어 ,노원구,2024-08-07 8:34,8
SPB-40139,안장,송파구,2024-08-14 17:20,17
SPB-40139,기타 ,강남구,2024-08-27 18:52,18
SPB-40144,안장,구로구,2024-08-27 19:50,19
SPB-40145,기타 ,강서구,2024-08-27 22:09,22
SPB-40145,체인,관악구,2024-08-30 23:07,23
SPB-40147,기타 ,양천구,2024-08-13 23:12,23
SPB-40148,페달,영등포구,2024-08-08 18:23,18
SPB-40155,기타 ,금천구,2024-08-14 17:38,17
SPB-40158,타이어 ,금천구,2024-08-16 21:07,21
SPB-40165,타이어 ,강동구,2024-08-11 19:28,19
SPB-40167,기타 ,노원구,2024-08-26 9:11,9
SPB-40169,기타 ,영등포구,2024-08-30 0:53,0
SPB-40177,타이어 ,구로구,2024-08-16 14:00,14
SPB-40177,안장,구로구,2024-08-26 18:21,18
SPB-40186,체인,영등포구,2024-08-21 18:37,18
SPB-40189,기타 ,구로구,2024-08-29 18:54,18
SPB-40191,기타 ,광진구,2024-08-06 12:42,12
SPB-40192,타이어 ,강서구,2024-08-23 21:43,21
SPB-40193,체인,양천구,2024-08-11 14:23,14
SPB-40196,체인,강남구,2024-08-30 20:17,20
SPB-40201,타이어 ,양천구,2024-08-14 8:27,8
SPB-40204,체인,강서구,2024-08-09 1:42,1
SPB-40212,기타 ,관악구,2024-08-15 17:48,17
SPB-40212,기타 ,관악구,2024-08-27 21:39,21
SPB-40215,기타 ,광진구,2024-08-12 13:11,13
SPB-40215,체인,광진구,2024-08-19 18:56,18
SPB-40230,타이어 ,강서구,2024-08-20 8:53,8
SPB-40231,안장,강서구,2024-08-23 17:53,17
SPB-40241,페달,영등포구,2024-08-08 19:51,19
SPB-40248,타이어 ,노원구,2024-08-25 20:19,20
SPB-40253,기타 ,양천구,2024-08-08 18:57,18
SPB-40253,기타 ,용산구,2024-08-27 18:43,18
SPB-40260,타이어 ,동작구,2024-08-26 19:13,19
SPB-40261,타이어 ,강서구,2024-08-24 12:42,12
SPB-40263,타이어 ,송파구,2024-08-05 18:22,18
SPB-40264,타이어 ,영등포구,2024-08-16 8:48,8
SPB-40270,기타 ,서초구,2024-08-28 11:55,11
SPB-40271,타이어 ,동작구,2024-08-13 20:52,20
SPB-40278,안장,종로구,2024-08-17 8:40,8
SPB-40278,안장,서초구,2024-08-25 18:51,18
SPB-40280,기타 ,광진구,2024-08-30 9:56,9
SPB-40296,체인,송파구,2024-08-09 0:47,0
SPB-40298,체인,광진구,2024-08-08 12:54,12
SPB-40300,체인,강서구,2024-08-02 8:19,8
SPB-40301,타이어 ,양천구,2024-08-02 8:34,8
SPB-40301,타이어 ,양천구,2024-08-06 19:19,19
SPB-40303,체인,광진구,2024-08-14 18:49,18
SPB-40304,안장,관악구,2024-08-12 6:36,6
SPB-40304,안장,관악구,2024-08-13 8:30,8
SPB-40304,안장,마포구,2024-08-27 18:18,18
SPB-40317,체인,용산구,2024-08-26 8:13,8
SPB-40319,체인,양천구,2024-08-05 18:26,18
SPB-40330,체인,성동구,2024-08-04 9:59,9
SPB-40331,안장,동작구,2024-08-06 7:21,7
SPB-40333,체인,마포구,2024-08-28 10:37,10
SPB-40346,기타 ,강남구,2024-08-04 19:14,19
SPB-40350,체인,영등포구,2024-08-07 18:16,18
SPB-40350,기타 ,광진구,2024-08-20 20:12,20
SPB-40354,안장,송파구,2024-08-01 6:34,6
SPB-40367,타이어 ,성동구,2024-08-28 18:43,18
SPB-40371,기타 ,송파구,2024-08-10 18:49,18
SPB-40371,체인,노원구,2024-08-30 8:47,8
SPB-40377,기타 ,광진구,2024-08-01 9:55,9
SPB-40378,체인,강남구,2024-08-08 23:18,23
SPB-40378,체인,강남구,2024-08-10 19:36,19
SPB-40383,단말기,서대문구,2024-08-20 7:59,7
SPB-40386,단말기,송파구,2024-08-03 0:07,0
SPB-40387,기타 ,종로구,2024-08-22 8:22,8
SPB-40388,타이어 ,양천구,2024-08-18 8:14,8
SPB-40389,안장,동대문구,2024-08-31 16:33,16
SPB-40390,페달,강남구,2024-08-05 22:12,22
SPB-40390,체인,영등포구,2024-08-10 10:42,10
SPB-40390,체인,영등포구,2024-08-12 8:47,8
SPB-40390,체인,강서구,2024-08-19 18:20,18
SPB-40393,기타 ,구로구,2024-08-25 4:05,4
SPB-40406,안장,송파구,2024-08-17 23:41,23
SPB-40408,타이어 ,마포구,2024-08-31 22:39,22
SPB-40410,안장,영등포구,2024-08-05 22:09,22
SPB-40411,안장,송파구,2024-08-13 20:20,20
SPB-40411,안장,송파구,2024-08-24 21:10,21
SPB-40412,타이어 ,양천구,2024-08-29 11:58,11
SPB-40413,타이어 ,동작구,2024-08-31 19:22,19
SPB-40415,단말기,중구,2024-08-06 21:12,21
SPB-40418,타이어 ,송파구,2024-08-19 2:15,2
SPB-40424,안장,광진구,2024-08-17 20:23,20
SPB-40424,안장,광진구,2024-08-30 23:47,23
SPB-40425,기타 ,서초구,2024-08-08 23:49,23
SPB-40425,체인,성동구,2024-08-28 18:46,18
SPB-40426,기타 ,송파구,2024-08-29 20:37,20
SPB-40439,체인,노원구,2024-08-05 18:41,18
SPB-40441,체인,강동구,2024-08-07 18:23,18
SPB-40443,타이어 ,강서구,2024-08-20 9:24,9
SPB-40444,타이어 ,중구,2024-08-28 8:00,8
SPB-40467,타이어 ,관악구,2024-08-07 17:48,17
SPB-40477,타이어 ,강서구,2024-08-22 23:20,23
SPB-40484,체인,용산구,2024-08-19 21:15,21
SPB-40484,체인,광진구,2024-08-24 0:39,0
SPB-40487,안장,노원구,2024-08-08 6:16,6
SPB-40487,체인,성동구,2024-08-12 19:24,19
SPB-40487,체인,강남구,2024-08-16 18:22,18
SPB-40487,체인,송파구,2024-08-24 9:58,9
SPB-40487,페달,송파구,2024-08-26 18:37,18
SPB-40487,체인,강동구,2024-08-28 21:09,21
SPB-40493,페달,서초구,2024-08-07 23:14,23
SPB-40494,타이어 ,성동구,2024-08-10 15:06,15
SPB-40494,체인,강동구,2024-08-26 20:21,20
SPB-40494,페달,강동구,2024-08-28 10:14,10
SPB-40494,체인,마포구,2024-08-30 15:52,15
SPB-40496,기타 ,강서구,2024-08-13 18:57,18
SPB-40511,안장,강동구,2024-08-28 23:10,23
SPB-40519,안장,송파구,2024-08-29 19:33,19
SPB-40522,타이어 ,강서구,2024-08-29 17:07,17
SPB-40526,타이어 ,동대문구,2024-08-07 8:04,8
SPB-40526,체인,광진구,2024-08-16 12:54,12
SPB-40535,체인,영등포구,2024-08-19 8:49,8
SPB-40535,안장,서대문구,2024-08-28 18:25,18
SPB-40537,체인,영등포구,2024-08-14 21:17,21
SPB-40539,타이어 ,서초구,2024-08-03 2:30,2
SPB-40540,안장,서대문구,2024-08-30 18:20,18
SPB-40542,체인,종로구,2024-08-17 11:52,11
SPB-40544,타이어 ,양천구,2024-08-27 13:12,13
SPB-40548,안장,서초구,2024-08-09 23:30,23
SPB-40548,기타 ,영등포구,2024-08-28 21:25,21
SPB-40558,타이어 ,송파구,2024-08-18 17:56,17
SPB-40559,기타 ,영등포구,2024-08-19 9:16,9
SPB-40561,체인,서초구,2024-08-07 14:42,14
SPB-40561,체인,송파구,2024-08-21 23:51,23
SPB-40568,안장,강북구,2024-08-26 0:05,0
SPB-40571,기타 ,성북구,2024-08-30 15:52,15
SPB-40573,기타 ,광진구,2024-08-07 23:04,23
SPB-40574,안장,동대문구,2024-08-06 21:22,21
SPB-40574,안장,종로구,2024-08-10 20:30,20
SPB-40577,타이어 ,영등포구,2024-08-27 7:16,7
SPB-40579,체인,은평구,2024-08-07 17:25,17
SPB-40592,안장,성동구,2024-08-02 18:40,18
SPB-40595,페달,노원구,2024-08-03 13:01,13
SPB-40595,체인,노원구,2024-08-04 22:14,22
SPB-40595,체인,서초구,2024-08-27 7:21,7
SPB-40595,체인,서초구,2024-08-28 13:15,13
SPB-40595,체인,서초구,2024-08-29 18:34,18
SPB-40603,체인,송파구,2024-08-01 17:49,17
SPB-40624,기타 ,용산구,2024-08-01 20:26,20
SPB-40624,체인,용산구,2024-08-02 10:48,10
SPB-40624,타이어 ,도봉구,2024-08-24 9:04,9
SPB-40638,기타 ,서초구,2024-08-19 13:24,13
SPB-40641,타이어 ,양천구,2024-08-18 16:59,16
SPB-40664,체인,관악구,2024-08-14 22:50,22
SPB-40665,체인,성북구,2024-08-29 21:29,21
SPB-40666,체인,강동구,2024-08-12 8:01,8
SPB-40667,안장,광진구,2024-08-07 8:34,8
SPB-40667,안장,광진구,2024-08-10 9:51,9
SPB-40668,안장,마포구,2024-08-20 22:22,22
SPB-40675,체인,양천구,2024-08-19 21:48,21
SPB-40676,기타 ,서대문구,2024-08-13 1:35,1
SPB-40676,단말기,도봉구,2024-08-31 23:39,23
SPB-40678,기타 ,은평구,2024-08-03 23:19,23
SPB-40685,안장,영등포구,2024-08-27 19:21,19
SPB-40691,기타 ,종로구,2024-08-19 8:13,8
SPB-40691,기타 ,종로구,2024-08-22 7:45,7
SPB-40695,안장,노원구,2024-08-28 19:06,19
SPB-40698,단말기,송파구,2024-08-05 17:52,17
SPB-40698,기타 ,송파구,2024-08-13 12:05,12
SPB-40698,타이어 ,강남구,2024-08-26 8:27,8
SPB-40700,체인,송파구,2024-08-01 17:10,17
SPB-40700,체인,용산구,2024-08-04 2:26,2
SPB-40700,체인,강서구,2024-08-06 15:16,15
SPB-40700,체인,강서구,2024-08-10 8:46,8
SPB-40700,체인,강서구,2024-08-13 1:16,1
SPB-40705,체인,영등포구,2024-08-03 10:49,10
SPB-40705,체인,강서구,2024-08-03 19:24,19
SPB-40713,페달,송파구,2024-08-29 19:15,19
SPB-40718,안장,강서구,2024-08-21 19:19,19
SPB-40720,안장,영등포구,2024-08-23 16:03,16
SPB-40724,안장,종로구,2024-08-21 18:45,18
SPB-40726,타이어 ,중구,2024-08-05 20:44,20
SPB-40729,체인,양천구,2024-08-16 19:54,19
SPB-40735,단말기,송파구,2024-08-16 7:42,7
SPB-40742,페달,광진구,2024-08-10 23:23,23
SPB-40747,체인,노원구,2024-08-01 17:48,17
SPB-40747,체인,종로구,2024-08-06 19:47,19
SPB-40750,안장,영등포구,2024-08-27 18:34,18
SPB-40754,안장,송파구,2024-08-09 8:20,8
SPB-40757,체인,강서구,2024-08-12 6:12,6
SPB-40759,타이어 ,영등포구,2024-08-26 8:04,8
SPB-40766,체인,영등포구,2024-08-12 17:29,17
SPB-40766,기타 ,영등포구,2024-08-12 20:49,20
SPB-40766,타이어 ,영등포구,2024-08-13 20:03,20
SPB-40776,체인,동대문구,2024-08-03 13:03,13
SPB-40776,페달,종로구,2024-08-05 17:24,17
SPB-40778,체인,성북구,2024-08-12 22:01,22
SPB-40781,체인,강남구,2024-08-08 17:37,17
SPB-40787,체인,노원구,2024-08-29 8:52,8
SPB-40790,단말기,강동구,2024-08-10 14:25,14
SPB-40797,체인,광진구,2024-08-08 19:17,19
SPB-40808,안장,영등포구,2024-08-13 22:08,22
SPB-40809,체인,중구,2024-08-15 16:47,16
SPB-40809,체인,성북구,2024-08-20 18:26,18
SPB-40813,안장,노원구,2024-08-26 18:11,18
SPB-40814,기타 ,은평구,2024-08-20 17:58,17
SPB-40815,체인,강남구,2024-08-23 18:27,18
SPB-40816,안장,성동구,2024-08-19 8:43,8
SPB-40817,안장,강북구,2024-08-22 8:21,8
SPB-40825,체인,영등포구,2024-08-17 22:22,22
SPB-40825,체인,양천구,2024-08-30 9:56,9
SPB-40828,안장,영등포구,2024-08-26 21:52,21
SPB-40828,안장,영등포구,2024-08-30 16:35,16
SPB-40833,기타 ,서초구,2024-08-16 9:28,9
SPB-40834,체인,중구,2024-08-01 20:13,20
SPB-40834,체인,종로구,2024-08-07 22:00,22
SPB-40837,체인,종로구,2024-08-24 19:25,19
SPB-40845,기타 ,동작구,2024-08-06 19:05,19
SPB-40845,기타 ,성동구,2024-08-26 9:17,9
SPB-40848,체인,송파구,2024-08-16 21:31,21
SPB-40856,단말기,용산구,2024-08-09 10:56,10
SPB-40857,안장,종로구,2024-08-20 8:40,8
SPB-40859,안장,광진구,2024-08-23 18:43,18
SPB-40864,안장,마포구,2024-08-25 20:16,20
SPB-40866,안장,영등포구,2024-08-01 22:24,22
SPB-40869,안장,강남구,2024-08-19 7:39,7
SPB-40874,기타 ,송파구,2024-08-10 19:50,19
SPB-40876,타이어 ,양천구,2024-08-05 8:02,8
SPB-40881,안장,영등포구,2024-08-07 21:32,21
SPB-40882,기타 ,구로구,2024-08-11 19:00,19
SPB-40886,안장,금천구,2024-08-29 8:38,8
SPB-40889,체인,마포구,2024-08-18 18:31,18
SPB-40889,체인,노원구,2024-08-27 17:27,17
SPB-40894,체인,송파구,2024-08-13 8:30,8
SPB-40906,체인,구로구,2024-08-02 1:41,1
SPB-40910,기타 ,강서구,2024-08-12 22:24,22
SPB-40913,기타 ,금천구,2024-08-24 10:01,10
SPB-40924,기타 ,동대문구,2024-08-19 23:41,23
SPB-40925,기타 ,양천구,2024-08-17 19:12,19
SPB-40929,안장,도봉구,2024-08-06 14:59,14
SPB-40930,안장,송파구,2024-08-30 20:17,20
SPB-40935,체인,서대문구,2024-08-09 23:53,23
SPB-40935,기타 ,은평구,2024-08-18 19:07,19
SPB-40938,기타 ,마포구,2024-08-02 22:54,22
SPB-40939,타이어 ,마포구,2024-08-23 22:37,22
SPB-40941,안장,노원구,2024-08-06 22:24,22
SPB-40941,안장,노원구,2024-08-30 15:11,15
SPB-40943,페달,금천구,2024-08-30 23:12,23
SPB-40944,안장,강서구,2024-08-24 6:05,6
SPB-40944,기타 ,강서구,2024-08-29 7:29,7
SPB-40949,안장,은평구,2024-08-31 9:45,9
SPB-40956,안장,광진구,2024-08-01 16:56,16
SPB-40970,타이어 ,강서구,2024-08-23 22:21,22
SPB-40974,안장,중구,2024-08-14 18:10,18
SPB-40974,안장,광진구,2024-08-16 21:21,21
SPB-40974,안장,성동구,2024-08-18 0:27,0
SPB-40974,안장,광진구,2024-08-18 18:50,18
SPB-40974,안장,동작구,2024-08-19 21:25,21
SPB-40974,안장,성북구,2024-08-29 6:06,6
SPB-40982,페달,송파구,2024-08-28 18:12,18
SPB-40983,체인,중랑구,2024-08-25 11:29,11
SPB-40989,체인,서초구,2024-08-28 7:31,7
SPB-40991,기타 ,양천구,2024-08-10 12:53,12
SPB-40992,기타 ,중랑구,2024-08-24 15:59,15
SPB-40993,체인,양천구,2024-08-30 7:38,7
SPB-40994,페달,도봉구,2024-08-24 13:39,13
SPB-41004,안장,서대문구,2024-08-29 18:56,18
SPB-41006,안장,영등포구,2024-08-28 18:26,18
SPB-41010,체인,중랑구,2024-08-24 11:30,11
SPB-41012,안장,양천구,2024-08-20 18:52,18
SPB-41015,타이어 ,노원구,2024-08-19 5:31,5
SPB-41019,타이어 ,양천구,2024-08-16 13:54,13
SPB-41019,체인,강서구,2024-08-31 18:39,18
SPB-41022,페달,영등포구,2024-08-15 23:43,23
SPB-41022,체인,강서구,2024-08-17 12:26,12
SPB-41022,타이어 ,양천구,2024-08-28 9:43,9
SPB-41026,기타 ,광진구,2024-08-18 14:26,14
SPB-41037,타이어 ,서초구,2024-08-23 20:12,20
SPB-41037,타이어 ,송파구,2024-08-30 18:41,18
SPB-41038,타이어 ,영등포구,2024-08-15 16:23,16
SPB-41040,체인,종로구,2024-08-17 14:28,14
SPB-41040,체인,성북구,2024-08-27 8:05,8
SPB-41040,체인,중구,2024-08-29 23:05,23
SPB-41044,기타 ,마포구,2024-08-04 21:03,21
SPB-41049,안장,강서구,2024-08-14 19:44,19
SPB-41051,안장,강서구,2024-08-22 19:08,19
SPB-41054,체인,노원구,2024-08-06 20:56,20
SPB-41056,페달,양천구,2024-08-20 13:59,13
SPB-41057,단말기,노원구,2024-08-15 11:44,11
SPB-41057,타이어 ,도봉구,2024-08-16 15:52,15
SPB-41057,단말기,노원구,2024-08-28 12:59,12
SPB-41059,체인,광진구,2024-08-13 22:17,22
SPB-41060,기타 ,구로구,2024-08-08 21:46,21
SPB-41060,기타 ,서초구,2024-08-16 10:25,10
SPB-41067,단말기,영등포구,2024-08-23 12:46,12
SPB-41068,체인,강서구,2024-08-10 18:22,18
SPB-41077,타이어 ,중구,2024-08-27 7:29,7
SPB-41077,단말기,양천구,2024-08-28 22:40,22
SPB-41078,타이어 ,노원구,2024-08-30 1:10,1
SPB-41079,체인,중구,2024-08-06 19:42,19
SPB-41081,안장,강서구,2024-08-05 18:33,18
SPB-41086,안장,강서구,2024-08-12 21:23,21
SPB-41091,타이어 ,동대문구,2024-08-29 11:29,11
SPB-41092,체인,금천구,2024-08-17 21:29,21
SPB-41094,체인,구로구,2024-08-30 8:10,8
SPB-41096,타이어 ,송파구,2024-08-29 8:34,8
SPB-41105,타이어 ,양천구,2024-08-03 8:20,8
SPB-41115,안장,강서구,2024-08-28 19:02,19
SPB-41120,기타 ,양천구,2024-08-13 11:59,11
SPB-41125,타이어 ,서초구,2024-08-18 15:59,15
SPB-41129,체인,성북구,2024-08-26 20:32,20
SPB-41130,안장,강남구,2024-08-10 15:20,15
SPB-41133,타이어 ,성북구,2024-08-14 15:49,15
SPB-41135,체인,용산구,2024-08-30 7:45,7
SPB-41137,단말기,영등포구,2024-08-14 15:41,15
SPB-41140,안장,성동구,2024-08-06 14:16,14
SPB-41142,체인,성북구,2024-08-12 1:45,1
SPB-41142,체인,성북구,2024-08-12 10:04,10
SPB-41143,체인,도봉구,2024-08-29 18:37,18
SPB-41144,안장,도봉구,2024-08-29 22:22,22
SPB-41146,체인,송파구,2024-08-12 10:17,10
SPB-41146,체인,노원구,2024-08-26 19:38,19
SPB-41146,체인,노원구,2024-08-27 17:54,17
SPB-41146,체인,노원구,2024-08-29 21:05,21
SPB-41153,체인,은평구,2024-08-31 10:29,10
SPB-41155,기타 ,송파구,2024-08-13 20:24,20
SPB-41155,체인,성동구,2024-08-28 18:35,18
SPB-41157,체인,영등포구,2024-08-08 14:44,14
SPB-41157,체인,영등포구,2024-08-12 18:17,18
SPB-41157,체인,구로구,2024-08-17 13:37,13
SPB-41162,타이어 ,서초구,2024-08-25 9:26,9
SPB-41165,체인,동대문구,2024-08-27 14:25,14
SPB-41174,안장,노원구,2024-08-07 17:43,17
SPB-41174,체인,송파구,2024-08-20 18:47,18
SPB-41174,페달,송파구,2024-08-29 8:56,8
SPB-41175,체인,성동구,2024-08-08 17:23,17
SPB-41177,안장,강서구,2024-08-17 17:10,17
SPB-41178,체인,강남구,2024-08-13 16:38,16
SPB-41178,체인,강남구,2024-08-14 15:25,15
SPB-41179,체인,양천구,2024-08-24 4:44,4
SPB-41180,타이어 ,도봉구,2024-08-25 18:58,18
SPB-41183,체인,노원구,2024-08-24 12:52,12
SPB-41185,타이어 ,은평구,2024-08-01 19:02,19
SPB-41187,기타 ,서초구,2024-08-12 21:00,21
SPB-41188,안장,종로구,2024-08-26 20:57,20
SPB-41193,안장,동작구,2024-08-24 8:48,8
SPB-41196,안장,노원구,2024-08-09 11:47,11
SPB-41198,기타 ,영등포구,2024-08-26 22:21,22
SPB-41199,타이어 ,관악구,2024-08-01 17:13,17
SPB-41200,체인,송파구,2024-08-01 23:17,23
SPB-41200,체인,강남구,2024-08-05 18:13,18
SPB-41200,체인,송파구,2024-08-11 23:15,23
SPB-41206,타이어 ,도봉구,2024-08-03 21:30,21
SPB-41208,체인,노원구,2024-08-07 14:00,14
SPB-41215,안장,마포구,2024-08-27 19:13,19
SPB-41220,기타 ,양천구,2024-08-09 18:47,18
SPB-41227,체인,종로구,2024-08-08 18:14,18
SPB-41228,체인,강북구,2024-08-03 7:24,7
SPB-41228,체인,강북구,2024-08-03 22:32,22
SPB-41232,타이어 ,성북구,2024-08-13 8:50,8
SPB-41232,기타 ,송파구,2024-08-31 16:38,16
SPB-41233,체인,광진구,2024-08-22 11:00,11
SPB-41236,기타 ,성동구,2024-08-21 21:25,21
SPB-41240,체인,도봉구,2024-08-18 23:38,23
SPB-41243,체인,구로구,2024-08-07 16:26,16
SPB-41245,체인,동대문구,2024-08-08 10:47,10
SPB-41247,안장,구로구,2024-08-23 20:02,20
SPB-41256,안장,서초구,2024-08-16 22:12,22
SPB-41257,체인,강동구,2024-08-19 8:05,8
SPB-41264,체인,서대문구,2024-08-09 20:06,20
SPB-41266,기타 ,강남구,2024-08-07 19:27,19
SPB-41271,타이어 ,노원구,2024-08-12 8:42,8
SPB-41271,기타 ,노원구,2024-08-12 17:07,17
SPB-41278,타이어 ,강동구,2024-08-22 20:06,20
SPB-41278,체인,강동구,2024-08-30 18:56,18
SPB-41280,체인,마포구,2024-08-15 12:49,12
SPB-41282,기타 ,강서구,2024-08-10 8:04,8
SPB-41289,타이어 ,강서구,2024-08-22 7:32,7
SPB-41290,체인,서초구,2024-08-22 23:55,23
SPB-41294,단말기,영등포구,2024-08-29 12:28,12
SPB-41302,단말기,노원구,2024-08-12 8:52,8
SPB-41302,체인,강동구,2024-08-27 1:58,1
SPB-41305,타이어 ,용산구,2024-08-23 11:23,11
SPB-41305,안장,용산구,2024-08-27 18:18,18
SPB-41306,타이어 ,종로구,2024-08-29 23:12,23
SPB-41310,안장,마포구,2024-08-20 7:00,7
SPB-41310,안장,중구,2024-08-23 20:26,20
SPB-41329,단말기,강서구,2024-08-26 17:40,17
SPB-41351,안장,양천구,2024-08-01 9:37,9
SPB-41357,체인,강동구,2024-08-14 21:08,21
SPB-41357,체인,성동구,2024-08-27 6:57,6
SPB-41363,기타 ,영등포구,2024-08-09 20:08,20
SPB-41389,안장,양천구,2024-08-16 9:08,9
SPB-41391,체인,양천구,2024-08-19 22:03,22
SPB-41391,체인,양천구,2024-08-20 8:38,8
SPB-41393,체인,동대문구,2024-08-19 22:34,22
SPB-41394,안장,양천구,2024-08-05 18:45,18
SPB-41397,안장,강동구,2024-08-21 21:41,21
SPB-41402,체인,영등포구,2024-08-01 22:26,22
SPB-41402,페달,구로구,2024-08-05 7:31,7
SPB-41403,기타 ,마포구,2024-08-30 7:50,7
SPB-41404,체인,강동구,2024-08-08 16:46,16
SPB-41404,체인,중구,2024-08-30 18:25,18
SPB-41407,체인,중랑구,2024-08-16 23:11,23
SPB-41408,페달,마포구,2024-08-16 22:28,22
SPB-41416,안장,강서구,2024-08-28 7:29,7
SPB-41426,타이어 ,강동구,2024-08-29 17:52,17
SPB-41433,안장,강남구,2024-08-17 18:10,18
SPB-41438,안장,마포구,2024-08-23 13:43,13
SPB-41439,체인,성동구,2024-08-20 8:06,8
SPB-41445,타이어 ,영등포구,2024-08-14 19:32,19
SPB-41445,체인,영등포구,2024-08-29 17:15,17
SPB-41447,타이어 ,광진구,2024-08-29 18:37,18
SPB-41450,페달,양천구,2024-08-27 17:04,17
SPB-41462,기타 ,중구,2024-08-06 22:20,22
SPB-41464,체인,마포구,2024-08-06 8:17,8
SPB-41467,기타 ,구로구,2024-08-08 15:01,15
SPB-41469,체인,송파구,2024-08-03 9:53,9
SPB-41469,기타 ,서대문구,2024-08-23 19:12,19
SPB-41473,체인,동작구,2024-08-02 19:48,19
SPB-41476,체인,강동구,2024-08-10 6:55,6
SPB-41476,체인,송파구,2024-08-19 16:39,16
SPB-41476,체인,강동구,2024-08-22 5:08,5
SPB-41476,체인,송파구,2024-08-26 7:27,7
SPB-41483,안장,강서구,2024-08-07 18:39,18
SPB-41483,타이어 ,용산구,2024-08-26 19:07,19
SPB-41491,페달,송파구,2024-08-30 11:43,11
SPB-41492,체인,강북구,2024-08-25 18:58,18
SPB-41499,체인,마포구,2024-08-23 22:20,22
SPB-41513,체인,강서구,2024-08-21 15:15,15
SPB-41521,단말기,동대문구,2024-08-05 0:32,0
SPB-41524,페달,마포구,2024-08-11 15:45,15
SPB-41524,기타 ,영등포구,2024-08-30 8:45,8
SPB-41526,기타 ,양천구,2024-08-26 19:16,19
SPB-41529,안장,중랑구,2024-08-28 19:13,19
SPB-41530,체인,중랑구,2024-08-17 8:31,8
SPB-41542,안장,성동구,2024-08-06 8:15,8
SPB-41543,기타 ,강동구,2024-08-11 2:20,2
SPB-41543,체인,강동구,2024-08-17 9:51,9
SPB-41543,체인,서대문구,2024-08-26 16:20,16
SPB-41561,안장,은평구,2024-08-08 14:14,14
SPB-41572,타이어 ,은평구,2024-08-12 13:18,13
SPB-41573,타이어 ,동대문구,2024-08-07 7:56,7
SPB-41575,기타 ,관악구,2024-08-05 18:44,18
SPB-41576,안장,강남구,2024-08-23 19:30,19
SPB-41582,기타 ,영등포구,2024-08-25 11:56,11
SPB-41584,페달,종로구,2024-08-27 7:55,7
SPB-41584,안장,종로구,2024-08-29 19:50,19
SPB-41592,체인,광진구,2024-08-10 18:13,18
SPB-41592,페달,성동구,2024-08-11 21:48,21
SPB-41592,페달,종로구,2024-08-22 14:52,14
SPB-41594,체인,마포구,2024-08-17 22:23,22
SPB-41594,체인,양천구,2024-08-23 18:34,18
SPB-41602,기타 ,송파구,2024-08-06 19:25,19
SPB-41605,페달,광진구,2024-08-01 15:39,15
SPB-41606,기타 ,광진구,2024-08-12 23:18,23
SPB-41606,안장,마포구,2024-08-30 19:05,19
SPB-41608,체인,성북구,2024-08-01 20:28,20
SPB-41608,체인,동대문구,2024-08-06 20:30,20
SPB-41608,체인,도봉구,2024-08-29 7:43,7
SPB-41610,타이어 ,강남구,2024-08-08 17:24,17
SPB-41611,체인,영등포구,2024-08-12 8:42,8
SPB-41623,기타 ,영등포구,2024-08-22 10:53,10
SPB-41631,체인,송파구,2024-08-16 17:55,17
SPB-41632,기타 ,영등포구,2024-08-30 8:42,8
SPB-41636,안장,강서구,2024-08-10 17:23,17
SPB-41638,타이어 ,강동구,2024-08-15 13:51,13
SPB-41638,체인,광진구,2024-08-19 17:24,17
SPB-41638,페달,광진구,2024-08-19 21:24,21
SPB-41638,체인,광진구,2024-08-20 12:35,12
SPB-41639,체인,도봉구,2024-08-27 14:31,14
SPB-41642,기타 ,관악구,2024-08-28 19:04,19
SPB-41649,기타 ,송파구,2024-08-04 19:01,19
SPB-41650,페달,성북구,2024-08-02 20:23,20
SPB-41650,체인,종로구,2024-08-07 18:42,18
SPB-41650,페달,강북구,2024-08-13 19:29,19
SPB-41650,페달,노원구,2024-08-27 7:40,7
SPB-41654,안장,강서구,2024-08-09 11:14,11
SPB-41655,기타 ,영등포구,2024-08-08 17:42,17
SPB-41656,체인,광진구,2024-08-02 9:06,9
SPB-41657,안장,강서구,2024-08-26 18:03,18
SPB-41659,타이어 ,구로구,2024-08-05 19:00,19
SPB-41660,페달,노원구,2024-08-12 23:39,23
SPB-41660,페달,노원구,2024-08-13 18:08,18
SPB-41660,안장,노원구,2024-08-20 17:37,17
SPB-41660,체인,노원구,2024-08-25 15:09,15
SPB-41664,타이어 ,노원구,2024-08-03 17:44,17
SPB-41671,타이어 ,성동구,2024-08-31 0:51,0
SPB-41678,안장,구로구,2024-08-24 20:06,20
SPB-41678,안장,양천구,2024-08-30 15:02,15
SPB-41681,체인,종로구,2024-08-17 17:23,17
SPB-41681,타이어 ,동대문구,2024-08-23 2:44,2
SPB-41684,체인,영등포구,2024-08-31 19:57,19
SPB-41691,기타 ,종로구,2024-08-31 6:34,6
SPB-41691,타이어 ,종로구,2024-08-31 9:18,9
SPB-41693,안장,성북구,2024-08-06 13:54,13
SPB-41693,페달,강서구,2024-08-13 9:02,9
SPB-41699,안장,서대문구,2024-08-15 21:53,21
SPB-41701,타이어 ,금천구,2024-08-06 7:55,7
SPB-41705,페달,노원구,2024-08-28 18:26,18
SPB-41723,기타 ,광진구,2024-08-23 16:18,16
SPB-41723,타이어 ,동대문구,2024-08-30 16:25,16
SPB-41727,체인,마포구,2024-08-17 22:09,22
SPB-41728,체인,금천구,2024-08-05 14:33,14
SPB-41728,체인,용산구,2024-08-18 19:58,19
SPB-41728,체인,용산구,2024-08-19 6:08,6
SPB-41731,안장,노원구,2024-08-11 22:08,22
SPB-41732,체인,강서구,2024-08-14 7:41,7
SPB-41738,페달,은평구,2024-08-31 17:40,17
SPB-41739,기타 ,강서구,2024-08-22 7:28,7
SPB-41749,체인,동작구,2024-08-26 8:55,8
SPB-41756,체인,노원구,2024-08-16 16:00,16
SPB-41772,타이어 ,관악구,2024-08-09 15:35,15
SPB-41787,타이어 ,영등포구,2024-08-09 19:46,19
SPB-41791,타이어 ,송파구,2024-08-31 15:13,15
SPB-41797,타이어 ,동작구,2024-08-02 18:47,18
SPB-41800,기타 ,영등포구,2024-08-03 19:55,19
SPB-41801,체인,중랑구,2024-08-18 18:08,18
SPB-41801,체인,마포구,2024-08-22 18:32,18
SPB-41801,체인,구로구,2024-08-23 22:18,22
SPB-41803,기타 ,구로구,2024-08-02 17:01,17
SPB-41806,체인,서대문구,2024-08-20 13:49,13
SPB-41806,체인,서대문구,2024-08-25 7:26,7
SPB-41809,단말기,서초구,2024-08-20 12:34,12
SPB-41809,페달,송파구,2024-08-29 8:22,8
SPB-41810,안장,동작구,2024-08-17 12:38,12
SPB-41817,체인,강서구,2024-08-05 21:20,21
SPB-41817,체인,양천구,2024-08-19 15:53,15
SPB-41817,기타 ,양천구,2024-08-21 18:12,18
SPB-41817,체인,영등포구,2024-08-23 18:15,18
SPB-41818,기타 ,송파구,2024-08-22 23:26,23
SPB-41820,기타 ,강서구,2024-08-24 12:35,12
SPB-41827,기타 ,강북구,2024-08-09 16:56,16
SPB-41828,페달,강동구,2024-08-31 0:58,0
SPB-41831,체인,송파구,2024-08-25 8:53,8
SPB-41836,체인,중랑구,2024-08-21 18:15,18
SPB-41838,안장,영등포구,2024-08-22 7:51,7
SPB-41839,체인,강서구,2024-08-19 21:49,21
SPB-41841,페달,구로구,2024-08-30 22:53,22
SPB-41847,안장,송파구,2024-08-22 11:48,11
SPB-41852,안장,강남구,2024-08-11 17:49,17
SPB-41853,페달,양천구,2024-08-05 8:30,8
SPB-41854,체인,양천구,2024-08-05 8:30,8
SPB-41854,체인,관악구,2024-08-18 17:39,17
SPB-41854,체인,양천구,2024-08-20 20:23,20
SPB-41858,체인,서초구,2024-08-23 18:01,18
SPB-41858,체인,영등포구,2024-08-27 21:41,21
SPB-41860,단말기,강서구,2024-08-07 19:51,19
SPB-41860,안장,강서구,2024-08-11 10:58,10
SPB-41865,단말기,구로구,2024-08-10 13:00,13
SPB-41866,체인,영등포구,2024-08-03 18:02,18
SPB-41866,체인,용산구,2024-08-05 22:34,22
SPB-41866,타이어 ,동작구,2024-08-28 19:36,19
SPB-41870,단말기,서초구,2024-08-30 19:50,19
SPB-41883,기타 ,성북구,2024-08-09 21:39,21
SPB-41884,안장,중랑구,2024-08-20 8:03,8
SPB-41886,체인,노원구,2024-08-24 23:40,23
SPB-41886,페달,영등포구,2024-08-26 19:37,19
SPB-41887,타이어 ,마포구,2024-08-12 8:21,8
SPB-41889,체인,구로구,2024-08-10 16:08,16
SPB-41889,체인,서대문구,2024-08-16 0:42,0
SPB-41893,체인,서대문구,2024-08-26 9:13,9
SPB-41900,기타 ,노원구,2024-08-25 3:27,3
SPB-41904,기타 ,은평구,2024-08-28 22:32,22
SPB-41906,체인,강서구,2024-08-10 10:53,10
SPB-41908,기타 ,강남구,2024-08-10 14:49,14
SPB-41908,기타 ,송파구,2024-08-16 18:41,18
SPB-41914,페달,서초구,2024-08-05 21:01,21
SPB-41914,체인,송파구,2024-08-09 16:43,16
SPB-41914,체인,강동구,2024-08-26 9:09,9
SPB-41915,체인,송파구,2024-08-19 1:19,1
SPB-41918,체인,노원구,2024-08-04 7:26,7
SPB-41923,안장,강서구,2024-08-20 17:01,17
SPB-41927,기타 ,관악구,2024-08-16 20:14,20
SPB-41927,기타 ,송파구,2024-08-31 23:09,23
SPB-41937,안장,강서구,2024-08-14 7:15,7
SPB-41938,타이어 ,강동구,2024-08-31 9:58,9
SPB-41940,페달,마포구,2024-08-23 2:02,2
SPB-41940,페달,금천구,2024-08-30 7:52,7
SPB-41946,체인,종로구,2024-08-19 21:02,21
SPB-41947,타이어 ,영등포구,2024-08-07 12:01,12
SPB-41954,기타 ,성동구,2024-08-23 6:49,6
SPB-41959,타이어 ,강서구,2024-08-17 17:44,17
SPB-41960,안장,노원구,2024-08-21 19:59,19
SPB-41962,타이어 ,송파구,2024-08-13 17:40,17
SPB-41964,타이어 ,중구,2024-08-06 8:23,8
SPB-41965,체인,강남구,2024-08-15 18:48,18
SPB-41965,체인,구로구,2024-08-28 8:06,8
SPB-41975,체인,영등포구,2024-08-03 21:24,21
SPB-41975,체인,용산구,2024-08-18 20:08,20
SPB-41977,기타 ,영등포구,2024-08-01 9:49,9
SPB-41995,체인,성동구,2024-08-14 6:25,6
SPB-41998,기타 ,송파구,2024-08-03 0:05,0
SPB-42000,체인,강남구,2024-08-01 18:13,18
SPB-42000,타이어 ,동작구,2024-08-02 19:27,19
SPB-42000,체인,광진구,2024-08-15 21:41,21
SPB-42002,타이어 ,구로구,2024-08-16 18:04,18
SPB-42005,타이어 ,동대문구,2024-08-01 14:48,14
SPB-42006,체인,양천구,2024-08-06 6:07,6
SPB-42006,페달,동대문구,2024-08-20 16:21,16
SPB-42009,체인,노원구,2024-08-05 22:23,22
SPB-42009,기타 ,서대문구,2024-08-10 20:34,20
SPB-42010,체인,동작구,2024-08-12 18:53,18
SPB-42010,체인,금천구,2024-08-26 8:10,8
SPB-42011,타이어 ,마포구,2024-08-20 20:58,20
SPB-42013,체인,구로구,2024-08-07 9:23,9
SPB-42013,타이어 ,양천구,2024-08-26 7:53,7
SPB-42020,안장,영등포구,2024-08-21 18:32,18
SPB-42022,체인,동작구,2024-08-11 16:19,16
SPB-42025,체인,노원구,2024-08-02 14:27,14
SPB-42025,체인,도봉구,2024-08-19 23:37,23
SPB-42028,체인,영등포구,2024-08-16 17:12,17
SPB-42035,안장,서초구,2024-08-01 6:41,6
SPB-42035,체인,송파구,2024-08-14 21:56,21
SPB-42037,타이어 ,양천구,2024-08-10 15:30,15
SPB-42039,기타 ,동대문구,2024-08-23 22:56,22
SPB-42040,체인,강서구,2024-08-07 23:33,23
SPB-42042,페달,중구,2024-08-28 11:46,11
SPB-42047,타이어 ,양천구,2024-08-05 18:49,18
SPB-42047,타이어 ,양천구,2024-08-15 1:44,1
SPB-42048,단말기,강남구,2024-08-13 12:33,12
SPB-42053,체인,동대문구,2024-08-15 19:23,19
SPB-42055,타이어 ,강서구,2024-08-31 11:30,11
SPB-42062,기타 ,노원구,2024-08-06 0:28,0
SPB-42062,기타 ,성동구,2024-08-09 7:07,7
SPB-42064,타이어 ,영등포구,2024-08-05 7:46,7
SPB-42070,기타 ,강서구,2024-08-01 10:01,10
SPB-42070,체인,강서구,2024-08-03 13:51,13
SPB-42072,기타 ,영등포구,2024-08-11 10:28,10
SPB-42075,기타 ,노원구,2024-08-03 18:39,18
SPB-42090,타이어 ,구로구,2024-08-06 7:36,7
SPB-42098,페달,노원구,2024-08-08 19:32,19
SPB-42098,페달,동대문구,2024-08-13 19:50,19
SPB-42101,체인,서초구,2024-08-14 21:34,21
SPB-42105,타이어 ,성북구,2024-08-08 12:18,12
SPB-42111,체인,마포구,2024-08-03 23:21,23
SPB-42113,페달,동작구,2024-08-16 7:11,7
SPB-42114,기타 ,광진구,2024-08-22 18:39,18
SPB-42117,단말기,중랑구,2024-08-08 1:52,1
SPB-42118,체인,성동구,2024-08-19 19:25,19
SPB-42120,기타 ,강남구,2024-08-13 11:08,11
SPB-42122,체인,구로구,2024-08-05 19:30,19
SPB-42124,안장,강북구,2024-08-15 21:16,21
SPB-42125,타이어 ,서대문구,2024-08-20 9:59,9
SPB-42130,안장,종로구,2024-08-12 19:42,19
SPB-42130,안장,은평구,2024-08-27 19:46,19
SPB-42136,체인,마포구,2024-08-24 10:37,10
SPB-42144,타이어 ,강남구,2024-08-25 20:43,20
SPB-42147,타이어 ,마포구,2024-08-05 8:46,8
SPB-42147,체인,양천구,2024-08-13 19:31,19
SPB-42147,체인,양천구,2024-08-16 22:33,22
SPB-42150,타이어 ,서초구,2024-08-18 17:58,17
SPB-42153,안장,강북구,2024-08-13 20:59,20
SPB-42162,기타 ,강남구,2024-08-17 18:47,18
SPB-42164,체인,중구,2024-08-27 22:31,22
SPB-42174,기타 ,종로구,2024-08-11 22:33,22
SPB-42174,체인,종로구,2024-08-13 7:32,7
SPB-42176,타이어 ,용산구,2024-08-18 20:14,20
SPB-42177,안장,은평구,2024-08-12 8:51,8
SPB-42178,타이어 ,종로구,2024-08-24 8:13,8
SPB-42180,체인,광진구,2024-08-31 12:31,12
SPB-42186,타이어 ,관악구,2024-08-29 6:19,6
SPB-42187,단말기,영등포구,2024-08-09 17:30,17
SPB-42188,체인,영등포구,2024-08-11 22:21,22
SPB-42192,기타 ,노원구,2024-08-22 12:49,12
SPB-42195,기타 ,강동구,2024-08-28 6:54,6
SPB-42196,페달,강남구,2024-08-20 20:13,20
SPB-42196,체인,강남구,2024-08-29 19:01,19
SPB-42201,안장,송파구,2024-08-05 19:48,19
SPB-42201,기타 ,광진구,2024-08-19 18:20,18
SPB-42201,타이어 ,광진구,2024-08-30 13:57,13
SPB-42214,기타 ,노원구,2024-08-06 14:13,14
SPB-42218,타이어 ,구로구,2024-08-20 21:42,21
SPB-42218,타이어 ,구로구,2024-08-26 22:20,22
SPB-42222,페달,성동구,2024-08-24 14:59,14
SPB-42232,안장,성동구,2024-08-13 20:52,20
SPB-42238,체인,은평구,2024-08-14 13:58,13
SPB-42252,단말기,동작구,2024-08-14 13:34,13
SPB-42253,페달,강서구,2024-08-06 8:46,8
SPB-42255,체인,영등포구,2024-08-31 22:25,22
SPB-42257,체인,중랑구,2024-08-14 21:31,21
SPB-42260,타이어 ,마포구,2024-08-17 16:24,16
SPB-42266,타이어 ,노원구,2024-08-23 23:20,23
SPB-42276,안장,강북구,2024-08-01 14:38,14
SPB-42276,안장,강북구,2024-08-06 18:03,18
SPB-42276,안장,노원구,2024-08-11 7:45,7
SPB-42280,안장,송파구,2024-08-10 19:05,19
SPB-42281,체인,송파구,2024-08-23 6:45,6
SPB-42286,안장,강동구,2024-08-16 8:23,8
SPB-42287,기타 ,중랑구,2024-08-02 20:39,20
SPB-42290,체인,송파구,2024-08-18 13:28,13
SPB-42296,안장,도봉구,2024-08-26 14:59,14
SPB-42300,기타 ,강남구,2024-08-22 9:56,9
SPB-42301,타이어 ,성동구,2024-08-26 6:54,6
SPB-42317,체인,강동구,2024-08-31 10:02,10
SPB-42324,안장,동작구,2024-08-09 12:38,12
SPB-42334,체인,서초구,2024-08-02 7:39,7
SPB-42334,체인,영등포구,2024-08-10 12:56,12
SPB-42334,체인,강서구,2024-08-12 5:58,5
SPB-42336,타이어 ,양천구,2024-08-02 18:04,18
SPB-42336,타이어 ,강서구,2024-08-08 7:36,7
SPB-42337,페달,용산구,2024-08-14 22:13,22
SPB-42358,체인,송파구,2024-08-08 18:34,18
SPB-42363,타이어 ,성동구,2024-08-23 9:47,9
SPB-42365,안장,은평구,2024-08-04 15:11,15
SPB-42381,체인,마포구,2024-08-04 13:47,13
SPB-42381,타이어 ,용산구,2024-08-11 23:26,23
SPB-42382,타이어 ,강남구,2024-08-28 21:21,21
SPB-42385,안장,양천구,2024-08-19 14:21,14
SPB-42390,페달,광진구,2024-08-14 17:10,17
SPB-42392,페달,영등포구,2024-08-30 7:55,7
SPB-42408,안장,마포구,2024-08-15 10:18,10
SPB-42412,안장,구로구,2024-08-18 22:11,22
SPB-42415,타이어 ,관악구,2024-08-10 3:28,3
SPB-42418,안장,강동구,2024-08-26 17:11,17
SPB-42421,페달,동대문구,2024-08-25 16:39,16
SPB-42428,기타 ,중구,2024-08-15 5:51,5
SPB-42433,페달,노원구,2024-08-05 8:53,8
SPB-42433,페달,종로구,2024-08-11 18:29,18
SPB-42436,체인,은평구,2024-08-19 12:16,12
SPB-42437,타이어 ,서초구,2024-08-11 12:44,12
SPB-42451,기타 ,강서구,2024-08-04 10:53,10
SPB-42451,안장,영등포구,2024-08-14 8:10,8
SPB-42460,체인,양천구,2024-08-10 21:15,21
SPB-42460,체인,양천구,2024-08-12 22:59,22
SPB-42461,안장,강서구,2024-08-08 17:55,17
SPB-42464,체인,영등포구,2024-08-05 18:04,18
SPB-42464,타이어 ,양천구,2024-08-23 9:07,9
SPB-42464,타이어 ,양천구,2024-08-25 12:19,12
SPB-42484,타이어 ,강동구,2024-08-11 15:53,15
SPB-42487,타이어 ,금천구,2024-08-06 17:45,17
SPB-42487,페달,금천구,2024-08-21 18:14,18
SPB-42487,타이어 ,영등포구,2024-08-27 19:12,19
SPB-42489,체인,용산구,2024-08-27 10:56,10
SPB-42489,체인,은평구,2024-08-29 7:40,7
SPB-42491,안장,용산구,2024-08-12 12:18,12
SPB-42494,단말기,강북구,2024-08-08 23:16,23
SPB-42497,기타 ,강남구,2024-08-07 6:58,6
SPB-42497,페달,서초구,2024-08-28 7:00,7
SPB-42500,안장,광진구,2024-08-14 10:21,10
SPB-42515,단말기,강남구,2024-08-20 19:21,19
SPB-42515,타이어 ,서초구,2024-08-23 9:19,9
SPB-42523,타이어 ,강서구,2024-08-21 21:25,21
SPB-42524,타이어 ,강북구,2024-08-23 14:35,14
SPB-42525,기타 ,동작구,2024-08-01 21:19,21
SPB-42532,체인,강서구,2024-08-13 21:29,21
SPB-42544,기타 ,성동구,2024-08-21 17:37,17
SPB-42546,안장,종로구,2024-08-02 19:23,19
SPB-42549,기타 ,은평구,2024-08-26 5:58,5
SPB-42549,체인,성동구,2024-08-30 22:04,22
SPB-42550,안장,노원구,2024-08-20 9:22,9
SPB-42555,기타 ,동대문구,2024-08-26 17:58,17
SPB-42561,타이어 ,송파구,2024-08-25 11:23,11
SPB-42564,기타 ,영등포구,2024-08-08 17:13,17
SPB-42573,체인,송파구,2024-08-04 19:54,19
SPB-42576,타이어 ,서대문구,2024-08-06 19:04,19
SPB-42576,기타 ,관악구,2024-08-15 8:49,8
SPB-42579,체인,성북구,2024-08-23 23:35,23
SPB-42584,타이어 ,동작구,2024-08-30 5:57,5
SPB-42588,체인,금천구,2024-08-10 23:23,23
SPB-42588,체인,강서구,2024-08-17 13:13,13
SPB-42591,타이어 ,종로구,2024-08-12 15:45,15
SPB-42591,타이어 ,종로구,2024-08-13 7:08,7
SPB-42595,체인,광진구,2024-08-29 14:57,14
SPB-42596,기타 ,용산구,2024-08-28 23:29,23
SPB-42602,단말기,강서구,2024-08-08 19:17,19
SPB-42611,안장,마포구,2024-08-08 10:45,10
SPB-42613,체인,양천구,2024-08-26 9:44,9
SPB-42616,체인,중구,2024-08-15 21:18,21
SPB-42616,타이어 ,종로구,2024-08-18 11:30,11
SPB-42616,체인,금천구,2024-08-22 8:23,8
SPB-42624,체인,강북구,2024-08-24 20:52,20
SPB-42632,체인,강서구,2024-08-01 19:29,19
SPB-42639,체인,양천구,2024-08-29 21:38,21
SPB-42643,체인,구로구,2024-08-26 20:39,20
SPB-42645,기타 ,강서구,2024-08-12 18:34,18
SPB-42647,체인,노원구,2024-08-11 9:23,9
SPB-42649,체인,노원구,2024-08-01 7:47,7
SPB-42650,체인,중구,2024-08-31 10:57,10
SPB-42665,페달,강남구,2024-08-19 8:48,8
SPB-42667,페달,도봉구,2024-08-03 21:48,21
SPB-42667,체인,마포구,2024-08-09 17:12,17
SPB-42668,타이어 ,강서구,2024-08-05 18:50,18
SPB-42668,안장,강서구,2024-08-07 23:20,23
SPB-42668,타이어 ,용산구,2024-08-30 8:02,8
SPB-42669,타이어 ,관악구,2024-08-18 18:41,18
SPB-42671,체인,송파구,2024-08-11 22:07,22
SPB-42676,타이어 ,노원구,2024-08-18 7:51,7
SPB-42677,타이어 ,강서구,2024-08-01 17:06,17
SPB-42682,타이어 ,송파구,2024-08-05 7:38,7
SPB-42682,체인,송파구,2024-08-14 19:25,19
SPB-42682,안장,광진구,2024-08-23 23:57,23
SPB-42684,기타 ,양천구,2024-08-14 19:31,19
SPB-42685,기타 ,은평구,2024-08-03 8:27,8
SPB-42685,기타 ,광진구,2024-08-23 17:14,17
SPB-42686,체인,양천구,2024-08-03 9:21,9
SPB-42691,체인,강서구,2024-08-06 9:30,9
SPB-42691,체인,강서구,2024-08-08 9:06,9
SPB-42692,체인,중랑구,2024-08-05 18:34,18
SPB-42696,체인,광진구,2024-08-17 16:45,16
SPB-42698,안장,송파구,2024-08-06 7:50,7
SPB-42698,안장,서초구,2024-08-30 18:37,18
SPB-42703,타이어 ,중랑구,2024-08-30 20:01,20
SPB-42704,타이어 ,강서구,2024-08-26 21:44,21
SPB-42704,타이어 ,강동구,2024-08-31 22:28,22
SPB-42710,체인,마포구,2024-08-02 6:30,6
SPB-42710,안장,마포구,2024-08-13 10:05,10
SPB-42713,기타 ,강북구,2024-08-28 19:55,19
SPB-42721,기타 ,종로구,2024-08-09 20:24,20
SPB-42723,타이어 ,강서구,2024-08-08 19:38,19
SPB-42724,타이어 ,강서구,2024-08-18 0:46,0
SPB-42725,타이어 ,도봉구,2024-08-09 17:32,17
SPB-42726,안장,강동구,2024-08-06 23:27,23
SPB-42731,체인,강북구,2024-08-26 18:02,18
SPB-42734,타이어 ,종로구,2024-08-13 18:28,18
SPB-42735,타이어 ,성북구,2024-08-16 18:14,18
SPB-42742,체인,강남구,2024-08-19 8:11,8
SPB-42744,안장,강남구,2024-08-05 9:38,9
SPB-42744,안장,강동구,2024-08-10 15:16,15
SPB-42745,타이어 ,강남구,2024-08-08 18:40,18
SPB-42746,체인,마포구,2024-08-14 20:25,20
SPB-42746,타이어 ,강남구,2024-08-28 21:23,21
SPB-42747,안장,강서구,2024-08-01 18:47,18
SPB-42750,타이어 ,송파구,2024-08-14 8:21,8
SPB-42773,안장,동작구,2024-08-07 6:45,6
SPB-42780,안장,중랑구,2024-08-26 22:22,22
SPB-42790,안장,마포구,2024-08-01 8:50,8
SPB-42790,체인,성동구,2024-08-08 17:17,17
SPB-42790,체인,송파구,2024-08-18 17:36,17
SPB-42790,페달,송파구,2024-08-21 23:42,23
SPB-42793,안장,성동구,2024-08-01 17:44,17
SPB-42796,타이어 ,영등포구,2024-08-28 8:10,8
SPB-42804,페달,성북구,2024-08-02 17:16,17
SPB-42804,체인,노원구,2024-08-08 19:06,19
SPB-42804,체인,노원구,2024-08-09 13:14,13
SPB-42804,체인,노원구,2024-08-09 19:27,19
SPB-42808,타이어 ,금천구,2024-08-29 20:40,20
SPB-42816,페달,서초구,2024-08-11 18:10,18
SPB-42817,안장,구로구,2024-08-21 19:54,19
SPB-42820,안장,송파구,2024-08-09 17:37,17
SPB-42822,체인,중구,2024-08-16 8:41,8
SPB-42823,타이어 ,영등포구,2024-08-29 9:37,9
SPB-42830,타이어 ,강동구,2024-08-17 10:46,10
SPB-42831,페달,양천구,2024-08-12 18:29,18
SPB-42832,체인,성동구,2024-08-05 18:29,18
SPB-42837,기타 ,서초구,2024-08-16 22:22,22
SPB-42837,체인,강동구,2024-08-18 17:55,17
SPB-42837,기타 ,서초구,2024-08-26 11:44,11
SPB-42838,페달,강서구,2024-08-08 18:54,18
SPB-42838,타이어 ,강서구,2024-08-12 8:12,8
SPB-42838,체인,강서구,2024-08-14 19:28,19
SPB-42842,타이어 ,강서구,2024-08-08 8:55,8
SPB-42857,안장,광진구,2024-08-14 19:02,19
SPB-42858,타이어 ,성북구,2024-08-04 15:19,15
SPB-42861,체인,동작구,2024-08-30 20:27,20
SPB-42863,페달,양천구,2024-08-30 20:04,20
SPB-42867,타이어 ,강서구,2024-08-15 9:49,9
SPB-42868,체인,서초구,2024-08-02 12:41,12
SPB-42868,체인,서초구,2024-08-02 18:47,18
SPB-42875,기타 ,마포구,2024-08-27 20:34,20
SPB-42882,체인,송파구,2024-08-13 21:29,21
SPB-42882,페달,송파구,2024-08-14 16:38,16
SPB-42882,체인,송파구,2024-08-16 21:40,21
SPB-42898,기타 ,서대문구,2024-08-18 14:01,14
SPB-42903,안장,종로구,2024-08-10 9:09,9
SPB-42903,안장,용산구,2024-08-12 20:43,20
SPB-42905,체인,영등포구,2024-08-23 8:16,8
SPB-42909,안장,영등포구,2024-08-16 17:28,17
SPB-42916,단말기,광진구,2024-08-26 14:49,14
SPB-42919,체인,마포구,2024-08-08 18:32,18
SPB-42919,기타 ,양천구,2024-08-18 23:19,23
SPB-42920,타이어 ,영등포구,2024-08-05 9:00,9
SPB-42920,안장,동대문구,2024-08-11 18:49,18
SPB-42925,체인,송파구,2024-08-02 8:13,8
SPB-42925,기타 ,송파구,2024-08-11 22:46,22
SPB-42930,체인,양천구,2024-08-19 21:25,21
SPB-42930,체인,영등포구,2024-08-29 7:47,7
SPB-42931,타이어 ,송파구,2024-08-27 21:32,21
SPB-42932,체인,노원구,2024-08-12 21:46,21
SPB-42936,기타 ,송파구,2024-08-13 10:41,10
SPB-42941,타이어 ,구로구,2024-08-28 8:35,8
SPB-42946,타이어 ,노원구,2024-08-05 16:03,16
SPB-42948,기타 ,금천구,2024-08-16 8:10,8
SPB-42949,기타 ,강동구,2024-08-10 9:03,9
SPB-42954,체인,은평구,2024-08-17 14:10,14
SPB-42957,기타 ,중구,2024-08-14 6:17,6
SPB-42957,기타 ,은평구,2024-08-30 20:10,20
SPB-42958,페달,강서구,2024-08-02 21:01,21
SPB-42961,체인,송파구,2024-08-30 14:20,14
SPB-42962,페달,서초구,2024-08-28 22:09,22
SPB-42962,체인,서초구,2024-08-29 17:51,17
SPB-42966,체인,강서구,2024-08-07 7:58,7
SPB-42969,기타 ,도봉구,2024-08-05 18:35,18
SPB-42973,기타 ,마포구,2024-08-15 18:03,18
SPB-42973,기타 ,도봉구,2024-08-21 20:12,20
SPB-42978,페달,송파구,2024-08-07 16:30,16
SPB-42978,안장,서초구,2024-08-31 0:48,0
SPB-42985,타이어 ,중랑구,2024-08-10 6:06,6
SPB-42987,타이어 ,강남구,2024-08-19 15:06,15
SPB-42987,체인,송파구,2024-08-20 18:42,18
SPB-42987,타이어 ,송파구,2024-08-21 17:53,17
SPB-42987,단말기,서초구,2024-08-22 22:17,22
SPB-42987,체인,서초구,2024-08-24 21:46,21
SPB-42988,페달,성북구,2024-08-05 16:18,16
SPB-42993,체인,송파구,2024-08-30 17:18,17
SPB-42994,체인,양천구,2024-08-02 13:07,13
SPB-42994,체인,양천구,2024-08-04 8:33,8
SPB-42994,페달,양천구,2024-08-09 11:29,11
SPB-42994,체인,강서구,2024-08-16 16:52,16
SPB-42994,체인,강서구,2024-08-16 23:35,23
SPB-42999,체인,강서구,2024-08-30 8:36,8
SPB-43004,체인,양천구,2024-08-18 23:12,23
SPB-43009,페달,강서구,2024-08-05 18:50,18
SPB-43009,체인,영등포구,2024-08-17 18:11,18
SPB-43011,체인,서대문구,2024-08-25 9:26,9
SPB-43018,기타 ,강서구,2024-08-27 17:06,17
SPB-43018,기타 ,강서구,2024-08-29 22:16,22
SPB-43020,체인,동대문구,2024-08-24 19:10,19
SPB-43024,안장,영등포구,2024-08-27 6:09,6
SPB-43028,타이어 ,도봉구,2024-08-29 22:43,22
SPB-43031,체인,광진구,2024-08-24 12:17,12
SPB-43032,타이어 ,은평구,2024-08-30 5:54,5
SPB-43033,기타 ,영등포구,2024-08-07 21:05,21
SPB-43035,체인,마포구,2024-08-15 14:19,14
SPB-43040,타이어 ,송파구,2024-08-26 18:59,18
SPB-43040,타이어 ,송파구,2024-08-27 17:21,17
SPB-43042,기타 ,양천구,2024-08-30 20:47,20
SPB-43043,체인,관악구,2024-08-09 1:01,1
SPB-43043,체인,구로구,2024-08-13 9:47,9
SPB-43044,타이어 ,노원구,2024-08-24 15:54,15
SPB-43050,체인,구로구,2024-08-23 20:41,20
SPB-43051,안장,영등포구,2024-08-05 19:44,19
SPB-43055,체인,강서구,2024-08-06 18:41,18
SPB-43055,체인,강서구,2024-08-08 9:04,9
SPB-43055,기타 ,강서구,2024-08-09 21:13,21
SPB-43055,기타 ,강서구,2024-08-12 7:33,7
SPB-43055,체인,강서구,2024-08-13 17:48,17
SPB-43059,타이어 ,강서구,2024-08-07 16:43,16
SPB-43060,타이어 ,광진구,2024-08-31 14:49,14
SPB-43068,안장,강남구,2024-08-05 7:41,7
SPB-43068,안장,강동구,2024-08-28 13:32,13
SPB-43069,타이어 ,구로구,2024-08-20 15:59,15
SPB-43070,안장,강서구,2024-08-10 3:12,3
SPB-43071,체인,서대문구,2024-08-13 15:34,15
SPB-43072,체인,강서구,2024-08-26 19:24,19
SPB-43075,타이어 ,강남구,2024-08-05 18:20,18
SPB-43078,타이어 ,노원구,2024-08-01 21:54,21
SPB-43079,안장,강서구,2024-08-19 18:21,18
SPB-43100,안장,영등포구,2024-08-05 18:10,18
SPB-43110,기타 ,송파구,2024-08-09 17:59,17
SPB-43118,페달,영등포구,2024-08-07 16:42,16
SPB-43118,체인,마포구,2024-08-16 21:36,21
SPB-43120,기타 ,성북구,2024-08-06 20:05,20
SPB-43123,체인,용산구,2024-08-27 20:52,20
SPB-43125,타이어 ,마포구,2024-08-27 21:25,21
SPB-43130,기타 ,은평구,2024-08-30 8:00,8
SPB-43133,안장,구로구,2024-08-01 10:20,10
SPB-43134,기타 ,구로구,2024-08-16 17:49,17
SPB-43134,안장,영등포구,2024-08-23 18:51,18
SPB-43135,체인,서초구,2024-08-13 7:54,7
SPB-43136,페달,용산구,2024-08-05 13:20,13
SPB-43140,안장,양천구,2024-08-13 22:14,22
SPB-43140,안장,구로구,2024-08-27 15:36,15
SPB-43142,기타 ,강서구,2024-08-22 21:37,21
SPB-43146,기타 ,마포구,2024-08-14 9:48,9
SPB-43148,체인,은평구,2024-08-23 8:05,8
SPB-43150,기타 ,구로구,2024-08-06 11:05,11
SPB-43151,타이어 ,강서구,2024-08-04 1:01,1
SPB-43152,안장,종로구,2024-08-16 10:53,10
SPB-43161,안장,영등포구,2024-08-23 21:39,21
SPB-43166,체인,종로구,2024-08-27 11:24,11
SPB-43167,체인,양천구,2024-08-28 22:57,22
SPB-43170,단말기,용산구,2024-08-20 10:09,10
SPB-43173,체인,강서구,2024-08-02 11:01,11
SPB-43173,체인,강서구,2024-08-04 21:55,21
SPB-43173,체인,구로구,2024-08-13 23:01,23
SPB-43175,체인,강남구,2024-08-12 18:23,18
SPB-43176,안장,용산구,2024-08-17 22:56,22
SPB-43190,기타 ,양천구,2024-08-02 15:08,15
SPB-43191,기타 ,서대문구,2024-08-06 13:43,13
SPB-43193,안장,마포구,2024-08-03 11:55,11
SPB-43193,타이어 ,종로구,2024-08-23 17:08,17
SPB-43198,기타 ,노원구,2024-08-19 17:37,17
SPB-43199,체인,서대문구,2024-08-09 15:32,15
SPB-43215,안장,서초구,2024-08-01 6:48,6
SPB-43220,기타 ,도봉구,2024-08-11 11:13,11
SPB-43222,안장,중랑구,2024-08-10 9:50,9
SPB-43227,안장,강서구,2024-08-30 8:42,8
SPB-43239,타이어 ,영등포구,2024-08-21 15:19,15
SPB-43241,체인,서대문구,2024-08-03 18:58,18
SPB-43242,체인,은평구,2024-08-07 19:06,19
SPB-43242,안장,양천구,2024-08-29 14:33,14
SPB-43247,기타 ,양천구,2024-08-09 21:39,21
SPB-43250,페달,서초구,2024-08-27 15:16,15
SPB-43251,페달,영등포구,2024-08-07 21:59,21
SPB-43254,페달,송파구,2024-08-01 8:29,8
SPB-43260,기타 ,금천구,2024-08-08 11:53,11
SPB-43264,안장,마포구,2024-08-16 18:30,18
SPB-43275,타이어 ,영등포구,2024-08-29 21:14,21
SPB-43275,타이어 ,영등포구,2024-08-30 19:13,19
SPB-43285,체인,강서구,2024-08-07 20:32,20
SPB-43296,타이어 ,강서구,2024-08-24 16:11,16
SPB-43300,페달,성동구,2024-08-16 8:38,8
SPB-43302,체인,마포구,2024-08-25 2:45,2
SPB-43305,안장,마포구,2024-08-25 21:46,21
SPB-43319,체인,서대문구,2024-08-02 18:51,18
SPB-43326,타이어 ,성북구,2024-08-29 8:05,8
SPB-43327,기타 ,강서구,2024-08-08 16:32,16
SPB-43329,안장,서초구,2024-08-04 20:08,20
SPB-43333,안장,서초구,2024-08-11 20:01,20
SPB-43335,타이어 ,강동구,2024-08-13 8:16,8
SPB-43336,체인,강서구,2024-08-03 20:06,20
SPB-43336,체인,강서구,2024-08-05 22:10,22
SPB-43336,체인,강서구,2024-08-06 21:26,21
SPB-43336,체인,강서구,2024-08-10 7:45,7
SPB-43338,타이어 ,광진구,2024-08-30 7:08,7
SPB-43345,단말기,송파구,2024-08-14 20:26,20
SPB-43345,체인,성동구,2024-08-28 21:53,21
SPB-43354,기타 ,성동구,2024-08-15 21:37,21
SPB-43360,기타 ,구로구,2024-08-21 23:33,23
SPB-43369,기타 ,강북구,2024-08-18 12:24,12
SPB-43369,기타 ,도봉구,2024-08-24 15:07,15
SPB-43373,단말기,마포구,2024-08-14 17:02,17
SPB-43376,타이어 ,동대문구,2024-08-22 19:31,19
SPB-43378,안장,양천구,2024-08-01 9:35,9
SPB-43378,안장,마포구,2024-08-24 21:03,21
SPB-43382,체인,중랑구,2024-08-10 1:58,1
SPB-43385,안장,서초구,2024-08-09 10:23,10
SPB-43386,기타 ,중구,2024-08-30 17:42,17
SPB-43391,타이어 ,강남구,2024-08-20 23:48,23
SPB-43394,체인,서초구,2024-08-02 19:36,19
SPB-43394,체인,영등포구,2024-08-15 11:38,11
SPB-43394,체인,양천구,2024-08-17 15:12,15
SPB-43394,체인,관악구,2024-08-24 6:58,6
SPB-43408,기타 ,양천구,2024-08-01 10:18,10
SPB-43409,타이어 ,성동구,2024-08-02 10:18,10
SPB-43411,기타 ,송파구,2024-08-24 16:05,16
SPB-43412,페달,강서구,2024-08-01 22:09,22
SPB-43413,체인,영등포구,2024-08-05 21:03,21
SPB-43414,페달,관악구,2024-08-08 16:55,16
SPB-43414,페달,영등포구,2024-08-11 4:56,4
SPB-43415,페달,성동구,2024-08-03 13:05,13
SPB-43433,타이어 ,양천구,2024-08-07 20:07,20
SPB-43437,타이어 ,중구,2024-08-06 20:26,20
SPB-43437,안장,송파구,2024-08-27 22:07,22
SPB-43438,안장,강서구,2024-08-18 17:28,17
SPB-43440,기타 ,마포구,2024-08-16 17:35,17
SPB-43448,페달,마포구,2024-08-29 19:30,19
SPB-43451,체인,강서구,2024-08-20 18:20,18
SPB-43454,페달,강북구,2024-08-10 15:59,15
SPB-43457,기타 ,중구,2024-08-22 9:45,9
SPB-43469,안장,노원구,2024-08-30 20:17,20
SPB-43476,타이어 ,성동구,2024-08-29 8:46,8
SPB-43480,타이어 ,영등포구,2024-08-08 6:46,6
SPB-43480,기타 ,서대문구,2024-08-20 19:19,19
SPB-43491,타이어 ,양천구,2024-08-28 20:22,20
SPB-43506,체인,광진구,2024-08-20 12:55,12
SPB-43508,타이어 ,양천구,2024-08-21 10:59,10
SPB-43508,타이어 ,양천구,2024-08-25 15:50,15
SPB-43510,체인,노원구,2024-08-18 11:42,11
SPB-43512,기타 ,금천구,2024-08-18 17:18,17
SPB-43512,기타 ,은평구,2024-08-30 14:14,14
SPB-43521,타이어 ,강서구,2024-08-08 0:20,0
SPB-43524,체인,중랑구,2024-08-02 8:08,8
SPB-43525,체인,송파구,2024-08-23 22:05,22
SPB-43528,체인,은평구,2024-08-18 5:49,5
SPB-43531,기타 ,영등포구,2024-08-23 16:22,16
SPB-43535,안장,강서구,2024-08-07 7:10,7
SPB-43538,기타 ,강동구,2024-08-20 18:01,18
SPB-43538,타이어 ,강남구,2024-08-29 22:04,22
SPB-43539,기타 ,도봉구,2024-08-18 10:07,10
SPB-43540,안장,종로구,2024-08-26 17:35,17
SPB-43547,안장,노원구,2024-08-28 7:29,7
SPB-43550,타이어 ,구로구,2024-08-09 20:54,20
SPB-43552,체인,양천구,2024-08-22 8:09,8
SPB-43552,체인,노원구,2024-08-28 6:58,6
SPB-43556,안장,강서구,2024-08-01 18:16,18
SPB-43558,체인,영등포구,2024-08-20 18:42,18
SPB-43560,타이어 ,종로구,2024-08-08 18:33,18
SPB-43565,기타 ,용산구,2024-08-12 15:29,15
SPB-43565,체인,영등포구,2024-08-19 23:31,23
SPB-43569,안장,금천구,2024-08-21 16:47,16
SPB-43572,타이어 ,영등포구,2024-08-26 20:15,20
SPB-43577,체인,관악구,2024-08-11 18:16,18
SPB-43577,체인,관악구,2024-08-12 21:11,21
SPB-43577,체인,구로구,2024-08-16 10:31,10
SPB-43578,타이어 ,강동구,2024-08-31 10:01,10
SPB-43580,단말기,동대문구,2024-08-22 7:37,7
SPB-43589,기타 ,송파구,2024-08-13 19:32,19
SPB-43594,타이어 ,강서구,2024-08-14 2:31,2
SPB-43596,체인,양천구,2024-08-29 11:56,11
SPB-43601,페달,송파구,2024-08-14 17:58,17
SPB-43613,체인,마포구,2024-08-31 20:09,20
SPB-43615,타이어 ,중랑구,2024-08-09 16:22,16
SPB-43623,타이어 ,노원구,2024-08-30 7:25,7
SPB-43624,체인,도봉구,2024-08-18 1:51,1
SPB-43632,체인,강남구,2024-08-28 0:17,0
SPB-43635,페달,성동구,2024-08-01 18:05,18
SPB-43642,기타 ,구로구,2024-08-09 18:35,18
SPB-43643,체인,양천구,2024-08-12 22:12,22
SPB-43644,타이어 ,동대문구,2024-08-23 11:47,11
SPB-43647,체인,중랑구,2024-08-06 18:37,18
SPB-43648,페달,양천구,2024-08-11 4:43,4
SPB-43650,기타 ,은평구,2024-08-30 0:52,0
SPB-43654,기타 ,광진구,2024-08-17 20:02,20
SPB-43658,안장,중랑구,2024-08-29 12:02,12
SPB-43661,기타 ,도봉구,2024-08-28 21:14,21
SPB-43665,체인,성동구,2024-08-05 22:15,22
SPB-43668,체인,성동구,2024-08-19 7:06,7
SPB-43669,기타 ,동작구,2024-08-19 21:08,21
SPB-43672,체인,강남구,2024-08-13 11:03,11
SPB-43679,페달,동대문구,2024-08-01 8:35,8
SPB-43679,안장,동대문구,2024-08-19 17:47,17
SPB-43680,안장,강남구,2024-08-14 15:02,15
SPB-43685,기타 ,광진구,2024-08-08 9:30,9
SPB-43686,안장,광진구,2024-08-10 19:40,19
SPB-43691,타이어 ,도봉구,2024-08-31 9:45,9
SPB-43694,타이어 ,관악구,2024-08-19 14:09,14
SPB-43696,타이어 ,중구,2024-08-20 18:40,18
SPB-43698,안장,은평구,2024-08-31 18:35,18
SPB-43704,기타 ,송파구,2024-08-19 19:14,19
SPB-43715,안장,강서구,2024-08-03 23:55,23
SPB-43715,체인,강서구,2024-08-16 5:38,5
SPB-43715,체인,강서구,2024-08-22 19:30,19
SPB-43715,체인,금천구,2024-08-29 20:07,20
SPB-43721,기타 ,서대문구,2024-08-31 23:27,23
SPB-43725,안장,성동구,2024-08-30 14:15,14
SPB-43727,페달,용산구,2024-08-15 20:23,20
SPB-43727,기타 ,영등포구,2024-08-30 8:51,8
SPB-43731,타이어 ,송파구,2024-08-13 20:07,20
SPB-43744,기타 ,송파구,2024-08-25 21:24,21
SPB-43747,타이어 ,노원구,2024-08-12 18:40,18
SPB-43755,타이어 ,광진구,2024-08-02 6:21,6
SPB-43755,페달,송파구,2024-08-29 19:33,19
SPB-43760,기타 ,강동구,2024-08-07 13:46,13
SPB-43763,체인,노원구,2024-08-28 7:41,7
SPB-43767,체인,광진구,2024-08-10 6:29,6
SPB-43768,체인,금천구,2024-08-21 18:12,18
SPB-43770,안장,송파구,2024-08-27 17:51,17
SPB-43774,타이어 ,송파구,2024-08-30 21:42,21
SPB-43782,단말기,강남구,2024-08-03 9:30,9
SPB-43785,기타 ,영등포구,2024-08-14 17:25,17
SPB-43785,기타 ,영등포구,2024-08-15 18:15,18
SPB-43793,체인,영등포구,2024-08-17 12:31,12
SPB-43796,기타 ,은평구,2024-08-12 0:30,0
SPB-43797,체인,강남구,2024-08-20 21:23,21
SPB-43808,체인,구로구,2024-08-27 7:59,7
SPB-43811,체인,양천구,2024-08-29 19:08,19
SPB-43813,타이어 ,영등포구,2024-08-25 17:15,17
SPB-43817,기타 ,용산구,2024-08-16 18:16,18
SPB-43821,체인,송파구,2024-08-06 18:38,18
SPB-43821,체인,송파구,2024-08-08 17:48,17
SPB-43821,타이어 ,송파구,2024-08-20 9:00,9
SPB-43822,페달,중랑구,2024-08-22 4:18,4
SPB-43823,안장,송파구,2024-08-12 16:45,16
SPB-43828,기타 ,동작구,2024-08-06 22:18,22
SPB-43834,타이어 ,용산구,2024-08-30 15:24,15
SPB-43840,기타 ,동작구,2024-08-11 8:46,8
SPB-43847,페달,동대문구,2024-08-31 7:34,7
SPB-43849,기타 ,성동구,2024-08-20 12:19,12
SPB-43851,기타 ,강서구,2024-08-02 17:34,17
SPB-43852,체인,서초구,2024-08-28 21:36,21
SPB-43852,체인,서초구,2024-08-29 17:27,17
SPB-43857,체인,중랑구,2024-08-06 19:24,19
SPB-43862,체인,강동구,2024-08-16 3:57,3
SPB-43862,체인,송파구,2024-08-23 8:45,8
SPB-43862,체인,송파구,2024-08-31 7:07,7
SPB-43864,안장,구로구,2024-08-25 15:03,15
SPB-43865,페달,송파구,2024-08-04 10:05,10
SPB-43873,타이어 ,성북구,2024-08-05 15:47,15
SPB-43880,체인,구로구,2024-08-16 7:48,7
SPB-43881,안장,금천구,2024-08-13 20:18,20
SPB-43885,타이어 ,마포구,2024-08-01 11:08,11
SPB-43887,페달,도봉구,2024-08-30 20:48,20
SPB-43889,기타 ,영등포구,2024-08-12 8:28,8
SPB-43895,체인,강서구,2024-08-02 23:24,23
SPB-43896,타이어 ,강서구,2024-08-15 11:01,11
SPB-43900,체인,영등포구,2024-08-24 16:44,16
SPB-43901,페달,용산구,2024-08-04 0:07,0
SPB-43904,체인,서초구,2024-08-29 20:27,20
SPB-43905,체인,송파구,2024-08-04 22:04,22
SPB-43905,체인,서초구,2024-08-09 22:59,22
SPB-43905,체인,은평구,2024-08-24 5:40,5
SPB-43905,체인,은평구,2024-08-28 17:02,17
SPB-43908,기타 ,강동구,2024-08-29 19:58,19
SPB-43910,체인,중구,2024-08-31 19:39,19
SPB-43925,단말기,양천구,2024-08-27 13:20,13
SPB-43928,체인,강남구,2024-08-10 22:14,22
SPB-43928,체인,송파구,2024-08-12 9:24,9
SPB-43928,체인,광진구,2024-08-16 19:48,19
SPB-43933,타이어 ,중랑구,2024-08-04 8:43,8
SPB-43933,기타 ,양천구,2024-08-10 21:34,21
SPB-43934,기타 ,강서구,2024-08-26 17:24,17
SPB-43935,체인,은평구,2024-08-20 22:43,22
SPB-43938,안장,관악구,2024-08-08 20:44,20
SPB-43938,기타 ,서초구,2024-08-14 14:17,14
SPB-43939,체인,금천구,2024-08-18 21:07,21
SPB-43939,체인,은평구,2024-08-31 15:11,15
SPB-43944,안장,송파구,2024-08-20 19:57,19
SPB-43948,체인,구로구,2024-08-16 14:11,14
SPB-43950,체인,노원구,2024-08-27 19:57,19
SPB-43954,기타 ,서대문구,2024-08-08 19:54,19
SPB-43956,안장,송파구,2024-08-07 22:13,22
SPB-43978,기타 ,성동구,2024-08-30 8:26,8
SPB-43979,체인,금천구,2024-08-18 0:44,0
SPB-43982,체인,마포구,2024-08-12 14:06,14
SPB-43987,체인,금천구,2024-08-17 15:33,15
SPB-43989,안장,영등포구,2024-08-30 18:47,18
SPB-43997,체인,구로구,2024-08-28 11:49,11
SPB-43999,안장,성북구,2024-08-05 21:22,21
SPB-43999,타이어 ,성북구,2024-08-12 20:35,20
SPB-44003,체인,양천구,2024-08-06 19:12,19
SPB-44005,체인,노원구,2024-08-06 18:09,18
SPB-44006,기타 ,강서구,2024-08-02 11:04,11
SPB-44009,타이어 ,강서구,2024-08-08 18:08,18
SPB-44022,단말기,노원구,2024-08-15 7:29,7
SPB-44024,체인,송파구,2024-08-10 21:14,21
SPB-44024,기타 ,중구,2024-08-29 6:38,6
SPB-44029,체인,성북구,2024-08-16 10:38,10
SPB-44029,타이어 ,마포구,2024-08-21 19:34,19
SPB-44030,타이어 ,양천구,2024-08-06 18:42,18
SPB-44032,안장,양천구,2024-08-31 12:33,12
SPB-44035,타이어 ,도봉구,2024-08-04 20:55,20
SPB-44038,안장,종로구,2024-08-05 8:31,8
SPB-44038,안장,동대문구,2024-08-08 20:48,20
SPB-44041,기타 ,구로구,2024-08-30 9:22,9
SPB-44045,타이어 ,영등포구,2024-08-17 19:12,19
SPB-44050,기타 ,강동구,2024-08-15 19:55,19
SPB-44053,체인,구로구,2024-08-06 12:03,12
SPB-44053,체인,관악구,2024-08-28 9:22,9
SPB-44060,기타 ,서초구,2024-08-07 19:31,19
SPB-44069,안장,강동구,2024-08-07 0:51,0
SPB-44070,페달,성북구,2024-08-24 0:16,0
SPB-44072,체인,중구,2024-08-31 13:53,13
SPB-44076,체인,성동구,2024-08-26 8:28,8
SPB-44078,체인,강서구,2024-08-22 7:59,7
SPB-44078,체인,서초구,2024-08-26 23:02,23
SPB-44078,체인,송파구,2024-08-28 22:25,22
SPB-44078,체인,성동구,2024-08-30 19:17,19
SPB-44085,기타 ,강서구,2024-08-31 23:58,23
SPB-44105,체인,관악구,2024-08-08 22:51,22
SPB-44106,기타 ,서대문구,2024-08-14 19:07,19
SPB-44108,체인,영등포구,2024-08-15 15:20,15
SPB-44108,체인,구로구,2024-08-17 13:29,13
SPB-44115,타이어 ,노원구,2024-08-20 22:39,22
SPB-44119,안장,중구,2024-08-04 19:55,19
SPB-44120,안장,양천구,2024-08-20 19:29,19
SPB-44129,안장,양천구,2024-08-24 9:57,9
SPB-44130,체인,성동구,2024-08-30 10:29,10
SPB-44133,안장,강서구,2024-08-31 9:16,9
SPB-44137,타이어 ,마포구,2024-08-13 19:22,19
SPB-44145,안장,마포구,2024-08-08 18:33,18
SPB-44145,안장,마포구,2024-08-26 8:58,8
SPB-44147,타이어 ,송파구,2024-08-07 18:04,18
SPB-44154,타이어 ,관악구,2024-08-19 20:52,20
SPB-44156,체인,영등포구,2024-08-06 23:33,23
SPB-44160,페달,송파구,2024-08-16 11:09,11
SPB-44160,체인,송파구,2024-08-18 14:42,14
SPB-44160,체인,강남구,2024-08-23 5:06,5
SPB-44161,체인,강동구,2024-08-30 19:08,19
SPB-44164,타이어 ,영등포구,2024-08-01 16:54,16
SPB-44165,체인,영등포구,2024-08-05 0:13,0
SPB-44165,체인,영등포구,2024-08-10 18:38,18
SPB-44165,체인,양천구,2024-08-15 22:05,22
SPB-44167,안장,양천구,2024-08-12 19:39,19
SPB-44175,기타 ,서대문구,2024-08-16 23:14,23
SPB-44177,체인,성북구,2024-08-04 19:18,19
SPB-44177,체인,강서구,2024-08-15 22:11,22
SPB-44177,기타 ,강서구,2024-08-31 16:55,16
SPB-44178,체인,양천구,2024-08-15 10:36,10
SPB-44178,타이어 ,영등포구,2024-08-28 18:19,18
SPB-44179,타이어 ,송파구,2024-08-30 18:17,18
SPB-44182,안장,서초구,2024-08-11 22:04,22
SPB-44183,체인,강동구,2024-08-02 8:47,8
SPB-44183,체인,강남구,2024-08-07 8:46,8
SPB-44183,체인,송파구,2024-08-11 15:39,15
SPB-44183,체인,중랑구,2024-08-31 8:16,8
SPB-44186,타이어 ,용산구,2024-08-06 0:00,0
SPB-44187,체인,노원구,2024-08-27 18:58,18
SPB-44190,체인,은평구,2024-08-07 21:07,21
SPB-44196,단말기,송파구,2024-08-14 21:40,21
SPB-44196,단말기,성동구,2024-08-29 23:34,23
SPB-44201,체인,강동구,2024-08-31 7:00,7
SPB-44202,체인,성동구,2024-08-29 8:53,8
SPB-44204,페달,은평구,2024-08-06 15:10,15
SPB-44204,페달,영등포구,2024-08-29 22:46,22
SPB-44207,기타 ,용산구,2024-08-04 1:52,1
SPB-44207,타이어 ,영등포구,2024-08-14 19:02,19
SPB-44208,체인,서초구,2024-08-14 8:59,8
SPB-44209,체인,성동구,2024-08-06 20:41,20
SPB-44211,타이어 ,강서구,2024-08-09 7:52,7
SPB-44212,안장,광진구,2024-08-08 12:49,12
SPB-44213,체인,관악구,2024-08-24 4:37,4
SPB-44227,타이어 ,양천구,2024-08-16 10:40,10
SPB-44228,안장,서초구,2024-08-25 15:35,15
SPB-44237,타이어 ,양천구,2024-08-25 18:34,18
SPB-44238,안장,마포구,2024-08-08 23:26,23
SPB-44240,페달,강서구,2024-08-25 4:42,4
SPB-44242,체인,노원구,2024-08-17 8:09,8
SPB-44243,타이어 ,강남구,2024-08-19 8:14,8
SPB-44244,페달,강서구,2024-08-12 1:43,1
SPB-44245,단말기,영등포구,2024-08-18 17:39,17
SPB-44249,체인,마포구,2024-08-17 16:16,16
SPB-44249,체인,영등포구,2024-08-19 22:33,22
SPB-44251,체인,강서구,2024-08-01 19:43,19
SPB-44251,체인,영등포구,2024-08-09 20:03,20
SPB-44252,체인,송파구,2024-08-13 17:24,17
SPB-44252,체인,송파구,2024-08-23 20:45,20
SPB-44252,체인,송파구,2024-08-28 7:20,7
SPB-44253,체인,서초구,2024-08-29 9:25,9
SPB-44256,체인,강동구,2024-08-04 21:05,21
SPB-44256,체인,송파구,2024-08-14 16:20,16
SPB-44261,체인,영등포구,2024-08-06 9:55,9
SPB-44261,체인,강서구,2024-08-16 13:39,13
SPB-44265,안장,용산구,2024-08-26 21:58,21
SPB-44270,체인,노원구,2024-08-03 20:01,20
SPB-44270,체인,노원구,2024-08-03 21:01,21
SPB-44270,체인,중랑구,2024-08-09 15:51,15
SPB-44271,체인,노원구,2024-08-24 13:28,13
SPB-44272,체인,강서구,2024-08-28 23:41,23
SPB-44276,체인,강서구,2024-08-19 8:54,8
SPB-44277,안장,구로구,2024-08-27 20:21,20
SPB-44278,타이어 ,강서구,2024-08-25 13:31,13
SPB-44279,안장,중구,2024-08-09 8:23,8
SPB-44282,단말기,동작구,2024-08-14 18:44,18
SPB-44288,페달,강북구,2024-08-06 12:18,12
SPB-44289,체인,노원구,2024-08-12 8:24,8
SPB-44289,체인,광진구,2024-08-15 23:16,23
SPB-44292,기타 ,마포구,2024-08-25 17:21,17
SPB-44293,체인,양천구,2024-08-07 8:08,8
SPB-44293,체인,양천구,2024-08-08 21:59,21
SPB-44293,체인,영등포구,2024-08-17 14:37,14
SPB-44293,체인,영등포구,2024-08-18 10:01,10
SPB-44293,체인,구로구,2024-08-23 13:45,13
SPB-44293,체인,금천구,2024-08-29 20:27,20
SPB-44295,타이어 ,서대문구,2024-08-20 11:55,11
SPB-44307,타이어 ,강서구,2024-08-08 18:13,18
SPB-44307,체인,강서구,2024-08-09 18:23,18
SPB-44307,체인,강서구,2024-08-12 2:03,2
SPB-44310,페달,송파구,2024-08-28 14:37,14
SPB-44311,체인,영등포구,2024-08-03 16:00,16
SPB-44319,기타 ,금천구,2024-08-31 21:36,21
SPB-44324,안장,광진구,2024-08-14 6:45,6
SPB-44329,기타 ,송파구,2024-08-24 9:45,9
SPB-44331,타이어 ,양천구,2024-08-16 18:18,18
SPB-44341,타이어 ,관악구,2024-08-11 18:40,18
SPB-44346,페달,동대문구,2024-08-03 1:12,1
SPB-44350,안장,강동구,2024-08-16 9:56,9
SPB-44357,타이어 ,중랑구,2024-08-01 21:08,21
SPB-44367,단말기,강동구,2024-08-07 7:49,7
SPB-44373,타이어 ,송파구,2024-08-06 14:58,14
SPB-44377,타이어 ,동대문구,2024-08-17 10:11,10
SPB-44378,체인,서대문구,2024-08-13 1:03,1
SPB-44386,기타 ,영등포구,2024-08-11 14:40,14
SPB-44386,단말기,광진구,2024-08-29 22:04,22
SPB-44389,페달,광진구,2024-08-09 21:32,21
SPB-44389,기타 ,마포구,2024-08-30 21:47,21
SPB-44397,체인,서초구,2024-08-03 10:57,10
SPB-44397,단말기,강동구,2024-08-07 7:51,7
SPB-44397,페달,송파구,2024-08-07 18:01,18
SPB-44397,체인,송파구,2024-08-08 17:07,17
SPB-44397,체인,중랑구,2024-08-18 15:13,15
SPB-44398,체인,서초구,2024-08-09 18:10,18
SPB-44403,체인,강서구,2024-08-11 21:27,21
SPB-44403,체인,강서구,2024-08-19 6:29,6
SPB-44405,타이어 ,관악구,2024-08-13 22:34,22
SPB-44405,체인,관악구,2024-08-15 18:00,18
SPB-44405,체인,영등포구,2024-08-17 13:26,13
SPB-44405,체인,종로구,2024-08-29 13:32,13
SPB-44407,체인,노원구,2024-08-20 7:02,7
SPB-44414,체인,중구,2024-08-23 11:38,11
SPB-44415,안장,송파구,2024-08-05 18:35,18
SPB-44415,안장,성북구,2024-08-19 18:48,18
SPB-44422,기타 ,동대문구,2024-08-07 8:28,8
SPB-44422,기타 ,중구,2024-08-12 17:52,17
SPB-44423,페달,강동구,2024-08-20 15:21,15
SPB-44429,페달,관악구,2024-08-07 19:35,19
SPB-44430,안장,마포구,2024-08-03 11:22,11
SPB-44431,체인,마포구,2024-08-26 18:05,18
SPB-44435,단말기,관악구,2024-08-02 10:46,10
SPB-44444,타이어 ,동대문구,2024-08-16 9:46,9
SPB-44444,체인,강동구,2024-08-22 20:00,20
SPB-44444,체인,광진구,2024-08-24 17:18,17
SPB-44444,체인,광진구,2024-08-25 23:10,23
SPB-44445,기타 ,금천구,2024-08-02 21:25,21
SPB-44445,타이어 ,금천구,2024-08-12 17:59,17
SPB-44447,체인,양천구,2024-08-05 6:55,6
SPB-44448,체인,동작구,2024-08-07 8:29,8
SPB-44448,체인,노원구,2024-08-13 7:03,7
SPB-44449,기타 ,양천구,2024-08-22 18:10,18
SPB-44463,체인,영등포구,2024-08-01 21:54,21
SPB-44463,체인,동작구,2024-08-08 18:20,18
SPB-44463,체인,관악구,2024-08-12 16:24,16
SPB-44463,페달,송파구,2024-08-30 14:48,14
SPB-44468,타이어 ,중구,2024-08-07 16:12,16
SPB-44476,체인,양천구,2024-08-01 17:24,17
SPB-44478,타이어 ,중랑구,2024-08-19 8:45,8
SPB-44488,체인,중구,2024-08-02 19:11,19
SPB-44488,페달,노원구,2024-08-08 13:23,13
SPB-44488,체인,광진구,2024-08-31 22:12,22
SPB-44506,기타 ,종로구,2024-08-15 16:44,16
SPB-44513,타이어 ,영등포구,2024-08-23 16:44,16
SPB-44516,체인,강동구,2024-08-27 23:11,23
SPB-44517,체인,영등포구,2024-08-21 1:03,1
SPB-44517,체인,구로구,2024-08-25 19:02,19
SPB-44526,체인,강서구,2024-08-08 19:26,19
SPB-44526,체인,구로구,2024-08-25 18:04,18
SPB-44528,체인,송파구,2024-08-29 7:38,7
SPB-44530,기타 ,성동구,2024-08-10 22:37,22
SPB-44544,페달,동대문구,2024-08-13 7:44,7
SPB-44544,기타 ,종로구,2024-08-22 15:14,15
SPB-44544,체인,광진구,2024-08-31 13:35,13
SPB-44551,타이어 ,광진구,2024-08-26 18:29,18
SPB-44551,기타 ,동대문구,2024-08-31 7:14,7
SPB-44552,안장,강동구,2024-08-25 22:02,22
SPB-44553,체인,관악구,2024-08-04 21:21,21
SPB-44553,체인,양천구,2024-08-11 14:14,14
SPB-44553,체인,양천구,2024-08-13 8:05,8
SPB-44553,체인,동작구,2024-08-24 15:28,15
SPB-44553,페달,영등포구,2024-08-28 5:45,5
SPB-44553,페달,영등포구,2024-08-29 7:39,7
SPB-44556,체인,도봉구,2024-08-26 18:39,18
SPB-44556,타이어 ,노원구,2024-08-28 17:30,17
SPB-44561,안장,영등포구,2024-08-08 0:26,0
SPB-44562,체인,영등포구,2024-08-09 18:03,18
SPB-44562,체인,관악구,2024-08-10 19:52,19
SPB-44562,타이어 ,구로구,2024-08-14 8:16,8
SPB-44565,안장,영등포구,2024-08-01 14:03,14
SPB-44570,체인,마포구,2024-08-01 11:18,11
SPB-44577,체인,송파구,2024-08-26 18:48,18
SPB-44577,타이어 ,송파구,2024-08-27 20:36,20
SPB-44580,페달,마포구,2024-08-06 12:39,12
SPB-44580,안장,마포구,2024-08-12 11:44,11
SPB-44584,체인,영등포구,2024-08-14 7:23,7
SPB-44584,페달,영등포구,2024-08-20 13:40,13
SPB-44584,체인,영등포구,2024-08-20 18:34,18
SPB-44584,체인,구로구,2024-08-22 6:35,6
SPB-44588,타이어 ,성동구,2024-08-11 19:08,19
SPB-44588,타이어 ,중랑구,2024-08-30 18:27,18
SPB-44589,체인,양천구,2024-08-25 17:24,17
SPB-44591,체인,서대문구,2024-08-29 18:13,18
SPB-44592,체인,서초구,2024-08-05 21:30,21
SPB-44592,체인,서초구,2024-08-07 22:31,22
SPB-44592,체인,강남구,2024-08-09 7:57,7
SPB-44592,체인,강남구,2024-08-10 17:03,17
SPB-44592,체인,강남구,2024-08-16 8:55,8
SPB-44592,체인,노원구,2024-08-23 15:50,15
SPB-44592,체인,강북구,2024-08-24 0:00,0
SPB-44592,체인,강북구,2024-08-24 15:57,15
SPB-44592,체인,노원구,2024-08-29 21:11,21
SPB-44597,페달,성동구,2024-08-02 19:32,19
SPB-44600,안장,영등포구,2024-08-19 20:03,20
SPB-44606,타이어 ,구로구,2024-08-30 20:52,20
SPB-44609,타이어 ,동대문구,2024-08-19 18:44,18
SPB-44610,체인,송파구,2024-08-26 21:33,21
SPB-44618,기타 ,양천구,2024-08-25 9:47,9
SPB-44620,타이어 ,중구,2024-08-19 8:23,8
SPB-44621,안장,성동구,2024-08-31 21:37,21
SPB-44623,단말기,금천구,2024-08-03 21:37,21
SPB-44628,페달,영등포구,2024-08-27 21:55,21
SPB-44640,타이어 ,양천구,2024-08-16 11:11,11
SPB-44641,안장,성동구,2024-08-16 21:39,21
SPB-44644,체인,금천구,2024-08-30 8:33,8
SPB-44645,체인,송파구,2024-08-04 12:51,12
SPB-44653,체인,강서구,2024-08-22 18:18,18
SPB-44655,체인,노원구,2024-08-19 8:01,8
SPB-44661,체인,광진구,2024-08-08 7:59,7
SPB-44661,체인,광진구,2024-08-08 21:03,21
SPB-44662,안장,영등포구,2024-08-19 19:13,19
SPB-44663,체인,양천구,2024-08-26 18:35,18
SPB-44667,안장,강서구,2024-08-29 4:29,4
SPB-44672,기타 ,서대문구,2024-08-06 22:03,22
SPB-44673,기타 ,강동구,2024-08-20 17:11,17
SPB-44680,안장,마포구,2024-08-09 19:43,19
SPB-44688,안장,영등포구,2024-08-15 23:33,23
SPB-44688,안장,노원구,2024-08-30 19:07,19
SPB-44689,기타 ,서대문구,2024-08-26 16:05,16
SPB-44690,체인,양천구,2024-08-26 20:48,20
SPB-44690,안장,영등포구,2024-08-29 9:06,9
SPB-44693,타이어 ,마포구,2024-08-23 17:21,17
SPB-44702,단말기,도봉구,2024-08-21 0:22,0
SPB-44704,체인,양천구,2024-08-07 7:45,7
SPB-44705,안장,관악구,2024-08-03 14:39,14
SPB-44706,타이어 ,은평구,2024-08-05 10:13,10
SPB-44706,체인,서초구,2024-08-17 13:31,13
SPB-44717,기타 ,종로구,2024-08-09 13:11,13
SPB-44717,기타 ,중랑구,2024-08-16 10:53,10
SPB-44721,기타 ,강서구,2024-08-07 20:18,20
SPB-44724,기타 ,강서구,2024-08-28 19:07,19
SPB-44729,체인,송파구,2024-08-26 14:04,14
SPB-44729,체인,강동구,2024-08-31 16:51,16
SPB-44731,안장,동대문구,2024-08-09 0:01,0
SPB-44734,체인,구로구,2024-08-19 12:51,12
SPB-44748,안장,강동구,2024-08-31 11:30,11
SPB-44752,페달,도봉구,2024-08-17 18:39,18
SPB-44756,체인,양천구,2024-08-01 19:38,19
SPB-44763,체인,노원구,2024-08-30 18:11,18
SPB-44764,체인,동작구,2024-08-31 9:03,9
SPB-44766,기타 ,강서구,2024-08-18 20:10,20
SPB-44769,타이어 ,성동구,2024-08-02 8:31,8
SPB-44776,체인,동대문구,2024-08-09 9:01,9
SPB-44778,체인,동대문구,2024-08-13 21:18,21
SPB-44778,체인,성북구,2024-08-24 18:18,18
SPB-44778,체인,강동구,2024-08-29 13:57,13
SPB-44779,타이어 ,서초구,2024-08-02 9:44,9
SPB-44783,기타 ,중랑구,2024-08-03 19:51,19
SPB-44788,체인,종로구,2024-08-01 21:24,21
SPB-44788,체인,노원구,2024-08-12 11:57,11
SPB-44789,체인,마포구,2024-08-06 18:15,18
SPB-44789,체인,마포구,2024-08-06 19:34,19
SPB-44794,안장,성동구,2024-08-18 12:59,12
SPB-44798,타이어 ,영등포구,2024-08-01 21:58,21
SPB-44800,체인,송파구,2024-08-03 14:13,14
SPB-44803,페달,성북구,2024-08-03 12:52,12
SPB-44803,체인,성북구,2024-08-03 16:03,16
SPB-44808,타이어 ,서대문구,2024-08-27 19:30,19
SPB-44821,안장,은평구,2024-08-09 8:21,8
SPB-44832,기타 ,중구,2024-08-13 17:54,17
SPB-44832,기타 ,중구,2024-08-14 11:42,11
SPB-44833,기타 ,중랑구,2024-08-30 19:49,19
SPB-44839,타이어 ,용산구,2024-08-11 19:14,19
SPB-44843,단말기,영등포구,2024-08-02 9:15,9
SPB-44855,체인,영등포구,2024-08-07 15:24,15
SPB-44858,페달,동대문구,2024-08-29 18:25,18
SPB-44859,체인,강서구,2024-08-01 20:03,20
SPB-44859,체인,마포구,2024-08-12 8:28,8
SPB-44865,단말기,영등포구,2024-08-25 14:52,14
SPB-44867,체인,강동구,2024-08-12 19:27,19
SPB-44869,체인,강동구,2024-08-05 19:44,19
SPB-44869,체인,송파구,2024-08-11 7:35,7
SPB-44869,체인,양천구,2024-08-24 12:17,12
SPB-44882,타이어 ,송파구,2024-08-15 10:14,10
SPB-44883,페달,관악구,2024-08-06 12:14,12
SPB-44883,체인,관악구,2024-08-07 22:14,22
SPB-44883,체인,노원구,2024-08-17 19:04,19
SPB-44889,체인,강서구,2024-08-12 17:53,17
SPB-44889,기타 ,강서구,2024-08-27 19:53,19
SPB-44891,타이어 ,금천구,2024-08-26 17:46,17
SPB-44894,체인,종로구,2024-08-07 9:46,9
SPB-44894,체인,은평구,2024-08-14 15:19,15
SPB-44894,체인,은평구,2024-08-14 23:13,23
SPB-44902,체인,중랑구,2024-08-22 8:46,8
SPB-44903,안장,송파구,2024-08-16 14:19,14
SPB-44910,페달,마포구,2024-08-16 16:02,16
SPB-44912,안장,동작구,2024-08-30 21:08,21
SPB-44912,안장,동작구,2024-08-31 17:55,17
SPB-44915,체인,강동구,2024-08-15 19:22,19
SPB-44917,기타 ,종로구,2024-08-25 17:55,17
SPB-44917,기타 ,중구,2024-08-26 11:04,11
SPB-44917,타이어 ,강남구,2024-08-30 3:09,3
SPB-44930,기타 ,구로구,2024-08-11 20:42,20
SPB-44930,체인,영등포구,2024-08-23 8:40,8
SPB-44930,체인,용산구,2024-08-23 21:39,21
SPB-44930,체인,금천구,2024-08-27 17:51,17
SPB-44930,체인,관악구,2024-08-31 9:56,9
SPB-44944,체인,광진구,2024-08-02 10:32,10
SPB-44944,체인,광진구,2024-08-02 18:13,18
SPB-44954,안장,금천구,2024-08-28 7:58,7
SPB-44960,체인,양천구,2024-08-30 0:19,0
SPB-44964,단말기,관악구,2024-08-19 19:29,19
SPB-44975,안장,금천구,2024-08-27 22:35,22
SPB-44976,타이어 ,송파구,2024-08-08 11:07,11
SPB-44977,체인,강남구,2024-08-02 18:20,18
SPB-44978,기타 ,송파구,2024-08-29 6:33,6
SPB-44990,기타 ,강서구,2024-08-29 19:02,19
SPB-44991,기타 ,양천구,2024-08-13 10:09,10
SPB-44992,단말기,양천구,2024-08-13 0:09,0
SPB-44994,타이어 ,구로구,2024-08-26 0:56,0
SPB-44997,단말기,송파구,2024-08-08 13:13,13
SPB-44998,기타 ,노원구,2024-08-08 7:03,7
SPB-45010,안장,동대문구,2024-08-29 17:30,17
SPB-45017,체인,관악구,2024-08-09 21:26,21
SPB-45018,타이어 ,강동구,2024-08-16 18:43,18
SPB-45018,안장,강동구,2024-08-30 16:21,16
SPB-45019,기타 ,서초구,2024-08-13 20:49,20
SPB-45022,체인,강서구,2024-08-29 17:23,17
SPB-45033,안장,중구,2024-08-20 18:30,18
SPB-45033,체인,도봉구,2024-08-30 19:13,19
SPB-45038,타이어 ,성동구,2024-08-09 16:18,16
SPB-45044,안장,구로구,2024-08-26 12:05,12
SPB-45048,기타 ,강남구,2024-08-15 18:50,18
SPB-45052,체인,영등포구,2024-08-19 7:34,7
SPB-45052,체인,영등포구,2024-08-28 11:40,11
SPB-45057,안장,송파구,2024-08-01 9:23,9
SPB-45060,체인,마포구,2024-08-13 12:30,12
SPB-45061,타이어 ,광진구,2024-08-16 19:13,19
SPB-45065,체인,강동구,2024-08-29 14:22,14
SPB-45066,안장,강남구,2024-08-09 19:52,19
SPB-45076,기타 ,은평구,2024-08-08 8:23,8
SPB-45082,타이어 ,동대문구,2024-08-06 19:22,19
SPB-45084,기타 ,관악구,2024-08-12 20:40,20
SPB-45088,기타 ,강서구,2024-08-23 18:55,18
SPB-45089,타이어 ,중랑구,2024-08-27 5:58,5
SPB-45092,타이어 ,금천구,2024-08-01 8:09,8
SPB-45092,페달,영등포구,2024-08-12 13:38,13
SPB-45102,단말기,구로구,2024-08-05 14:34,14
SPB-45102,단말기,은평구,2024-08-12 11:40,11
SPB-45103,단말기,강동구,2024-08-05 8:06,8
SPB-45104,체인,중구,2024-08-25 11:46,11
SPB-45104,체인,종로구,2024-08-29 19:54,19
SPB-45104,체인,성북구,2024-08-30 17:40,17
SPB-45107,안장,성동구,2024-08-29 8:44,8
SPB-45109,체인,광진구,2024-08-28 22:28,22
SPB-45112,타이어 ,동작구,2024-08-01 23:01,23
SPB-45113,타이어 ,도봉구,2024-08-24 10:38,10
SPB-45132,타이어 ,중구,2024-08-12 16:54,16
SPB-45132,체인,노원구,2024-08-19 15:15,15
SPB-45136,단말기,영등포구,2024-08-12 21:35,21
SPB-45136,단말기,금천구,2024-08-17 19:46,19
SPB-45156,안장,양천구,2024-08-23 7:55,7
SPB-45159,체인,송파구,2024-08-01 17:57,17
SPB-45160,기타 ,성동구,2024-08-01 19:30,19
SPB-45171,기타 ,종로구,2024-08-08 23:28,23
SPB-45176,기타 ,성동구,2024-08-14 17:33,17
SPB-45176,안장,노원구,2024-08-30 19:14,19
SPB-45178,타이어 ,송파구,2024-08-26 0:20,0
SPB-45182,체인,양천구,2024-08-31 20:29,20
SPB-45184,타이어 ,구로구,2024-08-03 8:36,8
SPB-45185,타이어 ,강동구,2024-08-02 19:23,19
SPB-45187,체인,양천구,2024-08-07 21:56,21
SPB-45189,단말기,강동구,2024-08-01 21:04,21
SPB-45190,타이어 ,종로구,2024-08-20 8:26,8
SPB-45193,타이어 ,노원구,2024-08-28 16:16,16
SPB-45194,타이어 ,강남구,2024-08-18 16:36,16
SPB-45200,기타 ,용산구,2024-08-07 21:19,21
SPB-45217,체인,동대문구,2024-08-19 16:08,16
SPB-45217,체인,강북구,2024-08-28 20:20,20
SPB-45219,페달,노원구,2024-08-24 15:45,15
SPB-45224,체인,양천구,2024-08-04 13:36,13
SPB-45224,체인,송파구,2024-08-15 8:24,8
SPB-45228,체인,영등포구,2024-08-19 23:09,23
SPB-45229,기타 ,영등포구,2024-08-26 15:50,15
SPB-45230,타이어 ,송파구,2024-08-01 17:08,17
SPB-45236,페달,강남구,2024-08-02 20:55,20
SPB-45240,페달,금천구,2024-08-22 18:58,18
SPB-45252,기타 ,마포구,2024-08-11 18:33,18
SPB-45256,체인,광진구,2024-08-23 18:22,18
SPB-45257,기타 ,서초구,2024-08-06 18:37,18
SPB-45264,기타 ,강남구,2024-08-16 15:33,15
SPB-45265,기타 ,동작구,2024-08-29 9:46,9
SPB-45269,체인,종로구,2024-08-08 22:54,22
SPB-45270,체인,송파구,2024-08-30 21:23,21
SPB-45274,안장,송파구,2024-08-22 8:40,8
SPB-45285,기타 ,동대문구,2024-08-12 13:34,13
SPB-45290,체인,중구,2024-08-12 8:36,8
SPB-45290,페달,종로구,2024-08-20 9:47,9
SPB-45293,안장,도봉구,2024-08-19 8:27,8
SPB-45307,타이어 ,서초구,2024-08-05 9:47,9
SPB-45308,체인,양천구,2024-08-06 7:27,7
SPB-45311,타이어 ,영등포구,2024-08-27 22:02,22
SPB-45316,체인,영등포구,2024-08-12 8:46,8
SPB-45319,안장,송파구,2024-08-05 7:47,7
SPB-45325,타이어 ,광진구,2024-08-16 8:46,8
SPB-45326,페달,노원구,2024-08-19 8:26,8
SPB-45328,체인,양천구,2024-08-26 8:41,8
SPB-45336,타이어 ,구로구,2024-08-27 22:49,22
SPB-45338,타이어 ,은평구,2024-08-14 17:11,17
SPB-45338,타이어 ,서대문구,2024-08-14 18:54,18
SPB-45342,페달,마포구,2024-08-13 8:59,8
SPB-45343,안장,동대문구,2024-08-24 9:57,9
SPB-45347,체인,마포구,2024-08-28 19:35,19
SPB-45363,안장,영등포구,2024-08-28 11:45,11
SPB-45365,체인,서초구,2024-08-19 9:22,9
SPB-45365,체인,서초구,2024-08-23 15:33,15
SPB-45366,체인,양천구,2024-08-16 23:19,23
SPB-45367,타이어 ,서초구,2024-08-12 23:26,23
SPB-45368,안장,송파구,2024-08-06 19:23,19
SPB-45371,안장,서초구,2024-08-11 10:50,10
SPB-45376,체인,구로구,2024-08-04 22:38,22
SPB-45382,안장,은평구,2024-08-06 12:24,12
SPB-45382,기타 ,양천구,2024-08-23 18:34,18
SPB-45386,체인,양천구,2024-08-06 20:20,20
SPB-45394,체인,중구,2024-08-14 15:31,15
SPB-45394,기타 ,동대문구,2024-08-14 16:09,16
SPB-45394,안장,성동구,2024-08-31 23:16,23
SPB-45395,체인,강서구,2024-08-13 8:36,8
SPB-45403,안장,송파구,2024-08-27 14:44,14
SPB-45406,안장,동대문구,2024-08-29 10:47,10
SPB-45408,기타 ,노원구,2024-08-12 22:20,22
SPB-45410,타이어 ,도봉구,2024-08-15 8:06,8
SPB-45410,타이어 ,도봉구,2024-08-19 17:47,17
SPB-45418,안장,금천구,2024-08-01 8:43,8
SPB-45424,타이어 ,강서구,2024-08-24 11:19,11
SPB-45431,안장,마포구,2024-08-29 20:26,20
SPB-45442,기타 ,성북구,2024-08-20 15:25,15
SPB-45446,체인,종로구,2024-08-19 18:15,18
SPB-45446,타이어 ,중구,2024-08-26 22:46,22
SPB-45448,안장,마포구,2024-08-13 15:27,15
SPB-45454,체인,광진구,2024-08-01 21:47,21
SPB-45463,안장,광진구,2024-08-14 20:33,20
SPB-45463,안장,광진구,2024-08-24 10:19,10
SPB-45463,안장,광진구,2024-08-31 9:17,9
SPB-45470,페달,종로구,2024-08-04 20:59,20
SPB-45470,체인,종로구,2024-08-05 15:50,15
SPB-45470,체인,종로구,2024-08-09 10:38,10
SPB-45477,페달,강북구,2024-08-14 16:49,16
SPB-45477,체인,광진구,2024-08-29 20:40,20
SPB-45477,체인,송파구,2024-08-31 1:43,1
SPB-45484,체인,노원구,2024-08-03 21:57,21
SPB-45484,체인,강서구,2024-08-13 19:11,19
SPB-45484,체인,강서구,2024-08-26 7:41,7
SPB-45484,체인,강서구,2024-08-26 12:17,12
SPB-45489,체인,중구,2024-08-09 20:40,20
SPB-45489,체인,종로구,2024-08-14 8:47,8
SPB-45492,안장,중구,2024-08-05 20:57,20
SPB-45492,안장,서대문구,2024-08-15 22:15,22
SPB-45494,타이어 ,강서구,2024-08-22 8:08,8
SPB-45494,체인,강서구,2024-08-29 8:14,8
SPB-45502,기타 ,은평구,2024-08-15 17:48,17
SPB-45505,단말기,도봉구,2024-08-30 16:29,16
SPB-45518,체인,강서구,2024-08-10 11:37,11
SPB-45522,체인,강서구,2024-08-03 17:47,17
SPB-45525,안장,서대문구,2024-08-29 9:29,9
SPB-45529,안장,송파구,2024-08-01 10:27,10
SPB-45539,기타 ,용산구,2024-08-28 20:19,20
SPB-45551,타이어 ,도봉구,2024-08-29 14:18,14
SPB-45553,타이어 ,성북구,2024-08-08 19:32,19
SPB-45553,타이어 ,구로구,2024-08-13 10:40,10
SPB-45556,타이어 ,중구,2024-08-27 18:20,18
SPB-45557,체인,동대문구,2024-08-01 19:02,19
SPB-45557,기타 ,서초구,2024-08-14 18:44,18
SPB-45557,체인,서초구,2024-08-15 21:33,21
SPB-45560,페달,도봉구,2024-08-27 23:12,23
SPB-45563,페달,서초구,2024-08-09 19:35,19
SPB-45571,체인,영등포구,2024-08-26 22:18,22
SPB-45572,기타 ,노원구,2024-08-12 20:02,20
SPB-45572,기타 ,성동구,2024-08-16 20:15,20
SPB-45579,안장,성동구,2024-08-25 6:52,6
SPB-45582,안장,송파구,2024-08-27 18:20,18
SPB-45584,체인,노원구,2024-08-15 14:50,14
SPB-45587,체인,송파구,2024-08-06 12:15,12
SPB-45587,기타 ,송파구,2024-08-15 18:54,18
SPB-45599,타이어 ,송파구,2024-08-30 16:58,16
SPB-45608,안장,송파구,2024-08-25 11:33,11
SPB-45616,단말기,종로구,2024-08-28 20:44,20
SPB-45620,안장,노원구,2024-08-17 10:52,10
SPB-45626,타이어 ,양천구,2024-08-13 4:54,4
SPB-45635,체인,동작구,2024-08-07 9:02,9
SPB-45635,체인,서대문구,2024-08-08 19:53,19
SPB-45635,체인,강서구,2024-08-10 8:36,8
SPB-45642,체인,광진구,2024-08-10 19:47,19
SPB-45645,체인,강동구,2024-08-09 19:18,19
SPB-45645,체인,강동구,2024-08-13 19:17,19
SPB-45650,기타 ,관악구,2024-08-29 10:46,10
SPB-45658,타이어 ,강북구,2024-08-02 18:08,18
SPB-45661,안장,강서구,2024-08-22 9:58,9
SPB-45663,기타 ,서초구,2024-08-31 21:34,21
SPB-45665,기타 ,은평구,2024-08-13 18:58,18
SPB-45668,타이어 ,은평구,2024-08-23 12:58,12
SPB-45671,체인,동작구,2024-08-09 21:29,21
SPB-45671,체인,서초구,2024-08-14 20:19,20
SPB-45671,체인,강서구,2024-08-24 9:11,9
SPB-45671,체인,강서구,2024-08-28 6:13,6
SPB-45671,페달,강서구,2024-08-30 23:33,23
SPB-45674,타이어 ,영등포구,2024-08-08 17:05,17
SPB-45677,단말기,송파구,2024-08-26 7:16,7
SPB-45678,타이어 ,용산구,2024-08-29 16:40,16
SPB-45682,안장,성동구,2024-08-19 9:50,9
SPB-45684,페달,강서구,2024-08-27 17:09,17
SPB-45691,안장,강서구,2024-08-07 2:26,2
SPB-45692,기타 ,노원구,2024-08-26 19:09,19
SPB-45693,체인,송파구,2024-08-19 20:52,20
SPB-45702,기타 ,영등포구,2024-08-26 20:06,20
SPB-45707,타이어 ,마포구,2024-08-13 21:58,21
SPB-45710,안장,강동구,2024-08-13 20:39,20
SPB-45722,페달,동작구,2024-08-28 15:20,15
SPB-45723,체인,강서구,2024-08-01 8:44,8
SPB-45723,페달,마포구,2024-08-13 17:03,17
SPB-45724,안장,노원구,2024-08-07 21:08,21
SPB-45724,안장,강북구,2024-08-15 15:48,15
SPB-45724,안장,성북구,2024-08-20 19:59,19
SPB-45724,안장,노원구,2024-08-26 8:00,8
SPB-45729,페달,송파구,2024-08-08 22:16,22
SPB-45729,체인,강동구,2024-08-09 21:52,21
SPB-45729,기타 ,서초구,2024-08-16 18:16,18
SPB-45729,단말기,광진구,2024-08-29 9:32,9
SPB-45733,체인,중랑구,2024-08-07 21:46,21
SPB-45741,타이어 ,노원구,2024-08-01 20:30,20
SPB-45752,단말기,송파구,2024-08-08 12:55,12
SPB-45753,안장,송파구,2024-08-08 13:26,13
SPB-45753,타이어 ,송파구,2024-08-11 7:09,7
SPB-45759,타이어 ,금천구,2024-08-29 21:15,21
SPB-45766,페달,관악구,2024-08-25 2:15,2
SPB-45767,기타 ,양천구,2024-08-20 22:30,22
SPB-45770,타이어 ,중구,2024-08-13 19:34,19
SPB-45771,타이어 ,광진구,2024-08-28 9:14,9
SPB-45774,기타 ,성동구,2024-08-27 15:29,15
SPB-45775,타이어 ,강서구,2024-08-21 18:08,18
SPB-45776,안장,양천구,2024-08-21 14:47,14
SPB-45781,안장,영등포구,2024-08-12 17:33,17
SPB-45784,체인,성동구,2024-08-10 8:46,8
SPB-45784,체인,강동구,2024-08-26 10:23,10
SPB-45785,체인,양천구,2024-08-09 7:47,7
SPB-45786,페달,동대문구,2024-08-15 9:55,9
SPB-45787,타이어 ,강서구,2024-08-20 22:50,22
SPB-45789,타이어 ,관악구,2024-08-20 8:15,8
SPB-45795,기타 ,송파구,2024-08-01 6:53,6
SPB-45796,페달,서대문구,2024-08-01 18:39,18
SPB-45796,기타 ,서대문구,2024-08-27 22:45,22
SPB-45796,기타 ,강서구,2024-08-30 7:39,7
SPB-45799,타이어 ,강남구,2024-08-08 17:49,17
SPB-45800,안장,성북구,2024-08-11 10:52,10
SPB-45800,안장,종로구,2024-08-20 8:39,8
SPB-45804,기타 ,양천구,2024-08-23 14:19,14
SPB-45810,타이어 ,구로구,2024-08-15 17:53,17
SPB-45815,안장,중구,2024-08-13 9:35,9
SPB-45816,기타 ,은평구,2024-08-20 20:45,20
SPB-45817,안장,송파구,2024-08-23 18:45,18
SPB-45821,단말기,광진구,2024-08-01 19:15,19
SPB-45823,타이어 ,영등포구,2024-08-31 20:28,20
SPB-45824,타이어 ,도봉구,2024-08-05 10:57,10
SPB-45824,체인,노원구,2024-08-30 18:02,18
SPB-45827,타이어 ,성동구,2024-08-20 17:45,17
SPB-45829,기타 ,중구,2024-08-23 18:14,18
SPB-45832,체인,양천구,2024-08-10 10:15,10
SPB-45832,체인,양천구,2024-08-29 17:02,17
SPB-45836,단말기,영등포구,2024-08-07 18:49,18
SPB-45837,기타 ,송파구,2024-08-17 11:50,11
SPB-45837,체인,강동구,2024-08-28 20:55,20
SPB-45840,안장,강동구,2024-08-19 17:33,17
SPB-45842,페달,강서구,2024-08-30 17:09,17
SPB-45843,체인,마포구,2024-08-26 17:28,17
SPB-45850,타이어 ,영등포구,2024-08-29 8:16,8
SPB-45852,안장,강동구,2024-08-12 18:12,18
SPB-45855,체인,송파구,2024-08-23 18:29,18
SPB-45858,기타 ,노원구,2024-08-04 14:56,14
SPB-45858,안장,은평구,2024-08-24 1:35,1
SPB-45861,체인,영등포구,2024-08-02 19:48,19
SPB-45861,기타 ,양천구,2024-08-06 20:25,20
SPB-45861,단말기,은평구,2024-08-29 7:50,7
SPB-45875,기타 ,중랑구,2024-08-07 17:29,17
SPB-45876,체인,강동구,2024-08-18 17:42,17
SPB-45876,체인,양천구,2024-08-23 18:30,18
SPB-45877,안장,도봉구,2024-08-20 14:58,14
SPB-45888,안장,용산구,2024-08-18 21:43,21
SPB-45892,체인,강서구,2024-08-30 7:43,7
SPB-45894,체인,송파구,2024-08-03 23:13,23
SPB-45895,체인,송파구,2024-08-20 18:22,18
SPB-45895,체인,강동구,2024-08-31 20:25,20
SPB-45897,기타 ,도봉구,2024-08-31 14:25,14
SPB-45901,안장,은평구,2024-08-07 12:48,12
SPB-45908,체인,양천구,2024-08-21 18:42,18
SPB-45908,타이어 ,양천구,2024-08-30 7:14,7
SPB-45911,안장,강서구,2024-08-08 17:20,17
SPB-45914,기타 ,양천구,2024-08-07 1:00,1
SPB-45914,안장,영등포구,2024-08-28 21:36,21
SPB-45924,기타 ,송파구,2024-08-13 8:53,8
SPB-45924,타이어 ,강동구,2024-08-19 8:56,8
SPB-45926,안장,영등포구,2024-08-28 19:39,19
SPB-45937,체인,성동구,2024-08-24 0:31,0
SPB-45946,안장,강남구,2024-08-05 11:53,11
SPB-45946,안장,서초구,2024-08-06 21:43,21
SPB-45950,타이어 ,종로구,2024-08-08 13:06,13
SPB-45955,체인,서초구,2024-08-12 5:40,5
SPB-45955,체인,영등포구,2024-08-20 22:16,22
SPB-45956,타이어 ,영등포구,2024-08-06 16:31,16
SPB-45966,기타 ,강서구,2024-08-14 23:45,23
SPB-45968,안장,강동구,2024-08-22 6:52,6
SPB-45969,페달,양천구,2024-08-05 19:11,19
SPB-45969,체인,양천구,2024-08-19 8:11,8
SPB-45974,체인,마포구,2024-08-08 8:04,8
SPB-45981,페달,강북구,2024-08-04 18:15,18
SPB-45984,타이어 ,영등포구,2024-08-24 13:04,13
SPB-45985,페달,관악구,2024-08-10 10:14,10
SPB-45987,페달,동작구,2024-08-29 21:13,21
SPB-45993,체인,서초구,2024-08-13 9:36,9
SPB-45994,체인,송파구,2024-08-25 0:08,0
SPB-45998,타이어 ,강서구,2024-08-18 17:11,17
SPB-46005,기타 ,동대문구,2024-08-01 7:47,7
SPB-46010,타이어 ,마포구,2024-08-01 21:02,21
SPB-46013,체인,강서구,2024-08-09 8:28,8
SPB-46022,기타 ,강동구,2024-08-20 21:47,21
SPB-46025,페달,강서구,2024-08-27 21:39,21
SPB-46029,기타 ,강남구,2024-08-06 8:47,8
SPB-46034,페달,동작구,2024-08-26 20:39,20
SPB-46035,타이어 ,강북구,2024-08-23 13:23,13
SPB-46039,기타 ,강서구,2024-08-16 20:10,20
SPB-46040,기타 ,강동구,2024-08-08 1:36,1
SPB-46041,체인,영등포구,2024-08-05 18:18,18
SPB-46045,기타 ,영등포구,2024-08-22 19:07,19
SPB-46046,타이어 ,강서구,2024-08-29 5:20,5
SPB-46049,체인,노원구,2024-08-30 20:24,20
SPB-46052,안장,동작구,2024-08-16 21:42,21
SPB-46054,기타 ,중랑구,2024-08-04 14:00,14
SPB-46057,기타 ,송파구,2024-08-23 21:48,21
SPB-46064,체인,마포구,2024-08-25 19:39,19
SPB-46065,체인,구로구,2024-08-26 20:29,20
SPB-46067,페달,광진구,2024-08-29 7:44,7
SPB-46069,체인,은평구,2024-08-21 11:26,11
SPB-46071,체인,성북구,2024-08-25 21:28,21
SPB-46072,체인,서대문구,2024-08-11 20:13,20
SPB-46074,안장,강동구,2024-08-12 16:21,16
SPB-46074,안장,광진구,2024-08-24 1:57,1
SPB-46074,안장,광진구,2024-08-30 8:36,8
SPB-46084,기타 ,강남구,2024-08-10 1:37,1
SPB-46085,기타 ,송파구,2024-08-25 10:16,10
SPB-46088,체인,강동구,2024-08-04 11:48,11
SPB-46088,체인,강동구,2024-08-10 0:34,0
SPB-46088,안장,강남구,2024-08-16 8:53,8
SPB-46094,체인,송파구,2024-08-30 23:33,23
SPB-46095,체인,영등포구,2024-08-24 5:46,5
SPB-46095,체인,영등포구,2024-08-26 8:30,8
SPB-46098,안장,송파구,2024-08-09 16:54,16
SPB-46106,타이어 ,송파구,2024-08-01 11:56,11
SPB-46109,안장,노원구,2024-08-27 10:31,10
SPB-46110,안장,동대문구,2024-08-26 8:21,8
SPB-46115,기타 ,영등포구,2024-08-16 20:27,20
SPB-46115,페달,영등포구,2024-08-22 19:42,19
SPB-46116,기타 ,구로구,2024-08-24 11:57,11
SPB-46117,기타 ,광진구,2024-08-16 19:43,19
SPB-46122,타이어 ,중랑구,2024-08-09 1:13,1
SPB-46127,기타 ,강남구,2024-08-16 18:50,18
SPB-46128,타이어 ,중구,2024-08-05 18:11,18
SPB-46135,기타 ,영등포구,2024-08-16 11:47,11
SPB-46138,체인,양천구,2024-08-02 10:57,10
SPB-46138,체인,양천구,2024-08-03 2:12,2
SPB-46140,단말기,서대문구,2024-08-16 15:49,15
SPB-46140,안장,마포구,2024-08-22 19:35,19
SPB-46141,체인,영등포구,2024-08-19 18:37,18
SPB-46144,타이어 ,광진구,2024-08-19 22:10,22
SPB-46145,체인,용산구,2024-08-12 6:16,6
SPB-46150,페달,송파구,2024-08-05 22:02,22
SPB-46150,페달,강남구,2024-08-14 23:34,23
SPB-46150,페달,종로구,2024-08-28 17:04,17
SPB-46150,체인,종로구,2024-08-29 16:16,16
SPB-46151,페달,서초구,2024-08-06 19:16,19
SPB-46156,단말기,구로구,2024-08-05 19:12,19
SPB-46165,단말기,마포구,2024-08-23 0:54,0
SPB-46168,체인,구로구,2024-08-07 7:47,7
SPB-46168,체인,구로구,2024-08-11 1:20,1
SPB-46170,체인,양천구,2024-08-04 10:42,10
SPB-46172,체인,영등포구,2024-08-01 18:21,18
SPB-46177,기타 ,영등포구,2024-08-13 7:42,7
SPB-46183,타이어 ,성동구,2024-08-22 20:03,20
SPB-46188,체인,강남구,2024-08-20 1:44,1
SPB-46191,안장,동작구,2024-08-09 14:28,14
SPB-46191,타이어 ,강서구,2024-08-23 3:02,3
SPB-46198,타이어 ,구로구,2024-08-16 9:31,9
SPB-46199,체인,노원구,2024-08-16 19:26,19
SPB-46208,안장,양천구,2024-08-17 10:44,10
SPB-46209,단말기,송파구,2024-08-08 9:48,9
SPB-46211,안장,구로구,2024-08-29 18:51,18
SPB-46227,체인,송파구,2024-08-18 11:48,11
SPB-46227,체인,서초구,2024-08-26 9:41,9
SPB-46231,안장,송파구,2024-08-19 19:22,19
SPB-46231,안장,송파구,2024-08-19 22:47,22
SPB-46235,체인,송파구,2024-08-30 8:56,8
SPB-46241,기타 ,서대문구,2024-08-06 19:35,19
SPB-46242,타이어 ,영등포구,2024-08-13 8:06,8
SPB-46243,단말기,영등포구,2024-08-22 10:44,10
SPB-46244,안장,송파구,2024-08-19 18:38,18
SPB-46246,타이어 ,서초구,2024-08-26 22:09,22
SPB-46248,체인,중랑구,2024-08-26 7:15,7
SPB-46248,페달,중랑구,2024-08-28 20:27,20
SPB-46250,체인,강동구,2024-08-01 18:56,18
SPB-46250,체인,송파구,2024-08-06 12:58,12
SPB-46250,체인,송파구,2024-08-11 18:34,18
SPB-46250,체인,송파구,2024-08-27 14:00,14
SPB-46274,페달,중랑구,2024-08-30 12:28,12
SPB-46282,기타 ,광진구,2024-08-22 23:14,23
SPB-46286,안장,강동구,2024-08-30 17:02,17
SPB-46287,안장,동작구,2024-08-04 18:27,18
SPB-46287,안장,관악구,2024-08-19 8:22,8
SPB-46298,체인,은평구,2024-08-30 21:06,21
SPB-46299,체인,은평구,2024-08-11 15:37,15
SPB-46299,체인,강서구,2024-08-16 23:55,23
SPB-46299,체인,강서구,2024-08-19 17:39,17
SPB-46305,기타 ,구로구,2024-08-27 18:54,18
SPB-46306,체인,송파구,2024-08-08 18:31,18
SPB-46310,체인,구로구,2024-08-19 21:33,21
SPB-46313,기타 ,강서구,2024-08-13 19:09,19
SPB-46313,타이어 ,강서구,2024-08-26 8:16,8
SPB-46318,페달,도봉구,2024-08-31 20:30,20
SPB-46334,기타 ,종로구,2024-08-21 18:22,18
SPB-46346,안장,영등포구,2024-08-06 19:19,19
SPB-46346,안장,구로구,2024-08-10 1:48,1
SPB-46346,안장,구로구,2024-08-12 23:16,23
SPB-46347,체인,금천구,2024-08-10 16:48,16
SPB-46347,체인,관악구,2024-08-31 12:07,12
SPB-46351,타이어 ,강동구,2024-08-08 18:23,18
SPB-46351,타이어 ,송파구,2024-08-29 17:34,17
SPB-46352,단말기,마포구,2024-08-26 11:54,11
SPB-46353,기타 ,성북구,2024-08-19 20:58,20
SPB-46354,페달,관악구,2024-08-26 20:30,20
SPB-46357,안장,영등포구,2024-08-01 8:44,8
SPB-46364,페달,강동구,2024-08-16 16:14,16
SPB-46364,체인,강동구,2024-08-27 11:16,11
SPB-46369,페달,서대문구,2024-08-04 20:04,20
SPB-46370,체인,성동구,2024-08-13 9:53,9
SPB-46370,타이어 ,송파구,2024-08-29 8:20,8
SPB-46373,기타 ,광진구,2024-08-19 7:57,7
SPB-46374,안장,서대문구,2024-08-14 18:44,18
SPB-46383,타이어 ,강동구,2024-08-12 18:36,18
SPB-46384,안장,송파구,2024-08-02 19:13,19
SPB-46385,안장,구로구,2024-08-23 8:12,8
SPB-46390,타이어 ,노원구,2024-08-07 19:02,19
SPB-46392,단말기,강동구,2024-08-08 18:29,18
SPB-46395,체인,동대문구,2024-08-03 18:32,18
SPB-46395,체인,동대문구,2024-08-12 18:50,18
SPB-46395,체인,광진구,2024-08-15 9:10,9
SPB-46395,페달,서대문구,2024-08-27 21:41,21
SPB-46402,단말기,강남구,2024-08-26 19:40,19
SPB-46408,안장,강서구,2024-08-15 11:13,11
SPB-46412,체인,송파구,2024-08-31 12:57,12
SPB-46430,타이어 ,양천구,2024-08-02 7:54,7
SPB-46435,기타 ,용산구,2024-08-02 17:48,17
SPB-46437,타이어 ,관악구,2024-08-27 3:49,3
SPB-46446,안장,동대문구,2024-08-05 19:06,19
SPB-46456,안장,강남구,2024-08-27 17:02,17
SPB-46464,기타 ,강서구,2024-08-09 5:52,5
SPB-46464,체인,강서구,2024-08-16 19:35,19
SPB-46467,타이어 ,노원구,2024-08-15 18:18,18
SPB-46467,기타 ,영등포구,2024-08-25 18:35,18
SPB-46467,기타 ,양천구,2024-08-29 6:30,6
SPB-46470,체인,도봉구,2024-08-04 18:48,18
SPB-46470,체인,노원구,2024-08-07 18:27,18
SPB-46471,타이어 ,관악구,2024-08-31 21:53,21
SPB-46473,타이어 ,중구,2024-08-02 10:59,10
SPB-46476,체인,서대문구,2024-08-20 18:33,18
SPB-46485,기타 ,강서구,2024-08-25 20:09,20
SPB-46486,안장,종로구,2024-08-09 13:56,13
SPB-46491,기타 ,서초구,2024-08-28 8:58,8
SPB-46493,안장,서초구,2024-08-25 10:55,10
SPB-46494,페달,중구,2024-08-02 18:07,18
SPB-46494,페달,중구,2024-08-02 19:27,19
SPB-46494,페달,마포구,2024-08-08 7:28,7
SPB-46494,페달,마포구,2024-08-08 18:58,18
SPB-46498,타이어 ,양천구,2024-08-26 7:25,7
SPB-46503,타이어 ,노원구,2024-08-16 15:41,15
SPB-46504,타이어 ,중랑구,2024-08-02 16:02,16
SPB-46516,타이어 ,강서구,2024-08-23 8:24,8
SPB-46516,타이어 ,강서구,2024-08-26 12:04,12
SPB-46517,체인,중구,2024-08-20 14:14,14
SPB-46520,단말기,강동구,2024-08-26 19:09,19
SPB-46522,기타 ,마포구,2024-08-25 11:38,11
SPB-46526,기타 ,송파구,2024-08-19 0:28,0
SPB-46528,페달,강서구,2024-08-02 8:19,8
SPB-46530,타이어 ,관악구,2024-08-20 18:20,18
SPB-46535,기타 ,영등포구,2024-08-12 7:50,7
SPB-46537,타이어 ,용산구,2024-08-20 2:59,2
SPB-46538,안장,강서구,2024-08-24 21:37,21
SPB-46539,체인,강서구,2024-08-28 18:19,18
SPB-46543,타이어 ,동대문구,2024-08-20 8:40,8
SPB-46545,안장,노원구,2024-08-10 7:15,7
SPB-46554,타이어 ,중구,2024-08-05 0:55,0
SPB-46554,타이어 ,마포구,2024-08-16 21:53,21
SPB-46565,기타 ,강남구,2024-08-08 20:05,20
SPB-46565,기타 ,중랑구,2024-08-17 20:06,20
SPB-46570,기타 ,서초구,2024-08-23 18:31,18
SPB-46571,체인,강동구,2024-08-13 8:34,8
SPB-46572,안장,영등포구,2024-08-07 9:03,9
SPB-46572,안장,강서구,2024-08-21 22:07,22
SPB-46574,기타 ,영등포구,2024-08-13 8:16,8
SPB-46579,타이어 ,광진구,2024-08-06 12:13,12
SPB-46581,체인,마포구,2024-08-31 0:55,0
SPB-46582,단말기,노원구,2024-08-09 13:34,13
SPB-46582,타이어 ,노원구,2024-08-17 11:14,11
SPB-46589,타이어 ,동작구,2024-08-26 20:58,20
SPB-46595,기타 ,노원구,2024-08-02 19:58,19
SPB-46598,타이어 ,광진구,2024-08-16 16:59,16
SPB-46598,타이어 ,광진구,2024-08-18 16:13,16
SPB-46601,안장,성동구,2024-08-12 8:03,8
SPB-46612,페달,용산구,2024-08-23 21:09,21
SPB-46612,단말기,금천구,2024-08-31 6:42,6
SPB-46614,안장,성동구,2024-08-29 20:26,20
SPB-46622,안장,서대문구,2024-08-29 18:45,18
SPB-46630,안장,송파구,2024-08-19 17:14,17
SPB-46630,기타 ,서초구,2024-08-23 16:59,16
SPB-46630,기타 ,광진구,2024-08-28 19:27,19
SPB-46637,페달,강서구,2024-08-11 17:27,17
SPB-46642,안장,강남구,2024-08-19 19:29,19
SPB-46646,안장,마포구,2024-08-07 7:55,7
SPB-46648,기타 ,강서구,2024-08-07 21:28,21
SPB-46649,체인,강서구,2024-08-29 9:18,9
SPB-46653,페달,노원구,2024-08-22 20:37,20
SPB-46653,페달,노원구,2024-08-30 19:22,19
SPB-46654,타이어 ,강서구,2024-08-20 17:13,17
SPB-46656,기타 ,강서구,2024-08-11 21:23,21
SPB-46659,안장,강서구,2024-08-10 22:28,22
SPB-46674,체인,구로구,2024-08-22 7:01,7
SPB-46674,체인,금천구,2024-08-30 8:29,8
SPB-46676,타이어 ,강동구,2024-08-20 19:56,19
SPB-46680,단말기,강동구,2024-08-25 14:51,14
SPB-46682,체인,성동구,2024-08-17 20:10,20
SPB-46685,체인,광진구,2024-08-04 11:06,11
SPB-46685,안장,강서구,2024-08-30 17:58,17
SPB-46694,타이어 ,관악구,2024-08-06 7:40,7
SPB-46707,체인,성북구,2024-08-09 7:11,7
SPB-46713,타이어 ,도봉구,2024-08-07 18:25,18
SPB-46715,페달,동대문구,2024-08-03 12:39,12
SPB-46717,타이어 ,강남구,2024-08-14 17:16,17
SPB-46720,타이어 ,강서구,2024-08-29 14:21,14
SPB-46726,안장,동대문구,2024-08-24 16:57,16
SPB-46728,안장,송파구,2024-08-07 23:32,23
SPB-46732,체인,서대문구,2024-08-23 14:08,14
SPB-46735,체인,강동구,2024-08-17 14:22,14
SPB-46743,단말기,서대문구,2024-08-12 20:29,20
SPB-46759,타이어 ,강북구,2024-08-12 11:38,11
SPB-46759,안장,도봉구,2024-08-24 19:55,19
SPB-46761,체인,영등포구,2024-08-26 11:41,11
SPB-46774,체인,구로구,2024-08-28 8:21,8
SPB-46778,페달,성북구,2024-08-17 6:36,6
SPB-46787,체인,양천구,2024-08-04 1:45,1
SPB-46787,안장,도봉구,2024-08-20 12:55,12
SPB-46789,체인,중랑구,2024-08-23 8:16,8
SPB-46796,타이어 ,금천구,2024-08-30 9:00,9
SPB-46799,기타 ,동대문구,2024-08-30 18:15,18
SPB-46800,안장,종로구,2024-08-25 3:55,3
SPB-46803,기타 ,마포구,2024-08-20 22:21,22
SPB-46809,체인,중랑구,2024-08-03 7:42,7
SPB-46809,체인,중랑구,2024-08-03 14:45,14
SPB-46813,안장,강남구,2024-08-12 8:08,8
SPB-46813,안장,강남구,2024-08-19 20:23,20
SPB-46815,안장,구로구,2024-08-10 9:17,9
SPB-46815,타이어 ,영등포구,2024-08-22 23:57,23
SPB-46816,체인,송파구,2024-08-12 17:45,17
SPB-46824,안장,강서구,2024-08-07 7:30,7
SPB-46826,타이어 ,영등포구,2024-08-28 14:15,14
SPB-46836,기타 ,강동구,2024-08-10 14:00,14
SPB-46836,페달,송파구,2024-08-30 8:03,8
SPB-46837,기타 ,강동구,2024-08-27 17:44,17
SPB-46839,기타 ,서대문구,2024-08-19 4:37,4
SPB-46840,안장,강북구,2024-08-08 19:42,19
SPB-46845,기타 ,동대문구,2024-08-26 18:14,18
SPB-46846,안장,서초구,2024-08-08 23:57,23
SPB-46852,타이어 ,영등포구,2024-08-28 8:09,8
SPB-46855,타이어 ,노원구,2024-08-28 1:31,1
SPB-46857,안장,동작구,2024-08-31 7:41,7
SPB-46861,안장,영등포구,2024-08-30 13:35,13
SPB-46862,체인,동대문구,2024-08-20 8:08,8
SPB-46862,체인,노원구,2024-08-27 14:35,14
SPB-46868,페달,강서구,2024-08-06 22:32,22
SPB-46870,체인,서초구,2024-08-02 18:15,18
SPB-46870,체인,서초구,2024-08-08 20:22,20
SPB-46870,체인,동작구,2024-08-19 7:23,7
SPB-46872,안장,성동구,2024-08-02 8:15,8
SPB-46873,안장,영등포구,2024-08-27 7:44,7
SPB-46874,기타 ,영등포구,2024-08-14 20:11,20
SPB-46880,타이어 ,강남구,2024-08-01 20:57,20
SPB-46880,기타 ,강동구,2024-08-28 7:53,7
SPB-46890,체인,송파구,2024-08-24 22:52,22
SPB-46890,체인,종로구,2024-08-27 19:17,19
SPB-46892,체인,강남구,2024-08-28 9:48,9
SPB-46897,타이어 ,강동구,2024-08-09 18:48,18
SPB-46897,타이어 ,송파구,2024-08-20 6:50,6
SPB-46902,타이어 ,동작구,2024-08-09 20:40,20
SPB-46906,체인,서대문구,2024-08-01 11:48,11
SPB-46906,체인,영등포구,2024-08-27 20:22,20
SPB-46907,안장,송파구,2024-08-12 7:09,7
SPB-46911,기타 ,강서구,2024-08-23 18:19,18
SPB-46913,타이어 ,송파구,2024-08-21 18:49,18
SPB-46914,체인,마포구,2024-08-06 6:50,6
SPB-46917,타이어 ,강서구,2024-08-14 12:58,12
SPB-46924,안장,강서구,2024-08-15 21:51,21
SPB-46929,안장,양천구,2024-08-14 7:35,7
SPB-46931,체인,송파구,2024-08-01 13:55,13
SPB-46931,페달,송파구,2024-08-01 19:11,19
SPB-46931,기타 ,성동구,2024-08-06 18:32,18
SPB-46931,체인,양천구,2024-08-22 17:32,17
SPB-46931,체인,영등포구,2024-08-25 19:18,19
SPB-46932,체인,강서구,2024-08-07 15:36,15
SPB-46932,체인,강서구,2024-08-13 18:51,18
SPB-46932,체인,강서구,2024-08-28 8:56,8
SPB-46937,체인,강동구,2024-08-29 8:17,8
SPB-46946,타이어 ,종로구,2024-08-01 20:49,20
SPB-46946,체인,노원구,2024-08-28 18:12,18
SPB-46949,타이어 ,중랑구,2024-08-01 21:20,21
SPB-46949,페달,중랑구,2024-08-08 13:57,13
SPB-46955,페달,관악구,2024-08-27 17:41,17
SPB-46958,안장,중랑구,2024-08-16 18:08,18
SPB-46959,단말기,서초구,2024-08-10 23:16,23
SPB-46961,안장,영등포구,2024-08-14 20:51,20
SPB-46972,안장,영등포구,2024-08-20 15:42,15
SPB-46972,안장,영등포구,2024-08-29 14:09,14
SPB-46976,타이어 ,구로구,2024-08-27 11:00,11
SPB-46982,기타 ,동작구,2024-08-06 21:56,21
SPB-46982,체인,동작구,2024-08-07 17:25,17
SPB-46982,체인,구로구,2024-08-11 22:39,22
SPB-46982,체인,구로구,2024-08-17 12:49,12
SPB-46985,타이어 ,영등포구,2024-08-04 12:24,12
SPB-46988,타이어 ,송파구,2024-08-18 18:53,18
SPB-46989,타이어 ,종로구,2024-08-05 6:42,6
SPB-46990,타이어 ,서초구,2024-08-07 7:59,7
SPB-46990,안장,송파구,2024-08-31 22:30,22
SPB-46994,기타 ,중구,2024-08-18 6:55,6
SPB-47001,안장,서대문구,2024-08-09 21:23,21
SPB-47005,체인,마포구,2024-08-20 11:46,11
SPB-47005,체인,동대문구,2024-08-23 20:37,20
SPB-47012,타이어 ,도봉구,2024-08-23 19:45,19
SPB-47016,안장,송파구,2024-08-14 17:11,17
SPB-47023,페달,동작구,2024-08-05 21:34,21
SPB-47023,기타 ,구로구,2024-08-06 20:30,20
SPB-47029,체인,구로구,2024-08-31 22:28,22
SPB-47035,기타 ,강서구,2024-08-06 18:19,18
SPB-47038,체인,성북구,2024-08-14 15:26,15
SPB-47038,체인,마포구,2024-08-18 19:40,19
SPB-47039,체인,강동구,2024-08-26 5:29,5
SPB-47039,체인,성동구,2024-08-30 10:03,10
SPB-47040,안장,서초구,2024-08-24 2:29,2
SPB-47041,기타 ,노원구,2024-08-19 7:41,7
SPB-47049,체인,노원구,2024-08-09 22:30,22
SPB-47051,체인,광진구,2024-08-07 5:28,5
SPB-47054,안장,구로구,2024-08-14 20:18,20
SPB-47063,기타 ,종로구,2024-08-20 22:06,22
SPB-47065,단말기,노원구,2024-08-23 16:49,16
SPB-47077,체인,강북구,2024-08-15 7:25,7
SPB-47080,안장,양천구,2024-08-19 22:34,22
SPB-47086,안장,강동구,2024-08-17 18:17,18
SPB-47087,안장,노원구,2024-08-19 22:54,22
SPB-47088,기타 ,강서구,2024-08-02 7:37,7
SPB-47091,타이어 ,동대문구,2024-08-14 18:54,18
SPB-47096,타이어 ,강서구,2024-08-12 8:47,8
SPB-47104,타이어 ,마포구,2024-08-31 10:13,10
SPB-47112,타이어 ,강동구,2024-08-03 9:08,9
SPB-47116,기타 ,노원구,2024-08-08 23:45,23
SPB-47116,체인,성동구,2024-08-20 17:42,17
SPB-47118,기타 ,광진구,2024-08-10 12:53,12
SPB-47118,기타 ,성동구,2024-08-11 14:09,14
SPB-47126,안장,금천구,2024-08-20 8:46,8
SPB-47129,안장,양천구,2024-08-14 7:07,7
SPB-47134,타이어 ,서초구,2024-08-29 21:54,21
SPB-47143,타이어 ,강서구,2024-08-23 6:40,6
SPB-47150,타이어 ,종로구,2024-08-03 23:32,23
SPB-47161,타이어 ,영등포구,2024-08-15 0:10,0
SPB-47170,체인,성동구,2024-08-28 0:19,0
SPB-47172,안장,송파구,2024-08-11 21:19,21
SPB-47172,페달,동작구,2024-08-30 22:27,22
SPB-47179,페달,송파구,2024-08-11 20:45,20
SPB-47179,안장,송파구,2024-08-13 18:36,18
SPB-47187,기타 ,송파구,2024-08-08 23:04,23
SPB-47189,기타 ,노원구,2024-08-23 16:13,16
SPB-47199,페달,동대문구,2024-08-29 18:29,18
SPB-47204,타이어 ,구로구,2024-08-01 17:20,17
SPB-47208,체인,은평구,2024-08-08 0:27,0
SPB-47219,체인,영등포구,2024-08-31 14:32,14
SPB-47220,타이어 ,강서구,2024-08-10 9:24,9
SPB-47220,체인,강북구,2024-08-30 17:46,17
SPB-47231,페달,노원구,2024-08-03 21:04,21
SPB-47231,체인,동대문구,2024-08-17 22:34,22
SPB-47231,체인,광진구,2024-08-20 1:56,1
SPB-47231,체인,송파구,2024-08-22 19:13,19
SPB-47248,체인,양천구,2024-08-13 18:10,18
SPB-47248,체인,양천구,2024-08-15 21:39,21
SPB-47248,체인,강서구,2024-08-22 17:22,17
SPB-47249,체인,서대문구,2024-08-08 19:00,19
SPB-47251,체인,성동구,2024-08-26 18:15,18
SPB-47252,안장,광진구,2024-08-09 8:27,8
SPB-47255,타이어 ,강북구,2024-08-30 22:01,22
SPB-47260,기타 ,종로구,2024-08-26 6:09,6
SPB-47262,안장,광진구,2024-08-27 18:44,18
SPB-47262,안장,광진구,2024-08-31 19:10,19
SPB-47268,안장,종로구,2024-08-21 18:53,18
SPB-47271,안장,서초구,2024-08-20 8:26,8
SPB-47274,체인,서초구,2024-08-09 15:59,15
SPB-47274,안장,영등포구,2024-08-28 9:02,9
SPB-47288,기타 ,영등포구,2024-08-27 20:32,20
SPB-47290,단말기,영등포구,2024-08-27 22:11,22
SPB-47293,기타 ,송파구,2024-08-13 8:53,8
SPB-47295,체인,송파구,2024-08-25 21:27,21
SPB-47297,기타 ,송파구,2024-08-17 23:39,23
SPB-47307,체인,금천구,2024-08-12 17:11,17
SPB-47312,페달,광진구,2024-08-27 18:16,18
SPB-47316,단말기,성동구,2024-08-12 7:58,7
SPB-47318,체인,동작구,2024-08-22 21:13,21
SPB-47320,체인,은평구,2024-08-28 8:01,8
SPB-47323,기타 ,마포구,2024-08-04 6:52,6
SPB-47324,체인,강서구,2024-08-28 0:54,0
SPB-47326,페달,종로구,2024-08-12 18:41,18
SPB-47326,페달,강남구,2024-08-20 18:25,18
SPB-47329,체인,마포구,2024-08-28 13:15,13
SPB-47329,페달,서초구,2024-08-31 10:52,10
SPB-47331,안장,종로구,2024-08-08 20:13,20
SPB-47334,체인,양천구,2024-08-27 11:00,11
SPB-47334,체인,중랑구,2024-08-29 20:36,20
SPB-47336,체인,도봉구,2024-08-05 12:11,12
SPB-47338,기타 ,성동구,2024-08-13 0:25,0
SPB-47341,체인,영등포구,2024-08-15 7:41,7
SPB-47341,체인,동작구,2024-08-18 18:43,18
SPB-47341,체인,동작구,2024-08-20 8:39,8
SPB-47341,체인,동작구,2024-08-20 13:08,13
SPB-47341,안장,영등포구,2024-08-30 8:38,8
SPB-47344,체인,영등포구,2024-08-05 20:28,20
SPB-47344,페달,영등포구,2024-08-28 8:07,8
SPB-47347,체인,양천구,2024-08-01 23:06,23
SPB-47347,단말기,강서구,2024-08-28 8:29,8
SPB-47347,체인,양천구,2024-08-29 22:05,22
SPB-47348,체인,광진구,2024-08-30 18:17,18
SPB-47349,기타 ,중랑구,2024-08-05 20:54,20
SPB-47351,기타 ,광진구,2024-08-14 8:30,8
SPB-47354,기타 ,동대문구,2024-08-04 21:30,21
SPB-47355,안장,송파구,2024-08-06 8:09,8
SPB-47363,기타 ,종로구,2024-08-11 14:58,14
SPB-47363,기타 ,은평구,2024-08-28 22:17,22
SPB-47367,기타 ,영등포구,2024-08-23 22:36,22
SPB-47372,안장,마포구,2024-08-17 11:52,11
SPB-47372,페달,영등포구,2024-08-26 14:18,14
SPB-47372,페달,영등포구,2024-08-27 18:53,18
SPB-47372,페달,영등포구,2024-08-28 18:03,18
SPB-47375,타이어 ,금천구,2024-08-12 10:47,10
SPB-47376,체인,송파구,2024-08-20 0:59,0
SPB-47377,안장,도봉구,2024-08-22 9:04,9
SPB-47391,기타 ,강남구,2024-08-29 0:01,0
SPB-47393,체인,구로구,2024-08-02 8:18,8
SPB-47393,체인,강동구,2024-08-10 20:24,20
SPB-47393,타이어 ,송파구,2024-08-23 21:29,21
SPB-47393,체인,강동구,2024-08-26 7:58,7
SPB-47393,체인,강남구,2024-08-28 17:13,17
SPB-47397,체인,노원구,2024-08-12 5:58,5
SPB-47415,페달,동대문구,2024-08-31 21:55,21
SPB-47418,타이어 ,용산구,2024-08-30 17:38,17
SPB-47424,기타 ,성북구,2024-08-27 18:29,18
SPB-47428,체인,강서구,2024-08-08 13:00,13
SPB-47428,체인,영등포구,2024-08-15 20:10,20
SPB-47428,페달,서대문구,2024-08-23 17:35,17
SPB-47431,타이어 ,영등포구,2024-08-20 7:13,7
SPB-47434,체인,영등포구,2024-08-04 16:14,16
SPB-47434,체인,동대문구,2024-08-27 14:17,14
SPB-47435,기타 ,강동구,2024-08-20 19:23,19
SPB-47435,기타 ,강동구,2024-08-21 20:00,20
SPB-47435,기타 ,강동구,2024-08-28 7:56,7
SPB-47440,기타 ,양천구,2024-08-23 11:24,11
SPB-47441,체인,노원구,2024-08-30 19:17,19
SPB-47443,타이어 ,양천구,2024-08-18 20:13,20
SPB-47451,체인,강동구,2024-08-05 18:33,18
SPB-47451,체인,강동구,2024-08-19 20:43,20
SPB-47451,타이어 ,송파구,2024-08-28 8:14,8
SPB-47456,기타 ,마포구,2024-08-06 22:27,22
SPB-47472,안장,강남구,2024-08-28 8:10,8
SPB-47479,기타 ,용산구,2024-08-03 16:52,16
SPB-47479,기타 ,동대문구,2024-08-20 0:24,0
SPB-47486,타이어 ,관악구,2024-08-11 19:36,19
SPB-47486,안장,구로구,2024-08-19 18:57,18
SPB-47489,체인,송파구,2024-08-08 0:40,0
SPB-47489,페달,강남구,2024-08-19 20:00,20
SPB-47489,체인,송파구,2024-08-23 20:19,20
SPB-47492,체인,양천구,2024-08-09 14:39,14
SPB-47493,안장,강서구,2024-08-09 8:26,8
SPB-47502,타이어 ,중구,2024-08-20 18:35,18
SPB-47502,타이어 ,중구,2024-08-23 5:21,5
SPB-47502,타이어 ,양천구,2024-08-26 7:32,7
SPB-47505,타이어 ,강서구,2024-08-24 16:57,16
SPB-47509,체인,은평구,2024-08-24 15:00,15
SPB-47512,타이어 ,관악구,2024-08-27 7:15,7
SPB-47516,타이어 ,강서구,2024-08-28 14:49,14
SPB-47519,기타 ,양천구,2024-08-26 8:41,8
SPB-47520,타이어 ,광진구,2024-08-10 1:04,1
SPB-47523,타이어 ,양천구,2024-08-19 18:39,18
SPB-47524,체인,마포구,2024-08-06 6:30,6
SPB-47524,타이어 ,마포구,2024-08-06 19:45,19
SPB-47525,페달,노원구,2024-08-24 21:09,21
SPB-47525,페달,노원구,2024-08-28 17:02,17
SPB-47527,안장,도봉구,2024-08-10 18:42,18
SPB-47528,타이어 ,영등포구,2024-08-28 7:38,7
SPB-47531,기타 ,강동구,2024-08-11 18:25,18
SPB-47531,체인,영등포구,2024-08-25 19:42,19
SPB-47532,타이어 ,구로구,2024-08-02 21:43,21
SPB-47532,타이어 ,영등포구,2024-08-04 16:02,16
SPB-47534,안장,양천구,2024-08-22 18:50,18
SPB-47537,체인,노원구,2024-08-01 20:28,20
SPB-47537,체인,성북구,2024-08-03 9:02,9
SPB-47537,체인,노원구,2024-08-11 20:03,20
SPB-47537,체인,노원구,2024-08-12 16:05,16
SPB-47539,페달,종로구,2024-08-13 20:21,20
SPB-47543,기타 ,송파구,2024-08-02 17:44,17
SPB-47543,안장,강동구,2024-08-08 21:32,21
SPB-47550,체인,양천구,2024-08-17 12:33,12
SPB-47552,안장,용산구,2024-08-06 8:40,8
SPB-47562,체인,노원구,2024-08-29 6:31,6
SPB-47570,체인,중랑구,2024-08-16 16:19,16
SPB-47575,페달,성북구,2024-08-26 12:59,12
SPB-47576,체인,광진구,2024-08-24 9:12,9
SPB-47576,페달,서초구,2024-08-29 17:41,17
SPB-47582,타이어 ,관악구,2024-08-27 18:07,18
SPB-47588,기타 ,마포구,2024-08-03 6:07,6
SPB-47589,체인,마포구,2024-08-07 19:17,19
SPB-47592,기타 ,광진구,2024-08-02 11:03,11
SPB-47599,안장,중구,2024-08-27 11:11,11
SPB-47614,안장,종로구,2024-08-08 19:37,19
SPB-47616,타이어 ,종로구,2024-08-01 21:17,21
SPB-47617,체인,강서구,2024-08-28 17:47,17
SPB-47622,타이어 ,양천구,2024-08-20 7:41,7
SPB-47629,단말기,서대문구,2024-08-02 8:00,8
SPB-47632,체인,양천구,2024-08-12 23:19,23
SPB-47634,안장,마포구,2024-08-07 11:53,11
SPB-47635,체인,영등포구,2024-08-07 22:42,22
SPB-47635,기타 ,영등포구,2024-08-14 20:15,20
SPB-47637,체인,관악구,2024-08-24 2:26,2
SPB-47648,기타 ,강동구,2024-08-06 3:46,3
SPB-47651,체인,영등포구,2024-08-08 17:11,17
SPB-47653,안장,성동구,2024-08-06 20:08,20
SPB-47657,체인,양천구,2024-08-06 3:37,3
SPB-47672,안장,강서구,2024-08-11 18:11,18
SPB-47672,안장,강서구,2024-08-12 10:29,10
SPB-47672,타이어 ,강서구,2024-08-19 16:54,16
SPB-47673,기타 ,성동구,2024-08-09 8:23,8
SPB-47673,기타 ,강동구,2024-08-11 8:25,8
SPB-47679,체인,송파구,2024-08-01 22:10,22
SPB-47679,체인,강동구,2024-08-15 20:37,20
SPB-47681,타이어 ,영등포구,2024-08-29 18:25,18
SPB-47684,체인,중랑구,2024-08-19 18:22,18
SPB-47684,타이어 ,중랑구,2024-08-28 6:27,6
SPB-47685,단말기,구로구,2024-08-19 14:14,14
SPB-47698,페달,관악구,2024-08-31 11:41,11
SPB-47700,페달,강서구,2024-08-13 9:16,9
SPB-47700,페달,영등포구,2024-08-19 4:50,4
SPB-47700,페달,영등포구,2024-08-21 19:54,19
SPB-47703,페달,송파구,2024-08-12 9:15,9
SPB-47705,체인,도봉구,2024-08-16 19:37,19
SPB-47705,체인,노원구,2024-08-28 7:17,7
SPB-47707,타이어 ,서대문구,2024-08-20 18:34,18
SPB-47708,안장,영등포구,2024-08-01 17:17,17
SPB-47709,안장,노원구,2024-08-31 16:03,16
SPB-47710,페달,금천구,2024-08-02 7:53,7
SPB-47713,페달,은평구,2024-08-05 19:50,19
SPB-47713,페달,마포구,2024-08-11 20:10,20
SPB-47713,페달,마포구,2024-08-22 18:56,18
SPB-47713,체인,은평구,2024-08-31 15:08,15
SPB-47717,기타 ,송파구,2024-08-21 17:38,17
SPB-47720,체인,종로구,2024-08-20 16:26,16
SPB-47730,타이어 ,마포구,2024-08-05 19:12,19
SPB-47733,타이어 ,은평구,2024-08-24 11:00,11
SPB-47744,기타 ,종로구,2024-08-31 18:00,18
SPB-47746,타이어 ,은평구,2024-08-10 11:37,11
SPB-47746,체인,중구,2024-08-19 18:19,18
SPB-47746,체인,노원구,2024-08-28 7:24,7
SPB-47751,타이어 ,성동구,2024-08-09 21:18,21
SPB-47757,기타 ,광진구,2024-08-24 21:23,21
SPB-47762,기타 ,노원구,2024-08-06 11:27,11
SPB-47763,페달,양천구,2024-08-02 19:05,19
SPB-47763,단말기,관악구,2024-08-31 12:40,12
SPB-47769,타이어 ,성북구,2024-08-06 8:30,8
SPB-47769,체인,동대문구,2024-08-28 12:52,12
SPB-47770,체인,송파구,2024-08-29 21:01,21
SPB-47774,타이어 ,중구,2024-08-29 9:09,9
SPB-47781,안장,도봉구,2024-08-27 19:22,19
SPB-47793,타이어 ,강서구,2024-08-11 8:55,8
SPB-47794,체인,강서구,2024-08-26 18:53,18
SPB-47795,타이어 ,중구,2024-08-21 18:12,18
SPB-47802,기타 ,종로구,2024-08-06 18:19,18
SPB-47803,체인,구로구,2024-08-31 13:56,13
SPB-47808,기타 ,마포구,2024-08-26 12:42,12
SPB-47810,단말기,노원구,2024-08-01 22:05,22
SPB-47811,체인,영등포구,2024-08-04 18:46,18
SPB-47816,체인,동작구,2024-08-01 17:59,17
SPB-47816,페달,영등포구,2024-08-03 12:04,12
SPB-47816,페달,동대문구,2024-08-11 0:10,0
SPB-47817,기타 ,영등포구,2024-08-13 22:44,22
SPB-47817,타이어 ,강남구,2024-08-27 19:36,19
SPB-47823,체인,중랑구,2024-08-08 16:02,16
SPB-47823,타이어 ,성북구,2024-08-26 20:59,20
SPB-47827,기타 ,강동구,2024-08-03 2:26,2
SPB-47830,타이어 ,강서구,2024-08-27 17:50,17
SPB-47830,기타 ,강서구,2024-08-28 19:49,19
SPB-47831,페달,강서구,2024-08-01 9:55,9
SPB-47834,타이어 ,도봉구,2024-08-11 18:00,18
SPB-47837,기타 ,광진구,2024-08-26 7:10,7
SPB-47839,타이어 ,성동구,2024-08-17 23:05,23
SPB-47842,타이어 ,서대문구,2024-08-06 9:37,9
SPB-47845,타이어 ,영등포구,2024-08-09 9:02,9
SPB-47846,페달,성동구,2024-08-07 18:43,18
SPB-47851,체인,마포구,2024-08-08 12:11,12
SPB-47854,페달,성동구,2024-08-01 8:36,8
SPB-47856,페달,송파구,2024-08-07 8:31,8
SPB-47856,기타 ,서초구,2024-08-27 18:07,18
SPB-47858,체인,동대문구,2024-08-15 8:27,8
SPB-47872,기타 ,영등포구,2024-08-13 9:43,9
SPB-47872,체인,영등포구,2024-08-16 0:05,0
SPB-47874,체인,영등포구,2024-08-15 17:30,17
SPB-47876,페달,구로구,2024-08-02 8:26,8
SPB-47879,페달,성동구,2024-08-31 19:45,19
SPB-47881,페달,송파구,2024-08-28 16:53,16
SPB-47882,타이어 ,성북구,2024-08-24 20:43,20
SPB-47885,기타 ,동작구,2024-08-31 16:11,16
SPB-47886,페달,노원구,2024-08-02 10:03,10
SPB-47888,기타 ,송파구,2024-08-20 16:55,16
SPB-47889,타이어 ,노원구,2024-08-04 14:04,14
SPB-47890,타이어 ,서초구,2024-08-25 20:26,20
SPB-47894,페달,영등포구,2024-08-07 17:44,17
SPB-47897,타이어 ,영등포구,2024-08-19 6:43,6
SPB-47899,체인,구로구,2024-08-07 8:12,8
SPB-47903,타이어 ,송파구,2024-08-10 22:03,22
SPB-47903,타이어 ,송파구,2024-08-11 19:57,19
SPB-47903,타이어 ,송파구,2024-08-19 19:25,19
SPB-47913,타이어 ,강서구,2024-08-14 9:00,9
SPB-47913,기타 ,영등포구,2024-08-29 9:43,9
SPB-47914,타이어 ,강동구,2024-08-14 9:09,9
SPB-47916,안장,강서구,2024-08-27 22:04,22
SPB-47918,타이어 ,강서구,2024-08-16 13:03,13
SPB-47919,페달,영등포구,2024-08-01 20:55,20
SPB-47924,체인,마포구,2024-08-10 16:48,16
SPB-47924,체인,마포구,2024-08-25 18:59,18
SPB-47926,단말기,성북구,2024-08-21 22:39,22
SPB-47926,체인,종로구,2024-08-23 19:01,19
SPB-47926,체인,마포구,2024-08-26 18:11,18
SPB-47926,체인,마포구,2024-08-27 17:08,17
SPB-47926,체인,서대문구,2024-08-29 9:55,9
SPB-47928,단말기,광진구,2024-08-27 8:56,8
SPB-47932,타이어 ,영등포구,2024-08-30 16:27,16
SPB-47936,페달,금천구,2024-08-02 18:16,18
SPB-47936,페달,구로구,2024-08-15 10:23,10
SPB-47940,타이어 ,금천구,2024-08-09 8:15,8
SPB-47942,체인,강서구,2024-08-09 18:19,18
SPB-47942,타이어 ,강서구,2024-08-10 10:11,10
SPB-47942,체인,강서구,2024-08-13 18:50,18
SPB-47942,타이어 ,영등포구,2024-08-26 20:23,20
SPB-47943,기타 ,도봉구,2024-08-02 16:10,16
SPB-47946,체인,구로구,2024-08-01 19:50,19
SPB-47947,페달,동대문구,2024-08-26 11:46,11
SPB-47950,페달,강서구,2024-08-05 17:30,17
SPB-47950,페달,강서구,2024-08-10 19:19,19
SPB-47950,페달,양천구,2024-08-19 19:32,19
SPB-47956,페달,용산구,2024-08-09 19:05,19
SPB-47961,타이어 ,강서구,2024-08-05 18:57,18
SPB-47962,기타 ,구로구,2024-08-09 17:57,17
SPB-47962,안장,동작구,2024-08-26 20:59,20
SPB-47965,타이어 ,강서구,2024-08-09 8:56,8
SPB-47966,타이어 ,광진구,2024-08-11 21:00,21
SPB-47966,체인,광진구,2024-08-29 20:40,20
SPB-47971,체인,성동구,2024-08-02 7:27,7
SPB-47971,체인,광진구,2024-08-05 5:42,5
SPB-47976,타이어 ,구로구,2024-08-12 18:13,18
SPB-47980,체인,종로구,2024-08-19 22:51,22
SPB-47980,타이어 ,종로구,2024-08-22 19:13,19
SPB-47983,체인,동대문구,2024-08-01 21:44,21
SPB-47984,기타 ,중구,2024-08-24 20:15,20
SPB-47988,타이어 ,강서구,2024-08-29 8:11,8
SPB-47990,페달,동대문구,2024-08-07 18:16,18
SPB-47992,페달,영등포구,2024-08-08 18:22,18
SPB-47992,페달,관악구,2024-08-10 16:01,16
SPB-47997,타이어 ,구로구,2024-08-24 16:15,16
SPB-48000,안장,강서구,2024-08-17 22:39,22
SPB-48005,타이어 ,광진구,2024-08-14 10:04,10
SPB-48006,타이어 ,종로구,2024-08-04 4:29,4
SPB-48007,타이어 ,관악구,2024-08-19 19:25,19
SPB-48015,체인,송파구,2024-08-14 9:22,9
SPB-48015,체인,강남구,2024-08-26 13:27,13
SPB-48019,타이어 ,동대문구,2024-08-06 21:08,21
SPB-48020,타이어 ,강동구,2024-08-27 11:29,11
SPB-48022,기타 ,강서구,2024-08-20 22:02,22
SPB-48025,체인,서초구,2024-08-30 7:44,7
SPB-48037,체인,송파구,2024-08-09 19:59,19
SPB-48037,페달,강동구,2024-08-11 22:23,22
SPB-48040,페달,영등포구,2024-08-18 21:38,21
SPB-48040,체인,영등포구,2024-08-19 19:47,19
SPB-48047,타이어 ,노원구,2024-08-01 5:53,5
SPB-48053,안장,노원구,2024-08-26 19:49,19
SPB-48055,페달,강동구,2024-08-03 16:45,16
SPB-48055,페달,송파구,2024-08-06 17:56,17
SPB-48055,체인,송파구,2024-08-10 11:42,11
SPB-48055,페달,광진구,2024-08-14 16:39,16
SPB-48056,안장,용산구,2024-08-22 8:45,8
SPB-48059,페달,영등포구,2024-08-03 19:24,19
SPB-48063,기타 ,서초구,2024-08-14 17:25,17
SPB-48064,체인,성동구,2024-08-04 15:35,15
SPB-48065,페달,은평구,2024-08-11 0:42,0
SPB-48065,체인,마포구,2024-08-18 16:24,16
SPB-48073,안장,성북구,2024-08-26 18:39,18
SPB-48074,타이어 ,서초구,2024-08-01 11:17,11
SPB-48075,체인,동대문구,2024-08-05 7:27,7
SPB-48078,타이어 ,송파구,2024-08-01 22:43,22
SPB-48085,안장,중구,2024-08-09 20:42,20
SPB-48086,페달,동작구,2024-08-31 14:41,14
SPB-48087,기타 ,성북구,2024-08-19 18:42,18
SPB-48091,타이어 ,광진구,2024-08-16 21:51,21
SPB-48096,타이어 ,영등포구,2024-08-28 9:57,9
SPB-48097,체인,송파구,2024-08-23 19:29,19
SPB-48099,체인,구로구,2024-08-06 4:09,4
SPB-48099,체인,금천구,2024-08-17 21:37,21
SPB-48106,타이어 ,서초구,2024-08-26 7:50,7
SPB-48109,페달,강동구,2024-08-07 5:51,5
SPB-48109,페달,강동구,2024-08-07 19:45,19
SPB-48109,페달,강동구,2024-08-16 22:29,22
SPB-48109,체인,서초구,2024-08-29 21:13,21
SPB-48109,체인,서초구,2024-08-30 18:49,18
SPB-48111,기타 ,영등포구,2024-08-16 18:45,18
SPB-48111,체인,강서구,2024-08-26 8:07,8
SPB-48115,타이어 ,송파구,2024-08-27 23:54,23
SPB-48120,페달,노원구,2024-08-29 21:10,21
SPB-48122,기타 ,종로구,2024-08-03 9:42,9
SPB-48122,기타 ,영등포구,2024-08-25 5:18,5
SPB-48125,기타 ,강서구,2024-08-15 15:04,15
SPB-48125,타이어 ,마포구,2024-08-20 22:22,22
SPB-48128,페달,노원구,2024-08-07 19:53,19
SPB-48137,타이어 ,마포구,2024-08-09 22:19,22
SPB-48142,기타 ,영등포구,2024-08-05 18:58,18
SPB-48142,타이어 ,용산구,2024-08-20 2:58,2
SPB-48144,안장,노원구,2024-08-08 21:49,21
SPB-48146,안장,송파구,2024-08-21 15:48,15
SPB-48147,기타 ,중랑구,2024-08-20 17:11,17
SPB-48148,타이어 ,용산구,2024-08-13 13:36,13
SPB-48151,페달,성동구,2024-08-10 19:41,19
SPB-48155,기타 ,광진구,2024-08-12 8:46,8
SPB-48157,단말기,서초구,2024-08-23 10:44,10
SPB-48158,안장,서초구,2024-08-21 22:27,22
SPB-48163,페달,강서구,2024-08-11 21:20,21
SPB-48163,체인,양천구,2024-08-31 18:29,18
SPB-48165,안장,영등포구,2024-08-02 8:50,8
SPB-48166,타이어 ,종로구,2024-08-09 20:25,20
SPB-48167,기타 ,구로구,2024-08-02 10:30,10
SPB-48170,페달,구로구,2024-08-03 21:30,21
SPB-48170,페달,양천구,2024-08-12 22:31,22
SPB-48170,페달,양천구,2024-08-28 10:22,10
SPB-48170,페달,영등포구,2024-08-29 20:06,20
SPB-48171,타이어 ,송파구,2024-08-31 9:38,9
SPB-48173,단말기,용산구,2024-08-20 19:11,19
SPB-48176,타이어 ,관악구,2024-08-22 17:55,17
SPB-48177,기타 ,마포구,2024-08-22 17:00,17
SPB-48177,페달,용산구,2024-08-27 21:00,21
SPB-48182,페달,송파구,2024-08-03 8:32,8
SPB-48182,페달,영등포구,2024-08-08 17:14,17
SPB-48183,페달,성동구,2024-08-05 18:22,18
SPB-48193,기타 ,노원구,2024-08-07 19:17,19
SPB-48203,안장,강서구,2024-08-28 7:29,7
SPB-48207,기타 ,송파구,2024-08-18 7:45,7
SPB-48209,타이어 ,마포구,2024-08-14 9:52,9
SPB-48212,단말기,송파구,2024-08-02 20:02,20
SPB-48215,타이어 ,종로구,2024-08-07 7:51,7
SPB-48215,타이어 ,강동구,2024-08-23 8:29,8
SPB-48217,타이어 ,양천구,2024-08-11 9:39,9
SPB-48217,타이어 ,양천구,2024-08-13 12:23,12
SPB-48218,안장,서초구,2024-08-28 13:42,13
SPB-48225,페달,강서구,2024-08-31 17:49,17
SPB-48230,체인,광진구,2024-08-06 19:03,19
SPB-48232,기타 ,강동구,2024-08-30 22:11,22
SPB-48234,기타 ,광진구,2024-08-28 18:43,18
SPB-48237,체인,송파구,2024-08-16 8:41,8
SPB-48240,페달,구로구,2024-08-06 20:57,20
SPB-48240,타이어 ,관악구,2024-08-27 15:38,15
SPB-48247,안장,성동구,2024-08-26 14:09,14
SPB-48251,페달,중랑구,2024-08-19 9:28,9
SPB-48254,타이어 ,성동구,2024-08-01 18:50,18
SPB-48261,타이어 ,강서구,2024-08-22 0:53,0
SPB-48265,타이어 ,양천구,2024-08-28 8:53,8
SPB-48268,체인,금천구,2024-08-26 8:54,8
SPB-48269,기타 ,영등포구,2024-08-26 6:03,6
SPB-48271,타이어 ,양천구,2024-08-02 20:38,20
SPB-48271,기타 ,송파구,2024-08-30 19:25,19
SPB-48277,체인,구로구,2024-08-06 9:58,9
SPB-48277,기타 ,양천구,2024-08-20 20:02,20
SPB-48278,기타 ,구로구,2024-08-29 8:27,8
SPB-48285,타이어 ,강남구,2024-08-01 16:12,16
SPB-48285,단말기,구로구,2024-08-17 18:13,18
SPB-48287,기타 ,동작구,2024-08-21 21:31,21
SPB-48290,체인,구로구,2024-08-22 17:40,17
SPB-48295,타이어 ,송파구,2024-08-29 20:01,20
SPB-48296,페달,도봉구,2024-08-04 11:20,11
SPB-48298,기타 ,강동구,2024-08-05 13:50,13
SPB-48298,단말기,강동구,2024-08-08 17:45,17
SPB-48298,기타 ,송파구,2024-08-30 19:15,19
SPB-48298,기타 ,송파구,2024-08-31 16:48,16
SPB-48299,단말기,강동구,2024-08-25 19:49,19
SPB-48304,기타 ,강서구,2024-08-24 0:00,0
SPB-48305,타이어 ,성북구,2024-08-07 20:04,20
SPB-48309,타이어 ,양천구,2024-08-06 20:18,20
SPB-48309,타이어 ,양천구,2024-08-13 20:26,20
SPB-48310,타이어 ,구로구,2024-08-08 6:41,6
SPB-48314,타이어 ,강서구,2024-08-12 17:02,17
SPB-48321,기타 ,송파구,2024-08-02 20:18,20
SPB-48324,안장,노원구,2024-08-06 22:10,22
SPB-48332,체인,중랑구,2024-08-29 16:37,16
SPB-48334,페달,동작구,2024-08-06 15:23,15
SPB-48334,체인,중랑구,2024-08-19 17:55,17
SPB-48337,기타 ,서대문구,2024-08-20 6:43,6
SPB-48343,단말기,강북구,2024-08-18 1:35,1
SPB-48348,타이어 ,양천구,2024-08-20 7:14,7
SPB-48354,페달,성동구,2024-08-07 17:58,17
SPB-48355,기타 ,노원구,2024-08-17 21:21,21
SPB-48358,타이어 ,성북구,2024-08-23 8:50,8
SPB-48363,안장,종로구,2024-08-01 18:34,18
SPB-48363,안장,중랑구,2024-08-30 8:41,8
SPB-48373,체인,성북구,2024-08-25 16:04,16
SPB-48377,타이어 ,구로구,2024-08-12 7:49,7
SPB-48378,페달,강서구,2024-08-28 18:41,18
SPB-48378,페달,강서구,2024-08-31 9:58,9
SPB-48379,체인,송파구,2024-08-29 18:24,18
SPB-48382,단말기,은평구,2024-08-15 13:02,13
SPB-48391,체인,노원구,2024-08-20 11:03,11
SPB-48391,체인,은평구,2024-08-27 16:56,16
SPB-48392,단말기,송파구,2024-08-23 18:03,18
SPB-48397,안장,성북구,2024-08-10 8:14,8
SPB-48397,기타 ,송파구,2024-08-18 19:08,19
SPB-48397,안장,송파구,2024-08-22 19:33,19
SPB-48398,안장,금천구,2024-08-08 20:48,20
SPB-48400,체인,용산구,2024-08-09 7:47,7
SPB-48400,페달,강남구,2024-08-27 19:23,19
SPB-48400,체인,강남구,2024-08-30 19:13,19
SPB-48404,체인,금천구,2024-08-10 23:07,23
SPB-48412,체인,강동구,2024-08-19 19:06,19
SPB-48414,단말기,영등포구,2024-08-22 8:38,8
SPB-48420,안장,종로구,2024-08-28 7:21,7
SPB-48427,체인,강동구,2024-08-17 17:11,17
SPB-48427,체인,성동구,2024-08-24 0:28,0
SPB-48432,안장,중구,2024-08-06 21:07,21
SPB-48432,안장,성북구,2024-08-12 14:27,14
SPB-48438,타이어 ,마포구,2024-08-15 18:03,18
SPB-48444,체인,강서구,2024-08-03 19:19,19
SPB-48444,페달,강서구,2024-08-19 7:58,7
SPB-48444,안장,양천구,2024-08-23 22:09,22
SPB-48448,체인,도봉구,2024-08-04 16:58,16
SPB-48449,기타 ,광진구,2024-08-07 12:38,12
SPB-48449,체인,은평구,2024-08-16 19:10,19
SPB-48454,타이어 ,강서구,2024-08-13 9:42,9
SPB-48454,안장,강서구,2024-08-23 21:42,21
SPB-48457,체인,은평구,2024-08-12 17:47,17
SPB-48457,체인,강서구,2024-08-20 11:14,11
SPB-48463,타이어 ,강서구,2024-08-14 5:55,5
SPB-48467,타이어 ,강남구,2024-08-06 8:45,8
SPB-48476,타이어 ,성동구,2024-08-20 7:33,7
SPB-48477,안장,중랑구,2024-08-08 22:50,22
SPB-48481,기타 ,강서구,2024-08-14 8:58,8
SPB-48482,단말기,양천구,2024-08-08 8:21,8
SPB-48482,기타 ,양천구,2024-08-09 22:15,22
SPB-48483,페달,강남구,2024-08-12 22:07,22
SPB-48485,페달,동작구,2024-08-23 8:33,8
SPB-48485,페달,영등포구,2024-08-30 16:45,16
SPB-48487,안장,성동구,2024-08-01 12:37,12
SPB-48493,페달,종로구,2024-08-06 17:31,17
SPB-48499,체인,마포구,2024-08-16 7:31,7
SPB-48501,타이어 ,은평구,2024-08-16 15:36,15
SPB-48502,타이어 ,강서구,2024-08-03 20:03,20
SPB-48515,기타 ,중랑구,2024-08-06 8:57,8
SPB-48519,페달,영등포구,2024-08-09 8:47,8
SPB-48527,체인,강남구,2024-08-23 18:12,18
SPB-48527,타이어 ,광진구,2024-08-28 23:01,23
SPB-48527,체인,성동구,2024-08-29 9:50,9
SPB-48528,체인,강서구,2024-08-11 12:19,12
SPB-48528,체인,노원구,2024-08-29 19:14,19
SPB-48533,기타 ,양천구,2024-08-13 12:01,12
SPB-48535,체인,양천구,2024-08-23 17:52,17
SPB-48543,기타 ,구로구,2024-08-29 20:20,20
SPB-48544,안장,중랑구,2024-08-04 16:53,16
SPB-48544,타이어 ,중랑구,2024-08-23 22:44,22
SPB-48549,페달,노원구,2024-08-05 9:58,9
SPB-48549,타이어 ,성동구,2024-08-08 17:43,17
SPB-48549,페달,중랑구,2024-08-13 18:14,18
SPB-48552,기타 ,강서구,2024-08-01 8:54,8
SPB-48567,체인,강동구,2024-08-24 9:08,9
SPB-48569,타이어 ,강서구,2024-08-09 19:30,19
SPB-48570,체인,강동구,2024-08-07 8:31,8
SPB-48570,페달,송파구,2024-08-09 20:16,20
SPB-48570,페달,송파구,2024-08-14 8:32,8
SPB-48570,페달,송파구,2024-08-19 9:38,9
SPB-48572,체인,마포구,2024-08-04 22:11,22
SPB-48574,체인,성동구,2024-08-19 8:54,8
SPB-48575,페달,서대문구,2024-08-02 22:08,22
SPB-48579,타이어 ,마포구,2024-08-28 8:30,8
SPB-48580,단말기,중구,2024-08-09 8:45,8
SPB-48587,단말기,양천구,2024-08-02 9:00,9
SPB-48595,체인,강서구,2024-08-19 16:12,16
SPB-48595,기타 ,동작구,2024-08-27 15:54,15
SPB-48595,체인,서초구,2024-08-29 11:49,11
SPB-48597,안장,동대문구,2024-08-05 9:42,9
SPB-48597,안장,송파구,2024-08-26 19:45,19
SPB-48601,타이어 ,구로구,2024-08-05 7:48,7
SPB-48605,기타 ,동작구,2024-08-01 11:38,11
SPB-48610,안장,마포구,2024-08-06 17:15,17
SPB-48610,안장,동작구,2024-08-28 22:20,22
SPB-48619,타이어 ,서초구,2024-08-08 1:02,1
SPB-48625,타이어 ,강서구,2024-08-08 20:35,20
SPB-48626,안장,강서구,2024-08-13 8:50,8
SPB-48626,안장,구로구,2024-08-22 16:21,16
SPB-48628,체인,강서구,2024-08-21 18:50,18
SPB-48630,체인,구로구,2024-08-02 13:02,13
SPB-48638,타이어 ,도봉구,2024-08-26 15:50,15
SPB-48639,타이어 ,서초구,2024-08-09 18:29,18
SPB-48640,단말기,노원구,2024-08-23 21:37,21
SPB-48641,안장,서초구,2024-08-14 7:47,7
SPB-48641,타이어 ,강남구,2024-08-19 23:32,23
SPB-48644,타이어 ,서대문구,2024-08-02 13:58,13
SPB-48651,체인,도봉구,2024-08-17 13:06,13
SPB-48655,체인,종로구,2024-08-20 18:33,18
SPB-48655,페달,용산구,2024-08-20 21:37,21
SPB-48655,체인,동작구,2024-08-26 20:31,20
SPB-48655,타이어 ,동작구,2024-08-30 15:58,15
SPB-48658,타이어 ,광진구,2024-08-19 11:11,11
SPB-48660,타이어 ,성동구,2024-08-30 11:42,11
SPB-48662,타이어 ,관악구,2024-08-16 5:50,5
SPB-48663,타이어 ,강서구,2024-08-08 20:43,20
SPB-48664,기타 ,종로구,2024-08-12 18:54,18
SPB-48666,타이어 ,강남구,2024-08-09 19:12,19
SPB-48666,안장,송파구,2024-08-16 19:15,19
SPB-48667,페달,동대문구,2024-08-05 18:28,18
SPB-48668,페달,동대문구,2024-08-12 18:12,18
SPB-48669,타이어 ,서초구,2024-08-20 22:54,22
SPB-48675,타이어 ,강서구,2024-08-23 17:09,17
SPB-48676,기타 ,노원구,2024-08-04 20:34,20
SPB-48682,타이어 ,송파구,2024-08-21 0:49,0
SPB-48682,기타 ,서초구,2024-08-22 21:48,21
SPB-48683,페달,성동구,2024-08-06 12:14,12
SPB-48683,기타 ,은평구,2024-08-28 6:42,6
SPB-48686,체인,강서구,2024-08-12 16:09,16
SPB-48686,타이어 ,강서구,2024-08-17 16:37,16
SPB-48688,체인,강서구,2024-08-12 11:13,11
SPB-48688,안장,양천구,2024-08-20 10:24,10
SPB-48690,타이어 ,노원구,2024-08-25 13:49,13
SPB-48692,기타 ,강북구,2024-08-07 21:27,21
SPB-48692,타이어 ,도봉구,2024-08-08 11:19,11
SPB-48695,타이어 ,종로구,2024-08-21 18:17,18
SPB-48695,타이어 ,종로구,2024-08-22 7:45,7
SPB-48704,페달,성동구,2024-08-30 13:19,13
SPB-48705,타이어 ,강동구,2024-08-16 7:32,7
SPB-48707,페달,양천구,2024-08-08 19:23,19
SPB-48713,기타 ,노원구,2024-08-21 22:31,22
SPB-48713,기타 ,노원구,2024-08-25 5:38,5
SPB-48714,안장,광진구,2024-08-19 17:53,17
SPB-48715,페달,양천구,2024-08-07 13:12,13
SPB-48715,페달,양천구,2024-08-09 20:35,20
SPB-48716,기타 ,종로구,2024-08-05 12:22,12
SPB-48718,기타 ,강서구,2024-08-19 7:34,7
SPB-48725,안장,양천구,2024-08-16 10:51,10
SPB-48727,체인,종로구,2024-08-16 18:40,18
SPB-48727,기타 ,종로구,2024-08-27 20:55,20
SPB-48729,타이어 ,강남구,2024-08-21 19:00,19
SPB-48735,기타 ,강서구,2024-08-20 8:29,8
SPB-48736,단말기,송파구,2024-08-06 20:12,20
SPB-48736,단말기,강동구,2024-08-17 18:26,18
SPB-48736,페달,강동구,2024-08-26 8:56,8
SPB-48736,페달,송파구,2024-08-27 8:47,8
SPB-48745,기타 ,강북구,2024-08-13 17:48,17
SPB-48749,기타 ,동대문구,2024-08-25 15:10,15
SPB-48751,타이어 ,은평구,2024-08-16 21:17,21
SPB-48751,페달,광진구,2024-08-27 14:03,14
SPB-48752,타이어 ,양천구,2024-08-28 19:40,19
SPB-48758,안장,강남구,2024-08-01 18:02,18
SPB-48765,기타 ,송파구,2024-08-06 7:29,7
SPB-48765,체인,송파구,2024-08-20 8:37,8
SPB-48766,체인,성북구,2024-08-06 20:23,20
SPB-48779,안장,강서구,2024-08-29 15:05,15
SPB-48788,체인,송파구,2024-08-23 16:42,16
SPB-48788,체인,송파구,2024-08-24 10:11,10
SPB-48793,페달,성동구,2024-08-07 11:25,11
SPB-48793,체인,강동구,2024-08-27 0:12,0
SPB-48800,타이어 ,서초구,2024-08-07 16:13,16
SPB-48803,기타 ,강서구,2024-08-07 19:09,19
SPB-48803,기타 ,강서구,2024-08-14 16:03,16
SPB-48803,타이어 ,강서구,2024-08-27 16:31,16
SPB-48805,체인,강서구,2024-08-30 6:39,6
SPB-48806,타이어 ,은평구,2024-08-14 19:57,19
SPB-48807,기타 ,구로구,2024-08-24 17:08,17
SPB-48810,페달,양천구,2024-08-03 14:06,14
SPB-48811,기타 ,동대문구,2024-08-08 18:30,18
SPB-48812,타이어 ,서대문구,2024-08-12 7:44,7
SPB-48813,페달,강서구,2024-08-08 16:23,16
SPB-48817,기타 ,금천구,2024-08-29 6:29,6
SPB-48820,페달,도봉구,2024-08-15 0:03,0
SPB-48820,체인,노원구,2024-08-20 13:46,13
SPB-48822,타이어 ,강동구,2024-08-11 4:53,4
SPB-48822,타이어 ,강남구,2024-08-30 9:48,9
SPB-48824,타이어 ,금천구,2024-08-26 8:17,8
SPB-48827,페달,성북구,2024-08-23 19:46,19
SPB-48832,단말기,구로구,2024-08-10 14:47,14
SPB-48832,기타 ,영등포구,2024-08-22 20:18,20
SPB-48833,페달,강남구,2024-08-09 17:22,17
SPB-48838,기타 ,강동구,2024-08-26 21:11,21
SPB-48847,페달,강동구,2024-08-03 9:35,9
SPB-48847,체인,송파구,2024-08-11 14:27,14
SPB-48853,단말기,중랑구,2024-08-01 19:42,19
SPB-48854,기타 ,관악구,2024-08-02 15:45,15
SPB-48862,단말기,중구,2024-08-12 23:58,23
SPB-48865,기타 ,노원구,2024-08-02 19:45,19
SPB-48865,타이어 ,노원구,2024-08-18 22:38,22
SPB-48872,페달,마포구,2024-08-05 9:10,9
SPB-48872,타이어 ,마포구,2024-08-09 9:05,9
SPB-48877,체인,광진구,2024-08-14 12:49,12
SPB-48877,체인,광진구,2024-08-16 2:23,2
SPB-48878,타이어 ,영등포구,2024-08-23 21:53,21
SPB-48882,타이어 ,강서구,2024-08-08 8:33,8
SPB-48884,안장,광진구,2024-08-15 17:05,17
SPB-48884,안장,송파구,2024-08-19 17:19,17
SPB-48886,체인,서초구,2024-08-05 8:50,8
SPB-48887,기타 ,강서구,2024-08-16 17:55,17
SPB-48887,기타 ,광진구,2024-08-27 7:53,7
SPB-48888,타이어 ,성북구,2024-08-19 20:32,20
SPB-48892,체인,강남구,2024-08-20 10:01,10
SPB-48893,페달,동작구,2024-08-19 22:44,22
SPB-48895,타이어 ,종로구,2024-08-12 16:11,16
SPB-48896,타이어 ,노원구,2024-08-26 5:32,5
SPB-48906,타이어 ,은평구,2024-08-03 6:53,6
SPB-48906,안장,중랑구,2024-08-16 8:20,8
SPB-48910,체인,용산구,2024-08-29 19:11,19
SPB-48911,페달,마포구,2024-08-11 18:53,18
SPB-48913,체인,금천구,2024-08-07 1:56,1
SPB-48913,체인,강남구,2024-08-28 21:32,21
SPB-48915,안장,서대문구,2024-08-29 13:05,13
SPB-48926,체인,금천구,2024-08-23 16:58,16
SPB-48927,타이어 ,중구,2024-08-16 7:57,7
SPB-48927,타이어 ,성동구,2024-08-17 15:23,15
SPB-48928,체인,양천구,2024-08-08 18:47,18
SPB-48928,기타 ,양천구,2024-08-10 18:05,18
SPB-48931,단말기,서초구,2024-08-09 18:24,18
SPB-48933,기타 ,동작구,2024-08-07 8:34,8
SPB-48933,기타 ,금천구,2024-08-24 14:53,14
SPB-48936,체인,송파구,2024-08-12 21:56,21
SPB-48950,타이어 ,동작구,2024-08-30 21:26,21
SPB-48952,단말기,강북구,2024-08-16 14:10,14
SPB-48953,페달,금천구,2024-08-13 8:57,8
SPB-48953,페달,관악구,2024-08-16 14:02,14
SPB-48955,타이어 ,영등포구,2024-08-05 17:51,17
SPB-48959,타이어 ,도봉구,2024-08-24 6:03,6
SPB-48960,기타 ,종로구,2024-08-07 22:17,22
SPB-48961,페달,영등포구,2024-08-16 6:59,6
SPB-48961,체인,양천구,2024-08-20 7:52,7
SPB-48961,체인,영등포구,2024-08-22 17:59,17
SPB-48961,체인,성동구,2024-08-28 16:11,16
SPB-48961,체인,성동구,2024-08-29 17:42,17
SPB-48962,페달,중구,2024-08-05 21:58,21
SPB-48973,타이어 ,강남구,2024-08-09 14:46,14
SPB-48979,타이어 ,금천구,2024-08-26 18:21,18
SPB-48980,타이어 ,양천구,2024-08-31 9:44,9
SPB-48981,체인,양천구,2024-08-03 23:24,23
SPB-48982,타이어 ,성동구,2024-08-27 8:38,8
SPB-48991,타이어 ,영등포구,2024-08-28 22:36,22
SPB-48994,기타 ,관악구,2024-08-08 20:52,20
SPB-48994,기타 ,양천구,2024-08-30 21:32,21
SPB-48995,타이어 ,강남구,2024-08-29 8:33,8
SPB-49005,타이어 ,동작구,2024-08-11 23:00,23
SPB-49007,단말기,영등포구,2024-08-20 17:36,17
SPB-49008,타이어 ,양천구,2024-08-18 14:54,14
SPB-49011,타이어 ,노원구,2024-08-06 17:09,17
SPB-49012,안장,성동구,2024-08-23 20:43,20
SPB-49012,안장,마포구,2024-08-26 8:29,8
SPB-49012,안장,마포구,2024-08-26 20:49,20
SPB-49014,타이어 ,양천구,2024-08-26 7:19,7
SPB-49016,체인,서초구,2024-08-10 1:54,1
SPB-49018,타이어 ,동대문구,2024-08-29 16:13,16
SPB-49021,페달,노원구,2024-08-01 17:59,17
SPB-49023,안장,송파구,2024-08-03 20:10,20
SPB-49023,체인,강서구,2024-08-19 20:21,20
SPB-49023,체인,양천구,2024-08-28 7:52,7
SPB-49026,안장,영등포구,2024-08-12 18:50,18
SPB-49029,안장,영등포구,2024-08-16 17:28,17
SPB-49030,기타 ,광진구,2024-08-16 7:41,7
SPB-49030,기타 ,서대문구,2024-08-19 22:32,22
SPB-49043,타이어 ,중구,2024-08-22 12:55,12
SPB-49044,타이어 ,강동구,2024-08-13 22:25,22
SPB-49045,단말기,관악구,2024-08-04 14:20,14
SPB-49048,페달,구로구,2024-08-26 19:46,19
SPB-49051,기타 ,양천구,2024-08-22 14:03,14
SPB-49052,기타 ,용산구,2024-08-27 7:44,7
SPB-49060,단말기,강서구,2024-08-05 19:40,19
SPB-49062,기타 ,성북구,2024-08-06 7:24,7
SPB-49063,체인,영등포구,2024-08-14 7:43,7
SPB-49066,체인,구로구,2024-08-19 7:34,7
SPB-49073,안장,금천구,2024-08-22 15:58,15
SPB-49076,체인,성북구,2024-08-03 15:54,15
SPB-49076,체인,동대문구,2024-08-04 11:02,11
SPB-49080,타이어 ,강북구,2024-08-10 16:01,16
SPB-49087,체인,강서구,2024-08-12 19:02,19
SPB-49088,체인,강남구,2024-08-23 20:01,20
SPB-49090,타이어 ,강남구,2024-08-30 18:17,18
SPB-49092,체인,송파구,2024-08-27 2:31,2
SPB-49096,타이어 ,강서구,2024-08-22 9:01,9
SPB-49102,타이어 ,마포구,2024-08-04 22:36,22
SPB-49107,기타 ,강서구,2024-08-19 10:45,10
SPB-49112,기타 ,성동구,2024-08-09 8:52,8
SPB-49120,타이어 ,금천구,2024-08-08 17:41,17
SPB-49127,체인,동대문구,2024-08-22 8:09,8
SPB-49128,체인,도봉구,2024-08-29 20:44,20
SPB-49134,타이어 ,양천구,2024-08-19 17:30,17
SPB-49137,페달,서초구,2024-08-29 18:13,18
SPB-49137,체인,서초구,2024-08-30 11:50,11
SPB-49141,페달,은평구,2024-08-08 21:24,21
SPB-49142,타이어 ,동대문구,2024-08-12 15:24,15
SPB-49143,기타 ,중랑구,2024-08-25 21:06,21
SPB-49147,페달,송파구,2024-08-19 9:05,9
SPB-49148,타이어 ,강서구,2024-08-31 17:49,17
SPB-49150,타이어 ,강동구,2024-08-16 17:28,17
SPB-49151,타이어 ,도봉구,2024-08-20 22:29,22
SPB-49152,타이어 ,양천구,2024-08-27 20:38,20
SPB-49155,기타 ,노원구,2024-08-27 13:00,13
SPB-49159,기타 ,동작구,2024-08-11 17:04,17
SPB-49167,기타 ,동작구,2024-08-08 13:14,13
SPB-49168,페달,송파구,2024-08-24 20:54,20
SPB-49171,페달,강동구,2024-08-27 22:21,22
SPB-49173,기타 ,성동구,2024-08-30 20:46,20
SPB-49177,페달,종로구,2024-08-09 8:36,8
SPB-49177,페달,종로구,2024-08-09 9:00,9
SPB-49180,타이어 ,마포구,2024-08-31 5:57,5
SPB-49193,기타 ,강동구,2024-08-09 15:34,15
SPB-49193,페달,송파구,2024-08-22 6:20,6
SPB-49199,타이어 ,종로구,2024-08-21 19:00,19
SPB-49201,타이어 ,중구,2024-08-21 0:27,0
SPB-49201,체인,광진구,2024-08-26 22:12,22
SPB-49209,안장,송파구,2024-08-16 6:51,6
SPB-49219,타이어 ,강서구,2024-08-26 7:18,7
SPB-49221,페달,영등포구,2024-08-17 14:36,14
SPB-49235,단말기,송파구,2024-08-17 21:14,21
SPB-49237,체인,강서구,2024-08-07 9:21,9
SPB-49251,페달,동대문구,2024-08-23 9:46,9
SPB-49258,타이어 ,강서구,2024-08-20 9:00,9
SPB-49260,기타 ,노원구,2024-08-29 14:37,14
SPB-49262,기타 ,서초구,2024-08-23 15:28,15
SPB-49265,페달,동대문구,2024-08-23 22:58,22
SPB-49268,기타 ,서초구,2024-08-21 19:13,19
SPB-49271,타이어 ,동대문구,2024-08-07 22:18,22
SPB-49300,기타 ,송파구,2024-08-02 10:46,10
SPB-49300,기타 ,송파구,2024-08-13 8:16,8
SPB-49308,기타 ,영등포구,2024-08-11 13:11,13
SPB-49309,타이어 ,강서구,2024-08-26 17:16,17
SPB-49319,체인,성동구,2024-08-26 18:43,18
SPB-49322,타이어 ,동작구,2024-08-18 20:40,20
SPB-49322,타이어 ,동작구,2024-08-22 7:53,7
SPB-49323,타이어 ,송파구,2024-08-19 20:52,20
SPB-49345,페달,관악구,2024-08-08 18:54,18
SPB-49348,기타 ,마포구,2024-08-05 13:50,13
SPB-49349,페달,금천구,2024-08-29 19:08,19
SPB-49352,페달,송파구,2024-08-09 22:03,22
SPB-49352,페달,송파구,2024-08-12 13:50,13
SPB-49353,기타 ,강서구,2024-08-02 9:14,9
SPB-49362,타이어 ,노원구,2024-08-24 17:50,17
SPB-49362,타이어 ,도봉구,2024-08-31 10:16,10
SPB-49364,기타 ,구로구,2024-08-27 18:14,18
SPB-49368,타이어 ,마포구,2024-08-30 5:40,5
SPB-49373,기타 ,성동구,2024-08-22 19:02,19
SPB-49378,페달,강서구,2024-08-12 23:25,23
SPB-49388,타이어 ,도봉구,2024-08-30 0:33,0
SPB-49395,페달,관악구,2024-08-27 14:43,14
SPB-49406,타이어 ,강북구,2024-08-24 17:09,17
SPB-49407,페달,송파구,2024-08-01 20:18,20
SPB-49408,페달,송파구,2024-08-09 20:37,20
SPB-49408,기타 ,강동구,2024-08-31 8:56,8
SPB-49410,타이어 ,용산구,2024-08-08 7:59,7
SPB-49412,타이어 ,양천구,2024-08-13 9:43,9
SPB-49412,페달,양천구,2024-08-18 0:28,0
SPB-49412,페달,양천구,2024-08-20 13:48,13
SPB-49412,체인,양천구,2024-08-22 21:43,21
SPB-49416,타이어 ,관악구,2024-08-12 22:06,22
SPB-49430,페달,마포구,2024-08-27 18:47,18
SPB-49447,체인,송파구,2024-08-19 6:44,6
SPB-49448,페달,강동구,2024-08-10 0:04,0
SPB-49448,체인,강동구,2024-08-12 21:59,21
SPB-49450,타이어 ,강남구,2024-08-15 13:06,13
SPB-49455,타이어 ,중구,2024-08-13 15:23,15
SPB-49463,타이어 ,송파구,2024-08-15 22:04,22
SPB-49467,기타 ,광진구,2024-08-02 16:57,16
SPB-49467,기타 ,송파구,2024-08-06 17:36,17
SPB-49486,타이어 ,마포구,2024-08-09 16:57,16
SPB-49492,타이어 ,성동구,2024-08-06 19:04,19
SPB-49499,기타 ,송파구,2024-08-26 9:40,9
SPB-49500,체인,동작구,2024-08-30 8:32,8
SPB-49510,페달,광진구,2024-08-28 12:52,12
SPB-49510,체인,광진구,2024-08-29 18:02,18
SPB-49510,페달,성동구,2024-08-30 9:48,9
SPB-49513,체인,마포구,2024-08-12 22:31,22
SPB-49521,체인,영등포구,2024-08-01 19:55,19
SPB-49527,기타 ,동대문구,2024-08-17 9:21,9
SPB-49528,타이어 ,구로구,2024-08-26 10:15,10
SPB-49531,페달,노원구,2024-08-09 11:20,11
SPB-49537,기타 ,송파구,2024-08-12 21:02,21
SPB-49539,페달,강남구,2024-08-15 18:31,18
SPB-49544,타이어 ,성동구,2024-08-03 17:21,17
SPB-49547,체인,마포구,2024-08-04 14:08,14
SPB-49547,페달,강서구,2024-08-30 8:01,8
SPB-49548,기타 ,중랑구,2024-08-29 9:51,9
SPB-49553,기타 ,노원구,2024-08-09 22:51,22
SPB-49557,기타 ,성북구,2024-08-23 19:24,19
SPB-49558,안장,강서구,2024-08-19 20:39,20
SPB-50004,페달,성북구,2024-08-12 17:42,17
SPB-50012,기타 ,중랑구,2024-08-12 12:37,12
SPB-50015,기타 ,강서구,2024-08-22 20:17,20
SPB-50024,타이어 ,송파구,2024-08-06 13:16,13
SPB-50024,타이어 ,강남구,2024-08-13 11:54,11
SPB-50029,기타 ,영등포구,2024-08-07 20:49,20
SPB-50030,페달,강서구,2024-08-01 9:21,9
SPB-50036,기타 ,송파구,2024-08-01 18:20,18
SPB-50039,타이어 ,강동구,2024-08-22 18:23,18
SPB-50041,기타 ,동작구,2024-08-05 9:38,9
SPB-50045,체인,서초구,2024-08-09 9:42,9
SPB-50050,타이어 ,강서구,2024-08-12 8:15,8
SPB-50051,타이어 ,광진구,2024-08-09 8:37,8
SPB-50054,타이어 ,동대문구,2024-08-03 12:37,12
SPB-50056,안장,강동구,2024-08-12 19:56,19
SPB-50056,안장,송파구,2024-08-17 21:12,21
SPB-50060,체인,성동구,2024-08-16 16:41,16
SPB-50065,타이어 ,영등포구,2024-08-28 17:50,17
SPB-50070,기타 ,중구,2024-08-01 1:21,1
SPB-50074,안장,송파구,2024-08-17 22:48,22
SPB-50083,안장,강서구,2024-08-18 9:10,9
SPB-50084,기타 ,양천구,2024-08-07 9:13,9
SPB-50088,기타 ,송파구,2024-08-02 5:36,5
SPB-50094,체인,마포구,2024-08-13 19:28,19
SPB-50094,체인,영등포구,2024-08-16 9:01,9
SPB-50096,기타 ,서초구,2024-08-31 21:35,21
SPB-50097,타이어 ,강남구,2024-08-20 7:24,7
SPB-50102,단말기,광진구,2024-08-22 15:32,15
SPB-50103,타이어 ,동대문구,2024-08-06 13:03,13
SPB-50112,단말기,영등포구,2024-08-04 0:48,0
SPB-50112,체인,영등포구,2024-08-23 12:27,12
SPB-50112,페달,마포구,2024-08-25 8:27,8
SPB-50115,타이어 ,광진구,2024-08-11 17:25,17
SPB-50122,기타 ,마포구,2024-08-21 21:46,21
SPB-50132,안장,성동구,2024-08-07 17:20,17
SPB-50138,타이어 ,동대문구,2024-08-30 9:16,9
SPB-50139,타이어 ,노원구,2024-08-31 11:05,11
SPB-50142,안장,관악구,2024-08-24 10:34,10
SPB-50143,기타 ,중랑구,2024-08-19 6:10,6
SPB-50144,체인,송파구,2024-08-31 21:47,21
SPB-50146,단말기,동대문구,2024-08-10 23:44,23
SPB-50149,체인,구로구,2024-08-01 8:47,8
SPB-50149,체인,관악구,2024-08-07 21:32,21
SPB-50155,단말기,영등포구,2024-08-07 14:33,14
SPB-50156,체인,강서구,2024-08-07 19:49,19
SPB-50156,페달,마포구,2024-08-26 18:46,18
SPB-50158,체인,영등포구,2024-08-22 22:42,22
SPB-50163,체인,영등포구,2024-08-29 21:07,21
SPB-50165,기타 ,강서구,2024-08-19 21:02,21
SPB-50168,기타 ,영등포구,2024-08-26 22:01,22
SPB-50170,기타 ,관악구,2024-08-24 8:22,8
SPB-50171,체인,용산구,2024-08-30 19:10,19
SPB-50184,체인,강서구,2024-08-12 21:56,21
SPB-50187,체인,마포구,2024-08-08 0:14,0
SPB-50189,페달,송파구,2024-08-01 20:08,20
SPB-50189,기타 ,강동구,2024-08-12 20:57,20
SPB-50193,단말기,광진구,2024-08-06 13:56,13
SPB-50199,타이어 ,영등포구,2024-08-23 16:52,16
SPB-50202,안장,강동구,2024-08-12 20:02,20
SPB-50207,기타 ,은평구,2024-08-04 15:11,15
SPB-50208,페달,송파구,2024-08-28 18:12,18
SPB-50210,타이어 ,용산구,2024-08-20 18:08,18
SPB-50213,기타 ,중랑구,2024-08-28 15:52,15
SPB-50218,타이어 ,서초구,2024-08-29 22:31,22
SPB-50222,타이어 ,광진구,2024-08-09 8:30,8
SPB-50223,안장,구로구,2024-08-23 18:42,18
SPB-50230,안장,서대문구,2024-08-09 1:02,1
SPB-50230,기타 ,영등포구,2024-08-30 22:22,22
SPB-50240,타이어 ,노원구,2024-08-19 18:56,18
SPB-50247,타이어 ,마포구,2024-08-08 11:03,11
SPB-50250,안장,성동구,2024-08-01 19:47,19
SPB-50252,기타 ,송파구,2024-08-16 18:16,18
SPB-50257,체인,금천구,2024-08-17 21:35,21
SPB-50260,안장,송파구,2024-08-08 19:03,19
SPB-50260,페달,송파구,2024-08-15 17:22,17
SPB-50260,기타 ,송파구,2024-08-31 17:53,17
SPB-50264,타이어 ,노원구,2024-08-13 21:49,21
SPB-50265,타이어 ,강서구,2024-08-05 18:15,18
SPB-50268,타이어 ,강서구,2024-08-30 9:43,9
SPB-50276,페달,송파구,2024-08-18 17:24,17
SPB-50281,체인,성동구,2024-08-13 21:19,21
SPB-50291,페달,양천구,2024-08-28 3:56,3
SPB-50296,페달,광진구,2024-08-28 18:57,18
SPB-50302,기타 ,강남구,2024-08-05 20:03,20
SPB-50302,페달,강동구,2024-08-23 19:40,19
SPB-50308,체인,은평구,2024-08-06 22:08,22
SPB-50309,페달,관악구,2024-08-24 14:30,14
SPB-50313,기타 ,성동구,2024-08-29 14:02,14
SPB-50314,타이어 ,마포구,2024-08-08 12:10,12
SPB-50314,타이어 ,마포구,2024-08-15 23:14,23
SPB-50314,기타 ,마포구,2024-08-30 15:26,15
SPB-50318,단말기,광진구,2024-08-23 8:43,8
SPB-50319,체인,송파구,2024-08-30 17:41,17
SPB-50329,기타 ,강남구,2024-08-31 19:54,19
SPB-50331,타이어 ,금천구,2024-08-02 18:26,18
SPB-50332,단말기,동대문구,2024-08-31 10:18,10
SPB-50333,기타 ,구로구,2024-08-19 20:36,20
SPB-50334,단말기,종로구,2024-08-19 6:36,6
SPB-50336,단말기,종로구,2024-08-22 17:45,17
SPB-50346,안장,동작구,2024-08-27 18:47,18
SPB-50347,페달,광진구,2024-08-02 11:25,11
SPB-50350,페달,성북구,2024-08-19 21:10,21
SPB-50350,체인,강북구,2024-08-26 18:12,18
SPB-50353,안장,중구,2024-08-06 17:50,17
SPB-50353,타이어 ,동대문구,2024-08-14 11:53,11
SPB-50378,페달,성동구,2024-08-02 15:06,15
SPB-50379,체인,광진구,2024-08-29 18:58,18
SPB-50390,타이어 ,강서구,2024-08-19 18:35,18
SPB-50391,타이어 ,서대문구,2024-08-18 15:17,15
SPB-50396,기타 ,노원구,2024-08-30 19:19,19
SPB-50397,페달,송파구,2024-08-19 12:50,12
SPB-50401,기타 ,양천구,2024-08-28 23:12,23
SPB-50403,타이어 ,광진구,2024-08-01 18:38,18
SPB-50403,타이어 ,종로구,2024-08-15 19:53,19
SPB-50403,타이어 ,종로구,2024-08-16 8:51,8
SPB-50403,타이어 ,중구,2024-08-17 20:06,20
SPB-50415,기타 ,영등포구,2024-08-03 21:54,21
SPB-50415,기타 ,강서구,2024-08-08 23:22,23
SPB-50417,단말기,동작구,2024-08-19 17:19,17
SPB-50419,페달,광진구,2024-08-15 18:14,18
SPB-50421,체인,강서구,2024-08-30 21:14,21
SPB-50422,안장,서대문구,2024-08-25 21:50,21
SPB-50424,체인,영등포구,2024-08-07 22:13,22
SPB-50429,안장,영등포구,2024-08-07 19:34,19
SPB-50433,체인,서대문구,2024-08-12 22:08,22
SPB-50436,타이어 ,영등포구,2024-08-08 18:48,18
SPB-50438,타이어 ,양천구,2024-08-12 22:22,22
SPB-50439,페달,강서구,2024-08-01 16:59,16
SPB-50444,기타 ,양천구,2024-08-15 12:12,12
SPB-50455,체인,관악구,2024-08-02 19:19,19
SPB-50459,타이어 ,노원구,2024-08-25 7:13,7
SPB-50459,기타 ,노원구,2024-08-30 0:16,0
SPB-50465,페달,강서구,2024-08-31 21:06,21
SPB-50466,기타 ,광진구,2024-08-12 21:21,21
SPB-50476,안장,노원구,2024-08-07 19:30,19
SPB-50478,안장,도봉구,2024-08-01 8:23,8
SPB-50479,타이어 ,송파구,2024-08-12 11:16,11
SPB-50479,타이어 ,강동구,2024-08-17 12:39,12
SPB-50480,타이어 ,강서구,2024-08-15 19:44,19
SPB-50482,기타 ,강서구,2024-08-07 10:43,10
SPB-50490,페달,은평구,2024-08-03 9:54,9
SPB-50490,체인,마포구,2024-08-09 8:27,8
SPB-50490,체인,마포구,2024-08-22 1:04,1
SPB-50493,단말기,용산구,2024-08-05 16:50,16
SPB-50495,타이어 ,영등포구,2024-08-27 7:46,7
SPB-50499,페달,광진구,2024-08-20 21:51,21
SPB-50499,페달,동대문구,2024-08-30 17:59,17
SPB-50503,체인,마포구,2024-08-09 18:25,18
SPB-50503,기타 ,강서구,2024-08-23 12:48,12
SPB-50504,단말기,도봉구,2024-08-03 7:43,7
SPB-50509,기타 ,서초구,2024-08-13 7:54,7
SPB-50516,페달,광진구,2024-08-26 22:08,22
SPB-50522,체인,관악구,2024-08-10 16:41,16
SPB-50522,체인,동작구,2024-08-13 22:00,22
SPB-50523,기타 ,노원구,2024-08-09 12:49,12
SPB-50525,타이어 ,동대문구,2024-08-22 8:12,8
SPB-50526,체인,강동구,2024-08-27 23:19,23
SPB-50529,타이어 ,은평구,2024-08-30 12:53,12
SPB-50534,기타 ,양천구,2024-08-13 21:04,21
SPB-50534,기타 ,양천구,2024-08-27 19:53,19
SPB-50536,페달,구로구,2024-08-22 8:41,8
SPB-50543,체인,동작구,2024-08-13 20:55,20
SPB-50544,단말기,광진구,2024-08-30 8:13,8
SPB-50549,기타 ,금천구,2024-08-01 10:02,10
SPB-50550,체인,영등포구,2024-08-10 12:02,12
SPB-50553,타이어 ,성북구,2024-08-06 23:30,23
SPB-50554,안장,강서구,2024-08-28 8:30,8
SPB-50555,체인,강남구,2024-08-27 1:39,1
SPB-50557,타이어 ,중구,2024-08-20 13:48,13
SPB-50558,기타 ,영등포구,2024-08-10 20:37,20
SPB-50558,단말기,금천구,2024-08-14 18:02,18
SPB-50558,체인,금천구,2024-08-18 12:49,12
SPB-50558,체인,구로구,2024-08-31 6:46,6
SPB-50565,타이어 ,노원구,2024-08-18 9:36,9
SPB-50570,기타 ,중랑구,2024-08-22 21:18,21
SPB-50574,체인,강서구,2024-08-11 19:48,19
SPB-50575,안장,종로구,2024-08-07 20:03,20
SPB-50575,안장,용산구,2024-08-15 6:54,6
SPB-50577,체인,동작구,2024-08-01 2:17,2
SPB-50584,단말기,마포구,2024-08-03 19:13,19
SPB-50587,타이어 ,광진구,2024-08-28 20:43,20
SPB-50590,타이어 ,영등포구,2024-08-14 21:43,21
SPB-50592,기타 ,중구,2024-08-28 13:37,13
SPB-50598,체인,금천구,2024-08-07 18:37,18
SPB-50603,기타 ,성북구,2024-08-01 11:38,11
SPB-50603,타이어 ,광진구,2024-08-15 19:19,19
SPB-50608,기타 ,강서구,2024-08-17 19:40,19
SPB-50610,체인,도봉구,2024-08-24 21:46,21
SPB-50614,페달,구로구,2024-08-15 7:51,7
SPB-50614,체인,양천구,2024-08-27 15:58,15
SPB-50616,페달,중랑구,2024-08-18 11:05,11
SPB-50616,단말기,중구,2024-08-21 17:27,17
SPB-50621,페달,서대문구,2024-08-22 11:24,11
SPB-50622,타이어 ,도봉구,2024-08-30 19:25,19
SPB-50625,타이어 ,송파구,2024-08-18 5:31,5
SPB-50626,체인,마포구,2024-08-28 9:09,9
SPB-50627,타이어 ,노원구,2024-08-04 21:46,21
SPB-50633,타이어 ,강서구,2024-08-29 19:38,19
SPB-50637,체인,중구,2024-08-26 6:51,6
SPB-50639,페달,강서구,2024-08-15 15:50,15
SPB-50639,안장,강서구,2024-08-29 11:56,11
SPB-50640,기타 ,강서구,2024-08-30 19:55,19
SPB-50642,안장,동작구,2024-08-09 20:42,20
SPB-50647,페달,양천구,2024-08-16 11:51,11
SPB-50650,페달,마포구,2024-08-23 19:00,19
SPB-50650,페달,마포구,2024-08-25 12:42,12
SPB-50658,체인,송파구,2024-08-25 21:15,21
SPB-50659,타이어 ,강서구,2024-08-27 14:44,14
SPB-50660,기타 ,송파구,2024-08-22 17:28,17
SPB-50661,기타 ,영등포구,2024-08-31 21:54,21
SPB-50664,기타 ,구로구,2024-08-09 19:04,19
SPB-50665,기타 ,강남구,2024-08-20 16:14,16
SPB-50670,체인,강남구,2024-08-05 20:14,20
SPB-50672,페달,양천구,2024-08-05 18:43,18
SPB-50673,기타 ,중랑구,2024-08-05 22:30,22
SPB-50685,기타 ,영등포구,2024-08-09 17:31,17
SPB-50687,안장,동작구,2024-08-02 17:57,17
SPB-50693,체인,구로구,2024-08-27 13:15,13
SPB-50698,안장,영등포구,2024-08-01 8:19,8
SPB-50698,안장,영등포구,2024-08-14 13:30,13
SPB-50698,기타 ,영등포구,2024-08-27 13:33,13
SPB-50703,안장,강서구,2024-08-08 16:03,16
SPB-50707,타이어 ,관악구,2024-08-28 19:47,19
SPB-50708,기타 ,동작구,2024-08-30 13:52,13
SPB-50709,페달,마포구,2024-08-01 21:43,21
SPB-50714,기타 ,강동구,2024-08-08 2:11,2
SPB-50714,기타 ,강동구,2024-08-14 4:02,4
SPB-50716,페달,도봉구,2024-08-03 9:33,9
SPB-50719,안장,구로구,2024-08-02 21:23,21
SPB-50723,페달,용산구,2024-08-19 8:12,8
SPB-50723,기타 ,송파구,2024-08-31 21:57,21
SPB-50732,타이어 ,동대문구,2024-08-21 19:52,19
SPB-50733,타이어 ,관악구,2024-08-14 16:06,16
SPB-50735,기타 ,중구,2024-08-24 18:44,18
SPB-50735,기타 ,성동구,2024-08-30 8:35,8
SPB-50738,타이어 ,중랑구,2024-08-24 19:52,19
SPB-50745,타이어 ,성북구,2024-08-18 19:39,19
SPB-50746,기타 ,광진구,2024-08-24 18:50,18
SPB-50751,안장,송파구,2024-08-08 3:22,3
SPB-50753,기타 ,서초구,2024-08-03 2:20,2
SPB-50753,페달,양천구,2024-08-27 11:04,11
SPB-50754,단말기,노원구,2024-08-31 3:37,3
SPB-50755,기타 ,양천구,2024-08-03 23:28,23
SPB-50756,체인,동대문구,2024-08-08 18:41,18
SPB-50756,체인,은평구,2024-08-21 21:47,21
SPB-50756,단말기,영등포구,2024-08-31 6:45,6
SPB-50761,안장,노원구,2024-08-02 5:55,5
SPB-50767,안장,종로구,2024-08-07 21:11,21
SPB-50767,안장,성동구,2024-08-30 8:26,8
SPB-50772,페달,송파구,2024-08-19 18:25,18
SPB-50773,체인,영등포구,2024-08-06 5:25,5
SPB-50773,체인,영등포구,2024-08-07 18:29,18
SPB-50773,체인,영등포구,2024-08-08 21:47,21
SPB-50773,체인,서대문구,2024-08-11 21:39,21
SPB-50773,체인,영등포구,2024-08-13 23:58,23
SPB-50773,체인,영등포구,2024-08-14 11:59,11
SPB-50773,페달,서초구,2024-08-27 14:55,14
SPB-50779,체인,서초구,2024-08-19 16:13,16
SPB-50779,체인,동작구,2024-08-27 20:56,20
SPB-50781,페달,종로구,2024-08-18 23:09,23
SPB-50781,페달,성북구,2024-08-19 16:39,16
SPB-50781,페달,동대문구,2024-08-21 16:54,16
SPB-50791,기타 ,금천구,2024-08-02 12:14,12
SPB-50791,단말기,금천구,2024-08-04 19:58,19
SPB-50791,단말기,구로구,2024-08-31 13:40,13
SPB-50793,타이어 ,성북구,2024-08-03 17:58,17
SPB-50793,타이어 ,성북구,2024-08-05 10:52,10
SPB-50796,체인,도봉구,2024-08-16 11:22,11
SPB-50802,단말기,마포구,2024-08-05 10:06,10
SPB-50802,기타 ,마포구,2024-08-07 8:17,8
SPB-50806,안장,강서구,2024-08-29 22:20,22
SPB-50807,기타 ,서대문구,2024-08-14 15:50,15
SPB-50809,타이어 ,영등포구,2024-08-03 11:55,11
SPB-50809,기타 ,양천구,2024-08-24 0:30,0
SPB-50815,기타 ,송파구,2024-08-16 7:29,7
SPB-50818,페달,중구,2024-08-13 18:28,18
SPB-50825,타이어 ,구로구,2024-08-19 13:14,13
SPB-50830,기타 ,강서구,2024-08-01 7:00,7
SPB-50831,체인,동대문구,2024-08-08 19:39,19
SPB-50831,체인,송파구,2024-08-19 6:31,6
SPB-50833,페달,양천구,2024-08-29 14:44,14
SPB-50835,타이어 ,종로구,2024-08-07 7:57,7
SPB-50838,타이어 ,강서구,2024-08-02 20:24,20
SPB-50838,페달,영등포구,2024-08-22 8:10,8
SPB-50839,페달,송파구,2024-08-27 14:21,14
SPB-50846,기타 ,서초구,2024-08-28 18:50,18
SPB-50851,체인,중랑구,2024-08-06 22:14,22
SPB-50863,안장,금천구,2024-08-03 5:14,5
SPB-50866,체인,노원구,2024-08-21 21:34,21
SPB-50879,체인,서초구,2024-08-02 18:02,18
SPB-50880,타이어 ,마포구,2024-08-17 18:19,18
SPB-50881,타이어 ,종로구,2024-08-15 22:03,22
SPB-50881,타이어 ,중구,2024-08-19 10:54,10
SPB-50887,타이어 ,영등포구,2024-08-01 21:58,21
SPB-50887,안장,송파구,2024-08-29 12:37,12
SPB-50889,타이어 ,광진구,2024-08-11 18:41,18
SPB-50892,단말기,송파구,2024-08-13 19:06,19
SPB-50895,안장,강서구,2024-08-15 14:59,14
SPB-50895,안장,강서구,2024-08-18 10:54,10
SPB-50903,안장,서초구,2024-08-03 21:52,21
SPB-50903,체인,영등포구,2024-08-14 18:26,18
SPB-50905,안장,송파구,2024-08-27 20:38,20
SPB-50905,페달,강동구,2024-08-29 20:42,20
SPB-50907,타이어 ,서초구,2024-08-09 19:26,19
SPB-50911,기타 ,영등포구,2024-08-25 21:27,21
SPB-50913,타이어 ,송파구,2024-08-30 19:02,19
SPB-50916,타이어 ,송파구,2024-08-05 18:28,18
SPB-50926,안장,강동구,2024-08-20 13:07,13
SPB-50927,타이어 ,강서구,2024-08-11 10:53,10
SPB-50929,타이어 ,송파구,2024-08-05 12:06,12
SPB-50935,타이어 ,관악구,2024-08-23 16:40,16
SPB-50936,타이어 ,도봉구,2024-08-14 13:22,13
SPB-50942,안장,동작구,2024-08-11 14:24,14
SPB-50944,체인,강서구,2024-08-08 19:05,19
SPB-50946,타이어 ,송파구,2024-08-12 9:08,9
SPB-50946,타이어 ,성동구,2024-08-29 16:30,16
SPB-50949,타이어 ,강동구,2024-08-22 3:34,3
SPB-50950,체인,성북구,2024-08-25 17:29,17
SPB-50951,타이어 ,동대문구,2024-08-08 19:16,19
SPB-50953,단말기,서초구,2024-08-06 21:28,21
SPB-50957,타이어 ,관악구,2024-08-21 19:55,19
SPB-50963,페달,강남구,2024-08-22 18:49,18
SPB-50971,체인,양천구,2024-08-02 7:25,7
SPB-50971,페달,마포구,2024-08-18 22:23,22
SPB-50973,타이어 ,강서구,2024-08-09 19:11,19
SPB-50975,기타 ,서대문구,2024-08-01 20:06,20
SPB-50975,안장,강서구,2024-08-28 8:05,8
SPB-50984,타이어 ,동작구,2024-08-23 20:45,20
SPB-50989,안장,중구,2024-08-16 18:30,18
SPB-50989,안장,용산구,2024-08-28 21:49,21
SPB-50993,체인,용산구,2024-08-30 14:48,14
SPB-50995,기타 ,도봉구,2024-08-15 20:19,20
SPB-50999,페달,영등포구,2024-08-30 8:21,8
SPB-51001,타이어 ,동대문구,2024-08-27 10:50,10
SPB-51002,타이어 ,강서구,2024-08-09 10:53,10
SPB-51002,기타 ,영등포구,2024-08-30 17:08,17
SPB-51005,체인,구로구,2024-08-02 11:51,11
SPB-51012,타이어 ,영등포구,2024-08-23 17:48,17
SPB-51013,타이어 ,송파구,2024-08-12 21:47,21
SPB-51023,체인,송파구,2024-08-13 8:46,8
SPB-51025,기타 ,강서구,2024-08-24 19:03,19
SPB-51029,기타 ,관악구,2024-08-16 20:07,20
SPB-51032,타이어 ,강서구,2024-08-27 11:35,11
SPB-51038,페달,영등포구,2024-08-01 7:58,7
SPB-51039,체인,양천구,2024-08-02 8:26,8
SPB-51039,페달,강서구,2024-08-20 22:22,22
SPB-51040,타이어 ,동대문구,2024-08-09 17:21,17
SPB-51046,체인,영등포구,2024-08-11 13:52,13
SPB-51046,타이어 ,영등포구,2024-08-14 15:07,15
SPB-51046,페달,관악구,2024-08-27 11:47,11
SPB-51047,체인,관악구,2024-08-17 6:44,6
SPB-51051,타이어 ,송파구,2024-08-17 15:11,15
SPB-51057,기타 ,광진구,2024-08-15 10:19,10
SPB-51058,페달,강서구,2024-08-27 15:08,15
SPB-51071,안장,종로구,2024-08-12 9:25,9
SPB-51078,기타 ,강서구,2024-08-02 7:31,7
SPB-51078,체인,강서구,2024-08-12 21:18,21
SPB-51078,기타 ,영등포구,2024-08-30 19:36,19
SPB-51081,기타 ,강남구,2024-08-29 8:01,8
SPB-51085,페달,종로구,2024-08-19 12:13,12
SPB-51086,기타 ,강서구,2024-08-15 14:51,14
SPB-51086,타이어 ,강서구,2024-08-16 18:27,18
SPB-51089,안장,송파구,2024-08-10 20:36,20
SPB-51089,안장,구로구,2024-08-23 21:16,21
SPB-51097,기타 ,영등포구,2024-08-02 8:46,8
SPB-51097,타이어 ,강서구,2024-08-28 19:27,19
SPB-51104,안장,중랑구,2024-08-20 22:35,22
SPB-51105,기타 ,동대문구,2024-08-02 1:35,1
SPB-51108,타이어 ,강서구,2024-08-07 17:24,17
SPB-51108,기타 ,강서구,2024-08-12 22:14,22
SPB-51108,체인,강서구,2024-08-18 9:13,9
SPB-51121,페달,강남구,2024-08-01 20:52,20
SPB-51123,타이어 ,마포구,2024-08-26 19:44,19
SPB-51123,기타 ,마포구,2024-08-31 23:22,23
SPB-51126,타이어 ,노원구,2024-08-30 18:38,18
SPB-51127,체인,종로구,2024-08-20 10:40,10
SPB-51141,단말기,서대문구,2024-08-22 1:46,1
SPB-51143,타이어 ,강서구,2024-08-30 9:38,9
SPB-51146,타이어 ,성동구,2024-08-11 22:00,22
SPB-51152,타이어 ,도봉구,2024-08-26 21:34,21
SPB-51160,타이어 ,강서구,2024-08-29 11:11,11
SPB-51161,기타 ,강서구,2024-08-28 22:35,22
SPB-51162,단말기,마포구,2024-08-21 18:11,18
SPB-51163,기타 ,종로구,2024-08-15 17:47,17
SPB-51165,기타 ,중랑구,2024-08-18 17:18,17
SPB-51168,체인,송파구,2024-08-09 21:12,21
SPB-51171,타이어 ,양천구,2024-08-29 7:40,7
SPB-51176,단말기,관악구,2024-08-24 9:05,9
SPB-51177,타이어 ,은평구,2024-08-07 8:46,8
SPB-51177,기타 ,관악구,2024-08-16 6:34,6
SPB-51180,페달,양천구,2024-08-24 21:56,21
SPB-51186,안장,강서구,2024-08-14 9:35,9
SPB-51186,안장,강서구,2024-08-30 14:37,14
SPB-51187,페달,은평구,2024-08-30 7:50,7
SPB-51192,타이어 ,강동구,2024-08-01 6:23,6
SPB-51194,기타 ,금천구,2024-08-22 19:24,19
SPB-51196,타이어 ,동대문구,2024-08-26 18:55,18
SPB-51197,체인,서초구,2024-08-24 20:23,20
SPB-51201,안장,강북구,2024-08-24 0:00,0
SPB-51201,안장,도봉구,2024-08-27 10:38,10
SPB-51201,체인,도봉구,2024-08-29 20:20,20
SPB-51202,기타 ,강서구,2024-08-09 19:14,19
SPB-51205,체인,영등포구,2024-08-01 18:37,18
SPB-51205,체인,양천구,2024-08-13 12:08,12
SPB-51206,페달,강남구,2024-08-17 8:19,8
SPB-51206,페달,서초구,2024-08-20 18:42,18
SPB-51212,안장,중랑구,2024-08-05 19:40,19
SPB-51219,체인,성북구,2024-08-21 18:21,18
SPB-51227,타이어 ,영등포구,2024-08-16 18:36,18
SPB-51227,페달,영등포구,2024-08-21 19:02,19
SPB-51234,기타 ,강서구,2024-08-05 9:01,9
SPB-51237,기타 ,송파구,2024-08-13 8:26,8
SPB-51239,체인,강동구,2024-08-23 18:39,18
SPB-51240,타이어 ,종로구,2024-08-08 9:03,9
SPB-51247,기타 ,송파구,2024-08-26 9:50,9
SPB-51249,안장,종로구,2024-08-26 7:52,7
SPB-51258,타이어 ,강서구,2024-08-06 18:56,18
SPB-51258,페달,양천구,2024-08-18 17:09,17
SPB-51258,페달,마포구,2024-08-22 19:59,19
SPB-51259,페달,금천구,2024-08-27 16:46,16
SPB-51260,타이어 ,강서구,2024-08-22 17:35,17
SPB-51263,기타 ,성북구,2024-08-07 22:09,22
SPB-51265,타이어 ,관악구,2024-08-02 17:43,17
SPB-51265,타이어 ,강남구,2024-08-11 14:58,14
SPB-51265,타이어 ,강남구,2024-08-12 20:48,20
SPB-51265,타이어 ,강남구,2024-08-14 0:18,0
SPB-51265,타이어 ,강남구,2024-08-15 11:58,11
SPB-51265,체인,강남구,2024-08-19 12:55,12
SPB-51266,체인,영등포구,2024-08-12 18:19,18
SPB-51267,기타 ,은평구,2024-08-16 18:08,18
SPB-51272,페달,강북구,2024-08-28 22:14,22
SPB-51274,타이어 ,마포구,2024-08-20 22:21,22
SPB-51289,타이어 ,강서구,2024-08-17 15:21,15
SPB-51298,기타 ,강서구,2024-08-26 17:56,17
SPB-51301,체인,구로구,2024-08-23 21:20,21
SPB-51305,단말기,송파구,2024-08-23 22:45,22
SPB-51306,페달,송파구,2024-08-17 1:38,1
SPB-51310,페달,강서구,2024-08-16 8:52,8
SPB-51310,페달,강서구,2024-08-16 10:29,10
SPB-51311,타이어 ,구로구,2024-08-16 16:22,16
SPB-51315,페달,송파구,2024-08-13 1:08,1
SPB-51322,타이어 ,강남구,2024-08-29 10:23,10
SPB-51324,타이어 ,영등포구,2024-08-27 16:09,16
SPB-51330,타이어 ,성동구,2024-08-09 8:05,8
SPB-51332,페달,관악구,2024-08-16 13:32,13
SPB-51337,체인,용산구,2024-08-30 9:16,9
SPB-51341,타이어 ,용산구,2024-08-23 21:28,21
SPB-51342,타이어 ,도봉구,2024-08-03 23:30,23
SPB-51343,타이어 ,강동구,2024-08-03 22:47,22
SPB-51343,기타 ,광진구,2024-08-23 10:20,10
SPB-51344,기타 ,강남구,2024-08-26 15:27,15
SPB-51345,체인,광진구,2024-08-11 11:50,11
SPB-51346,페달,동작구,2024-08-24 11:19,11
SPB-51346,페달,서초구,2024-08-26 19:13,19
SPB-51364,타이어 ,송파구,2024-08-19 12:26,12
SPB-51370,타이어 ,금천구,2024-08-09 7:52,7
SPB-51370,기타 ,영등포구,2024-08-29 7:54,7
SPB-51371,기타 ,관악구,2024-08-30 9:50,9
SPB-51372,체인,용산구,2024-08-11 2:23,2
SPB-51373,단말기,서초구,2024-08-24 18:03,18
SPB-51373,페달,강남구,2024-08-25 17:22,17
SPB-51373,페달,강남구,2024-08-27 16:59,16
SPB-51375,타이어 ,구로구,2024-08-24 10:08,10
SPB-51379,기타 ,강서구,2024-08-16 1:02,1
SPB-51380,페달,성동구,2024-08-22 19:14,19
SPB-51381,페달,강남구,2024-08-21 22:30,22
SPB-51383,기타 ,양천구,2024-08-11 11:44,11
SPB-51387,안장,강서구,2024-08-14 11:23,11
SPB-51387,안장,마포구,2024-08-18 18:25,18
SPB-51391,타이어 ,동작구,2024-08-09 8:05,8
SPB-51392,체인,관악구,2024-08-03 17:54,17
SPB-51395,타이어 ,동대문구,2024-08-23 0:26,0
SPB-51410,타이어 ,광진구,2024-08-10 22:50,22
SPB-51413,타이어 ,노원구,2024-08-05 20:42,20
SPB-51414,기타 ,강서구,2024-08-26 16:40,16
SPB-51415,체인,강서구,2024-08-16 5:50,5
SPB-51422,안장,마포구,2024-08-28 1:18,1
SPB-51423,단말기,강서구,2024-08-13 7:49,7
SPB-51425,단말기,서초구,2024-08-09 22:32,22
SPB-51425,페달,강동구,2024-08-28 8:55,8
SPB-51426,체인,서대문구,2024-08-21 18:41,18
SPB-51426,체인,마포구,2024-08-29 11:01,11
SPB-51433,안장,송파구,2024-08-09 16:43,16
SPB-51440,페달,동작구,2024-08-02 13:41,13
SPB-51440,기타 ,마포구,2024-08-16 12:47,12
SPB-51443,기타 ,양천구,2024-08-21 19:51,19
SPB-51447,타이어 ,강동구,2024-08-13 20:05,20
SPB-51447,타이어 ,송파구,2024-08-16 17:38,17
SPB-51449,기타 ,동대문구,2024-08-29 21:01,21
SPB-51450,타이어 ,서대문구,2024-08-26 5:59,5
SPB-51455,안장,양천구,2024-08-21 21:50,21
SPB-51455,안장,양천구,2024-08-23 17:31,17
SPB-51468,타이어 ,동대문구,2024-08-27 18:13,18
SPB-51481,타이어 ,금천구,2024-08-28 8:23,8
SPB-51482,기타 ,송파구,2024-08-14 15:35,15
SPB-51482,안장,광진구,2024-08-27 11:38,11
SPB-51484,타이어 ,구로구,2024-08-20 17:11,17
SPB-51484,페달,동작구,2024-08-23 15:57,15
SPB-51487,체인,광진구,2024-08-31 11:12,11
SPB-51489,타이어 ,영등포구,2024-08-27 10:20,10
SPB-51495,기타 ,동작구,2024-08-27 21:40,21
SPB-51496,타이어 ,성동구,2024-08-11 17:07,17
SPB-51499,타이어 ,광진구,2024-08-11 8:48,8
SPB-51503,타이어 ,송파구,2024-08-20 7:49,7
SPB-51506,페달,영등포구,2024-08-28 8:47,8
SPB-51506,페달,양천구,2024-08-29 18:58,18
SPB-51510,기타 ,중랑구,2024-08-15 17:32,17
SPB-51519,페달,은평구,2024-08-20 17:38,17
SPB-51526,기타 ,강남구,2024-08-01 19:20,19
SPB-51528,안장,양천구,2024-08-13 19:45,19
SPB-51528,기타 ,양천구,2024-08-30 10:20,10
SPB-51539,페달,강북구,2024-08-02 8:24,8
SPB-51544,체인,동대문구,2024-08-01 15:44,15
SPB-51544,체인,동대문구,2024-08-17 21:58,21
SPB-51544,체인,영등포구,2024-08-23 12:08,12
SPB-51548,기타 ,금천구,2024-08-05 18:13,18
SPB-51548,기타 ,금천구,2024-08-14 16:33,16
SPB-51556,안장,영등포구,2024-08-02 20:14,20
SPB-51560,안장,마포구,2024-08-01 22:56,22
SPB-51560,안장,마포구,2024-08-07 22:43,22
SPB-51563,기타 ,양천구,2024-08-13 14:15,14
SPB-51563,페달,구로구,2024-08-23 17:19,17
SPB-51583,타이어 ,동작구,2024-08-07 6:59,6
SPB-51586,기타 ,동작구,2024-08-17 18:36,18
SPB-51589,기타 ,마포구,2024-08-08 23:13,23
SPB-51589,기타 ,서대문구,2024-08-16 23:09,23
SPB-51591,페달,송파구,2024-08-25 17:38,17
SPB-51592,타이어 ,성동구,2024-08-24 10:01,10
SPB-51598,기타 ,서초구,2024-08-01 6:28,6
SPB-51599,타이어 ,강서구,2024-08-19 18:16,18
SPB-51600,기타 ,동대문구,2024-08-19 8:46,8
SPB-51600,체인,노원구,2024-08-28 8:02,8
SPB-51604,기타 ,은평구,2024-08-20 23:23,23
SPB-51609,체인,강동구,2024-08-20 7:21,7
SPB-51613,페달,금천구,2024-08-27 21:21,21
SPB-51616,타이어 ,강서구,2024-08-16 19:39,19
SPB-51618,단말기,광진구,2024-08-19 14:04,14
SPB-51620,안장,강북구,2024-08-17 14:50,14
SPB-51624,타이어 ,영등포구,2024-08-30 17:10,17
SPB-51625,단말기,강서구,2024-08-08 7:21,7
SPB-51625,안장,강서구,2024-08-12 19:42,19
SPB-51638,체인,중랑구,2024-08-07 10:15,10
SPB-51640,페달,광진구,2024-08-06 19:03,19
SPB-51640,타이어 ,중랑구,2024-08-15 19:34,19
SPB-51646,페달,강동구,2024-08-03 10:36,10
SPB-51646,체인,송파구,2024-08-14 8:10,8
SPB-51647,타이어 ,양천구,2024-08-06 17:52,17
SPB-51650,체인,강남구,2024-08-09 6:58,6
SPB-51652,타이어 ,서초구,2024-08-22 7:52,7
SPB-51663,기타 ,영등포구,2024-08-29 10:15,10
SPB-51664,페달,송파구,2024-08-13 7:48,7
SPB-51664,페달,성동구,2024-08-15 18:50,18
SPB-51666,페달,양천구,2024-08-26 22:53,22
SPB-51667,기타 ,강남구,2024-08-28 18:59,18
SPB-51675,타이어 ,서초구,2024-08-31 18:20,18
SPB-51676,타이어 ,강서구,2024-08-15 18:24,18
SPB-51682,기타 ,양천구,2024-08-26 22:27,22
SPB-51683,기타 ,영등포구,2024-08-11 16:38,16
SPB-51687,기타 ,동대문구,2024-08-24 9:54,9
SPB-51695,기타 ,강남구,2024-08-24 19:32,19
SPB-51703,페달,송파구,2024-08-07 12:48,12
SPB-51703,체인,강남구,2024-08-27 22:26,22
SPB-51707,기타 ,강서구,2024-08-06 8:39,8
SPB-51712,타이어 ,광진구,2024-08-08 18:56,18
SPB-51714,타이어 ,은평구,2024-08-08 18:37,18
SPB-51714,체인,서대문구,2024-08-27 7:33,7
SPB-51718,페달,동작구,2024-08-27 7:30,7
SPB-51718,페달,강서구,2024-08-31 21:25,21
SPB-51725,타이어 ,동작구,2024-08-15 18:03,18
SPB-51725,기타 ,서초구,2024-08-26 19:40,19
SPB-51726,페달,강동구,2024-08-02 8:58,8
SPB-51728,타이어 ,강서구,2024-08-30 9:57,9
SPB-51736,기타 ,영등포구,2024-08-31 12:20,12
SPB-51740,페달,강서구,2024-08-08 7:15,7
SPB-51741,기타 ,강서구,2024-08-29 18:25,18
SPB-51742,기타 ,노원구,2024-08-29 6:20,6
SPB-51742,기타 ,도봉구,2024-08-29 20:47,20
SPB-51751,페달,서대문구,2024-08-07 15:20,15
SPB-51753,기타 ,광진구,2024-08-26 6:43,6
SPB-51759,타이어 ,구로구,2024-08-16 18:21,18
SPB-51761,타이어 ,서대문구,2024-08-21 20:46,20
SPB-51762,체인,마포구,2024-08-03 20:42,20
SPB-51767,체인,양천구,2024-08-19 13:33,13
SPB-51769,기타 ,강서구,2024-08-06 22:23,22
SPB-51769,기타 ,강서구,2024-08-26 11:54,11
SPB-51772,단말기,금천구,2024-08-10 22:11,22
SPB-51777,기타 ,강동구,2024-08-13 7:54,7
SPB-51782,체인,송파구,2024-08-10 18:05,18
SPB-51784,타이어 ,마포구,2024-08-08 9:11,9
SPB-51786,페달,노원구,2024-08-27 23:07,23
SPB-51788,체인,노원구,2024-08-08 19:07,19
SPB-51793,기타 ,마포구,2024-08-21 11:37,11
SPB-51794,체인,송파구,2024-08-10 20:20,20
SPB-51794,페달,강동구,2024-08-13 20:13,20
SPB-51794,페달,송파구,2024-08-14 16:55,16
SPB-51794,페달,송파구,2024-08-26 18:14,18
SPB-51803,타이어 ,강북구,2024-08-12 18:28,18
SPB-51810,기타 ,노원구,2024-08-28 17:06,17
SPB-51811,페달,성동구,2024-08-27 14:12,14
SPB-51811,체인,광진구,2024-08-31 9:03,9
SPB-51813,안장,강동구,2024-08-06 6:22,6
SPB-51816,타이어 ,금천구,2024-08-13 8:46,8
SPB-51817,타이어 ,중구,2024-08-08 15:41,15
SPB-51817,안장,종로구,2024-08-09 8:45,8
SPB-51822,기타 ,광진구,2024-08-05 7:27,7
SPB-51822,기타 ,용산구,2024-08-13 14:51,14
SPB-51823,단말기,중구,2024-08-03 17:30,17
SPB-51823,기타 ,서초구,2024-08-13 8:10,8
SPB-51823,체인,노원구,2024-08-31 13:05,13
SPB-51828,안장,송파구,2024-08-29 22:07,22
SPB-51830,기타 ,강서구,2024-08-13 18:33,18
SPB-51831,기타 ,구로구,2024-08-26 7:05,7
SPB-51833,체인,양천구,2024-08-29 6:17,6
SPB-51838,체인,서대문구,2024-08-09 21:20,21
SPB-51838,기타 ,마포구,2024-08-18 19:24,19
SPB-51839,타이어 ,은평구,2024-08-20 8:06,8
SPB-51842,기타 ,광진구,2024-08-05 20:27,20
SPB-51859,기타 ,종로구,2024-08-08 18:48,18
SPB-51860,기타 ,은평구,2024-08-15 17:54,17
SPB-51863,체인,영등포구,2024-08-08 9:59,9
SPB-51869,페달,강서구,2024-08-05 13:42,13
SPB-51869,페달,강서구,2024-08-06 22:39,22
SPB-51874,기타 ,구로구,2024-08-04 8:03,8
SPB-51881,기타 ,노원구,2024-08-30 10:17,10
SPB-51883,체인,동대문구,2024-08-02 19:57,19
SPB-51885,타이어 ,마포구,2024-08-04 21:49,21
SPB-51890,타이어 ,강서구,2024-08-26 18:09,18
SPB-51892,안장,노원구,2024-08-03 22:11,22
SPB-51892,안장,노원구,2024-08-04 15:08,15
SPB-51892,안장,노원구,2024-08-14 22:49,22
SPB-51905,타이어 ,마포구,2024-08-18 10:07,10
SPB-51908,안장,구로구,2024-08-09 6:56,6
SPB-51909,기타 ,마포구,2024-08-19 16:26,16
SPB-51915,타이어 ,양천구,2024-08-08 20:21,20
SPB-51917,체인,강서구,2024-08-31 15:55,15
SPB-51919,체인,영등포구,2024-08-12 21:58,21
SPB-51921,체인,관악구,2024-08-12 20:18,20
SPB-51922,페달,강서구,2024-08-16 9:12,9
SPB-51922,페달,구로구,2024-08-17 0:30,0
SPB-51923,타이어 ,서초구,2024-08-05 8:21,8
SPB-51926,단말기,송파구,2024-08-27 8:45,8
SPB-51927,기타 ,중구,2024-08-30 17:59,17
SPB-51930,타이어 ,강남구,2024-08-29 18:25,18
SPB-51931,기타 ,노원구,2024-08-16 3:29,3
SPB-51933,체인,서대문구,2024-08-22 21:41,21
SPB-51939,타이어 ,강서구,2024-08-26 19:06,19
SPB-51940,타이어 ,영등포구,2024-08-27 17:53,17
SPB-51941,기타 ,영등포구,2024-08-29 0:44,0
SPB-51947,기타 ,노원구,2024-08-20 22:22,22
SPB-51952,기타 ,종로구,2024-08-08 18:08,18
SPB-51953,체인,중랑구,2024-08-11 9:15,9
SPB-51953,페달,광진구,2024-08-16 20:36,20
SPB-51953,안장,영등포구,2024-08-20 17:59,17
SPB-51958,기타 ,동대문구,2024-08-23 22:50,22
SPB-51959,페달,은평구,2024-08-07 17:05,17
SPB-51962,기타 ,중랑구,2024-08-02 20:05,20
SPB-51963,타이어 ,영등포구,2024-08-29 9:34,9
SPB-51966,타이어 ,강서구,2024-08-14 9:29,9
SPB-51975,기타 ,양천구,2024-08-07 18:07,18
SPB-51980,체인,마포구,2024-08-03 5:55,5
SPB-51989,페달,양천구,2024-08-06 8:23,8
SPB-51989,단말기,관악구,2024-08-08 23:18,23
SPB-51991,타이어 ,은평구,2024-08-08 16:49,16
SPB-51994,체인,송파구,2024-08-28 6:33,6
SPB-52016,기타 ,강동구,2024-08-16 22:13,22
SPB-52019,체인,강서구,2024-08-06 22:43,22
SPB-52019,체인,구로구,2024-08-19 8:27,8
SPB-52019,체인,금천구,2024-08-28 18:47,18
SPB-52020,타이어 ,서초구,2024-08-23 21:40,21
SPB-52024,타이어 ,영등포구,2024-08-04 5:45,5
SPB-52028,타이어 ,송파구,2024-08-18 14:34,14
SPB-52047,페달,성동구,2024-08-18 9:06,9
SPB-52048,단말기,영등포구,2024-08-13 12:14,12
SPB-52056,페달,종로구,2024-08-12 13:26,13
SPB-52065,타이어 ,서대문구,2024-08-06 18:37,18
SPB-52078,안장,금천구,2024-08-01 18:42,18
SPB-52079,안장,영등포구,2024-08-05 19:24,19
SPB-52079,안장,서초구,2024-08-11 14:53,14
SPB-52083,기타 ,광진구,2024-08-22 6:27,6
SPB-52084,타이어 ,동작구,2024-08-14 6:36,6
SPB-52084,타이어 ,관악구,2024-08-16 17:33,17
SPB-52084,타이어 ,관악구,2024-08-19 20:53,20
SPB-52086,단말기,관악구,2024-08-15 13:46,13
SPB-52088,기타 ,양천구,2024-08-06 22:19,22
SPB-52099,타이어 ,강서구,2024-08-23 22:22,22
SPB-52100,타이어 ,성북구,2024-08-08 17:53,17
SPB-52102,타이어 ,중랑구,2024-08-23 6:27,6
SPB-52103,기타 ,성동구,2024-08-01 22:20,22
SPB-52103,기타 ,강북구,2024-08-26 18:42,18
SPB-52105,체인,영등포구,2024-08-28 18:06,18
SPB-52108,단말기,용산구,2024-08-19 20:37,20
SPB-52111,안장,강동구,2024-08-25 18:28,18
SPB-52112,기타 ,금천구,2024-08-19 17:24,17
SPB-52116,체인,서초구,2024-08-20 18:58,18
SPB-52117,타이어 ,구로구,2024-08-28 23:25,23
SPB-52120,안장,양천구,2024-08-29 23:11,23
SPB-52121,타이어 ,노원구,2024-08-26 7:38,7
SPB-52127,기타 ,금천구,2024-08-26 9:22,9
SPB-52127,체인,금천구,2024-08-28 8:18,8
SPB-52134,안장,은평구,2024-08-05 19:28,19
SPB-52138,타이어 ,송파구,2024-08-19 9:43,9
SPB-52145,페달,노원구,2024-08-20 13:48,13
SPB-52145,기타 ,동대문구,2024-08-27 22:22,22
SPB-52162,기타 ,서초구,2024-08-12 20:25,20
SPB-52177,안장,동작구,2024-08-30 22:46,22
SPB-52180,체인,도봉구,2024-08-26 18:49,18
SPB-52183,체인,마포구,2024-08-04 18:36,18
SPB-52184,페달,강서구,2024-08-17 20:55,20
SPB-52184,페달,강서구,2024-08-24 3:05,3
SPB-52186,단말기,동대문구,2024-08-16 20:59,20
SPB-52190,타이어 ,성동구,2024-08-19 13:46,13
SPB-52190,타이어 ,광진구,2024-08-26 18:18,18
SPB-52194,타이어 ,동작구,2024-08-23 21:48,21
SPB-52195,페달,영등포구,2024-08-14 17:10,17
SPB-52197,타이어 ,성동구,2024-08-06 19:03,19
SPB-52201,페달,관악구,2024-08-03 14:59,14
SPB-52201,기타 ,송파구,2024-08-11 7:56,7
SPB-52205,페달,종로구,2024-08-09 9:47,9
SPB-52205,체인,영등포구,2024-08-27 12:35,12
SPB-52211,기타 ,영등포구,2024-08-05 8:33,8
SPB-52211,기타 ,노원구,2024-08-26 18:21,18
SPB-52215,안장,양천구,2024-08-27 18:24,18
SPB-52217,체인,양천구,2024-08-15 10:46,10
SPB-52217,타이어 ,양천구,2024-08-19 8:15,8
SPB-52224,타이어 ,관악구,2024-08-05 20:10,20
SPB-52225,안장,은평구,2024-08-08 19:54,19
SPB-52239,타이어 ,송파구,2024-08-22 18:40,18
SPB-52240,기타 ,광진구,2024-08-22 9:02,9
SPB-52240,체인,송파구,2024-08-25 18:29,18
SPB-52257,기타 ,강남구,2024-08-17 21:28,21
SPB-52266,페달,양천구,2024-08-23 14:45,14
SPB-52270,체인,송파구,2024-08-30 18:33,18
SPB-52271,페달,금천구,2024-08-22 8:51,8
SPB-52285,타이어 ,영등포구,2024-08-19 17:13,17
SPB-52304,안장,구로구,2024-08-10 2:34,2
SPB-52305,타이어 ,강서구,2024-08-01 21:32,21
SPB-52313,안장,중구,2024-08-17 23:35,23
SPB-52318,타이어 ,영등포구,2024-08-22 11:49,11
SPB-52319,체인,성동구,2024-08-20 18:34,18
SPB-52321,타이어 ,강서구,2024-08-30 18:44,18
SPB-52326,기타 ,송파구,2024-08-05 7:21,7
SPB-52331,체인,성북구,2024-08-26 2:46,2
SPB-52331,페달,서대문구,2024-08-31 1:52,1
SPB-52333,안장,송파구,2024-08-30 6:05,6
SPB-52336,타이어 ,강서구,2024-08-03 22:07,22
SPB-52342,타이어 ,강서구,2024-08-08 21:48,21
SPB-52346,기타 ,영등포구,2024-08-20 14:59,14
SPB-52352,안장,동대문구,2024-08-16 18:29,18
SPB-52352,안장,중구,2024-08-20 20:15,20
SPB-52358,페달,강서구,2024-08-30 21:38,21
SPB-52362,타이어 ,성북구,2024-08-09 8:55,8
SPB-52363,단말기,동대문구,2024-08-22 17:58,17
SPB-52364,체인,강서구,2024-08-12 8:29,8
SPB-52374,페달,서초구,2024-08-10 22:36,22
SPB-52375,페달,중구,2024-08-18 15:57,15
SPB-52375,페달,중구,2024-08-23 13:00,13
SPB-52375,체인,용산구,2024-08-24 19:11,19
SPB-52376,타이어 ,양천구,2024-08-11 14:17,14
SPB-52377,체인,송파구,2024-08-07 21:35,21
SPB-52389,페달,중구,2024-08-06 17:58,17
SPB-52389,페달,마포구,2024-08-08 21:42,21
SPB-52389,페달,영등포구,2024-08-26 7:30,7
SPB-52390,체인,강남구,2024-08-19 13:04,13
SPB-52390,체인,서초구,2024-08-25 19:56,19
SPB-52392,기타 ,동대문구,2024-08-17 14:46,14
SPB-52395,타이어 ,도봉구,2024-08-13 21:25,21
SPB-52396,체인,광진구,2024-08-20 3:50,3
SPB-52398,페달,마포구,2024-08-07 8:29,8
SPB-52398,페달,마포구,2024-08-07 20:25,20
SPB-52398,체인,은평구,2024-08-13 15:40,15
SPB-52398,페달,관악구,2024-08-31 20:10,20
SPB-52401,타이어 ,강서구,2024-08-28 17:50,17
SPB-52402,페달,강서구,2024-08-26 4:59,4
SPB-52402,체인,양천구,2024-08-26 17:04,17
SPB-52402,페달,강서구,2024-08-27 18:18,18
SPB-52402,페달,강서구,2024-08-29 22:29,22
SPB-52403,기타 ,광진구,2024-08-08 18:47,18
SPB-52403,타이어 ,광진구,2024-08-11 10:52,10
SPB-52403,타이어 ,성동구,2024-08-12 7:06,7
SPB-52403,단말기,종로구,2024-08-21 15:56,15
SPB-52412,체인,송파구,2024-08-02 9:36,9
SPB-52412,체인,광진구,2024-08-12 17:06,17
SPB-52412,체인,성동구,2024-08-23 11:12,11
SPB-52414,페달,노원구,2024-08-03 0:03,0
SPB-52414,체인,노원구,2024-08-23 23:03,23
SPB-52414,페달,노원구,2024-08-27 21:17,21
SPB-52419,타이어 ,금천구,2024-08-08 14:03,14
SPB-52419,타이어 ,금천구,2024-08-14 8:17,8
SPB-52420,체인,양천구,2024-08-12 14:50,14
SPB-52420,단말기,관악구,2024-08-14 17:57,17
SPB-52420,페달,관악구,2024-08-17 14:03,14
SPB-52427,타이어 ,구로구,2024-08-16 22:05,22
SPB-52431,페달,영등포구,2024-08-05 6:33,6
SPB-52432,타이어 ,동작구,2024-08-20 17:54,17
SPB-52433,기타 ,노원구,2024-08-09 18:12,18
SPB-52438,체인,강서구,2024-08-30 16:40,16
SPB-52440,타이어 ,동작구,2024-08-06 8:01,8
SPB-52440,체인,영등포구,2024-08-21 18:39,18
SPB-52452,타이어 ,광진구,2024-08-20 15:52,15
SPB-52453,안장,노원구,2024-08-07 8:45,8
SPB-52453,타이어 ,영등포구,2024-08-24 8:37,8
SPB-52455,페달,강서구,2024-08-16 11:29,11
SPB-52457,기타 ,동작구,2024-08-16 8:03,8
SPB-52465,체인,영등포구,2024-08-01 8:32,8
SPB-52471,안장,구로구,2024-08-23 20:25,20
SPB-52475,타이어 ,중랑구,2024-08-15 16:33,16
SPB-52479,기타 ,용산구,2024-08-17 20:13,20
SPB-52487,체인,중구,2024-08-05 7:31,7
SPB-52487,타이어 ,중구,2024-08-05 9:46,9
SPB-52492,체인,광진구,2024-08-01 20:06,20
SPB-52492,체인,성동구,2024-08-11 20:24,20
SPB-52492,체인,동대문구,2024-08-28 20:15,20
SPB-52493,기타 ,노원구,2024-08-30 19:32,19
SPB-52495,페달,송파구,2024-08-02 18:10,18
SPB-52495,타이어 ,송파구,2024-08-13 8:06,8
SPB-52499,체인,용산구,2024-08-05 7:51,7
SPB-52501,페달,송파구,2024-08-29 5:40,5
SPB-52506,체인,영등포구,2024-08-30 13:48,13
SPB-52507,체인,구로구,2024-08-16 12:16,12
SPB-52509,기타 ,마포구,2024-08-14 18:37,18
SPB-52515,페달,송파구,2024-08-12 19:39,19
SPB-52517,타이어 ,광진구,2024-08-08 2:24,2
SPB-52518,페달,성동구,2024-08-23 18:37,18
SPB-52519,단말기,동대문구,2024-08-13 19:20,19
SPB-52521,체인,강서구,2024-08-22 18:25,18
SPB-52523,타이어 ,도봉구,2024-08-20 15:41,15
SPB-52525,타이어 ,송파구,2024-08-10 23:14,23
SPB-52533,타이어 ,양천구,2024-08-12 7:39,7
SPB-52535,체인,강서구,2024-08-02 19:14,19
SPB-52535,체인,양천구,2024-08-07 9:44,9
SPB-52535,체인,구로구,2024-08-18 11:33,11
SPB-52535,체인,양천구,2024-08-29 8:44,8
SPB-52538,안장,중랑구,2024-08-08 18:48,18
SPB-52561,타이어 ,강서구,2024-08-16 20:59,20
SPB-52564,페달,강동구,2024-08-29 13:42,13
SPB-52565,안장,금천구,2024-08-16 18:30,18
SPB-52566,페달,서대문구,2024-08-09 13:24,13
SPB-52570,타이어 ,관악구,2024-08-05 8:31,8
SPB-52571,체인,양천구,2024-08-02 5:15,5
SPB-52573,단말기,중구,2024-08-09 21:50,21
SPB-52578,체인,광진구,2024-08-31 18:22,18
SPB-52583,페달,성동구,2024-08-07 22:23,22
SPB-52584,페달,성북구,2024-08-29 8:46,8
SPB-52584,체인,종로구,2024-08-29 17:54,17
SPB-52585,기타 ,동작구,2024-08-23 13:54,13
SPB-52594,단말기,양천구,2024-08-12 14:51,14
SPB-52595,페달,노원구,2024-08-19 7:41,7
SPB-52595,안장,노원구,2024-08-27 14:47,14
SPB-52597,타이어 ,영등포구,2024-08-16 8:47,8
SPB-52601,페달,관악구,2024-08-09 1:47,1
SPB-52609,단말기,서초구,2024-08-25 15:55,15
SPB-52615,페달,강동구,2024-08-09 18:08,18
SPB-52620,기타 ,강서구,2024-08-13 5:52,5
SPB-52621,타이어 ,양천구,2024-08-22 11:42,11
SPB-52631,안장,동대문구,2024-08-03 16:49,16
SPB-52639,체인,노원구,2024-08-14 8:44,8
SPB-52640,체인,양천구,2024-08-23 19:51,19
SPB-52658,타이어 ,중랑구,2024-08-22 17:47,17
SPB-52660,타이어 ,강서구,2024-08-26 16:03,16
SPB-52661,타이어 ,중구,2024-08-20 18:58,18
SPB-52661,타이어 ,영등포구,2024-08-28 16:33,16
SPB-52664,기타 ,동작구,2024-08-20 2:47,2
SPB-52665,페달,성동구,2024-08-15 12:03,12
SPB-52665,페달,성동구,2024-08-16 20:06,20
SPB-52667,페달,마포구,2024-08-30 15:22,15
SPB-52676,타이어 ,영등포구,2024-08-05 21:51,21
SPB-52682,기타 ,금천구,2024-08-27 18:16,18
SPB-52688,페달,강남구,2024-08-30 9:49,9
SPB-52691,페달,강남구,2024-08-04 19:37,19
SPB-52692,체인,은평구,2024-08-20 19:06,19
SPB-52696,타이어 ,강서구,2024-08-05 17:44,17
SPB-52697,타이어 ,노원구,2024-08-03 0:08,0
SPB-52699,페달,강서구,2024-08-16 20:36,20
SPB-52699,타이어 ,강서구,2024-08-20 8:21,8
SPB-52699,타이어 ,강서구,2024-08-22 19:41,19
SPB-52701,체인,강서구,2024-08-01 10:06,10
SPB-52705,페달,중구,2024-08-09 17:41,17
SPB-52705,체인,동대문구,2024-08-19 9:22,9
SPB-52708,안장,노원구,2024-08-28 8:29,8
SPB-52716,페달,송파구,2024-08-31 17:44,17
SPB-52719,체인,동대문구,2024-08-27 20:45,20
SPB-52723,타이어 ,양천구,2024-08-22 20:52,20
SPB-52729,체인,노원구,2024-08-26 11:13,11
SPB-52733,기타 ,용산구,2024-08-24 20:11,20
SPB-52734,타이어 ,성북구,2024-08-25 17:22,17
SPB-52742,체인,중랑구,2024-08-16 13:22,13
SPB-52749,타이어 ,성동구,2024-08-30 23:11,23
SPB-52750,단말기,강북구,2024-08-23 21:09,21
SPB-52751,안장,영등포구,2024-08-11 11:50,11
SPB-52754,체인,구로구,2024-08-28 8:40,8
SPB-52755,기타 ,양천구,2024-08-30 16:42,16
SPB-52756,기타 ,성북구,2024-08-23 1:54,1
SPB-52760,기타 ,노원구,2024-08-20 21:40,21
SPB-52763,안장,강서구,2024-08-05 21:31,21
SPB-52766,페달,노원구,2024-08-07 17:06,17
SPB-52768,안장,성동구,2024-08-30 22:45,22
SPB-52780,체인,강동구,2024-08-07 19:25,19
SPB-52780,페달,강동구,2024-08-13 22:09,22
SPB-52780,페달,송파구,2024-08-24 21:25,21
SPB-52782,기타 ,금천구,2024-08-18 0:47,0
SPB-52785,체인,마포구,2024-08-06 11:33,11
SPB-52786,페달,강남구,2024-08-03 2:30,2
SPB-52791,체인,강서구,2024-08-12 22:28,22
SPB-52792,페달,강서구,2024-08-02 18:17,18
SPB-52796,기타 ,관악구,2024-08-30 21:30,21
SPB-52798,타이어 ,송파구,2024-08-01 19:57,19
SPB-52798,기타 ,송파구,2024-08-15 14:59,14
SPB-52799,기타 ,용산구,2024-08-25 5:58,5
SPB-52805,타이어 ,노원구,2024-08-28 21:28,21
SPB-52808,타이어 ,마포구,2024-08-20 20:10,20
SPB-52809,안장,강서구,2024-08-01 20:56,20
SPB-52810,타이어 ,성북구,2024-08-06 14:29,14
SPB-52811,안장,구로구,2024-08-06 22:08,22
SPB-52814,페달,양천구,2024-08-17 23:20,23
SPB-52818,체인,강서구,2024-08-12 20:43,20
SPB-52821,페달,강서구,2024-08-08 19:53,19
SPB-52825,안장,강남구,2024-08-23 14:55,14
SPB-52827,기타 ,성북구,2024-08-24 9:48,9
SPB-52832,단말기,강서구,2024-08-01 18:27,18
SPB-52832,단말기,강서구,2024-08-07 8:59,8
SPB-52841,안장,노원구,2024-08-02 12:16,12
SPB-52846,타이어 ,서초구,2024-08-21 5:29,5
SPB-52847,기타 ,용산구,2024-08-05 22:54,22
SPB-52848,페달,동작구,2024-08-28 18:58,18
SPB-52851,기타 ,성동구,2024-08-28 8:19,8
SPB-52851,기타 ,성동구,2024-08-28 14:14,14
SPB-52854,단말기,중구,2024-08-24 16:05,16
SPB-52854,체인,동대문구,2024-08-27 17:54,17
SPB-52856,타이어 ,중구,2024-08-14 18:54,18
SPB-52857,기타 ,중랑구,2024-08-28 21:09,21
SPB-52858,기타 ,서초구,2024-08-06 19:26,19
SPB-52865,기타 ,노원구,2024-08-29 22:17,22
SPB-52868,타이어 ,강서구,2024-08-13 7:42,7
SPB-52868,타이어 ,강서구,2024-08-14 11:09,11
SPB-52869,기타 ,강서구,2024-08-24 16:46,16
SPB-52871,타이어 ,영등포구,2024-08-29 21:59,21
SPB-52871,타이어 ,용산구,2024-08-30 21:02,21
SPB-52880,기타 ,동대문구,2024-08-12 22:43,22
SPB-52880,타이어 ,중랑구,2024-08-24 10:22,10
SPB-52887,안장,종로구,2024-08-12 18:16,18
SPB-52887,타이어 ,성동구,2024-08-21 0:35,0
SPB-52891,타이어 ,강남구,2024-08-20 2:09,2
SPB-52899,안장,동작구,2024-08-02 17:55,17
SPB-52900,단말기,용산구,2024-08-13 1:01,1
SPB-52902,타이어 ,구로구,2024-08-31 10:16,10
SPB-52909,기타 ,강동구,2024-08-28 8:56,8
SPB-52918,기타 ,중구,2024-08-12 18:36,18
SPB-52919,타이어 ,종로구,2024-08-26 10:12,10
SPB-52922,안장,종로구,2024-08-09 9:01,9
SPB-52923,페달,성북구,2024-08-06 11:41,11
SPB-52923,페달,동대문구,2024-08-21 20:46,20
SPB-52925,페달,양천구,2024-08-16 7:09,7
SPB-52927,단말기,강동구,2024-08-27 19:32,19
SPB-52930,타이어 ,강서구,2024-08-01 17:50,17
SPB-52932,타이어 ,강서구,2024-08-18 13:09,13
SPB-52936,타이어 ,노원구,2024-08-14 8:50,8
SPB-52938,타이어 ,강서구,2024-08-07 9:08,9
SPB-52941,안장,강서구,2024-08-16 4:16,4
SPB-52943,기타 ,마포구,2024-08-22 0:22,0
SPB-52945,타이어 ,송파구,2024-08-09 18:33,18
SPB-52951,안장,강서구,2024-08-06 8:25,8
SPB-52961,기타 ,송파구,2024-08-02 18:54,18
SPB-52963,체인,동대문구,2024-08-06 13:40,13
SPB-52968,타이어 ,영등포구,2024-08-14 19:39,19
SPB-52972,안장,동대문구,2024-08-09 22:40,22
SPB-52978,페달,광진구,2024-08-12 18:41,18
SPB-52981,타이어 ,서대문구,2024-08-09 18:43,18
SPB-52987,기타 ,송파구,2024-08-15 21:54,21
SPB-52993,타이어 ,관악구,2024-08-31 23:54,23
SPB-52996,안장,노원구,2024-08-31 21:10,21
SPB-52999,기타 ,강서구,2024-08-14 19:56,19
SPB-53003,페달,송파구,2024-08-28 18:23,18
SPB-53005,기타 ,광진구,2024-08-23 22:09,22
SPB-53006,기타 ,강동구,2024-08-30 21:26,21
SPB-53011,기타 ,노원구,2024-08-11 20:53,20
SPB-53013,안장,서초구,2024-08-04 19:56,19
SPB-53013,기타 ,강동구,2024-08-29 18:49,18
SPB-53014,기타 ,종로구,2024-08-16 18:30,18
SPB-53014,페달,동대문구,2024-08-28 18:52,18
SPB-53016,기타 ,강북구,2024-08-07 13:42,13
SPB-53016,체인,강북구,2024-08-10 19:02,19
SPB-53018,타이어 ,서대문구,2024-08-04 19:40,19
SPB-53018,단말기,마포구,2024-08-29 21:07,21
SPB-53023,체인,영등포구,2024-08-11 19:01,19
SPB-53023,기타 ,도봉구,2024-08-14 8:40,8
SPB-53023,체인,노원구,2024-08-14 17:13,17
SPB-53023,체인,중랑구,2024-08-22 16:40,16
SPB-53023,체인,강서구,2024-08-29 23:59,23
SPB-53029,안장,노원구,2024-08-20 20:43,20
SPB-53040,타이어 ,송파구,2024-08-02 16:33,16
SPB-53045,페달,강서구,2024-08-19 8:38,8
SPB-53049,타이어 ,금천구,2024-08-31 23:14,23
SPB-53050,단말기,송파구,2024-08-17 7:37,7
SPB-53054,타이어 ,성동구,2024-08-01 7:38,7
SPB-53064,타이어 ,영등포구,2024-08-31 21:53,21
SPB-53065,기타 ,성북구,2024-08-15 23:22,23
SPB-53070,기타 ,성동구,2024-08-13 8:16,8
SPB-53070,체인,중랑구,2024-08-28 19:04,19
SPB-53071,페달,영등포구,2024-08-25 18:21,18
SPB-53071,페달,영등포구,2024-08-26 19:35,19
SPB-53074,타이어 ,은평구,2024-08-20 9:13,9
SPB-53076,기타 ,양천구,2024-08-13 6:19,6
SPB-53076,안장,강서구,2024-08-28 18:43,18
SPB-53080,타이어 ,서초구,2024-08-01 23:01,23
SPB-53080,타이어 ,강남구,2024-08-03 13:33,13
SPB-53080,타이어 ,강남구,2024-08-03 17:16,17
SPB-53080,타이어 ,강남구,2024-08-04 13:24,13
SPB-53080,타이어 ,강남구,2024-08-08 0:51,0
SPB-53080,타이어 ,송파구,2024-08-10 15:26,15
SPB-53080,체인,송파구,2024-08-25 12:35,12
SPB-53080,페달,송파구,2024-08-28 8:01,8
SPB-53084,페달,서대문구,2024-08-24 23:09,23
SPB-53087,기타 ,마포구,2024-08-02 17:09,17
SPB-53091,타이어 ,양천구,2024-08-23 12:28,12
SPB-53092,기타 ,강서구,2024-08-07 13:07,13
SPB-53095,안장,양천구,2024-08-13 16:09,16
SPB-53095,안장,양천구,2024-08-15 21:43,21
SPB-53095,체인,강서구,2024-08-22 19:54,19
SPB-53095,기타 ,강서구,2024-08-31 15:34,15
SPB-53098,타이어 ,강서구,2024-08-05 7:19,7
SPB-53098,타이어 ,양천구,2024-08-16 19:34,19
SPB-53106,체인,영등포구,2024-08-09 8:31,8
SPB-53106,체인,양천구,2024-08-11 12:46,12
SPB-53108,기타 ,성북구,2024-08-22 11:15,11
SPB-53108,타이어 ,성북구,2024-08-22 20:43,20
SPB-53108,타이어 ,성북구,2024-08-23 16:49,16
SPB-53110,기타 ,광진구,2024-08-11 22:46,22
SPB-53110,체인,동대문구,2024-08-20 20:15,20
SPB-53110,기타 ,종로구,2024-08-27 20:48,20
SPB-53110,기타 ,동대문구,2024-08-30 17:12,17
SPB-53114,기타 ,노원구,2024-08-11 17:59,17
SPB-53114,체인,성동구,2024-08-23 22:55,22
SPB-53119,페달,송파구,2024-08-29 19:04,19
SPB-53123,페달,성동구,2024-08-27 8:17,8
SPB-53130,기타 ,강서구,2024-08-18 21:00,21
SPB-53131,단말기,광진구,2024-08-25 22:50,22
SPB-53132,체인,동작구,2024-08-07 17:06,17
SPB-53132,체인,관악구,2024-08-19 22:52,22
SPB-53143,페달,강동구,2024-08-01 22:24,22
SPB-53143,타이어 ,강동구,2024-08-12 7:54,7
SPB-53143,체인,송파구,2024-08-19 8:39,8
SPB-53147,페달,용산구,2024-08-22 22:49,22
SPB-53147,타이어 ,영등포구,2024-08-28 21:10,21
SPB-53148,기타 ,성북구,2024-08-02 18:35,18
SPB-53149,페달,강서구,2024-08-26 20:04,20
SPB-53151,페달,동작구,2024-08-05 9:23,9
SPB-53166,타이어 ,서초구,2024-08-14 17:22,17
SPB-53168,기타 ,송파구,2024-08-06 18:19,18
SPB-53172,체인,강서구,2024-08-31 12:35,12
SPB-53177,체인,영등포구,2024-08-20 10:24,10
SPB-53181,기타 ,중구,2024-08-22 4:04,4
SPB-53187,타이어 ,마포구,2024-08-19 10:50,10
SPB-53192,안장,양천구,2024-08-29 16:36,16
SPB-53199,타이어 ,노원구,2024-08-30 6:46,6
SPB-53200,안장,중랑구,2024-08-10 18:36,18
SPB-53201,타이어 ,구로구,2024-08-09 7:39,7
SPB-53204,안장,광진구,2024-08-22 12:48,12
SPB-53204,안장,성동구,2024-08-23 19:14,19
SPB-53208,체인,송파구,2024-08-09 19:30,19
SPB-53211,체인,성북구,2024-08-26 18:29,18
SPB-53212,기타 ,서초구,2024-08-07 23:45,23
SPB-53215,체인,도봉구,2024-08-14 8:37,8
SPB-53219,기타 ,성동구,2024-08-02 8:56,8
SPB-53225,체인,서초구,2024-08-07 21:20,21
SPB-53225,타이어 ,서초구,2024-08-08 18:23,18
SPB-53231,타이어 ,광진구,2024-08-10 14:46,14
SPB-53231,안장,동대문구,2024-08-19 22:16,22
SPB-53232,체인,강서구,2024-08-18 9:18,9
SPB-53238,타이어 ,송파구,2024-08-27 20:16,20
SPB-53240,타이어 ,관악구,2024-08-16 18:22,18
SPB-53241,타이어 ,구로구,2024-08-20 17:55,17
SPB-53244,타이어 ,강서구,2024-08-31 15:37,15
SPB-53246,단말기,서대문구,2024-08-20 20:10,20
SPB-53255,타이어 ,강서구,2024-08-12 19:08,19
SPB-53256,안장,중구,2024-08-05 19:10,19
SPB-53256,안장,구로구,2024-08-17 10:10,10
SPB-53261,안장,마포구,2024-08-26 22:36,22
SPB-53270,타이어 ,마포구,2024-08-26 22:28,22
SPB-53272,기타 ,광진구,2024-08-02 8:14,8
SPB-53273,타이어 ,중랑구,2024-08-19 5:56,5
SPB-53281,타이어 ,강서구,2024-08-30 20:38,20
SPB-53284,기타 ,동대문구,2024-08-29 21:40,21
SPB-53289,타이어 ,성동구,2024-08-14 8:41,8
SPB-53295,기타 ,양천구,2024-08-13 12:53,12
SPB-53296,체인,구로구,2024-08-26 6:05,6
SPB-53299,타이어 ,동대문구,2024-08-20 17:59,17
SPB-53300,타이어 ,강서구,2024-08-06 22:32,22
SPB-53316,타이어 ,양천구,2024-08-14 18:29,18
SPB-53319,기타 ,강서구,2024-08-08 18:39,18
SPB-53326,기타 ,영등포구,2024-08-21 22:58,22
SPB-53330,타이어 ,강서구,2024-08-27 17:48,17
SPB-53343,타이어 ,송파구,2024-08-03 8:47,8
SPB-53349,타이어 ,은평구,2024-08-02 16:51,16
SPB-53351,기타 ,강남구,2024-08-04 21:33,21
SPB-53352,체인,은평구,2024-08-05 19:25,19
SPB-53355,기타 ,금천구,2024-08-27 19:26,19
SPB-53359,타이어 ,강서구,2024-08-07 7:34,7
SPB-53368,타이어 ,중구,2024-08-22 17:11,17
SPB-53370,타이어 ,은평구,2024-08-09 11:22,11
SPB-53372,페달,서초구,2024-08-02 16:28,16
SPB-53374,타이어 ,금천구,2024-08-28 20:09,20
SPB-53379,안장,노원구,2024-08-12 18:36,18
SPB-53382,타이어 ,영등포구,2024-08-13 11:51,11
SPB-53384,타이어 ,도봉구,2024-08-23 10:14,10
SPB-53388,기타 ,노원구,2024-08-03 20:07,20
SPB-53392,체인,성동구,2024-08-29 8:02,8
SPB-53393,체인,서대문구,2024-08-04 11:58,11
SPB-53395,안장,마포구,2024-08-31 20:55,20
SPB-53399,기타 ,중랑구,2024-08-06 17:20,17
SPB-53401,단말기,강동구,2024-08-07 15:46,15
SPB-53402,타이어 ,광진구,2024-08-19 22:20,22
SPB-53416,체인,은평구,2024-08-09 18:55,18
SPB-53421,기타 ,송파구,2024-08-07 20:04,20
SPB-53424,타이어 ,구로구,2024-08-05 21:31,21
SPB-53433,타이어 ,도봉구,2024-08-07 7:08,7
SPB-53433,타이어 ,영등포구,2024-08-31 10:51,10
SPB-53435,안장,송파구,2024-08-05 19:31,19
SPB-53438,기타 ,강서구,2024-08-13 18:04,18
SPB-53440,타이어 ,영등포구,2024-08-31 20:21,20
SPB-53442,타이어 ,강서구,2024-08-26 15:06,15
SPB-53443,단말기,강남구,2024-08-09 17:42,17
SPB-53448,페달,성동구,2024-08-20 8:35,8
SPB-53454,타이어 ,강서구,2024-08-26 8:39,8
SPB-53456,타이어 ,양천구,2024-08-13 21:21,21
SPB-53458,기타 ,강동구,2024-08-05 12:51,12
SPB-53458,기타 ,강동구,2024-08-14 4:04,4
SPB-53460,단말기,광진구,2024-08-01 21:03,21
SPB-53461,체인,마포구,2024-08-12 17:08,17
SPB-53461,안장,영등포구,2024-08-20 7:29,7
SPB-53461,체인,용산구,2024-08-27 22:00,22
SPB-53469,타이어 ,양천구,2024-08-19 14:06,14
SPB-53475,체인,강남구,2024-08-29 18:25,18
SPB-53477,체인,양천구,2024-08-14 8:58,8
SPB-53477,체인,구로구,2024-08-19 7:42,7
SPB-53477,체인,서초구,2024-08-26 7:47,7
SPB-53479,기타 ,성동구,2024-08-30 23:44,23
SPB-53480,기타 ,송파구,2024-08-05 18:49,18
SPB-53490,기타 ,강서구,2024-08-22 7:42,7
SPB-53491,페달,노원구,2024-08-15 1:29,1
SPB-53492,타이어 ,구로구,2024-08-21 18:00,18
SPB-53494,기타 ,종로구,2024-08-21 13:45,13
SPB-53496,기타 ,강서구,2024-08-23 21:22,21
SPB-53503,체인,송파구,2024-08-30 17:08,17
SPB-53504,안장,송파구,2024-08-22 16:23,16
SPB-53510,안장,동대문구,2024-08-10 23:13,23
SPB-53511,체인,동대문구,2024-08-05 10:01,10
SPB-53514,기타 ,구로구,2024-08-20 21:43,21
SPB-53515,안장,중랑구,2024-08-25 12:00,12
SPB-53515,안장,광진구,2024-08-26 19:55,19
SPB-53516,타이어 ,중랑구,2024-08-24 22:18,22
SPB-53523,페달,노원구,2024-08-25 17:18,17
SPB-53523,체인,노원구,2024-08-26 21:47,21
SPB-53525,기타 ,송파구,2024-08-28 17:26,17
SPB-53526,기타 ,강서구,2024-08-30 13:20,13
SPB-53529,안장,동작구,2024-08-10 2:22,2
SPB-53531,타이어 ,성동구,2024-08-04 11:16,11
SPB-53532,기타 ,영등포구,2024-08-13 18:32,18
SPB-53538,안장,종로구,2024-08-31 20:00,20
SPB-53539,페달,은평구,2024-08-09 18:43,18
SPB-53542,페달,영등포구,2024-08-25 18:39,18
SPB-53543,페달,강동구,2024-08-03 23:08,23
SPB-53543,체인,강남구,2024-08-15 14:06,14
SPB-53543,페달,강남구,2024-08-16 18:25,18
SPB-53546,타이어 ,강서구,2024-08-05 21:17,21
SPB-53550,체인,양천구,2024-08-26 6:37,6
SPB-53550,체인,영등포구,2024-08-30 20:03,20
SPB-53553,타이어 ,동작구,2024-08-04 18:58,18
SPB-53554,기타 ,구로구,2024-08-19 21:48,21
SPB-53554,체인,관악구,2024-08-22 20:09,20
SPB-53557,타이어 ,송파구,2024-08-19 9:43,9
SPB-53557,단말기,송파구,2024-08-24 11:43,11
SPB-53558,페달,서초구,2024-08-01 17:12,17
SPB-53560,안장,영등포구,2024-08-01 10:43,10
SPB-53562,기타 ,도봉구,2024-08-23 19:24,19
SPB-53567,안장,종로구,2024-08-23 10:21,10
SPB-53568,기타 ,강서구,2024-08-16 12:31,12
SPB-53569,페달,성동구,2024-08-13 8:08,8
SPB-53570,타이어 ,서초구,2024-08-19 12:17,12
SPB-53571,타이어 ,노원구,2024-08-25 15:03,15
SPB-53577,타이어 ,은평구,2024-08-28 21:21,21
SPB-53584,안장,광진구,2024-08-11 10:18,10
SPB-53588,기타 ,마포구,2024-08-28 21:47,21
SPB-53594,기타 ,서초구,2024-08-02 16:59,16
SPB-53600,기타 ,관악구,2024-08-31 17:29,17
SPB-53601,페달,강서구,2024-08-20 0:40,0
SPB-53605,타이어 ,양천구,2024-08-24 21:35,21
SPB-53607,안장,동작구,2024-08-30 21:40,21
SPB-53607,안장,동작구,2024-08-31 16:18,16
SPB-53610,페달,광진구,2024-08-19 19:49,19
SPB-53610,페달,중랑구,2024-08-26 10:43,10
SPB-53616,페달,노원구,2024-08-07 18:13,18
SPB-53616,타이어 ,동대문구,2024-08-26 7:52,7
SPB-53617,타이어 ,강동구,2024-08-10 17:22,17
SPB-53623,기타 ,강서구,2024-08-06 8:14,8
SPB-53624,기타 ,은평구,2024-08-27 12:56,12
SPB-53625,타이어 ,성동구,2024-08-03 0:37,0
SPB-53626,타이어 ,노원구,2024-08-17 1:51,1
SPB-53627,타이어 ,양천구,2024-08-06 7:10,7
SPB-53630,기타 ,마포구,2024-08-25 15:06,15
SPB-53631,안장,중랑구,2024-08-08 22:19,22
SPB-53633,안장,강서구,2024-08-29 10:44,10
SPB-53637,안장,강서구,2024-08-21 19:34,19
SPB-53643,체인,동대문구,2024-08-08 19:04,19
SPB-53652,타이어 ,동대문구,2024-08-23 17:48,17
SPB-53655,타이어 ,영등포구,2024-08-14 15:58,15
SPB-53657,페달,서초구,2024-08-20 19:40,19
SPB-53660,안장,영등포구,2024-08-07 22:26,22
SPB-53662,기타 ,강동구,2024-08-05 9:55,9
SPB-53663,안장,강동구,2024-08-11 15:15,15
SPB-53665,체인,강서구,2024-08-23 17:10,17
SPB-53666,기타 ,구로구,2024-08-12 13:07,13
SPB-53666,타이어 ,강서구,2024-08-21 13:55,13
SPB-53671,타이어 ,송파구,2024-08-07 21:37,21
SPB-53674,기타 ,강서구,2024-08-29 21:52,21
SPB-53675,기타 ,서대문구,2024-08-22 8:37,8
SPB-53677,타이어 ,강동구,2024-08-08 20:51,20
SPB-53680,기타 ,노원구,2024-08-13 5:43,5
SPB-53701,페달,서초구,2024-08-21 12:46,12
SPB-53701,페달,종로구,2024-08-28 19:54,19
SPB-53705,안장,영등포구,2024-08-13 17:09,17
SPB-53711,안장,구로구,2024-08-01 6:40,6
SPB-53711,안장,구로구,2024-08-08 17:59,17
SPB-53711,기타 ,영등포구,2024-08-25 21:47,21
SPB-53711,타이어 ,영등포구,2024-08-28 17:30,17
SPB-53720,타이어 ,구로구,2024-08-27 17:42,17
SPB-53724,타이어 ,송파구,2024-08-21 17:02,17
SPB-53726,체인,구로구,2024-08-17 14:53,14
SPB-53735,기타 ,강남구,2024-08-01 19:03,19
SPB-53736,페달,광진구,2024-08-28 13:59,13
SPB-53740,체인,구로구,2024-08-27 8:42,8
SPB-53745,타이어 ,영등포구,2024-08-08 18:10,18
SPB-53747,기타 ,영등포구,2024-08-23 8:45,8
SPB-53749,안장,관악구,2024-08-05 9:27,9
SPB-53749,타이어 ,양천구,2024-08-21 19:09,19
SPB-53750,타이어 ,양천구,2024-08-28 5:39,5
SPB-53753,단말기,노원구,2024-08-13 1:31,1
SPB-53754,타이어 ,서초구,2024-08-04 10:50,10
SPB-53754,안장,서초구,2024-08-11 14:49,14
SPB-53754,안장,송파구,2024-08-28 22:31,22
SPB-53754,안장,송파구,2024-08-29 18:13,18
SPB-53761,안장,영등포구,2024-08-08 19:27,19
SPB-53766,안장,노원구,2024-08-19 13:57,13
SPB-53769,타이어 ,송파구,2024-08-12 10:52,10
SPB-53777,타이어 ,종로구,2024-08-08 18:22,18
SPB-53781,페달,은평구,2024-08-06 19:58,19
SPB-53782,안장,도봉구,2024-08-29 21:37,21
SPB-53783,기타 ,강동구,2024-08-14 4:06,4
SPB-53783,기타 ,강동구,2024-08-29 7:56,7
SPB-53789,타이어 ,종로구,2024-08-16 7:36,7
SPB-53789,타이어 ,중구,2024-08-16 18:15,18
SPB-53790,기타 ,양천구,2024-08-29 15:40,15
SPB-53798,타이어 ,서대문구,2024-08-19 15:26,15
SPB-53801,타이어 ,중랑구,2024-08-26 16:46,16
SPB-53802,체인,동대문구,2024-08-10 10:59,10
SPB-53803,타이어 ,서초구,2024-08-23 8:54,8
SPB-53805,타이어 ,구로구,2024-08-28 17:23,17
SPB-53806,단말기,성북구,2024-08-04 8:08,8
SPB-53806,단말기,종로구,2024-08-23 14:41,14
SPB-53810,기타 ,노원구,2024-08-01 11:39,11
SPB-53817,안장,종로구,2024-08-06 17:48,17
SPB-53819,페달,관악구,2024-08-19 18:43,18
SPB-53820,타이어 ,강서구,2024-08-14 9:06,9
SPB-53823,기타 ,동대문구,2024-08-12 17:22,17
SPB-53825,안장,동작구,2024-08-29 12:51,12
SPB-53830,타이어 ,동대문구,2024-08-27 17:18,17
SPB-53831,타이어 ,강북구,2024-08-14 16:50,16
SPB-53845,타이어 ,강서구,2024-08-21 21:02,21
SPB-53847,페달,은평구,2024-08-05 18:49,18
SPB-53848,타이어 ,관악구,2024-08-07 14:10,14
SPB-53850,체인,광진구,2024-08-07 13:34,13
SPB-53855,타이어 ,영등포구,2024-08-17 14:42,14
SPB-53859,기타 ,도봉구,2024-08-14 10:24,10
SPB-53859,타이어 ,노원구,2024-08-27 7:53,7
SPB-53862,페달,영등포구,2024-08-16 11:48,11
SPB-53865,체인,노원구,2024-08-13 6:53,6
SPB-53873,체인,강북구,2024-08-07 21:19,21
SPB-53874,페달,송파구,2024-08-14 20:07,20
SPB-53879,타이어 ,은평구,2024-08-21 19:06,19
SPB-53882,안장,서대문구,2024-08-28 19:29,19
SPB-53884,페달,양천구,2024-08-11 16:46,16
SPB-53884,기타 ,영등포구,2024-08-16 12:38,12
SPB-53887,타이어 ,송파구,2024-08-30 6:00,6
SPB-53891,타이어 ,강서구,2024-08-09 16:11,16
SPB-53893,타이어 ,강북구,2024-08-07 21:10,21
SPB-53895,페달,구로구,2024-08-13 20:45,20
SPB-53898,체인,관악구,2024-08-15 17:16,17
SPB-53898,타이어 ,구로구,2024-08-20 9:04,9
SPB-53901,타이어 ,양천구,2024-08-28 20:39,20
SPB-53902,타이어 ,영등포구,2024-08-18 2:28,2
SPB-53910,타이어 ,영등포구,2024-08-02 13:01,13
SPB-53915,안장,성동구,2024-08-08 19:52,19
SPB-53921,기타 ,동작구,2024-08-20 8:24,8
SPB-53930,기타 ,영등포구,2024-08-12 8:01,8
SPB-53930,기타 ,영등포구,2024-08-13 8:47,8
SPB-53933,페달,강서구,2024-08-19 8:51,8
SPB-53933,체인,강서구,2024-08-19 20:49,20
SPB-53939,체인,강서구,2024-08-26 6:57,6
SPB-53939,타이어 ,강서구,2024-08-27 19:41,19
SPB-53941,체인,동대문구,2024-08-13 14:01,14
SPB-53946,단말기,노원구,2024-08-18 6:45,6
SPB-53950,페달,송파구,2024-08-12 8:30,8
SPB-53950,페달,강동구,2024-08-14 21:36,21
SPB-53957,타이어 ,양천구,2024-08-14 16:05,16
SPB-53965,타이어 ,노원구,2024-08-25 12:12,12
SPB-53973,기타 ,영등포구,2024-08-28 0:33,0
SPB-53976,기타 ,서대문구,2024-08-13 13:15,13
SPB-53978,페달,강서구,2024-08-01 8:39,8
SPB-53981,체인,영등포구,2024-08-15 20:40,20
SPB-53985,타이어 ,광진구,2024-08-01 8:17,8
SPB-53990,기타 ,양천구,2024-08-28 14:56,14
SPB-53996,페달,동대문구,2024-08-09 20:43,20
SPB-53997,기타 ,노원구,2024-08-01 11:32,11
SPB-54001,기타 ,노원구,2024-08-24 0:05,0
SPB-54003,타이어 ,마포구,2024-08-03 14:53,14
SPB-54005,페달,양천구,2024-08-10 20:20,20
SPB-54005,페달,양천구,2024-08-12 10:02,10
SPB-54007,페달,용산구,2024-08-13 9:54,9
SPB-54007,페달,강서구,2024-08-24 16:46,16
SPB-54007,페달,강서구,2024-08-29 1:32,1
SPB-54013,기타 ,강서구,2024-08-09 22:26,22
SPB-54025,기타 ,양천구,2024-08-18 19:43,19
SPB-54029,타이어 ,강남구,2024-08-02 17:40,17
SPB-54031,타이어 ,강서구,2024-08-16 21:51,21
SPB-54032,체인,양천구,2024-08-20 18:37,18
SPB-54032,체인,강서구,2024-08-30 8:43,8
SPB-54033,안장,강서구,2024-08-14 20:42,20
SPB-54038,타이어 ,양천구,2024-08-12 15:42,15
SPB-54039,타이어 ,성동구,2024-08-01 21:00,21
SPB-54040,기타 ,강동구,2024-08-13 5:07,5
SPB-54040,기타 ,강동구,2024-08-14 4:03,4
SPB-54044,체인,성동구,2024-08-01 9:06,9
SPB-54046,안장,강동구,2024-08-18 22:34,22
SPB-54048,기타 ,성동구,2024-08-09 18:23,18
SPB-54049,타이어 ,영등포구,2024-08-25 15:53,15
SPB-54050,기타 ,마포구,2024-08-27 7:43,7
SPB-54056,기타 ,중구,2024-08-04 18:45,18
SPB-54058,페달,서대문구,2024-08-30 14:53,14
SPB-54060,타이어 ,강서구,2024-08-06 19:24,19
SPB-54068,기타 ,송파구,2024-08-19 20:15,20
SPB-54069,타이어 ,마포구,2024-08-28 17:42,17
SPB-54076,안장,은평구,2024-08-26 18:01,18
SPB-54076,안장,구로구,2024-08-31 11:11,11
SPB-54077,기타 ,구로구,2024-08-18 12:38,12
SPB-54085,기타 ,강동구,2024-08-28 9:23,9
SPB-54087,기타 ,강서구,2024-08-23 22:15,22
SPB-54088,체인,송파구,2024-08-21 23:47,23
SPB-54093,체인,종로구,2024-08-21 5:37,5
SPB-54095,기타 ,영등포구,2024-08-29 18:21,18
SPB-54099,안장,강서구,2024-08-22 8:22,8
SPB-54105,단말기,양천구,2024-08-06 18:04,18
SPB-54105,타이어 ,영등포구,2024-08-16 20:11,20
SPB-54105,타이어 ,구로구,2024-08-18 17:33,17
SPB-54112,체인,종로구,2024-08-19 18:13,18
SPB-54114,타이어 ,은평구,2024-08-06 20:27,20
SPB-54122,기타 ,강서구,2024-08-26 12:15,12
SPB-54133,안장,강서구,2024-08-08 18:25,18
SPB-54135,단말기,송파구,2024-08-16 7:59,7
SPB-54135,기타 ,노원구,2024-08-30 8:58,8
SPB-54137,기타 ,도봉구,2024-08-14 1:44,1
SPB-54137,안장,노원구,2024-08-28 18:38,18
SPB-54138,체인,강남구,2024-08-17 8:47,8
SPB-54153,안장,중구,2024-08-11 1:49,1
SPB-54153,페달,송파구,2024-08-23 20:08,20
SPB-54156,단말기,관악구,2024-08-07 22:45,22
SPB-54156,기타 ,구로구,2024-08-15 18:01,18
SPB-54159,안장,서초구,2024-08-06 23:42,23
SPB-54159,안장,강남구,2024-08-09 9:27,9
SPB-54159,기타 ,광진구,2024-08-22 19:45,19
SPB-54159,체인,성동구,2024-08-27 13:44,13
SPB-54159,기타 ,송파구,2024-08-31 21:01,21
SPB-54164,타이어 ,중구,2024-08-26 19:18,19
SPB-54164,체인,중구,2024-08-26 22:57,22
SPB-54167,안장,중구,2024-08-30 8:53,8
SPB-54178,타이어 ,중구,2024-08-28 18:42,18
SPB-54182,기타 ,서초구,2024-08-02 16:38,16
SPB-54182,기타 ,강서구,2024-08-25 19:41,19
SPB-54184,타이어 ,노원구,2024-08-22 23:09,23
SPB-54198,체인,강서구,2024-08-29 17:09,17
SPB-54202,타이어 ,강서구,2024-08-12 6:31,6
SPB-54203,기타 ,양천구,2024-08-26 9:48,9
SPB-54206,기타 ,관악구,2024-08-31 21:17,21
SPB-54207,기타 ,성동구,2024-08-09 12:50,12
SPB-54207,안장,노원구,2024-08-09 22:54,22
SPB-54208,체인,강서구,2024-08-28 11:45,11
SPB-54211,체인,종로구,2024-08-10 15:26,15
SPB-54211,기타 ,종로구,2024-08-12 9:03,9
SPB-54211,체인,중구,2024-08-17 20:24,20
SPB-54211,페달,동대문구,2024-08-23 12:26,12
SPB-54212,체인,관악구,2024-08-08 20:40,20
SPB-54212,체인,양천구,2024-08-27 18:31,18
SPB-54215,타이어 ,강남구,2024-08-31 21:44,21
SPB-54219,기타 ,양천구,2024-08-19 16:53,16
SPB-54229,기타 ,송파구,2024-08-07 18:28,18
SPB-54229,기타 ,동대문구,2024-08-17 11:12,11
SPB-54230,기타 ,광진구,2024-08-08 17:17,17
SPB-54232,기타 ,양천구,2024-08-30 18:11,18
SPB-54241,안장,강서구,2024-08-21 13:29,13
SPB-54245,기타 ,구로구,2024-08-05 10:13,10
SPB-54248,페달,동작구,2024-08-19 16:38,16
SPB-54250,페달,송파구,2024-08-16 18:43,18
SPB-54250,페달,송파구,2024-08-26 7:44,7
SPB-54254,페달,양천구,2024-08-19 16:58,16
SPB-54255,타이어 ,송파구,2024-08-27 19:45,19
SPB-54258,단말기,강서구,2024-08-20 18:16,18
SPB-54262,기타 ,양천구,2024-08-08 10:24,10
SPB-54262,기타 ,양천구,2024-08-09 16:24,16
SPB-54262,안장,강서구,2024-08-15 19:34,19
SPB-54263,체인,관악구,2024-08-07 20:35,20
SPB-54263,타이어 ,강남구,2024-08-27 21:31,21
SPB-54267,타이어 ,금천구,2024-08-27 19:21,19
SPB-54272,타이어 ,송파구,2024-08-10 2:44,2
SPB-54279,기타 ,금천구,2024-08-10 22:16,22
SPB-54283,페달,성동구,2024-08-08 17:15,17
SPB-54284,체인,강동구,2024-08-08 17:44,17
SPB-54284,기타 ,강동구,2024-08-14 4:01,4
SPB-54284,페달,강동구,2024-08-27 17:59,17
SPB-54289,타이어 ,강서구,2024-08-20 7:37,7
SPB-54290,페달,구로구,2024-08-29 2:47,2
SPB-54293,페달,동대문구,2024-08-23 11:39,11
SPB-54309,타이어 ,금천구,2024-08-19 18:32,18
SPB-54316,타이어 ,양천구,2024-08-20 7:05,7
SPB-54317,체인,용산구,2024-08-16 4:22,4
SPB-54317,체인,강동구,2024-08-27 15:43,15
SPB-54318,페달,강서구,2024-08-07 19:37,19
SPB-54318,페달,구로구,2024-08-26 18:53,18
SPB-54318,페달,영등포구,2024-08-28 12:32,12
SPB-54320,페달,강서구,2024-08-01 12:34,12
SPB-54320,페달,강서구,2024-08-02 16:51,16
SPB-54322,타이어 ,금천구,2024-08-19 9:13,9
SPB-54323,체인,양천구,2024-08-12 12:23,12
SPB-54325,타이어 ,도봉구,2024-08-08 10:42,10
SPB-54325,체인,구로구,2024-08-15 9:12,9
SPB-54326,기타 ,양천구,2024-08-27 21:34,21
SPB-54327,페달,노원구,2024-08-31 10:09,10
SPB-54328,체인,양천구,2024-08-08 22:05,22
SPB-54332,체인,송파구,2024-08-29 23:11,23
SPB-54334,페달,종로구,2024-08-09 7:35,7
SPB-54335,기타 ,강서구,2024-08-14 7:26,7
SPB-54341,기타 ,동작구,2024-08-20 19:06,19
SPB-54342,페달,노원구,2024-08-22 21:10,21
SPB-54342,기타 ,노원구,2024-08-31 18:52,18
SPB-54351,안장,금천구,2024-08-17 16:04,16
SPB-54353,기타 ,성동구,2024-08-29 8:00,8
SPB-54384,페달,영등포구,2024-08-28 18:24,18
SPB-54386,페달,중랑구,2024-08-18 19:32,19
SPB-54386,페달,송파구,2024-08-31 10:40,10
SPB-54388,기타 ,송파구,2024-08-01 20:05,20
SPB-54393,기타 ,금천구,2024-08-26 9:05,9
SPB-54394,타이어 ,송파구,2024-08-02 20:08,20
SPB-54394,안장,강서구,2024-08-30 7:50,7
SPB-54397,타이어 ,관악구,2024-08-06 7:48,7
SPB-54403,안장,종로구,2024-08-26 20:57,20
SPB-54409,기타 ,노원구,2024-08-12 18:41,18
SPB-54411,안장,마포구,2024-08-27 19:40,19
SPB-54414,타이어 ,강동구,2024-08-10 17:23,17
SPB-54425,체인,노원구,2024-08-29 12:35,12
SPB-54426,체인,광진구,2024-08-17 20:07,20
SPB-54428,타이어 ,종로구,2024-08-02 18:02,18
SPB-54430,기타 ,서대문구,2024-08-15 20:57,20
SPB-54434,타이어 ,동작구,2024-08-01 6:36,6
SPB-54441,체인,강서구,2024-08-23 8:52,8
SPB-54447,타이어 ,강남구,2024-08-17 11:40,11
SPB-54463,기타 ,은평구,2024-08-18 7:31,7
SPB-54464,체인,마포구,2024-08-23 9:02,9
SPB-54465,타이어 ,동대문구,2024-08-01 16:44,16
SPB-54465,기타 ,영등포구,2024-08-19 19:40,19
SPB-54470,타이어 ,마포구,2024-08-06 7:44,7
SPB-54474,안장,송파구,2024-08-01 20:10,20
SPB-54482,타이어 ,강서구,2024-08-19 12:39,12
SPB-54483,타이어 ,강서구,2024-08-16 21:14,21
SPB-54484,기타 ,은평구,2024-08-31 9:01,9
SPB-54490,타이어 ,구로구,2024-08-25 7:08,7
SPB-54493,타이어 ,구로구,2024-08-06 20:06,20
SPB-54495,타이어 ,노원구,2024-08-06 20:08,20
SPB-54500,타이어 ,강동구,2024-08-12 20:39,20
SPB-54505,페달,성동구,2024-08-23 4:23,4
SPB-54510,타이어 ,마포구,2024-08-29 8:14,8
SPB-54512,기타 ,마포구,2024-08-09 22:57,22
SPB-54512,기타 ,중랑구,2024-08-28 22:05,22
SPB-54513,페달,강동구,2024-08-14 18:53,18
SPB-54516,타이어 ,서초구,2024-08-26 20:53,20
SPB-54522,타이어 ,강남구,2024-08-21 13:37,13
SPB-54524,기타 ,성북구,2024-08-09 14:01,14
SPB-54527,타이어 ,서초구,2024-08-09 16:49,16
SPB-54527,타이어 ,강서구,2024-08-29 23:25,23
SPB-54528,타이어 ,노원구,2024-08-21 16:17,16
SPB-54530,단말기,도봉구,2024-08-15 0:57,0
SPB-54533,단말기,광진구,2024-08-09 7:38,7
SPB-54533,페달,중랑구,2024-08-16 18:30,18
SPB-54537,타이어 ,은평구,2024-08-13 11:18,11
SPB-54537,기타 ,마포구,2024-08-20 19:33,19
SPB-54540,타이어 ,양천구,2024-08-09 21:33,21
SPB-54551,체인,서초구,2024-08-09 18:25,18
SPB-54560,기타 ,성동구,2024-08-07 22:23,22
SPB-54560,기타 ,강남구,2024-08-23 19:42,19
SPB-54563,타이어 ,양천구,2024-08-31 10:50,10
SPB-54568,페달,강서구,2024-08-06 23:41,23
SPB-54568,기타 ,송파구,2024-08-29 18:02,18
SPB-54583,단말기,서초구,2024-08-23 8:33,8
SPB-54588,기타 ,종로구,2024-08-23 20:44,20
SPB-54591,타이어 ,서초구,2024-08-24 17:59,17
SPB-54596,타이어 ,송파구,2024-08-09 9:16,9
SPB-54602,페달,동작구,2024-08-14 11:10,11
SPB-54603,타이어 ,강서구,2024-08-30 19:51,19
SPB-54605,타이어 ,강서구,2024-08-02 21:29,21
SPB-54607,기타 ,관악구,2024-08-04 17:53,17
SPB-54611,타이어 ,마포구,2024-08-16 2:56,2
SPB-54616,기타 ,은평구,2024-08-27 22:36,22
SPB-54617,체인,강동구,2024-08-23 7:37,7
SPB-54633,체인,송파구,2024-08-16 22:25,22
SPB-54633,타이어 ,송파구,2024-08-19 7:08,7
SPB-54640,페달,구로구,2024-08-29 6:31,6
SPB-54648,안장,노원구,2024-08-30 16:18,16
SPB-54649,단말기,성북구,2024-08-28 4:19,4
SPB-54650,타이어 ,중랑구,2024-08-11 14:05,14
SPB-54659,페달,서초구,2024-08-30 17:12,17
SPB-54662,타이어 ,강서구,2024-08-07 7:58,7
SPB-54663,타이어 ,성북구,2024-08-27 21:15,21
SPB-54672,안장,동대문구,2024-08-12 12:32,12
SPB-54674,페달,영등포구,2024-08-16 18:26,18
SPB-54674,페달,마포구,2024-08-21 19:17,19
SPB-54674,페달,서대문구,2024-08-23 9:38,9
SPB-54675,기타 ,도봉구,2024-08-14 18:24,18
SPB-54675,안장,성동구,2024-08-28 11:56,11
SPB-54679,단말기,영등포구,2024-08-23 19:52,19
SPB-54681,기타 ,강서구,2024-08-21 17:35,17
SPB-54682,체인,용산구,2024-08-09 22:09,22
SPB-54690,기타 ,양천구,2024-08-28 22:30,22
SPB-54698,단말기,강동구,2024-08-07 18:18,18
SPB-54709,페달,도봉구,2024-08-08 23:23,23
SPB-54709,페달,노원구,2024-08-18 16:27,16
SPB-54709,페달,도봉구,2024-08-25 19:23,19
SPB-54709,페달,도봉구,2024-08-27 21:33,21
SPB-54718,기타 ,송파구,2024-08-08 20:03,20
SPB-54721,기타 ,노원구,2024-08-10 16:04,16
SPB-54723,기타 ,강동구,2024-08-02 19:33,19
SPB-54727,기타 ,서초구,2024-08-09 9:36,9
SPB-54727,페달,중랑구,2024-08-18 18:15,18
SPB-54728,단말기,구로구,2024-08-14 18:16,18
SPB-54728,페달,양천구,2024-08-18 23:51,23
SPB-54736,타이어 ,송파구,2024-08-07 20:07,20
SPB-54738,타이어 ,영등포구,2024-08-03 0:47,0
SPB-54740,안장,마포구,2024-08-26 19:24,19
SPB-54747,기타 ,양천구,2024-08-20 10:12,10
SPB-54751,기타 ,구로구,2024-08-27 14:26,14
SPB-54752,체인,종로구,2024-08-06 18:14,18
SPB-54752,안장,동대문구,2024-08-14 11:21,11
SPB-54756,안장,성북구,2024-08-14 11:44,11
SPB-54756,체인,노원구,2024-08-25 0:03,0
SPB-54756,안장,강북구,2024-08-31 12:55,12
SPB-54760,단말기,강동구,2024-08-03 20:15,20
SPB-54767,체인,송파구,2024-08-13 2:13,2
SPB-54768,기타 ,강서구,2024-08-26 19:37,19
SPB-54773,타이어 ,도봉구,2024-08-20 1:41,1
SPB-54778,타이어 ,금천구,2024-08-14 9:14,9
SPB-54781,타이어 ,구로구,2024-08-30 17:54,17
SPB-54782,페달,강서구,2024-08-06 18:20,18
SPB-54782,페달,강서구,2024-08-11 11:32,11
SPB-54783,기타 ,마포구,2024-08-12 19:35,19
SPB-54784,안장,성동구,2024-08-19 15:49,15
SPB-54785,페달,종로구,2024-08-20 14:01,14
SPB-54785,페달,중구,2024-08-20 19:17,19
SPB-54785,체인,중구,2024-08-29 13:10,13
SPB-54786,타이어 ,송파구,2024-08-06 1:05,1
SPB-54795,페달,중랑구,2024-08-12 21:46,21
SPB-54798,기타 ,마포구,2024-08-28 21:31,21
SPB-54801,페달,구로구,2024-08-01 18:20,18
SPB-54801,페달,양천구,2024-08-20 18:12,18
SPB-54815,체인,동대문구,2024-08-23 14:36,14
SPB-54818,기타 ,송파구,2024-08-01 18:49,18
SPB-54826,타이어 ,마포구,2024-08-30 8:57,8
SPB-54831,타이어 ,강서구,2024-08-06 5:57,5
SPB-54835,체인,관악구,2024-08-01 19:59,19
SPB-54835,기타 ,동작구,2024-08-19 8:03,8
SPB-54836,타이어 ,마포구,2024-08-18 6:42,6
SPB-54836,타이어 ,은평구,2024-08-25 9:06,9
SPB-54839,안장,송파구,2024-08-28 18:25,18
SPB-54846,타이어 ,노원구,2024-08-21 17:03,17
SPB-54847,기타 ,강서구,2024-08-06 9:14,9
SPB-54847,체인,강서구,2024-08-14 8:56,8
SPB-54847,타이어 ,강서구,2024-08-14 21:20,21
SPB-54848,기타 ,구로구,2024-08-28 16:41,16
SPB-54851,기타 ,송파구,2024-08-13 8:26,8
SPB-54860,기타 ,중랑구,2024-08-10 18:06,18
SPB-54865,타이어 ,성동구,2024-08-04 21:03,21
SPB-54871,기타 ,마포구,2024-08-05 17:15,17
SPB-54871,단말기,서대문구,2024-08-09 20:39,20
SPB-54871,기타 ,마포구,2024-08-17 5:22,5
SPB-54872,안장,종로구,2024-08-17 1:22,1
SPB-54873,타이어 ,용산구,2024-08-09 18:38,18
SPB-54874,타이어 ,광진구,2024-08-11 9:32,9
SPB-54876,타이어 ,용산구,2024-08-16 15:46,15
SPB-54878,기타 ,강동구,2024-08-18 13:25,13
SPB-54888,기타 ,중구,2024-08-07 16:24,16
SPB-54890,기타 ,강북구,2024-08-15 8:00,8
SPB-54895,안장,강서구,2024-08-16 18:25,18
SPB-54896,단말기,양천구,2024-08-19 7:42,7
SPB-54900,타이어 ,강남구,2024-08-07 19:39,19
SPB-54901,기타 ,마포구,2024-08-21 17:51,17
SPB-54901,기타 ,영등포구,2024-08-27 7:46,7
SPB-54916,기타 ,마포구,2024-08-18 18:36,18
SPB-54918,체인,노원구,2024-08-11 17:09,17
SPB-54919,기타 ,도봉구,2024-08-21 14:44,14
SPB-54928,기타 ,중랑구,2024-08-10 20:01,20
SPB-54930,체인,강남구,2024-08-19 20:22,20
SPB-54933,타이어 ,노원구,2024-08-03 12:40,12
SPB-54938,기타 ,강남구,2024-08-16 14:17,14
SPB-54939,기타 ,강서구,2024-08-11 0:35,0
SPB-54944,타이어 ,양천구,2024-08-20 19:06,19
SPB-54945,기타 ,노원구,2024-08-06 19:18,19
SPB-54945,타이어 ,노원구,2024-08-10 19:38,19
SPB-54951,페달,영등포구,2024-08-07 8:24,8
SPB-54953,체인,송파구,2024-08-20 18:14,18
SPB-54953,타이어 ,송파구,2024-08-20 22:35,22
SPB-54953,타이어 ,송파구,2024-08-21 17:53,17
SPB-54953,타이어 ,송파구,2024-08-22 17:55,17
SPB-54954,안장,구로구,2024-08-28 17:40,17
SPB-54955,타이어 ,양천구,2024-08-15 11:18,11
SPB-54955,안장,양천구,2024-08-28 16:19,16
SPB-54958,체인,성북구,2024-08-26 7:02,7
SPB-54962,타이어 ,금천구,2024-08-08 9:52,9
SPB-54965,타이어 ,양천구,2024-08-20 10:59,10
SPB-54968,체인,마포구,2024-08-23 9:36,9
SPB-54973,타이어 ,양천구,2024-08-17 23:06,23
SPB-54973,타이어 ,양천구,2024-08-25 1:20,1
SPB-54975,타이어 ,송파구,2024-08-16 8:21,8
SPB-54976,페달,광진구,2024-08-28 9:04,9
SPB-54982,타이어 ,영등포구,2024-08-08 18:41,18
SPB-54985,체인,양천구,2024-08-28 18:57,18
SPB-54988,안장,은평구,2024-08-09 22:45,22
SPB-54989,타이어 ,중구,2024-08-23 18:00,18
SPB-54989,타이어 ,성동구,2024-08-26 2:41,2
SPB-54992,체인,양천구,2024-08-31 13:51,13
SPB-54993,타이어 ,노원구,2024-08-06 15:34,15
SPB-55000,타이어 ,양천구,2024-08-26 12:14,12
SPB-55004,타이어 ,송파구,2024-08-27 20:39,20
SPB-55005,페달,중구,2024-08-11 21:03,21
SPB-55005,체인,용산구,2024-08-14 19:45,19
SPB-55005,체인,성동구,2024-08-23 19:30,19
SPB-55007,단말기,동대문구,2024-08-25 13:14,13
SPB-55016,체인,노원구,2024-08-14 6:01,6
SPB-55016,기타 ,노원구,2024-08-31 19:19,19
SPB-55018,체인,마포구,2024-08-23 20:40,20
SPB-55020,페달,중구,2024-08-16 22:10,22
SPB-55021,기타 ,강서구,2024-08-08 14:29,14
SPB-55021,안장,강서구,2024-08-09 18:34,18
SPB-55022,기타 ,도봉구,2024-08-08 18:22,18
SPB-55022,기타 ,노원구,2024-08-19 10:10,10
SPB-55026,안장,동대문구,2024-08-13 18:07,18
SPB-55028,기타 ,도봉구,2024-08-01 17:44,17
SPB-55030,체인,마포구,2024-08-02 18:16,18
SPB-55032,기타 ,노원구,2024-08-28 18:20,18
SPB-55041,기타 ,성북구,2024-08-29 9:06,9
SPB-55047,타이어 ,도봉구,2024-08-24 15:11,15
SPB-55048,타이어 ,성북구,2024-08-19 7:53,7
SPB-55050,기타 ,종로구,2024-08-08 18:48,18
SPB-55052,단말기,용산구,2024-08-23 22:15,22
SPB-55054,기타 ,강서구,2024-08-29 11:11,11
SPB-55058,타이어 ,강서구,2024-08-08 8:46,8
SPB-55063,페달,종로구,2024-08-08 18:11,18
SPB-55065,기타 ,도봉구,2024-08-01 18:40,18
SPB-55071,체인,영등포구,2024-08-19 20:24,20
SPB-55073,기타 ,강서구,2024-08-06 9:17,9
SPB-55074,타이어 ,강서구,2024-08-23 22:29,22
SPB-55074,타이어 ,강서구,2024-08-26 22:46,22
SPB-55077,기타 ,강서구,2024-08-13 19:52,19
SPB-55082,타이어 ,동작구,2024-08-31 8:43,8
SPB-55084,타이어 ,강서구,2024-08-09 16:18,16
SPB-55084,기타 ,강남구,2024-08-31 18:25,18
SPB-55091,기타 ,양천구,2024-08-05 8:53,8
SPB-55091,타이어 ,송파구,2024-08-16 18:48,18
SPB-55092,기타 ,금천구,2024-08-24 10:01,10
SPB-55096,기타 ,도봉구,2024-08-01 15:06,15
SPB-55104,체인,서초구,2024-08-07 23:29,23
SPB-55105,페달,은평구,2024-08-01 15:30,15
SPB-55105,페달,종로구,2024-08-04 8:34,8
SPB-55106,기타 ,마포구,2024-08-26 17:10,17
SPB-55107,단말기,강서구,2024-08-08 18:17,18
SPB-55113,체인,광진구,2024-08-06 8:33,8
SPB-55113,페달,영등포구,2024-08-26 14:39,14
SPB-55113,페달,영등포구,2024-08-30 8:35,8
SPB-55122,기타 ,강서구,2024-08-29 20:34,20
SPB-55126,페달,양천구,2024-08-01 13:05,13
SPB-55126,페달,영등포구,2024-08-06 7:29,7
SPB-55127,기타 ,영등포구,2024-08-06 21:45,21
SPB-55130,타이어 ,양천구,2024-08-29 4:53,4
SPB-55132,안장,강서구,2024-08-13 0:38,0
SPB-55133,체인,양천구,2024-08-13 13:44,13
SPB-55136,타이어 ,성북구,2024-08-20 23:53,23
SPB-55136,타이어 ,강북구,2024-08-24 16:17,16
SPB-55139,체인,광진구,2024-08-19 19:10,19
SPB-55139,체인,송파구,2024-08-27 18:21,18
SPB-55139,페달,송파구,2024-08-28 20:01,20
SPB-55139,페달,송파구,2024-08-29 18:55,18
SPB-55140,페달,성동구,2024-08-26 9:17,9
SPB-55142,안장,서대문구,2024-08-10 16:30,16
SPB-55143,타이어 ,송파구,2024-08-26 13:53,13
SPB-55159,안장,영등포구,2024-08-10 15:39,15
SPB-55160,기타 ,송파구,2024-08-26 8:33,8
SPB-55162,기타 ,도봉구,2024-08-22 17:13,17
SPB-55167,페달,구로구,2024-08-03 14:35,14
SPB-55170,단말기,동작구,2024-08-23 5:14,5
SPB-55170,체인,구로구,2024-08-28 8:54,8
SPB-55171,체인,영등포구,2024-08-07 17:58,17
SPB-55171,체인,동대문구,2024-08-20 10:43,10
SPB-55179,기타 ,강서구,2024-08-20 21:11,21
SPB-55179,타이어 ,강서구,2024-08-25 15:58,15
SPB-55185,단말기,송파구,2024-08-27 16:32,16
SPB-55188,타이어 ,강서구,2024-08-20 8:42,8
SPB-55191,타이어 ,은평구,2024-08-23 18:14,18
SPB-55199,기타 ,동작구,2024-08-29 19:14,19
SPB-55202,타이어 ,은평구,2024-08-26 19:41,19
SPB-55204,페달,송파구,2024-08-05 11:35,11
SPB-55206,단말기,구로구,2024-08-11 0:24,0
SPB-55226,타이어 ,강서구,2024-08-28 11:53,11
SPB-55234,단말기,노원구,2024-08-16 11:44,11
SPB-55239,타이어 ,금천구,2024-08-20 18:42,18
SPB-55243,타이어 ,노원구,2024-08-19 18:41,18
SPB-55246,기타 ,서초구,2024-08-20 8:43,8
SPB-55248,단말기,성동구,2024-08-27 18:46,18
SPB-55251,타이어 ,서대문구,2024-08-09 18:40,18
SPB-55281,안장,영등포구,2024-08-06 19:50,19
SPB-55281,체인,금천구,2024-08-23 19:38,19
SPB-55291,안장,강서구,2024-08-05 0:31,0
SPB-55307,타이어 ,광진구,2024-08-15 17:41,17
SPB-55310,기타 ,노원구,2024-08-03 14:38,14
SPB-55311,페달,강남구,2024-08-28 20:39,20
SPB-55311,페달,서초구,2024-08-29 21:20,21
SPB-55313,안장,강서구,2024-08-26 23:45,23
SPB-55314,기타 ,성동구,2024-08-01 7:47,7
SPB-55317,체인,마포구,2024-08-26 22:25,22
SPB-55319,페달,구로구,2024-08-04 10:09,10
SPB-55320,기타 ,마포구,2024-08-22 13:46,13
SPB-55322,타이어 ,강동구,2024-08-03 16:43,16
SPB-55326,체인,광진구,2024-08-23 17:12,17
SPB-55327,기타 ,성북구,2024-08-09 20:41,20
SPB-55328,타이어 ,도봉구,2024-08-05 21:54,21
SPB-55329,체인,중구,2024-08-16 18:08,18
SPB-55332,기타 ,도봉구,2024-08-12 8:59,8
SPB-55334,타이어 ,노원구,2024-08-19 23:00,23
SPB-55340,단말기,노원구,2024-08-05 12:29,12
SPB-55346,기타 ,양천구,2024-08-01 18:22,18
SPB-55353,체인,동작구,2024-08-24 21:47,21
SPB-55357,페달,강서구,2024-08-03 16:28,16
SPB-55359,페달,서초구,2024-08-28 17:31,17
SPB-55369,페달,강동구,2024-08-08 19:24,19
SPB-55380,안장,송파구,2024-08-01 18:45,18
SPB-55383,타이어 ,종로구,2024-08-22 18:16,18
SPB-55386,타이어 ,종로구,2024-08-28 17:42,17
SPB-55400,타이어 ,송파구,2024-08-06 19:22,19
SPB-55401,타이어 ,영등포구,2024-08-26 10:39,10
SPB-55402,체인,강서구,2024-08-02 7:23,7
SPB-55402,체인,마포구,2024-08-12 7:17,7
SPB-55403,기타 ,영등포구,2024-08-22 7:57,7
SPB-55405,기타 ,양천구,2024-08-29 1:40,1
SPB-55407,체인,성동구,2024-08-14 18:41,18
SPB-55409,체인,광진구,2024-08-17 20:14,20
SPB-55409,기타 ,성동구,2024-08-26 18:11,18
SPB-55410,타이어 ,송파구,2024-08-30 7:12,7
SPB-55413,타이어 ,성동구,2024-08-19 8:43,8
SPB-55413,기타 ,광진구,2024-08-23 18:16,18
SPB-55413,단말기,광진구,2024-08-28 22:47,22
SPB-55418,안장,용산구,2024-08-02 21:40,21
SPB-55418,안장,용산구,2024-08-03 13:14,13
SPB-55418,페달,광진구,2024-08-05 18:57,18
SPB-55420,체인,중랑구,2024-08-01 23:04,23
SPB-55426,단말기,강서구,2024-08-03 10:03,10
SPB-55427,타이어 ,성동구,2024-08-24 9:21,9
SPB-55428,페달,노원구,2024-08-10 16:56,16
SPB-55429,체인,노원구,2024-08-06 18:31,18
SPB-55437,체인,동작구,2024-08-01 17:02,17
SPB-55437,페달,서초구,2024-08-31 11:58,11
SPB-55442,기타 ,강남구,2024-08-04 14:20,14
SPB-55442,안장,영등포구,2024-08-12 17:54,17
SPB-55449,체인,중랑구,2024-08-16 20:27,20
SPB-55456,안장,강서구,2024-08-12 21:40,21
SPB-55456,기타 ,영등포구,2024-08-30 19:16,19
SPB-55466,기타 ,노원구,2024-08-15 23:41,23
SPB-55471,안장,노원구,2024-08-07 20:02,20
SPB-55471,타이어 ,동대문구,2024-08-21 18:08,18
SPB-55472,기타 ,동대문구,2024-08-04 14:53,14
SPB-55474,기타 ,서초구,2024-08-15 19:58,19
SPB-55480,타이어 ,서초구,2024-08-06 18:28,18
SPB-55492,타이어 ,관악구,2024-08-28 18:36,18
SPB-55496,안장,송파구,2024-08-01 17:56,17
SPB-55497,단말기,강서구,2024-08-08 17:29,17
SPB-55500,타이어 ,영등포구,2024-08-20 7:24,7
SPB-55501,기타 ,동대문구,2024-08-14 10:54,10
SPB-55504,타이어 ,도봉구,2024-08-23 18:23,18
SPB-55505,기타 ,서초구,2024-08-19 8:14,8
SPB-55508,페달,성동구,2024-08-18 17:11,17
SPB-55517,타이어 ,영등포구,2024-08-02 13:26,13
SPB-55533,안장,종로구,2024-08-01 22:48,22
SPB-55533,타이어 ,마포구,2024-08-10 6:15,6
SPB-55536,기타 ,금천구,2024-08-30 7:38,7
SPB-55538,안장,노원구,2024-08-10 22:17,22
SPB-55542,안장,동대문구,2024-08-14 9:18,9
SPB-55545,타이어 ,용산구,2024-08-09 7:54,7
SPB-55550,기타 ,성북구,2024-08-30 16:04,16
SPB-55552,안장,양천구,2024-08-03 18:20,18
SPB-55552,안장,관악구,2024-08-21 22:57,22
SPB-55552,안장,관악구,2024-08-26 19:23,19
SPB-55557,기타 ,양천구,2024-08-29 23:50,23
SPB-55568,타이어 ,강남구,2024-08-29 9:31,9
SPB-55572,체인,관악구,2024-08-05 18:57,18
SPB-55575,안장,마포구,2024-08-17 15:02,15
SPB-55576,안장,서초구,2024-08-02 22:22,22
SPB-55588,타이어 ,서초구,2024-08-14 21:55,21
SPB-55591,체인,양천구,2024-08-14 11:13,11
SPB-55592,타이어 ,양천구,2024-08-26 10:33,10
SPB-55594,페달,구로구,2024-08-28 13:14,13
SPB-55595,안장,동작구,2024-08-07 11:22,11
SPB-55595,안장,양천구,2024-08-22 17:44,17
SPB-55599,체인,마포구,2024-08-03 20:46,20
SPB-55599,페달,용산구,2024-08-10 11:22,11
SPB-55599,페달,성동구,2024-08-15 13:14,13
SPB-55606,타이어 ,송파구,2024-08-10 19:46,19
SPB-55610,체인,용산구,2024-08-28 11:34,11
SPB-55611,안장,양천구,2024-08-27 9:01,9
SPB-55612,안장,영등포구,2024-08-21 11:04,11
SPB-55613,체인,중구,2024-08-06 9:52,9
SPB-55616,기타 ,광진구,2024-08-05 22:36,22
SPB-55623,기타 ,성동구,2024-08-22 21:05,21
SPB-55632,기타 ,강남구,2024-08-01 6:39,6
SPB-55632,타이어 ,서초구,2024-08-03 1:19,1
SPB-55632,기타 ,서초구,2024-08-05 20:04,20
SPB-55632,페달,마포구,2024-08-31 7:38,7
SPB-55654,페달,강서구,2024-08-05 19:21,19
SPB-55656,체인,영등포구,2024-08-19 7:39,7
SPB-55664,타이어 ,영등포구,2024-08-31 16:50,16
SPB-55667,페달,서초구,2024-08-13 6:27,6
SPB-55667,페달,서초구,2024-08-13 16:37,16
SPB-55667,페달,서초구,2024-08-14 12:57,12
SPB-55674,기타 ,광진구,2024-08-16 13:51,13
SPB-55682,안장,동대문구,2024-08-23 12:52,12
SPB-55686,기타 ,중구,2024-08-02 9:39,9
SPB-55687,체인,송파구,2024-08-15 20:36,20
SPB-55687,체인,송파구,2024-08-27 19:20,19
SPB-55689,타이어 ,노원구,2024-08-20 21:36,21
SPB-55690,안장,용산구,2024-08-13 10:21,10
SPB-55691,타이어 ,동대문구,2024-08-14 5:27,5
SPB-55693,체인,노원구,2024-08-02 9:55,9
SPB-55693,체인,노원구,2024-08-07 11:03,11
SPB-55702,타이어 ,강북구,2024-08-29 22:59,22
SPB-55703,기타 ,강서구,2024-08-07 20:43,20
SPB-55703,기타 ,강서구,2024-08-16 8:18,8
SPB-55703,체인,강서구,2024-08-22 20:29,20
SPB-55710,체인,강동구,2024-08-22 20:07,20
SPB-55714,체인,관악구,2024-08-03 12:25,12
SPB-55714,타이어 ,영등포구,2024-08-16 8:49,8
SPB-55714,타이어 ,영등포구,2024-08-16 17:35,17
SPB-55715,타이어 ,송파구,2024-08-25 11:26,11
SPB-55720,타이어 ,구로구,2024-08-07 15:20,15
SPB-55728,페달,종로구,2024-08-10 10:51,10
SPB-55728,체인,도봉구,2024-08-23 7:40,7
SPB-55732,기타 ,중랑구,2024-08-28 18:21,18
SPB-55737,기타 ,중랑구,2024-08-09 19:51,19
SPB-55737,타이어 ,도봉구,2024-08-29 3:52,3
SPB-55738,페달,양천구,2024-08-02 18:29,18
SPB-55738,체인,양천구,2024-08-07 17:23,17
SPB-55738,체인,양천구,2024-08-08 19:17,19
SPB-55738,페달,양천구,2024-08-13 9:15,9
SPB-55738,체인,양천구,2024-08-15 11:17,11
SPB-55739,페달,동대문구,2024-08-17 11:17,11
SPB-55740,안장,강서구,2024-08-08 20:40,20
SPB-55740,안장,강서구,2024-08-14 15:39,15
SPB-55742,타이어 ,광진구,2024-08-30 8:54,8
SPB-55749,체인,동대문구,2024-08-13 19:01,19
SPB-55749,안장,광진구,2024-08-29 15:30,15
SPB-55750,기타 ,영등포구,2024-08-20 19:57,19
SPB-55751,체인,성북구,2024-08-03 1:22,1
SPB-55751,체인,성북구,2024-08-03 10:22,10
SPB-55751,체인,성동구,2024-08-04 20:56,20
SPB-55751,체인,송파구,2024-08-27 14:07,14
SPB-55751,페달,서초구,2024-08-27 23:04,23
SPB-55754,페달,양천구,2024-08-12 14:00,14
SPB-55757,타이어 ,구로구,2024-08-14 10:24,10
SPB-55758,타이어 ,중구,2024-08-11 14:50,14
SPB-55770,체인,노원구,2024-08-25 20:48,20
SPB-55771,기타 ,은평구,2024-08-30 8:43,8
SPB-55772,안장,송파구,2024-08-03 18:07,18
SPB-55783,기타 ,서초구,2024-08-24 20:24,20
SPB-55796,타이어 ,강서구,2024-08-21 22:07,22
SPB-55801,페달,구로구,2024-08-19 20:03,20
SPB-55808,타이어 ,송파구,2024-08-18 10:40,10
SPB-55810,타이어 ,강서구,2024-08-12 8:07,8
SPB-55817,기타 ,은평구,2024-08-31 0:50,0
SPB-55818,타이어 ,광진구,2024-08-13 20:13,20
SPB-55820,안장,송파구,2024-08-19 22:13,22
SPB-55820,안장,송파구,2024-08-20 19:33,19
SPB-55821,페달,관악구,2024-08-07 21:29,21
SPB-55821,기타 ,구로구,2024-08-19 10:11,10
SPB-55821,체인,양천구,2024-08-26 23:46,23
SPB-55822,기타 ,강남구,2024-08-14 8:52,8
SPB-55822,타이어 ,송파구,2024-08-15 18:05,18
SPB-55823,타이어 ,강서구,2024-08-26 18:24,18
SPB-55824,타이어 ,관악구,2024-08-31 11:24,11
SPB-55826,페달,강북구,2024-08-06 7:26,7
SPB-55826,타이어 ,마포구,2024-08-18 18:15,18
SPB-55832,기타 ,마포구,2024-08-14 22:31,22
SPB-55832,페달,마포구,2024-08-17 18:58,18
SPB-55834,기타 ,송파구,2024-08-01 12:24,12
SPB-55838,체인,중구,2024-08-08 17:19,17
SPB-55851,기타 ,송파구,2024-08-19 21:49,21
SPB-55851,타이어 ,강남구,2024-08-31 16:34,16
SPB-55853,타이어 ,강서구,2024-08-14 7:11,7
SPB-55860,안장,노원구,2024-08-07 19:32,19
SPB-55860,체인,양천구,2024-08-29 8:36,8
SPB-55862,타이어 ,강동구,2024-08-04 12:54,12
SPB-55863,기타 ,용산구,2024-08-23 20:38,20
SPB-55883,타이어 ,금천구,2024-08-01 19:34,19
SPB-55889,페달,영등포구,2024-08-19 16:58,16
SPB-55892,타이어 ,동작구,2024-08-10 16:10,16
SPB-55894,타이어 ,강서구,2024-08-16 19:00,19
SPB-55899,단말기,동작구,2024-08-07 16:44,16
SPB-55900,타이어 ,영등포구,2024-08-02 7:45,7
SPB-55903,기타 ,양천구,2024-08-30 8:35,8
SPB-55906,기타 ,동작구,2024-08-30 13:53,13
SPB-55909,기타 ,중랑구,2024-08-23 8:25,8
SPB-55913,기타 ,구로구,2024-08-23 19:56,19
SPB-55929,타이어 ,종로구,2024-08-07 8:21,8
SPB-55929,타이어 ,마포구,2024-08-09 22:24,22
SPB-55932,타이어 ,마포구,2024-08-20 22:17,22
SPB-55937,타이어 ,구로구,2024-08-12 19:11,19
SPB-55944,체인,강동구,2024-08-02 14:52,14
SPB-55944,타이어 ,강동구,2024-08-07 21:25,21
SPB-55948,체인,금천구,2024-08-30 20:38,20
SPB-55952,체인,강서구,2024-08-31 13:47,13
SPB-55955,페달,구로구,2024-08-27 21:49,21
SPB-55958,타이어 ,강서구,2024-08-29 19:29,19
SPB-55960,기타 ,양천구,2024-08-13 11:40,11
SPB-55960,기타 ,구로구,2024-08-20 9:04,9
SPB-55961,기타 ,금천구,2024-08-28 8:11,8
SPB-55966,단말기,구로구,2024-08-07 8:28,8
SPB-55969,타이어 ,금천구,2024-08-22 18:44,18
SPB-55971,타이어 ,송파구,2024-08-17 13:54,13
SPB-55974,기타 ,도봉구,2024-08-23 11:20,11
SPB-55977,타이어 ,광진구,2024-08-08 20:56,20
SPB-55979,단말기,강서구,2024-08-02 7:23,7
SPB-55979,기타 ,강서구,2024-08-03 17:39,17
SPB-55982,페달,노원구,2024-08-27 17:09,17
SPB-55982,체인,노원구,2024-08-29 21:26,21
SPB-55989,페달,구로구,2024-08-07 20:26,20
SPB-55989,체인,마포구,2024-08-27 18:20,18
SPB-55991,타이어 ,영등포구,2024-08-02 10:25,10
SPB-55998,체인,영등포구,2024-08-19 21:32,21
SPB-55999,타이어 ,광진구,2024-08-13 17:58,17
SPB-56005,안장,금천구,2024-08-22 12:43,12
SPB-56006,페달,양천구,2024-08-20 9:55,9
SPB-56006,체인,양천구,2024-08-22 0:16,0
SPB-56016,타이어 ,중랑구,2024-08-13 21:07,21
SPB-56026,타이어 ,중랑구,2024-08-19 15:48,15
SPB-56029,체인,송파구,2024-08-03 8:11,8
SPB-56031,페달,광진구,2024-08-22 19:08,19
SPB-56031,체인,성동구,2024-08-24 0:05,0
SPB-56037,페달,중랑구,2024-08-27 18:53,18
SPB-56043,타이어 ,관악구,2024-08-18 20:14,20
SPB-56043,체인,금천구,2024-08-30 20:00,20
SPB-56054,안장,동대문구,2024-08-10 19:32,19
SPB-56061,타이어 ,영등포구,2024-08-07 20:59,20
SPB-56070,기타 ,중랑구,2024-08-13 15:53,15
SPB-56071,단말기,노원구,2024-08-03 22:17,22
SPB-56071,체인,도봉구,2024-08-27 0:52,0
SPB-56073,타이어 ,금천구,2024-08-20 19:09,19
SPB-56075,타이어 ,강서구,2024-08-02 19:39,19
SPB-56080,기타 ,노원구,2024-08-19 19:19,19
SPB-56087,타이어 ,금천구,2024-08-06 8:26,8
SPB-56096,단말기,강서구,2024-08-29 8:32,8
SPB-56099,페달,송파구,2024-08-27 18:41,18
SPB-56101,기타 ,양천구,2024-08-22 12:48,12
SPB-56105,페달,강동구,2024-08-19 11:01,11
SPB-56106,단말기,동작구,2024-08-16 7:25,7
SPB-56108,타이어 ,서초구,2024-08-10 20:26,20
SPB-56110,타이어 ,강남구,2024-08-07 22:50,22
SPB-56110,타이어 ,서초구,2024-08-09 19:15,19
SPB-56112,타이어 ,양천구,2024-08-05 6:41,6
SPB-56117,페달,중구,2024-08-08 9:00,9
SPB-56119,기타 ,서초구,2024-08-07 12:04,12
SPB-56125,페달,송파구,2024-08-01 17:08,17
SPB-56126,안장,송파구,2024-08-03 13:20,13
SPB-56127,단말기,송파구,2024-08-07 20:30,20
SPB-56135,페달,동대문구,2024-08-15 9:57,9
SPB-56138,기타 ,도봉구,2024-08-12 6:48,6
SPB-56139,타이어 ,강서구,2024-08-24 16:47,16
SPB-56147,체인,송파구,2024-08-14 11:16,11
SPB-56150,페달,강남구,2024-08-14 20:10,20
SPB-56160,기타 ,노원구,2024-08-07 19:18,19
SPB-56161,기타 ,강서구,2024-08-13 6:26,6
SPB-56162,페달,마포구,2024-08-30 17:38,17
SPB-56166,체인,영등포구,2024-08-17 7:03,7
SPB-56166,페달,영등포구,2024-08-22 18:27,18
SPB-56169,체인,노원구,2024-08-11 8:40,8
SPB-56172,체인,금천구,2024-08-03 21:24,21
SPB-56172,체인,영등포구,2024-08-27 19:54,19
SPB-56177,기타 ,송파구,2024-08-22 7:53,7
SPB-56178,페달,종로구,2024-08-04 22:01,22
SPB-56178,페달,성동구,2024-08-07 18:43,18
SPB-56188,체인,양천구,2024-08-01 19:53,19
SPB-56188,체인,양천구,2024-08-06 4:53,4
SPB-56188,페달,용산구,2024-08-13 21:13,21
SPB-56192,기타 ,동대문구,2024-08-05 19:12,19
SPB-56192,타이어 ,중구,2024-08-07 21:08,21
SPB-56197,페달,강서구,2024-08-10 20:27,20
SPB-56198,체인,노원구,2024-08-16 23:01,23
SPB-56200,타이어 ,양천구,2024-08-17 22:21,22
SPB-56205,체인,성북구,2024-08-04 23:33,23
SPB-56218,타이어 ,양천구,2024-08-04 15:11,15
SPB-56220,체인,중구,2024-08-07 18:36,18
SPB-56220,체인,노원구,2024-08-16 21:48,21
SPB-56221,체인,강남구,2024-08-20 22:56,22
SPB-56225,체인,성동구,2024-08-13 17:06,17
SPB-56235,페달,강서구,2024-08-28 16:36,16
SPB-56239,기타 ,송파구,2024-08-09 10:54,10
SPB-56246,타이어 ,송파구,2024-08-06 21:17,21
SPB-56249,안장,강서구,2024-08-26 8:50,8
SPB-56257,기타 ,마포구,2024-08-22 8:54,8
SPB-56264,타이어 ,강동구,2024-08-30 18:14,18
SPB-56265,기타 ,노원구,2024-08-15 21:34,21
SPB-56268,타이어 ,송파구,2024-08-27 16:20,16
SPB-56269,단말기,금천구,2024-08-06 7:16,7
SPB-56271,페달,동대문구,2024-08-25 13:58,13
SPB-56272,타이어 ,종로구,2024-08-12 18:14,18
SPB-56276,타이어 ,마포구,2024-08-06 20:28,20
SPB-56279,체인,영등포구,2024-08-07 5:24,5
SPB-56279,타이어 ,영등포구,2024-08-21 19:14,19
SPB-56280,타이어 ,강남구,2024-08-19 22:15,22
SPB-56282,타이어 ,성북구,2024-08-23 23:33,23
SPB-56284,안장,강서구,2024-08-29 19:01,19
SPB-56288,기타 ,중구,2024-08-08 18:32,18
SPB-56289,안장,강남구,2024-08-02 18:38,18
SPB-56296,페달,광진구,2024-08-16 8:54,8
SPB-56298,안장,영등포구,2024-08-07 21:12,21
SPB-56299,페달,영등포구,2024-08-23 17:33,17
SPB-56304,타이어 ,송파구,2024-08-24 21:07,21
SPB-56308,단말기,송파구,2024-08-15 18:35,18
SPB-56308,기타 ,관악구,2024-08-30 10:02,10
SPB-56311,기타 ,송파구,2024-08-05 8:13,8
SPB-56317,페달,종로구,2024-08-02 19:48,19
SPB-56317,체인,마포구,2024-08-04 18:43,18
SPB-56318,페달,영등포구,2024-08-04 18:25,18
SPB-56319,기타 ,은평구,2024-08-01 22:26,22
SPB-56334,타이어 ,관악구,2024-08-01 18:04,18
SPB-56334,페달,금천구,2024-08-20 17:39,17
SPB-56335,페달,성동구,2024-08-29 21:02,21
SPB-56339,체인,동대문구,2024-08-11 21:47,21
SPB-56340,체인,중구,2024-08-14 10:14,10
SPB-56341,페달,송파구,2024-08-13 22:39,22
SPB-56348,기타 ,영등포구,2024-08-06 8:08,8
SPB-56348,페달,강서구,2024-08-13 0:55,0
SPB-56349,체인,양천구,2024-08-06 8:09,8
SPB-56350,단말기,도봉구,2024-08-05 8:36,8
SPB-56353,타이어 ,양천구,2024-08-23 10:39,10
SPB-56356,페달,강북구,2024-08-08 18:25,18
SPB-56356,페달,종로구,2024-08-14 13:35,13
SPB-56356,페달,동대문구,2024-08-26 21:39,21
SPB-56356,페달,동대문구,2024-08-29 9:00,9
SPB-56359,체인,강동구,2024-08-29 7:48,7
SPB-56360,타이어 ,금천구,2024-08-29 18:04,18
SPB-56366,안장,영등포구,2024-08-04 22:06,22
SPB-56370,타이어 ,서대문구,2024-08-23 18:43,18
SPB-56375,기타 ,강남구,2024-08-26 19:24,19
SPB-56379,페달,영등포구,2024-08-01 18:17,18
SPB-56383,기타 ,송파구,2024-08-20 13:52,13
SPB-56384,타이어 ,서초구,2024-08-02 19:17,19
SPB-56384,안장,서초구,2024-08-08 21:09,21
SPB-56384,기타 ,관악구,2024-08-15 22:32,22
SPB-56386,안장,영등포구,2024-08-31 11:51,11
SPB-56397,체인,강서구,2024-08-24 19:56,19
SPB-56400,타이어 ,중구,2024-08-06 18:08,18
SPB-56403,타이어 ,마포구,2024-08-23 19:59,19
SPB-56409,페달,노원구,2024-08-27 15:23,15
SPB-56411,안장,광진구,2024-08-07 7:33,7
SPB-56416,안장,관악구,2024-08-06 18:56,18
SPB-56417,체인,노원구,2024-08-14 15:38,15
SPB-56426,안장,서대문구,2024-08-17 23:40,23
SPB-56426,안장,마포구,2024-08-28 20:45,20
SPB-56427,페달,강서구,2024-08-23 14:03,14
SPB-56427,타이어 ,강서구,2024-08-29 17:26,17
SPB-56434,기타 ,구로구,2024-08-25 19:52,19
SPB-56434,타이어 ,구로구,2024-08-28 8:49,8
SPB-56441,체인,송파구,2024-08-24 11:51,11
SPB-56443,페달,마포구,2024-08-30 5:21,5
SPB-56446,페달,마포구,2024-08-12 19:59,19
SPB-56448,페달,광진구,2024-08-09 8:35,8
SPB-56448,페달,동대문구,2024-08-10 21:32,21
SPB-56448,페달,중구,2024-08-13 8:43,8
SPB-56450,타이어 ,양천구,2024-08-05 20:39,20
SPB-56454,페달,은평구,2024-08-20 20:53,20
SPB-56454,페달,은평구,2024-08-27 18:25,18
SPB-56455,기타 ,영등포구,2024-08-18 20:02,20
SPB-56457,체인,영등포구,2024-08-05 7:42,7
SPB-56457,기타 ,중구,2024-08-13 11:03,11
SPB-56462,기타 ,강서구,2024-08-25 4:24,4
SPB-56467,타이어 ,양천구,2024-08-02 16:34,16
SPB-56468,페달,양천구,2024-08-06 13:26,13
SPB-56470,타이어 ,노원구,2024-08-04 21:22,21
SPB-56474,기타 ,영등포구,2024-08-26 8:03,8
SPB-56480,안장,노원구,2024-08-25 21:18,21
SPB-56481,체인,서초구,2024-08-27 8:57,8
SPB-56483,기타 ,서초구,2024-08-22 20:12,20
SPB-56484,체인,중구,2024-08-31 17:33,17
SPB-56490,페달,성북구,2024-08-07 12:05,12
SPB-56490,페달,용산구,2024-08-28 8:50,8
SPB-56490,안장,서초구,2024-08-29 18:57,18
SPB-56491,타이어 ,중랑구,2024-08-22 8:34,8
SPB-56492,페달,동작구,2024-08-22 21:33,21
SPB-56492,페달,구로구,2024-08-28 19:26,19
SPB-56493,체인,관악구,2024-08-16 20:32,20
SPB-56494,페달,용산구,2024-08-14 19:55,19
SPB-56494,페달,마포구,2024-08-22 18:29,18
SPB-56495,안장,송파구,2024-08-01 23:49,23
SPB-56500,안장,구로구,2024-08-23 15:10,15
SPB-56504,안장,서대문구,2024-08-25 19:47,19
SPB-56505,기타 ,용산구,2024-08-04 22:47,22
SPB-56507,페달,영등포구,2024-08-02 17:56,17
SPB-56508,안장,종로구,2024-08-30 19:18,19
SPB-56514,기타 ,강서구,2024-08-16 8:00,8
SPB-56522,페달,노원구,2024-08-16 17:32,17
SPB-56522,페달,강북구,2024-08-27 8:26,8
SPB-56522,페달,노원구,2024-08-29 14:05,14
SPB-56523,체인,양천구,2024-08-23 14:43,14
SPB-56534,타이어 ,양천구,2024-08-13 7:34,7
SPB-56551,타이어 ,마포구,2024-08-23 6:30,6
SPB-56551,타이어 ,구로구,2024-08-25 18:08,18
SPB-56551,타이어 ,은평구,2024-08-28 20:41,20
SPB-56554,페달,송파구,2024-08-06 11:04,11
SPB-56555,타이어 ,영등포구,2024-08-06 19:26,19
SPB-56559,페달,서초구,2024-08-23 17:09,17
SPB-56559,페달,송파구,2024-08-23 23:21,23
SPB-56571,타이어 ,중구,2024-08-25 8:14,8
SPB-56576,타이어 ,양천구,2024-08-19 18:22,18
SPB-56577,체인,성북구,2024-08-12 17:19,17
SPB-56577,체인,성북구,2024-08-13 14:35,14
SPB-56577,체인,송파구,2024-08-15 21:23,21
SPB-56577,체인,송파구,2024-08-16 21:06,21
SPB-56577,체인,광진구,2024-08-22 10:02,10
SPB-56579,체인,동대문구,2024-08-05 20:10,20
SPB-56584,타이어 ,동대문구,2024-08-14 8:28,8
SPB-56607,체인,영등포구,2024-08-20 19:14,19
SPB-56607,타이어 ,영등포구,2024-08-22 7:00,7
SPB-56613,기타 ,강남구,2024-08-13 6:13,6
SPB-56614,안장,서초구,2024-08-13 9:43,9
SPB-56618,타이어 ,은평구,2024-08-25 14:45,14
SPB-56622,페달,광진구,2024-08-28 17:30,17
SPB-56626,페달,송파구,2024-08-31 21:50,21
SPB-56629,페달,강서구,2024-08-03 22:36,22
SPB-56629,타이어 ,강서구,2024-08-12 22:04,22
SPB-56630,페달,강서구,2024-08-22 22:28,22
SPB-56630,페달,성동구,2024-08-26 21:52,21
SPB-56633,타이어 ,강서구,2024-08-28 22:40,22
SPB-56634,페달,영등포구,2024-08-30 20:48,20
SPB-56635,페달,마포구,2024-08-02 18:16,18
SPB-56642,체인,도봉구,2024-08-02 17:36,17
SPB-56646,페달,송파구,2024-08-09 13:55,13
SPB-56647,타이어 ,강서구,2024-08-04 8:00,8
SPB-56647,타이어 ,양천구,2024-08-16 5:23,5
SPB-56649,기타 ,송파구,2024-08-20 9:17,9
SPB-56649,안장,성동구,2024-08-29 10:12,10
SPB-56650,체인,노원구,2024-08-28 19:28,19
SPB-56667,타이어 ,강서구,2024-08-15 6:29,6
SPB-56672,타이어 ,성동구,2024-08-24 22:14,22
SPB-56673,페달,송파구,2024-08-17 19:55,19
SPB-56674,안장,도봉구,2024-08-16 7:53,7
SPB-56677,체인,송파구,2024-08-23 19:27,19
SPB-56684,기타 ,송파구,2024-08-25 13:43,13
SPB-56685,기타 ,마포구,2024-08-22 19:59,19
SPB-56688,타이어 ,영등포구,2024-08-10 18:18,18
SPB-56692,기타 ,서초구,2024-08-09 17:46,17
SPB-56695,기타 ,강서구,2024-08-20 23:00,23
SPB-56699,기타 ,관악구,2024-08-29 19:30,19
SPB-56700,타이어 ,중랑구,2024-08-20 23:27,23
SPB-56701,페달,서초구,2024-08-01 18:39,18
SPB-56702,체인,노원구,2024-08-19 8:27,8
SPB-56702,체인,도봉구,2024-08-19 19:54,19
SPB-56707,페달,서초구,2024-08-28 19:22,19
SPB-56716,타이어 ,영등포구,2024-08-13 1:32,1
SPB-56720,안장,양천구,2024-08-12 17:05,17
SPB-56724,기타 ,양천구,2024-08-29 7:39,7
SPB-56726,타이어 ,동작구,2024-08-15 12:52,12
SPB-56727,타이어 ,종로구,2024-08-15 10:09,10
SPB-56730,페달,강서구,2024-08-02 20:44,20
SPB-56733,체인,영등포구,2024-08-06 19:06,19
SPB-56738,타이어 ,성동구,2024-08-15 19:47,19
SPB-56740,기타 ,강서구,2024-08-28 22:37,22
SPB-56741,타이어 ,영등포구,2024-08-06 7:51,7
SPB-56742,타이어 ,영등포구,2024-08-29 19:13,19
SPB-56745,페달,강서구,2024-08-27 16:22,16
SPB-56748,안장,영등포구,2024-08-31 18:50,18
SPB-56749,기타 ,동대문구,2024-08-15 21:52,21
SPB-56753,체인,서초구,2024-08-16 18:58,18
SPB-56754,안장,구로구,2024-08-13 18:27,18
SPB-56755,타이어 ,강서구,2024-08-11 3:12,3
SPB-56756,체인,송파구,2024-08-13 17:06,17
SPB-56756,기타 ,성동구,2024-08-20 20:08,20
SPB-56760,페달,구로구,2024-08-12 19:04,19
SPB-56762,기타 ,영등포구,2024-08-05 9:00,9
SPB-56764,기타 ,마포구,2024-08-31 22:37,22
SPB-56765,체인,강서구,2024-08-02 12:28,12
SPB-56767,기타 ,영등포구,2024-08-20 19:07,19
SPB-56774,타이어 ,서초구,2024-08-12 23:10,23
SPB-56776,안장,은평구,2024-08-14 22:54,22
SPB-56777,안장,서대문구,2024-08-24 20:15,20
SPB-56778,체인,용산구,2024-08-17 16:38,16
SPB-56778,페달,마포구,2024-08-17 22:29,22
SPB-56778,기타 ,금천구,2024-08-25 21:40,21
SPB-56783,타이어 ,강동구,2024-08-12 14:27,14
SPB-56783,타이어 ,중구,2024-08-20 8:26,8
SPB-56792,타이어 ,강남구,2024-08-12 22:48,22
SPB-56796,페달,용산구,2024-08-26 23:12,23
SPB-56799,안장,동작구,2024-08-28 17:30,17
SPB-56800,기타 ,관악구,2024-08-31 10:57,10
SPB-56803,안장,양천구,2024-08-06 21:24,21
SPB-56803,타이어 ,양천구,2024-08-27 17:15,17
SPB-56804,기타 ,송파구,2024-08-20 16:54,16
SPB-56805,기타 ,서초구,2024-08-07 15:58,15
SPB-56809,페달,강서구,2024-08-28 8:35,8
SPB-56809,페달,강서구,2024-08-28 17:07,17
SPB-56814,안장,노원구,2024-08-30 7:56,7
SPB-56816,기타 ,영등포구,2024-08-09 10:02,10
SPB-56822,타이어 ,은평구,2024-08-31 22:02,22
SPB-56825,기타 ,동대문구,2024-08-17 16:13,16
SPB-56833,체인,은평구,2024-08-29 5:36,5
SPB-56834,타이어 ,구로구,2024-08-08 23:08,23
SPB-56838,단말기,강서구,2024-08-08 14:21,14
SPB-56843,기타 ,마포구,2024-08-08 17:04,17
SPB-56844,타이어 ,노원구,2024-08-01 17:19,17
SPB-56848,타이어 ,서초구,2024-08-14 2:03,2
SPB-56848,체인,영등포구,2024-08-31 7:31,7
SPB-56851,체인,도봉구,2024-08-05 21:35,21
SPB-56856,기타 ,광진구,2024-08-22 0:45,0
SPB-56864,안장,송파구,2024-08-11 7:26,7
SPB-56874,타이어 ,강서구,2024-08-05 12:24,12
SPB-56876,타이어 ,마포구,2024-08-07 9:25,9
SPB-56878,타이어 ,양천구,2024-08-29 14:24,14
SPB-56883,기타 ,강북구,2024-08-04 23:36,23
SPB-56883,기타 ,도봉구,2024-08-19 19:06,19
SPB-56883,기타 ,노원구,2024-08-29 19:42,19
SPB-56887,안장,강서구,2024-08-04 16:04,16
SPB-56887,기타 ,강남구,2024-08-13 9:46,9
SPB-56888,타이어 ,양천구,2024-08-27 22:11,22
SPB-56888,타이어 ,영등포구,2024-08-28 18:17,18
SPB-56891,페달,양천구,2024-08-08 0:51,0
SPB-56891,타이어 ,구로구,2024-08-18 18:36,18
SPB-56892,타이어 ,송파구,2024-08-12 8:17,8
SPB-56893,안장,노원구,2024-08-07 17:39,17
SPB-56893,안장,종로구,2024-08-29 8:53,8
SPB-56895,타이어 ,강서구,2024-08-05 8:23,8
SPB-56898,페달,영등포구,2024-08-27 19:28,19
SPB-56900,타이어 ,용산구,2024-08-08 17:02,17
SPB-56904,타이어 ,송파구,2024-08-20 20:49,20
SPB-56905,기타 ,강남구,2024-08-29 17:40,17
SPB-56914,타이어 ,동작구,2024-08-26 8:10,8
SPB-56924,안장,양천구,2024-08-19 9:10,9
SPB-56937,체인,송파구,2024-08-10 16:56,16
SPB-56943,타이어 ,서대문구,2024-08-18 23:21,23
SPB-56943,페달,영등포구,2024-08-27 22:18,22
SPB-56946,타이어 ,송파구,2024-08-07 21:42,21
SPB-56957,단말기,강남구,2024-08-12 18:01,18
SPB-56958,단말기,중구,2024-08-13 13:48,13
SPB-56962,기타 ,중구,2024-08-23 9:32,9
SPB-56962,기타 ,성동구,2024-08-24 19:10,19
SPB-56963,타이어 ,영등포구,2024-08-20 16:16,16
SPB-56965,페달,강동구,2024-08-24 10:56,10
SPB-56969,페달,성북구,2024-08-18 22:22,22
SPB-56974,안장,강서구,2024-08-06 17:15,17
SPB-56975,단말기,관악구,2024-08-14 13:21,13
SPB-56975,기타 ,강동구,2024-08-28 21:19,21
SPB-56980,안장,은평구,2024-08-10 12:38,12
SPB-56990,기타 ,강서구,2024-08-05 8:59,8
SPB-56994,타이어 ,용산구,2024-08-05 20:14,20
SPB-56996,안장,중구,2024-08-05 7:32,7
SPB-56996,타이어 ,종로구,2024-08-13 19:13,19
SPB-56996,안장,성북구,2024-08-19 19:27,19
SPB-57001,체인,종로구,2024-08-16 22:31,22
SPB-57003,타이어 ,마포구,2024-08-18 19:26,19
SPB-57007,체인,영등포구,2024-08-19 10:01,10
SPB-57007,페달,영등포구,2024-08-19 20:32,20
SPB-57007,체인,구로구,2024-08-27 20:38,20
SPB-57014,안장,성북구,2024-08-19 18:18,18
SPB-57014,안장,동대문구,2024-08-26 12:10,12
SPB-57016,타이어 ,용산구,2024-08-26 19:39,19
SPB-57022,체인,강남구,2024-08-20 20:45,20
SPB-57026,타이어 ,금천구,2024-08-28 8:05,8
SPB-57034,안장,강서구,2024-08-20 20:52,20
SPB-57035,타이어 ,구로구,2024-08-16 22:28,22
SPB-57036,기타 ,마포구,2024-08-07 18:15,18
SPB-57036,기타 ,은평구,2024-08-12 19:40,19
SPB-57039,타이어 ,중랑구,2024-08-10 1:58,1
SPB-57040,안장,강동구,2024-08-06 17:49,17
SPB-57044,안장,강서구,2024-08-20 18:35,18
SPB-57055,안장,동대문구,2024-08-20 9:27,9
SPB-57060,페달,강북구,2024-08-27 23:52,23
SPB-57060,체인,노원구,2024-08-30 21:05,21
SPB-57061,페달,노원구,2024-08-09 18:53,18
SPB-57082,기타 ,성북구,2024-08-02 7:23,7
SPB-57082,기타 ,동대문구,2024-08-15 1:52,1
SPB-57087,페달,구로구,2024-08-08 17:09,17
SPB-57088,타이어 ,영등포구,2024-08-01 22:26,22
SPB-57091,체인,서초구,2024-08-01 18:54,18
SPB-57092,타이어 ,노원구,2024-08-04 20:06,20
SPB-57095,체인,강남구,2024-08-13 8:57,8
SPB-57098,체인,도봉구,2024-08-01 22:51,22
SPB-57102,안장,양천구,2024-08-29 22:46,22
SPB-57103,타이어 ,송파구,2024-08-07 19:39,19
SPB-57106,기타 ,강서구,2024-08-31 22:01,22
SPB-57108,체인,마포구,2024-08-14 18:41,18
SPB-57108,페달,양천구,2024-08-27 13:55,13
SPB-57110,타이어 ,은평구,2024-08-06 14:37,14
SPB-57116,체인,은평구,2024-08-27 17:20,17
SPB-57124,안장,영등포구,2024-08-13 7:03,7
SPB-57128,타이어 ,강서구,2024-08-26 17:14,17
SPB-57128,체인,강서구,2024-08-26 22:16,22
SPB-57138,안장,동대문구,2024-08-08 20:14,20
SPB-57139,안장,양천구,2024-08-29 7:39,7
SPB-57143,기타 ,서초구,2024-08-15 12:31,12
SPB-57144,페달,동대문구,2024-08-25 16:32,16
SPB-57147,체인,동대문구,2024-08-26 12:21,12
SPB-57152,기타 ,서초구,2024-08-13 16:56,16
SPB-57153,타이어 ,관악구,2024-08-04 23:12,23
SPB-57153,단말기,강동구,2024-08-20 21:05,21
SPB-57155,단말기,강동구,2024-08-08 20:58,20
SPB-57155,기타 ,송파구,2024-08-30 8:17,8
SPB-57155,타이어 ,송파구,2024-08-31 13:48,13
SPB-57156,체인,영등포구,2024-08-26 19:48,19
SPB-57157,체인,성동구,2024-08-29 20:13,20
SPB-57167,단말기,강동구,2024-08-08 17:31,17
SPB-57168,페달,서초구,2024-08-06 7:12,7
SPB-57182,기타 ,송파구,2024-08-01 6:02,6
SPB-57182,안장,관악구,2024-08-15 15:19,15
SPB-57185,페달,중구,2024-08-08 19:28,19
SPB-57187,페달,용산구,2024-08-16 16:28,16
SPB-57200,기타 ,금천구,2024-08-19 8:56,8
SPB-57207,타이어 ,마포구,2024-08-09 19:41,19
SPB-57207,기타 ,마포구,2024-08-20 12:53,12
SPB-57209,페달,강남구,2024-08-19 14:05,14
SPB-57209,체인,동대문구,2024-08-31 13:09,13
SPB-57212,체인,마포구,2024-08-09 7:46,7
SPB-57212,기타 ,영등포구,2024-08-14 8:22,8
SPB-57212,체인,영등포구,2024-08-20 10:37,10
SPB-57217,페달,강서구,2024-08-28 19:40,19
SPB-57217,페달,강서구,2024-08-29 12:19,12
SPB-57220,페달,구로구,2024-08-07 18:11,18
SPB-57220,페달,양천구,2024-08-19 10:13,10
SPB-57229,안장,강동구,2024-08-24 22:03,22
SPB-57231,타이어 ,마포구,2024-08-16 7:42,7
SPB-57235,타이어 ,중구,2024-08-02 22:30,22
SPB-57235,타이어 ,노원구,2024-08-17 11:59,11
SPB-57236,페달,영등포구,2024-08-04 20:08,20
SPB-57236,체인,양천구,2024-08-07 14:19,14
SPB-57238,타이어 ,강서구,2024-08-10 15:41,15
SPB-57239,안장,관악구,2024-08-07 19:01,19
SPB-57239,타이어 ,구로구,2024-08-15 21:13,21
SPB-57240,페달,마포구,2024-08-07 20:35,20
SPB-57240,체인,마포구,2024-08-15 13:35,13
SPB-57240,체인,서대문구,2024-08-17 23:11,23
SPB-57240,페달,서대문구,2024-08-27 22:30,22
SPB-57248,타이어 ,강동구,2024-08-22 18:56,18
SPB-57250,체인,도봉구,2024-08-27 17:11,17
SPB-57258,타이어 ,용산구,2024-08-06 22:19,22
SPB-57258,페달,강서구,2024-08-12 19:55,19
SPB-57271,기타 ,강서구,2024-08-04 17:51,17
SPB-57273,안장,강서구,2024-08-28 17:56,17
SPB-57275,기타 ,용산구,2024-08-09 8:38,8
SPB-57282,체인,동대문구,2024-08-02 22:32,22
SPB-57284,페달,마포구,2024-08-10 18:50,18
SPB-57284,안장,마포구,2024-08-25 21:33,21
SPB-57289,기타 ,은평구,2024-08-28 13:03,13
SPB-57293,타이어 ,노원구,2024-08-13 9:05,9
SPB-57295,타이어 ,강남구,2024-08-26 20:48,20
SPB-57298,안장,양천구,2024-08-09 19:58,19
SPB-57299,기타 ,강서구,2024-08-02 15:51,15
SPB-57301,체인,성동구,2024-08-26 9:11,9
SPB-57308,체인,강동구,2024-08-16 16:38,16
SPB-57308,안장,강남구,2024-08-21 19:14,19
SPB-57312,페달,성동구,2024-08-22 10:04,10
SPB-57313,타이어 ,광진구,2024-08-29 8:11,8
SPB-57328,타이어 ,도봉구,2024-08-01 19:37,19
SPB-57329,기타 ,마포구,2024-08-13 20:11,20
SPB-57332,안장,양천구,2024-08-25 18:26,18
SPB-57336,페달,용산구,2024-08-12 12:24,12
SPB-57336,체인,용산구,2024-08-12 19:28,19
SPB-57336,페달,구로구,2024-08-16 18:57,18
SPB-57340,페달,광진구,2024-08-16 8:03,8
SPB-57344,체인,강서구,2024-08-02 18:52,18
SPB-57351,기타 ,구로구,2024-08-31 17:50,17
SPB-57354,타이어 ,강서구,2024-08-27 20:24,20
SPB-57361,타이어 ,강서구,2024-08-29 21:36,21
SPB-57362,타이어 ,관악구,2024-08-04 17:01,17
SPB-57364,기타 ,서대문구,2024-08-28 22:43,22
SPB-57373,체인,송파구,2024-08-06 18:12,18
SPB-57373,체인,송파구,2024-08-11 21:01,21
SPB-57373,체인,송파구,2024-08-17 19:38,19
SPB-57374,안장,양천구,2024-08-20 18:12,18
SPB-57389,안장,영등포구,2024-08-02 17:12,17
SPB-57389,안장,영등포구,2024-08-03 20:02,20
SPB-57392,타이어 ,강북구,2024-08-04 6:31,6
SPB-57403,페달,중구,2024-08-22 17:28,17
SPB-57404,타이어 ,금천구,2024-08-21 20:19,20
SPB-57404,안장,양천구,2024-08-30 8:46,8
SPB-57405,체인,마포구,2024-08-16 18:45,18
SPB-57405,타이어 ,마포구,2024-08-29 11:15,11
SPB-57407,체인,도봉구,2024-08-08 14:34,14
SPB-57407,기타 ,도봉구,2024-08-12 20:32,20
SPB-57408,페달,강서구,2024-08-25 13:59,13
SPB-57408,타이어 ,강서구,2024-08-29 17:22,17
SPB-57413,타이어 ,강남구,2024-08-28 19:42,19
SPB-57417,안장,용산구,2024-08-20 21:32,21
SPB-57421,체인,마포구,2024-08-09 19:15,19
SPB-57424,안장,중구,2024-08-11 19:28,19
SPB-57428,기타 ,강서구,2024-08-16 17:02,17
SPB-57431,타이어 ,서초구,2024-08-16 21:01,21
SPB-57432,체인,영등포구,2024-08-29 12:04,12
SPB-57447,타이어 ,강서구,2024-08-12 16:50,16
SPB-57456,타이어 ,송파구,2024-08-17 22:12,22
SPB-57456,기타 ,노원구,2024-08-31 19:42,19
SPB-57461,타이어 ,영등포구,2024-08-02 18:42,18
SPB-57463,체인,송파구,2024-08-06 16:30,16
SPB-57463,페달,강남구,2024-08-10 10:45,10
SPB-57470,페달,구로구,2024-08-17 12:17,12
SPB-57475,페달,금천구,2024-08-07 18:26,18
SPB-57475,체인,강서구,2024-08-15 21:42,21
SPB-57475,체인,강서구,2024-08-17 16:38,16
SPB-57478,페달,도봉구,2024-08-13 18:38,18
SPB-57486,체인,영등포구,2024-08-24 22:40,22
SPB-57488,안장,동대문구,2024-08-19 12:55,12
SPB-57490,안장,송파구,2024-08-08 18:49,18
SPB-57490,안장,송파구,2024-08-23 20:42,20
SPB-57492,체인,강서구,2024-08-20 16:49,16
SPB-57498,체인,송파구,2024-08-12 10:45,10
SPB-57499,안장,송파구,2024-08-29 23:26,23
SPB-57506,기타 ,노원구,2024-08-17 21:28,21
SPB-57509,타이어 ,중구,2024-08-29 18:25,18
SPB-57510,타이어 ,마포구,2024-08-30 19:15,19
SPB-57512,체인,양천구,2024-08-09 12:06,12
SPB-57512,타이어 ,양천구,2024-08-09 20:49,20
SPB-57523,기타 ,강서구,2024-08-22 20:30,20
SPB-57525,타이어 ,서초구,2024-08-02 17:12,17
SPB-57525,기타 ,동대문구,2024-08-08 8:52,8
SPB-57525,페달,성동구,2024-08-21 15:23,15
SPB-57525,기타 ,서대문구,2024-08-27 13:17,13
SPB-57527,안장,중구,2024-08-01 17:55,17
SPB-57529,타이어 ,구로구,2024-08-13 20:12,20
SPB-57537,체인,동작구,2024-08-23 17:13,17
SPB-57538,페달,종로구,2024-08-23 11:41,11
SPB-57541,타이어 ,노원구,2024-08-30 5:54,5
SPB-57547,타이어 ,영등포구,2024-08-05 18:04,18
SPB-57547,타이어 ,구로구,2024-08-26 22:02,22
SPB-57549,기타 ,강서구,2024-08-28 18:34,18
SPB-57552,타이어 ,노원구,2024-08-13 5:31,5
SPB-57554,타이어 ,금천구,2024-08-23 19:00,19
SPB-57558,체인,송파구,2024-08-14 6:26,6
SPB-57559,페달,송파구,2024-08-16 8:15,8
SPB-57562,체인,양천구,2024-08-25 20:19,20
SPB-57575,안장,송파구,2024-08-18 18:43,18
SPB-57582,체인,동작구,2024-08-01 15:49,15
SPB-57593,페달,영등포구,2024-08-22 8:15,8
SPB-57599,페달,강남구,2024-08-28 21:22,21
SPB-57602,체인,강남구,2024-08-17 17:02,17
SPB-57605,기타 ,도봉구,2024-08-01 21:07,21
SPB-57606,타이어 ,강동구,2024-08-30 7:02,7
SPB-57610,페달,도봉구,2024-08-23 18:04,18
SPB-57617,기타 ,성동구,2024-08-05 22:21,22
SPB-57618,기타 ,강서구,2024-08-29 8:00,8
SPB-57621,단말기,강서구,2024-08-23 19:03,19
SPB-57625,기타 ,노원구,2024-08-06 16:57,16
SPB-57628,타이어 ,노원구,2024-08-28 19:03,19
SPB-57630,페달,노원구,2024-08-16 15:56,15
SPB-57630,페달,중랑구,2024-08-18 22:12,22
SPB-57630,페달,종로구,2024-08-31 3:21,3
SPB-57631,기타 ,송파구,2024-08-18 18:32,18
SPB-57631,기타 ,송파구,2024-08-27 20:24,20
SPB-57631,타이어 ,송파구,2024-08-28 19:20,19
SPB-57634,단말기,강동구,2024-08-13 16:10,16
SPB-57634,페달,노원구,2024-08-30 5:37,5
SPB-57635,타이어 ,양천구,2024-08-17 20:11,20
SPB-57635,체인,양천구,2024-08-23 18:32,18
SPB-57636,페달,강동구,2024-08-19 18:30,18
SPB-57637,기타 ,동대문구,2024-08-06 18:30,18
SPB-57638,체인,서초구,2024-08-31 10:44,10
SPB-57641,체인,노원구,2024-08-22 20:03,20
SPB-57641,페달,노원구,2024-08-29 7:56,7
SPB-57643,안장,영등포구,2024-08-11 13:29,13
SPB-57648,페달,영등포구,2024-08-26 19:00,19
SPB-57649,단말기,양천구,2024-08-16 19:33,19
SPB-57652,기타 ,강서구,2024-08-21 22:51,22
SPB-57655,타이어 ,성북구,2024-08-27 20:38,20
SPB-57657,페달,강남구,2024-08-07 8:06,8
SPB-57658,타이어 ,동대문구,2024-08-20 11:43,11
SPB-57659,타이어 ,강서구,2024-08-02 23:36,23
SPB-57663,페달,중구,2024-08-02 19:15,19
SPB-57663,체인,광진구,2024-08-05 20:04,20
SPB-57664,단말기,은평구,2024-08-01 17:41,17
SPB-57665,기타 ,강서구,2024-08-14 8:27,8
SPB-57668,페달,강서구,2024-08-10 18:30,18
SPB-57670,단말기,서초구,2024-08-20 8:34,8
SPB-57674,체인,양천구,2024-08-11 12:48,12
SPB-57675,기타 ,강서구,2024-08-31 6:16,6
SPB-57676,기타 ,구로구,2024-08-26 21:05,21
SPB-57682,체인,은평구,2024-08-10 17:41,17
SPB-57682,체인,은평구,2024-08-20 20:19,20
SPB-57682,체인,마포구,2024-08-25 19:49,19
SPB-57688,기타 ,구로구,2024-08-11 13:54,13
SPB-57693,체인,마포구,2024-08-05 20:02,20
SPB-57693,타이어 ,서대문구,2024-08-13 21:20,21
SPB-57694,타이어 ,강서구,2024-08-23 22:36,22
SPB-57695,타이어 ,강남구,2024-08-29 18:23,18
SPB-57698,기타 ,마포구,2024-08-13 9:38,9
SPB-57704,페달,송파구,2024-08-06 18:27,18
SPB-57707,단말기,강동구,2024-08-25 2:46,2
SPB-57707,페달,서초구,2024-08-28 18:14,18
SPB-57719,페달,강동구,2024-08-06 18:42,18
SPB-57721,페달,서대문구,2024-08-16 22:37,22
SPB-57727,기타 ,구로구,2024-08-16 18:21,18
SPB-57737,타이어 ,중구,2024-08-09 9:56,9
SPB-57737,타이어 ,중구,2024-08-09 17:45,17
SPB-57740,체인,강동구,2024-08-21 18:48,18
SPB-57747,페달,광진구,2024-08-30 16:45,16
SPB-57751,기타 ,광진구,2024-08-07 15:09,15
SPB-57758,타이어 ,마포구,2024-08-06 18:30,18
SPB-57758,페달,양천구,2024-08-24 21:09,21
SPB-57758,페달,동작구,2024-08-28 18:40,18
SPB-57762,페달,강서구,2024-08-23 7:42,7
SPB-57764,기타 ,동대문구,2024-08-19 10:59,10
SPB-57770,타이어 ,강서구,2024-08-09 16:12,16
SPB-57771,체인,관악구,2024-08-28 9:26,9
SPB-57787,타이어 ,강서구,2024-08-08 18:53,18
SPB-57791,기타 ,강동구,2024-08-15 22:52,22
SPB-57791,기타 ,송파구,2024-08-28 6:22,6
SPB-57792,타이어 ,강남구,2024-08-20 8:50,8
SPB-57796,페달,종로구,2024-08-02 19:31,19
SPB-57796,페달,종로구,2024-08-04 18:32,18
SPB-57796,페달,중구,2024-08-10 19:29,19
SPB-57796,페달,마포구,2024-08-12 10:01,10
SPB-57797,타이어 ,광진구,2024-08-22 13:09,13
SPB-57799,페달,강서구,2024-08-08 18:36,18
SPB-57799,페달,영등포구,2024-08-11 23:43,23
SPB-57807,페달,서초구,2024-08-08 22:15,22
SPB-57808,체인,은평구,2024-08-03 16:57,16
SPB-57811,타이어 ,강남구,2024-08-22 8:51,8
SPB-57811,타이어 ,강남구,2024-08-22 12:07,12
SPB-57811,기타 ,강남구,2024-08-24 14:04,14
SPB-57812,체인,영등포구,2024-08-07 20:28,20
SPB-57814,타이어 ,서초구,2024-08-27 7:06,7
SPB-57817,체인,서초구,2024-08-27 19:30,19
SPB-57820,기타 ,중랑구,2024-08-18 7:58,7
SPB-57820,페달,송파구,2024-08-27 22:50,22
SPB-57829,페달,노원구,2024-08-14 22:05,22
SPB-57834,체인,강남구,2024-08-17 21:24,21
SPB-57840,페달,광진구,2024-08-02 19:03,19
SPB-57843,타이어 ,강서구,2024-08-24 20:41,20
SPB-57844,페달,성동구,2024-08-05 19:09,19
SPB-57844,기타 ,마포구,2024-08-11 18:59,18
SPB-57844,체인,영등포구,2024-08-25 19:17,19
SPB-57844,페달,영등포구,2024-08-26 9:37,9
SPB-57844,페달,금천구,2024-08-30 18:22,18
SPB-57846,단말기,강동구,2024-08-27 17:47,17
SPB-57849,페달,은평구,2024-08-26 17:56,17
SPB-57849,페달,은평구,2024-08-29 9:14,9
SPB-57851,페달,중구,2024-08-01 18:11,18
SPB-57851,페달,종로구,2024-08-04 23:30,23
SPB-57851,페달,중구,2024-08-05 13:14,13
SPB-57855,체인,광진구,2024-08-29 21:09,21
SPB-57856,페달,강남구,2024-08-01 11:04,11
SPB-57858,기타 ,영등포구,2024-08-13 22:46,22
SPB-57864,페달,동대문구,2024-08-07 18:05,18
SPB-57865,페달,강서구,2024-08-20 9:37,9
SPB-57865,페달,강서구,2024-08-26 8:47,8
SPB-57867,체인,성북구,2024-08-16 5:46,5
SPB-57867,타이어 ,성북구,2024-08-24 3:28,3
SPB-57868,기타 ,중구,2024-08-06 16:19,16
SPB-57868,기타 ,중랑구,2024-08-11 23:11,23
SPB-57868,페달,중랑구,2024-08-27 16:16,16
SPB-57869,기타 ,송파구,2024-08-27 20:57,20
SPB-57869,체인,송파구,2024-08-28 16:00,16
SPB-57878,타이어 ,중구,2024-08-14 12:07,12
SPB-57880,체인,영등포구,2024-08-01 21:22,21
SPB-57880,안장,마포구,2024-08-14 8:53,8
SPB-57881,안장,강남구,2024-08-02 9:43,9
SPB-57882,페달,강동구,2024-08-02 19:50,19
SPB-57882,페달,강동구,2024-08-05 19:22,19
SPB-57883,체인,성동구,2024-08-19 9:14,9
SPB-57885,페달,송파구,2024-08-07 22:32,22
SPB-57885,페달,송파구,2024-08-19 18:21,18
SPB-57886,페달,강동구,2024-08-12 9:52,9
SPB-57886,페달,중랑구,2024-08-19 21:38,21
SPB-57887,단말기,광진구,2024-08-01 18:24,18
SPB-57887,타이어 ,동작구,2024-08-04 21:50,21
SPB-57887,단말기,영등포구,2024-08-09 21:26,21
SPB-57889,페달,영등포구,2024-08-29 16:51,16
SPB-57890,기타 ,양천구,2024-08-22 7:16,7
SPB-57901,페달,은평구,2024-08-11 5:10,5
SPB-57911,타이어 ,종로구,2024-08-23 16:20,16
SPB-57912,체인,강남구,2024-08-30 22:15,22
SPB-57914,페달,관악구,2024-08-08 20:15,20
SPB-57916,타이어 ,영등포구,2024-08-25 21:48,21
SPB-57917,단말기,구로구,2024-08-18 17:05,17
SPB-57918,기타 ,성북구,2024-08-14 1:09,1
SPB-57922,기타 ,은평구,2024-08-31 9:09,9
SPB-57924,페달,종로구,2024-08-07 20:23,20
SPB-57926,타이어 ,강남구,2024-08-25 0:39,0
SPB-57929,타이어 ,강서구,2024-08-14 16:07,16
SPB-57930,페달,종로구,2024-08-04 10:54,10
SPB-57930,페달,종로구,2024-08-06 7:20,7
SPB-57932,안장,강서구,2024-08-16 8:53,8
SPB-57935,타이어 ,구로구,2024-08-30 7:19,7
SPB-57938,기타 ,양천구,2024-08-08 15:58,15
SPB-57940,타이어 ,마포구,2024-08-07 19:07,19
SPB-57945,타이어 ,영등포구,2024-08-19 23:41,23
SPB-57947,타이어 ,마포구,2024-08-26 20:56,20
SPB-57948,기타 ,영등포구,2024-08-07 21:22,21
SPB-57948,기타 ,양천구,2024-08-16 21:25,21
SPB-57954,타이어 ,강동구,2024-08-08 22:25,22
SPB-57956,페달,용산구,2024-08-27 19:29,19
SPB-57958,기타 ,성동구,2024-08-15 18:26,18
SPB-57959,기타 ,노원구,2024-08-22 9:16,9
SPB-57961,체인,강남구,2024-08-20 16:27,16
SPB-57963,단말기,송파구,2024-08-15 20:57,20
SPB-57969,타이어 ,광진구,2024-08-31 14:42,14
SPB-57972,단말기,강서구,2024-08-02 19:58,19
SPB-57972,기타 ,강서구,2024-08-12 18:38,18
SPB-57972,기타 ,용산구,2024-08-25 20:35,20
SPB-57973,타이어 ,중랑구,2024-08-18 18:42,18
SPB-57975,체인,서초구,2024-08-03 15:59,15
SPB-57978,타이어 ,송파구,2024-08-15 16:22,16
SPB-57978,기타 ,동대문구,2024-08-28 20:08,20
SPB-57986,안장,강서구,2024-08-29 7:29,7
SPB-57991,타이어 ,중구,2024-08-17 14:00,14
SPB-57991,타이어 ,중랑구,2024-08-29 16:19,16
SPB-57992,페달,양천구,2024-08-11 15:02,15
SPB-58003,페달,광진구,2024-08-11 23:03,23
SPB-58004,페달,송파구,2024-08-23 15:20,15
SPB-58008,기타 ,영등포구,2024-08-22 21:55,21
SPB-58009,체인,동대문구,2024-08-18 5:24,5
SPB-58014,페달,구로구,2024-08-18 18:03,18
SPB-58022,타이어 ,용산구,2024-08-06 14:09,14
SPB-58025,타이어 ,강서구,2024-08-23 8:05,8
SPB-58026,타이어 ,종로구,2024-08-19 2:13,2
SPB-58026,타이어 ,중구,2024-08-21 0:15,0
SPB-58027,페달,강서구,2024-08-09 18:27,18
SPB-58029,기타 ,양천구,2024-08-27 12:30,12
SPB-58029,타이어 ,양천구,2024-08-27 17:24,17
SPB-58030,기타 ,마포구,2024-08-12 12:58,12
SPB-58031,페달,종로구,2024-08-05 18:18,18
SPB-58040,기타 ,강동구,2024-08-09 17:25,17
SPB-58040,페달,서대문구,2024-08-28 7:57,7
SPB-58041,단말기,영등포구,2024-08-12 9:42,9
SPB-58046,타이어 ,강북구,2024-08-24 18:52,18
SPB-58047,체인,서대문구,2024-08-19 19:59,19
SPB-58053,체인,광진구,2024-08-06 20:09,20
SPB-58053,타이어 ,노원구,2024-08-13 21:38,21
SPB-58058,타이어 ,금천구,2024-08-08 1:24,1
SPB-58073,기타 ,송파구,2024-08-16 21:35,21
SPB-58074,페달,마포구,2024-08-10 9:47,9
SPB-58075,안장,영등포구,2024-08-24 20:24,20
SPB-58076,페달,노원구,2024-08-01 17:46,17
SPB-58076,페달,노원구,2024-08-02 17:43,17
SPB-58077,페달,강서구,2024-08-05 9:48,9
SPB-58077,기타 ,강서구,2024-08-31 19:56,19
SPB-58083,단말기,광진구,2024-08-28 18:17,18
SPB-58085,체인,양천구,2024-08-01 8:22,8
SPB-58085,체인,양천구,2024-08-20 16:12,16
SPB-58091,페달,양천구,2024-08-04 16:59,16
SPB-58094,기타 ,서대문구,2024-08-07 19:31,19
SPB-58097,타이어 ,강남구,2024-08-02 18:12,18
SPB-58097,체인,강동구,2024-08-27 20:04,20
SPB-58098,단말기,양천구,2024-08-01 21:38,21
SPB-58098,기타 ,양천구,2024-08-02 18:24,18
SPB-58105,타이어 ,강서구,2024-08-23 6:41,6
SPB-58106,타이어 ,송파구,2024-08-16 18:05,18
SPB-58109,기타 ,송파구,2024-08-08 18:18,18
SPB-58112,기타 ,양천구,2024-08-12 12:50,12
SPB-58112,페달,강서구,2024-08-19 22:25,22
SPB-58117,기타 ,강서구,2024-08-14 9:18,9
SPB-58119,기타 ,마포구,2024-08-20 19:14,19
SPB-58124,안장,강동구,2024-08-09 22:01,22
SPB-58125,기타 ,영등포구,2024-08-20 21:40,21
SPB-58125,기타 ,영등포구,2024-08-28 9:44,9
SPB-58128,안장,강남구,2024-08-19 23:30,23
SPB-58134,체인,광진구,2024-08-19 11:44,11
SPB-58137,기타 ,양천구,2024-08-01 19:26,19
SPB-58138,페달,구로구,2024-08-28 19:20,19
SPB-58141,기타 ,서초구,2024-08-05 10:55,10
SPB-58145,기타 ,노원구,2024-08-15 23:56,23
SPB-58146,페달,중구,2024-08-09 14:48,14
SPB-58146,페달,성북구,2024-08-11 19:41,19
SPB-58146,체인,동대문구,2024-08-19 19:18,19
SPB-58146,페달,종로구,2024-08-21 18:34,18
SPB-58149,페달,강서구,2024-08-12 19:28,19
SPB-58153,기타 ,은평구,2024-08-05 8:38,8
SPB-58159,체인,송파구,2024-08-19 18:15,18
SPB-58161,기타 ,광진구,2024-08-08 18:28,18
SPB-58161,체인,광진구,2024-08-17 13:04,13
SPB-58163,페달,구로구,2024-08-31 18:07,18
SPB-58166,체인,양천구,2024-08-23 9:14,9
SPB-58167,페달,강동구,2024-08-13 7:59,7
SPB-58169,기타 ,금천구,2024-08-05 15:19,15
SPB-58176,타이어 ,관악구,2024-08-17 4:25,4
SPB-58178,안장,성동구,2024-08-19 8:40,8
SPB-58179,기타 ,은평구,2024-08-26 7:53,7
SPB-58186,단말기,동대문구,2024-08-30 10:15,10
SPB-58190,기타 ,영등포구,2024-08-31 20:54,20
SPB-58199,기타 ,양천구,2024-08-03 19:56,19
SPB-58206,체인,강동구,2024-08-05 9:24,9
SPB-58206,페달,송파구,2024-08-07 18:30,18
SPB-58206,체인,강동구,2024-08-10 0:37,0
SPB-58208,단말기,송파구,2024-08-12 19:34,19
SPB-58216,기타 ,동작구,2024-08-11 1:30,1
SPB-58217,체인,서초구,2024-08-08 22:04,22
SPB-58221,페달,금천구,2024-08-05 8:30,8
SPB-58225,페달,은평구,2024-08-27 23:51,23
SPB-58226,단말기,용산구,2024-08-25 0:55,0
SPB-58227,페달,강서구,2024-08-30 0:00,0
SPB-58228,타이어 ,강북구,2024-08-15 10:44,10
SPB-58239,페달,강서구,2024-08-06 9:44,9
SPB-58242,체인,성동구,2024-08-27 18:03,18
SPB-58243,타이어 ,강북구,2024-08-22 7:59,7
SPB-58246,체인,노원구,2024-08-24 13:28,13
SPB-58246,체인,동대문구,2024-08-25 17:33,17
SPB-58246,타이어 ,종로구,2024-08-29 8:30,8
SPB-58247,기타 ,노원구,2024-08-14 5:41,5
SPB-58248,기타 ,노원구,2024-08-05 22:37,22
SPB-58249,타이어 ,송파구,2024-08-07 18:21,18
SPB-58250,안장,강남구,2024-08-10 15:26,15
SPB-58250,안장,마포구,2024-08-19 8:50,8
SPB-58251,타이어 ,송파구,2024-08-07 19:01,19
SPB-58251,단말기,송파구,2024-08-10 19:00,19
SPB-58251,단말기,광진구,2024-08-25 22:51,22
SPB-58253,체인,노원구,2024-08-16 16:28,16
SPB-58253,페달,노원구,2024-08-20 20:32,20
SPB-58254,페달,서초구,2024-08-12 20:13,20
SPB-58255,타이어 ,노원구,2024-08-10 22:35,22
SPB-58257,타이어 ,성동구,2024-08-18 15:13,15
SPB-58258,타이어 ,송파구,2024-08-07 19:09,19
SPB-58262,안장,도봉구,2024-08-14 8:36,8
SPB-58267,안장,영등포구,2024-08-28 7:28,7
SPB-58269,타이어 ,강서구,2024-08-12 2:21,2
SPB-58271,안장,종로구,2024-08-22 8:26,8
SPB-58274,타이어 ,광진구,2024-08-20 20:28,20
SPB-58274,타이어 ,성동구,2024-08-22 23:09,23
SPB-58277,타이어 ,서초구,2024-08-02 22:24,22
SPB-58277,타이어 ,서초구,2024-08-07 16:35,16
SPB-58279,페달,송파구,2024-08-01 18:44,18
SPB-58283,페달,송파구,2024-08-03 20:27,20
SPB-58285,페달,영등포구,2024-08-08 21:01,21
SPB-58286,페달,영등포구,2024-08-22 8:39,8
SPB-58287,페달,동대문구,2024-08-09 12:44,12
SPB-58287,페달,중구,2024-08-12 19:21,19
SPB-58287,페달,동대문구,2024-08-14 17:52,17
SPB-58302,타이어 ,송파구,2024-08-05 11:07,11
SPB-58302,페달,송파구,2024-08-08 18:29,18
SPB-58306,기타 ,강남구,2024-08-27 14:16,14
SPB-58307,타이어 ,강남구,2024-08-23 21:48,21
SPB-58319,체인,강동구,2024-08-25 9:18,9
SPB-58324,페달,관악구,2024-08-30 9:47,9
SPB-58329,기타 ,중랑구,2024-08-01 19:11,19
SPB-58334,타이어 ,영등포구,2024-08-29 17:59,17
SPB-58335,기타 ,강동구,2024-08-08 16:38,16
SPB-58340,타이어 ,광진구,2024-08-28 17:58,17
SPB-58340,타이어 ,송파구,2024-08-30 19:26,19
SPB-58343,기타 ,서대문구,2024-08-07 14:41,14
SPB-58344,기타 ,강남구,2024-08-04 20:15,20
SPB-58344,체인,강남구,2024-08-28 12:27,12
SPB-58345,체인,마포구,2024-08-23 16:10,16
SPB-58349,안장,송파구,2024-08-13 11:02,11
SPB-58351,타이어 ,동대문구,2024-08-25 14:26,14
SPB-58355,체인,구로구,2024-08-29 0:57,0
SPB-58358,체인,양천구,2024-08-07 19:24,19
SPB-58358,타이어 ,마포구,2024-08-18 11:07,11
SPB-58365,체인,노원구,2024-08-27 23:34,23
SPB-58370,기타 ,영등포구,2024-08-14 18:07,18
SPB-58372,기타 ,양천구,2024-08-22 19:14,19
SPB-58372,안장,강서구,2024-08-28 21:06,21
SPB-58378,페달,송파구,2024-08-16 19:49,19
SPB-58383,페달,양천구,2024-08-06 10:18,10
SPB-58383,페달,양천구,2024-08-08 8:32,8
SPB-58391,체인,노원구,2024-08-30 20:06,20
SPB-58396,기타 ,강동구,2024-08-18 18:46,18
SPB-58399,페달,은평구,2024-08-06 17:18,17
SPB-58404,체인,성북구,2024-08-30 13:03,13
SPB-58407,단말기,영등포구,2024-08-31 22:26,22
SPB-58409,기타 ,노원구,2024-08-30 20:23,20
SPB-58410,체인,송파구,2024-08-18 18:03,18
SPB-58411,타이어 ,강서구,2024-08-29 11:26,11
SPB-58418,타이어 ,동대문구,2024-08-23 21:01,21
SPB-58426,기타 ,송파구,2024-08-28 11:08,11
SPB-58427,타이어 ,성동구,2024-08-16 13:47,13
SPB-58435,페달,영등포구,2024-08-06 18:10,18
SPB-58442,기타 ,성동구,2024-08-05 7:35,7
SPB-58442,타이어 ,성동구,2024-08-23 13:17,13
SPB-58446,타이어 ,강북구,2024-08-18 1:57,1
SPB-58447,타이어 ,강남구,2024-08-09 18:10,18
SPB-58450,타이어 ,강서구,2024-08-24 14:11,14
SPB-58451,기타 ,양천구,2024-08-01 8:20,8
SPB-58451,기타 ,구로구,2024-08-05 9:19,9
SPB-58452,기타 ,노원구,2024-08-05 8:18,8
SPB-58452,기타 ,송파구,2024-08-19 18:25,18
SPB-58453,페달,광진구,2024-08-11 18:09,18
SPB-58453,페달,도봉구,2024-08-17 8:34,8
SPB-58455,페달,강남구,2024-08-05 17:20,17
SPB-58463,페달,종로구,2024-08-16 13:37,13
SPB-58470,안장,영등포구,2024-08-19 18:01,18
SPB-58470,타이어 ,종로구,2024-08-28 18:28,18
SPB-58474,기타 ,양천구,2024-08-13 6:47,6
SPB-58476,페달,동작구,2024-08-04 1:21,1
SPB-58476,페달,동작구,2024-08-20 8:20,8
SPB-58477,기타 ,중구,2024-08-01 21:11,21
SPB-58477,체인,중구,2024-08-02 8:18,8
SPB-58477,페달,중구,2024-08-03 21:08,21
SPB-58478,단말기,서초구,2024-08-14 16:19,16
SPB-58482,체인,양천구,2024-08-17 11:11,11
SPB-58485,타이어 ,영등포구,2024-08-08 9:28,9
SPB-58487,단말기,양천구,2024-08-27 13:52,13
SPB-58487,타이어 ,양천구,2024-08-28 17:23,17
SPB-58488,기타 ,관악구,2024-08-08 21:38,21
SPB-58492,페달,광진구,2024-08-07 15:34,15
SPB-58497,페달,은평구,2024-08-13 17:36,17
SPB-58499,타이어 ,마포구,2024-08-13 17:25,17
SPB-58501,페달,구로구,2024-08-03 18:27,18
SPB-58504,페달,강동구,2024-08-02 21:59,21
SPB-58506,페달,송파구,2024-08-09 1:17,1
SPB-58506,페달,송파구,2024-08-11 7:54,7
SPB-58506,페달,서초구,2024-08-16 9:40,9
SPB-58506,페달,서초구,2024-08-18 23:48,23
SPB-58506,기타 ,서초구,2024-08-22 1:24,1
SPB-58507,단말기,송파구,2024-08-15 10:48,10
SPB-58507,체인,영등포구,2024-08-30 17:58,17
SPB-58508,페달,영등포구,2024-08-10 13:27,13
SPB-58510,타이어 ,강서구,2024-08-02 16:49,16
SPB-58514,기타 ,동대문구,2024-08-29 2:37,2
SPB-58518,기타 ,동작구,2024-08-05 1:08,1
SPB-58520,페달,동작구,2024-08-07 19:04,19
SPB-58520,페달,관악구,2024-08-15 22:09,22
SPB-58523,체인,강서구,2024-08-14 19:58,19
SPB-58526,타이어 ,성동구,2024-08-15 20:16,20
SPB-58529,체인,강서구,2024-08-18 1:11,1
SPB-58534,페달,관악구,2024-08-08 21:40,21
SPB-58543,타이어 ,구로구,2024-08-25 7:49,7
SPB-58550,페달,송파구,2024-08-27 5:38,5
SPB-58552,페달,동대문구,2024-08-25 20:54,20
SPB-58559,타이어 ,송파구,2024-08-08 19:49,19
SPB-58563,타이어 ,노원구,2024-08-03 5:08,5
SPB-58563,페달,중랑구,2024-08-16 22:36,22
SPB-58564,체인,마포구,2024-08-04 18:21,18
SPB-58568,체인,송파구,2024-08-02 19:39,19
SPB-58568,체인,강남구,2024-08-10 18:03,18
SPB-58568,체인,강남구,2024-08-13 19:56,19
SPB-58568,체인,광진구,2024-08-16 19:31,19
SPB-58569,기타 ,영등포구,2024-08-09 8:08,8
SPB-58591,기타 ,구로구,2024-08-11 22:37,22
SPB-58591,기타 ,구로구,2024-08-16 8:57,8
SPB-58592,타이어 ,영등포구,2024-08-01 10:28,10
SPB-58595,타이어 ,서초구,2024-08-25 16:33,16
SPB-58597,기타 ,양천구,2024-08-02 21:30,21
SPB-58602,기타 ,서대문구,2024-08-19 19:27,19
SPB-58613,체인,서초구,2024-08-02 17:34,17
SPB-58617,타이어 ,종로구,2024-08-10 14:27,14
SPB-58617,타이어 ,성북구,2024-08-13 17:19,17
SPB-58618,기타 ,마포구,2024-08-18 18:47,18
SPB-58618,페달,종로구,2024-08-30 19:31,19
SPB-58630,체인,구로구,2024-08-28 5:52,5
SPB-58636,타이어 ,광진구,2024-08-02 18:06,18
SPB-58641,단말기,서초구,2024-08-07 16:01,16
SPB-58642,타이어 ,양천구,2024-08-29 8:56,8
SPB-58646,타이어 ,강서구,2024-08-25 3:35,3
SPB-58647,페달,성북구,2024-08-19 9:22,9
SPB-58647,기타 ,중랑구,2024-08-27 0:36,0
SPB-58648,타이어 ,동작구,2024-08-23 23:28,23
SPB-58657,기타 ,송파구,2024-08-30 17:48,17
SPB-58664,페달,중구,2024-08-18 18:39,18
SPB-58665,타이어 ,동대문구,2024-08-09 11:54,11
SPB-58666,체인,광진구,2024-08-12 18:01,18
SPB-58666,기타 ,송파구,2024-08-19 16:51,16
SPB-58671,페달,동대문구,2024-08-08 13:08,13
SPB-58673,기타 ,영등포구,2024-08-14 19:42,19
SPB-58676,기타 ,구로구,2024-08-09 20:06,20
SPB-58677,기타 ,성동구,2024-08-25 14:03,14
SPB-58684,체인,서초구,2024-08-09 13:20,13
SPB-58691,기타 ,양천구,2024-08-18 4:13,4
SPB-58692,체인,성동구,2024-08-14 22:40,22
SPB-58694,타이어 ,종로구,2024-08-19 8:16,8
SPB-58698,단말기,양천구,2024-08-03 22:44,22
SPB-58701,기타 ,은평구,2024-08-29 22:24,22
SPB-58704,타이어 ,강서구,2024-08-08 7:36,7
SPB-58704,페달,양천구,2024-08-27 14:40,14
SPB-58704,타이어 ,구로구,2024-08-31 12:39,12
SPB-58708,기타 ,송파구,2024-08-20 20:42,20
SPB-58720,단말기,광진구,2024-08-07 16:47,16
SPB-58725,체인,강남구,2024-08-22 18:12,18
SPB-58727,타이어 ,마포구,2024-08-22 18:51,18
SPB-58727,타이어 ,용산구,2024-08-27 11:39,11
SPB-58728,타이어 ,관악구,2024-08-18 13:54,13
SPB-58732,타이어 ,영등포구,2024-08-29 8:44,8
SPB-58733,페달,중랑구,2024-08-13 18:14,18
SPB-58735,기타 ,영등포구,2024-08-05 17:55,17
SPB-58736,기타 ,강남구,2024-08-24 5:26,5
SPB-58736,타이어 ,송파구,2024-08-25 17:55,17
SPB-58738,체인,광진구,2024-08-31 22:32,22
SPB-58747,안장,종로구,2024-08-12 10:15,10
SPB-58751,기타 ,도봉구,2024-08-22 10:29,10
SPB-58753,기타 ,성동구,2024-08-27 19:29,19
SPB-58754,타이어 ,강남구,2024-08-04 14:18,14
SPB-58754,타이어 ,강남구,2024-08-10 12:18,12
SPB-58754,타이어 ,강남구,2024-08-11 12:21,12
SPB-58754,체인,강남구,2024-08-12 20:48,20
SPB-58754,페달,강남구,2024-08-14 1:03,1
SPB-58754,타이어 ,서초구,2024-08-15 11:58,11
SPB-58754,체인,서초구,2024-08-15 21:28,21
SPB-58757,페달,광진구,2024-08-06 19:30,19
SPB-58759,타이어 ,영등포구,2024-08-08 18:05,18
SPB-58761,페달,종로구,2024-08-10 9:51,9
SPB-58764,안장,중구,2024-08-08 19:09,19
SPB-58764,기타 ,성동구,2024-08-12 10:56,10
SPB-58767,페달,마포구,2024-08-03 23:17,23
SPB-58767,페달,서대문구,2024-08-04 19:23,19
SPB-58769,기타 ,양천구,2024-08-22 8:57,8
SPB-58781,기타 ,도봉구,2024-08-31 9:01,9
SPB-58792,체인,중랑구,2024-08-24 23:32,23
SPB-58797,기타 ,서대문구,2024-08-24 17:31,17
SPB-58804,단말기,양천구,2024-08-02 17:44,17
SPB-58807,안장,구로구,2024-08-09 13:35,13
SPB-58807,안장,금천구,2024-08-09 21:47,21
SPB-58812,페달,관악구,2024-08-19 22:11,22
SPB-58812,체인,구로구,2024-08-27 16:26,16
SPB-58813,타이어 ,동대문구,2024-08-07 18:45,18
SPB-58815,체인,송파구,2024-08-17 8:45,8
SPB-58815,타이어 ,강동구,2024-08-27 22:04,22
SPB-58818,페달,성동구,2024-08-05 17:43,17
SPB-58818,기타 ,동대문구,2024-08-24 0:18,0
SPB-58822,안장,양천구,2024-08-20 8:03,8
SPB-58829,타이어 ,강서구,2024-08-05 19:01,19
SPB-58830,타이어 ,송파구,2024-08-11 22:01,22
SPB-58834,페달,중랑구,2024-08-23 23:27,23
SPB-58839,체인,송파구,2024-08-27 11:38,11
SPB-58843,기타 ,동작구,2024-08-19 19:47,19
SPB-58853,타이어 ,서초구,2024-08-20 0:14,0
SPB-58870,기타 ,강남구,2024-08-16 5:22,5
SPB-58871,안장,강서구,2024-08-12 18:22,18
SPB-58871,안장,강서구,2024-08-23 22:23,22
SPB-58872,기타 ,구로구,2024-08-29 8:00,8
SPB-58881,타이어 ,종로구,2024-08-10 11:56,11
SPB-58881,타이어 ,서대문구,2024-08-11 17:03,17
SPB-58881,타이어 ,영등포구,2024-08-28 18:07,18
SPB-58886,타이어 ,은평구,2024-08-19 22:22,22
SPB-58886,안장,서대문구,2024-08-30 12:54,12
SPB-58889,타이어 ,성동구,2024-08-16 13:46,13
SPB-58894,안장,성동구,2024-08-23 20:48,20
SPB-58903,체인,강남구,2024-08-08 20:19,20
SPB-58905,타이어 ,성북구,2024-08-01 17:08,17
SPB-58907,기타 ,서초구,2024-08-06 21:49,21
SPB-58917,단말기,중구,2024-08-29 15:19,15
SPB-58927,기타 ,서초구,2024-08-12 7:46,7
SPB-58927,타이어 ,송파구,2024-08-31 17:27,17
SPB-58933,체인,구로구,2024-08-23 12:58,12
SPB-58935,페달,양천구,2024-08-22 15:12,15
SPB-58938,타이어 ,동대문구,2024-08-25 11:35,11
SPB-58939,타이어 ,동작구,2024-08-18 6:33,6
SPB-58940,단말기,중랑구,2024-08-09 22:45,22
SPB-58940,단말기,동대문구,2024-08-13 21:50,21
SPB-58940,기타 ,은평구,2024-08-22 17:05,17
SPB-58941,체인,영등포구,2024-08-19 19:08,19
SPB-58953,타이어 ,중구,2024-08-20 10:57,10
SPB-58955,기타 ,노원구,2024-08-30 15:18,15
SPB-58960,체인,강서구,2024-08-31 14:36,14
SPB-58963,기타 ,강동구,2024-08-19 10:14,10
SPB-58965,타이어 ,송파구,2024-08-03 18:50,18
SPB-58965,타이어 ,송파구,2024-08-06 18:56,18
SPB-58968,타이어 ,송파구,2024-08-31 22:47,22
SPB-58971,페달,구로구,2024-08-20 9:41,9
SPB-58977,기타 ,관악구,2024-08-29 18:38,18
SPB-58978,기타 ,송파구,2024-08-24 18:28,18
SPB-58985,체인,동작구,2024-08-01 8:00,8
SPB-58985,체인,서초구,2024-08-05 9:46,9
SPB-58991,안장,구로구,2024-08-15 18:03,18
SPB-58991,타이어 ,영등포구,2024-08-27 15:12,15
SPB-58992,타이어 ,강서구,2024-08-10 20:20,20
SPB-58996,단말기,강서구,2024-08-09 21:58,21
SPB-58997,기타 ,마포구,2024-08-23 21:07,21
SPB-58998,페달,강남구,2024-08-22 17:59,17
SPB-58999,기타 ,광진구,2024-08-19 13:10,13
SPB-59006,페달,동작구,2024-08-07 22:15,22
SPB-59013,타이어 ,서대문구,2024-08-29 7:45,7
SPB-59019,페달,송파구,2024-08-27 18:13,18
SPB-59040,체인,송파구,2024-08-27 19:51,19
SPB-59043,기타 ,종로구,2024-08-20 12:58,12
SPB-59045,기타 ,강서구,2024-08-28 19:11,19
SPB-59050,체인,강서구,2024-08-19 17:16,17
SPB-59053,체인,중랑구,2024-08-01 2:49,2
SPB-59065,페달,도봉구,2024-08-20 20:45,20
SPB-59065,체인,노원구,2024-08-22 8:38,8
SPB-59065,페달,노원구,2024-08-23 12:06,12
SPB-59066,페달,양천구,2024-08-27 7:44,7
SPB-59067,안장,도봉구,2024-08-24 21:42,21
SPB-59078,기타 ,광진구,2024-08-14 20:14,20
SPB-59081,단말기,성북구,2024-08-22 7:56,7
SPB-59087,타이어 ,서초구,2024-08-14 22:03,22
SPB-59087,단말기,서초구,2024-08-26 7:10,7
SPB-59093,페달,강서구,2024-08-20 7:56,7
SPB-59111,페달,서대문구,2024-08-25 22:07,22
SPB-59111,페달,은평구,2024-08-29 20:40,20
SPB-59112,기타 ,서대문구,2024-08-08 21:54,21
SPB-59113,안장,강서구,2024-08-02 6:02,6
SPB-59116,타이어 ,서대문구,2024-08-02 18:26,18
SPB-59118,체인,중랑구,2024-08-23 11:10,11
SPB-59119,타이어 ,양천구,2024-08-26 8:06,8
SPB-59121,안장,광진구,2024-08-22 18:21,18
SPB-59121,안장,중랑구,2024-08-25 13:13,13
SPB-59131,타이어 ,강남구,2024-08-21 19:27,19
SPB-59133,기타 ,영등포구,2024-08-07 12:53,12
SPB-59133,기타 ,구로구,2024-08-14 5:35,5
SPB-59133,체인,영등포구,2024-08-28 18:20,18
SPB-59134,체인,관악구,2024-08-02 21:28,21
SPB-59134,체인,관악구,2024-08-03 20:51,20
SPB-59136,체인,영등포구,2024-08-01 22:05,22
SPB-59140,페달,강서구,2024-08-09 9:17,9
SPB-59140,타이어 ,강서구,2024-08-20 18:49,18
SPB-59141,타이어 ,금천구,2024-08-05 7:52,7
SPB-59142,타이어 ,송파구,2024-08-01 8:30,8
SPB-59142,기타 ,도봉구,2024-08-20 19:08,19
SPB-59150,타이어 ,금천구,2024-08-02 15:01,15
SPB-59154,기타 ,강동구,2024-08-02 18:32,18
SPB-59163,안장,영등포구,2024-08-26 8:37,8
SPB-59164,페달,금천구,2024-08-28 17:27,17
SPB-59175,페달,도봉구,2024-08-01 6:42,6
SPB-59190,타이어 ,강서구,2024-08-25 4:13,4
SPB-59196,타이어 ,강서구,2024-08-28 8:45,8
SPB-59201,타이어 ,송파구,2024-08-22 17:55,17
SPB-59201,타이어 ,용산구,2024-08-25 16:35,16
SPB-59203,안장,강서구,2024-08-08 8:29,8
SPB-59204,페달,송파구,2024-08-10 15:44,15
SPB-59207,안장,영등포구,2024-08-19 22:46,22
SPB-59211,기타 ,중랑구,2024-08-16 15:07,15
SPB-59211,기타 ,노원구,2024-08-25 23:46,23
SPB-59211,기타 ,노원구,2024-08-27 15:22,15
SPB-59214,체인,서대문구,2024-08-08 10:25,10
SPB-59218,단말기,구로구,2024-08-12 11:45,11
SPB-59218,페달,양천구,2024-08-27 19:21,19
SPB-59234,안장,서초구,2024-08-10 10:53,10
SPB-59235,페달,중구,2024-08-18 20:08,20
SPB-59235,페달,중랑구,2024-08-27 17:32,17
SPB-59239,기타 ,구로구,2024-08-19 23:55,23
SPB-59246,타이어 ,양천구,2024-08-09 16:27,16
SPB-59246,기타 ,금천구,2024-08-23 18:32,18
SPB-59247,페달,영등포구,2024-08-22 17:57,17
SPB-59249,단말기,양천구,2024-08-07 23:01,23
SPB-59250,페달,광진구,2024-08-05 18:24,18
SPB-59251,페달,노원구,2024-08-27 17:02,17
SPB-59251,타이어 ,노원구,2024-08-29 21:58,21
SPB-59252,페달,동대문구,2024-08-09 17:18,17
SPB-59252,체인,송파구,2024-08-16 18:19,18
SPB-59258,페달,노원구,2024-08-06 18:14,18
SPB-59266,체인,양천구,2024-08-03 23:24,23
SPB-59266,페달,양천구,2024-08-06 19:29,19
SPB-59266,페달,마포구,2024-08-19 22:09,22
SPB-59267,기타 ,강남구,2024-08-28 22:13,22
SPB-59274,기타 ,성동구,2024-08-06 8:41,8
SPB-59274,기타 ,영등포구,2024-08-31 21:49,21
SPB-59292,페달,서초구,2024-08-01 11:37,11
SPB-59292,체인,서초구,2024-08-05 8:56,8
SPB-59292,페달,강남구,2024-08-06 19:00,19
SPB-59296,타이어 ,광진구,2024-08-24 8:46,8
SPB-59298,기타 ,강동구,2024-08-19 11:10,11
SPB-59300,체인,구로구,2024-08-26 11:58,11
SPB-59301,체인,광진구,2024-08-28 12:07,12
SPB-59301,체인,광진구,2024-08-30 1:32,1
SPB-59301,페달,송파구,2024-08-30 12:57,12
SPB-59305,타이어 ,성북구,2024-08-16 21:04,21
SPB-59307,기타 ,강남구,2024-08-16 19:30,19
SPB-59307,체인,송파구,2024-08-23 20:29,20
SPB-59310,기타 ,마포구,2024-08-10 9:43,9
SPB-59310,체인,양천구,2024-08-19 11:10,11
SPB-59311,단말기,송파구,2024-08-30 18:37,18
SPB-59315,페달,구로구,2024-08-25 17:09,17
SPB-59321,기타 ,서대문구,2024-08-06 16:14,16
SPB-59324,기타 ,양천구,2024-08-09 23:34,23
SPB-59328,체인,동대문구,2024-08-06 22:51,22
SPB-59328,페달,강북구,2024-08-10 16:15,16
SPB-59328,체인,강북구,2024-08-12 16:01,16
SPB-59334,단말기,영등포구,2024-08-09 17:31,17
SPB-59335,단말기,송파구,2024-08-12 9:03,9
SPB-59340,기타 ,노원구,2024-08-19 16:50,16
SPB-59340,기타 ,중랑구,2024-08-28 18:47,18
SPB-59341,체인,강동구,2024-08-25 2:31,2
SPB-59352,타이어 ,중구,2024-08-05 11:03,11
SPB-59357,기타 ,광진구,2024-08-23 10:39,10
SPB-59367,안장,영등포구,2024-08-06 18:07,18
SPB-59368,타이어 ,용산구,2024-08-28 15:07,15
SPB-59368,타이어 ,용산구,2024-08-29 8:44,8
SPB-59369,안장,관악구,2024-08-24 18:24,18
SPB-59370,페달,노원구,2024-08-23 15:33,15
SPB-59372,타이어 ,영등포구,2024-08-23 10:13,10
SPB-59373,기타 ,용산구,2024-08-09 23:15,23
SPB-59380,페달,도봉구,2024-08-13 22:02,22
SPB-59387,페달,동대문구,2024-08-07 15:17,15
SPB-59388,체인,광진구,2024-08-28 20:55,20
SPB-59396,체인,영등포구,2024-08-08 8:32,8
SPB-59401,타이어 ,은평구,2024-08-09 12:08,12
SPB-59402,기타 ,동작구,2024-08-06 15:14,15
SPB-59402,기타 ,동작구,2024-08-06 20:21,20
SPB-59404,페달,동대문구,2024-08-18 18:52,18
SPB-59409,기타 ,구로구,2024-08-17 0:58,0
SPB-59413,체인,노원구,2024-08-05 14:16,14
SPB-59413,체인,송파구,2024-08-15 19:49,19
SPB-59437,체인,송파구,2024-08-19 7:01,7
SPB-59440,기타 ,강동구,2024-08-14 22:30,22
SPB-59441,타이어 ,노원구,2024-08-11 1:04,1
SPB-59441,페달,중랑구,2024-08-28 16:26,16
SPB-59442,기타 ,강서구,2024-08-29 20:17,20
SPB-59444,기타 ,강남구,2024-08-27 21:42,21
SPB-59448,기타 ,노원구,2024-08-24 20:18,20
SPB-59452,페달,양천구,2024-08-24 5:07,5
SPB-59454,타이어 ,용산구,2024-08-30 21:01,21
SPB-59458,페달,송파구,2024-08-01 15:19,15
SPB-59458,페달,송파구,2024-08-28 17:36,17
SPB-59459,기타 ,강서구,2024-08-30 19:42,19
SPB-59464,타이어 ,양천구,2024-08-03 18:29,18
SPB-59464,타이어 ,구로구,2024-08-06 7:35,7
SPB-59465,타이어 ,서초구,2024-08-11 13:30,13
SPB-59473,타이어 ,강서구,2024-08-09 18:58,18
SPB-59475,타이어 ,양천구,2024-08-01 18:04,18
SPB-59475,기타 ,강서구,2024-08-29 13:06,13
SPB-59476,페달,금천구,2024-08-14 19:54,19
SPB-59488,기타 ,영등포구,2024-08-13 8:43,8
SPB-59488,타이어 ,영등포구,2024-08-16 6:21,6
SPB-59496,페달,양천구,2024-08-02 8:00,8
SPB-59506,타이어 ,마포구,2024-08-01 18:17,18
SPB-59507,체인,강서구,2024-08-05 13:52,13
SPB-59508,페달,강서구,2024-08-10 15:49,15
SPB-59517,단말기,송파구,2024-08-12 7:32,7
SPB-59518,페달,강서구,2024-08-06 19:42,19
SPB-59518,타이어 ,강서구,2024-08-22 7:47,7
SPB-59521,타이어 ,영등포구,2024-08-16 17:35,17
SPB-59522,타이어 ,양천구,2024-08-13 19:57,19
SPB-59526,페달,송파구,2024-08-07 2:52,2
SPB-59538,페달,도봉구,2024-08-20 22:07,22
SPB-59538,페달,노원구,2024-08-22 8:01,8
SPB-59540,페달,동작구,2024-08-07 19:36,19
SPB-59542,기타 ,성북구,2024-08-09 8:28,8
SPB-59543,타이어 ,양천구,2024-08-29 20:33,20
SPB-59550,페달,양천구,2024-08-13 8:42,8
SPB-59550,체인,영등포구,2024-08-25 10:52,10
SPB-59550,페달,영등포구,2024-08-26 19:03,19
SPB-59550,페달,마포구,2024-08-28 18:29,18
SPB-59553,페달,강동구,2024-08-06 18:45,18
SPB-59553,페달,송파구,2024-08-25 19:41,19
SPB-59558,기타 ,동대문구,2024-08-11 22:27,22
SPB-59558,페달,송파구,2024-08-28 18:20,18
SPB-59558,페달,양천구,2024-08-30 21:30,21
SPB-59559,페달,구로구,2024-08-22 21:08,21
SPB-59560,타이어 ,서대문구,2024-08-15 17:51,17
SPB-59569,타이어 ,구로구,2024-08-29 7:14,7
SPB-59570,타이어 ,구로구,2024-08-20 7:25,7
SPB-59570,타이어 ,구로구,2024-08-24 16:52,16
SPB-59571,안장,광진구,2024-08-22 7:57,7
SPB-59577,페달,종로구,2024-08-09 8:39,8
SPB-59577,페달,영등포구,2024-08-27 14:51,14
SPB-59579,페달,동대문구,2024-08-10 13:10,13
SPB-59579,페달,강서구,2024-08-22 18:19,18
SPB-59580,기타 ,강서구,2024-08-07 7:51,7
SPB-59580,타이어 ,강서구,2024-08-27 12:09,12
SPB-59586,페달,송파구,2024-08-10 22:48,22
SPB-59586,페달,강북구,2024-08-26 15:26,15
SPB-59586,페달,성북구,2024-08-28 11:29,11
SPB-59588,기타 ,강북구,2024-08-02 15:53,15
SPB-59591,체인,송파구,2024-08-02 10:51,10
SPB-59593,기타 ,관악구,2024-08-19 19:08,19
SPB-59596,페달,양천구,2024-08-01 10:46,10
SPB-59596,페달,종로구,2024-08-13 22:10,22
SPB-59598,기타 ,용산구,2024-08-01 21:42,21
SPB-59598,타이어 ,동대문구,2024-08-28 19:17,19
SPB-59606,체인,송파구,2024-08-23 17:26,17
SPB-59606,페달,강동구,2024-08-27 20:42,20
SPB-59611,페달,동대문구,2024-08-07 14:36,14
SPB-59614,페달,강동구,2024-08-12 18:50,18
SPB-59614,페달,강동구,2024-08-22 8:45,8
SPB-59614,체인,송파구,2024-08-28 8:58,8
SPB-59616,타이어 ,송파구,2024-08-17 5:53,5
SPB-59626,기타 ,은평구,2024-08-09 7:49,7
SPB-59637,타이어 ,구로구,2024-08-09 20:17,20
SPB-59640,단말기,강서구,2024-08-14 22:06,22
SPB-59642,페달,영등포구,2024-08-06 18:21,18
SPB-59643,기타 ,강동구,2024-08-24 23:12,23
SPB-59649,기타 ,마포구,2024-08-26 18:20,18
SPB-59652,안장,동대문구,2024-08-07 7:08,7
SPB-59656,타이어 ,강서구,2024-08-05 19:11,19
SPB-59657,타이어 ,동대문구,2024-08-09 17:02,17
SPB-59661,기타 ,마포구,2024-08-02 17:35,17
SPB-59668,페달,동대문구,2024-08-27 21:20,21
SPB-59675,타이어 ,강서구,2024-08-30 16:27,16
SPB-59679,타이어 ,광진구,2024-08-27 23:00,23
SPB-59680,기타 ,금천구,2024-08-19 18:32,18
SPB-59689,페달,관악구,2024-08-16 4:38,4
SPB-59690,타이어 ,마포구,2024-08-12 23:53,23
SPB-59690,체인,마포구,2024-08-14 9:56,9
SPB-59690,페달,은평구,2024-08-29 14:20,14
SPB-59691,단말기,송파구,2024-08-19 22:42,22
SPB-59691,타이어 ,노원구,2024-08-26 21:00,21
SPB-59691,타이어 ,노원구,2024-08-27 16:24,16
SPB-59693,기타 ,서초구,2024-08-01 17:45,17
SPB-59696,체인,강서구,2024-08-27 21:08,21
SPB-59703,단말기,동대문구,2024-08-12 19:24,19
SPB-59705,체인,강서구,2024-08-13 18:35,18
SPB-59705,페달,금천구,2024-08-23 18:12,18
SPB-59710,타이어 ,노원구,2024-08-08 9:23,9
SPB-59712,타이어 ,강남구,2024-08-14 6:13,6
SPB-59721,페달,송파구,2024-08-16 13:27,13
SPB-59725,체인,양천구,2024-08-31 12:58,12
SPB-59729,안장,중구,2024-08-21 16:22,16
SPB-59733,체인,강서구,2024-08-13 7:47,7
SPB-59734,페달,서초구,2024-08-26 13:56,13
SPB-59736,기타 ,관악구,2024-08-14 19:41,19
SPB-59736,기타 ,양천구,2024-08-26 23:24,23
SPB-59743,기타 ,강서구,2024-08-25 6:33,6
SPB-59754,기타 ,강서구,2024-08-01 17:48,17
SPB-59756,안장,영등포구,2024-08-16 18:47,18
SPB-59759,단말기,관악구,2024-08-28 22:16,22
SPB-59775,안장,송파구,2024-08-16 22:02,22
SPB-59776,타이어 ,서초구,2024-08-25 10:37,10
SPB-59777,페달,송파구,2024-08-27 21:39,21
SPB-59788,타이어 ,송파구,2024-08-17 5:27,5
SPB-59790,타이어 ,성동구,2024-08-26 18:27,18
SPB-59794,기타 ,광진구,2024-08-25 19:59,19
SPB-59800,페달,성북구,2024-08-16 18:07,18
SPB-59802,체인,종로구,2024-08-06 12:17,12
SPB-59803,페달,영등포구,2024-08-05 18:19,18
SPB-59803,체인,관악구,2024-08-17 0:54,0
SPB-59803,체인,관악구,2024-08-17 19:30,19
SPB-59803,페달,양천구,2024-08-23 21:32,21
SPB-59803,페달,강서구,2024-08-29 18:07,18
SPB-59806,체인,양천구,2024-08-17 23:18,23
SPB-59808,체인,영등포구,2024-08-08 13:53,13
SPB-59808,체인,금천구,2024-08-23 18:02,18
SPB-59811,안장,광진구,2024-08-07 8:28,8
SPB-59811,안장,마포구,2024-08-20 8:56,8
SPB-59816,페달,동대문구,2024-08-07 16:15,16
SPB-59818,체인,양천구,2024-08-19 9:43,9
SPB-59826,단말기,서대문구,2024-08-13 17:45,17
SPB-59826,타이어 ,중구,2024-08-14 19:07,19
SPB-59832,기타 ,마포구,2024-08-30 8:50,8
SPB-59834,단말기,구로구,2024-08-21 20:03,20
SPB-59835,타이어 ,강남구,2024-08-28 15:52,15
SPB-59836,기타 ,성북구,2024-08-01 20:38,20
SPB-59836,안장,마포구,2024-08-19 7:31,7
SPB-59845,페달,마포구,2024-08-09 16:27,16
SPB-59851,페달,강서구,2024-08-27 15:22,15
SPB-59855,타이어 ,마포구,2024-08-02 7:23,7
SPB-59855,타이어 ,마포구,2024-08-09 16:29,16
SPB-59855,타이어 ,서대문구,2024-08-18 6:42,6
SPB-59855,타이어 ,영등포구,2024-08-26 7:39,7
SPB-59856,기타 ,성북구,2024-08-08 19:43,19
SPB-59858,기타 ,노원구,2024-08-29 14:34,14
SPB-59859,타이어 ,은평구,2024-08-06 16:38,16
SPB-59866,타이어 ,강남구,2024-08-12 19:14,19
SPB-59870,기타 ,강서구,2024-08-15 22:18,22
SPB-59877,기타 ,영등포구,2024-08-19 17:04,17
SPB-59877,타이어 ,영등포구,2024-08-21 19:45,19
SPB-59881,기타 ,강서구,2024-08-26 8:54,8
SPB-59885,체인,강서구,2024-08-11 14:19,14
SPB-59885,타이어 ,강서구,2024-08-13 21:18,21
SPB-59889,안장,동대문구,2024-08-01 7:45,7
SPB-59891,타이어 ,종로구,2024-08-16 15:54,15
SPB-59893,타이어 ,양천구,2024-08-05 18:19,18
SPB-59893,기타 ,양천구,2024-08-07 22:01,22
SPB-59895,페달,서초구,2024-08-05 11:35,11
SPB-59898,안장,중랑구,2024-08-30 23:40,23
SPB-59907,체인,마포구,2024-08-31 22:08,22
SPB-59913,기타 ,강서구,2024-08-28 18:39,18
SPB-59919,페달,광진구,2024-08-26 20:08,20
SPB-59920,타이어 ,강서구,2024-08-06 9:45,9
SPB-59923,체인,동작구,2024-08-19 19:05,19
SPB-59923,체인,강서구,2024-08-27 5:45,5
SPB-59926,안장,노원구,2024-08-14 18:00,18
SPB-59927,기타 ,노원구,2024-08-16 18:43,18
SPB-59928,타이어 ,강북구,2024-08-10 14:35,14
SPB-59930,체인,강남구,2024-08-28 13:56,13
SPB-59931,타이어 ,송파구,2024-08-19 17:34,17
SPB-59932,체인,송파구,2024-08-17 21:58,21
SPB-59936,타이어 ,중랑구,2024-08-15 14:38,14
SPB-59937,기타 ,강서구,2024-08-08 3:47,3
SPB-59942,페달,마포구,2024-08-01 18:00,18
SPB-59947,타이어 ,강서구,2024-08-02 10:35,10
SPB-59952,체인,송파구,2024-08-27 14:45,14
SPB-59956,페달,관악구,2024-08-24 22:38,22
SPB-59956,기타 ,동작구,2024-08-28 16:06,16
SPB-59957,타이어 ,강서구,2024-08-23 14:15,14
SPB-59957,체인,양천구,2024-08-23 20:28,20
SPB-59958,타이어 ,노원구,2024-08-25 9:05,9
SPB-59962,기타 ,성동구,2024-08-13 23:27,23
SPB-59962,페달,동대문구,2024-08-15 7:12,7
SPB-59962,페달,노원구,2024-08-29 14:01,14
SPB-59967,페달,관악구,2024-08-19 20:22,20
SPB-59970,체인,중랑구,2024-08-30 17:47,17
SPB-59973,기타 ,동대문구,2024-08-29 6:33,6
SPB-59974,타이어 ,구로구,2024-08-31 18:40,18
SPB-59975,단말기,노원구,2024-08-31 21:25,21
SPB-59976,기타 ,동대문구,2024-08-23 8:10,8
SPB-59984,타이어 ,서초구,2024-08-26 16:09,16
SPB-59988,타이어 ,도봉구,2024-08-16 6:28,6
SPB-59990,체인,동대문구,2024-08-04 12:58,12
SPB-59995,타이어 ,강서구,2024-08-27 21:22,21
SPB-59996,타이어 ,서대문구,2024-08-08 18:34,18
SPB-59999,타이어 ,광진구,2024-08-26 22:40,22
SPB-60001,페달,구로구,2024-08-01 17:11,17
SPB-60001,체인,용산구,2024-08-12 7:19,7
SPB-60003,페달,서초구,2024-08-26 20:41,20
SPB-60005,페달,송파구,2024-08-04 19:26,19
SPB-60005,페달,성북구,2024-08-23 23:03,23
SPB-60006,체인,강서구,2024-08-17 14:28,14
SPB-60006,타이어 ,마포구,2024-08-31 14:15,14
SPB-60011,타이어 ,강서구,2024-08-29 15:48,15
SPB-60014,체인,은평구,2024-08-30 12:59,12
SPB-60019,기타 ,서초구,2024-08-09 18:17,18
SPB-60030,타이어 ,성북구,2024-08-07 8:42,8
SPB-60030,체인,마포구,2024-08-31 0:24,0
SPB-60032,안장,강남구,2024-08-19 18:03,18
SPB-60033,단말기,양천구,2024-08-12 19:58,19
SPB-60034,타이어 ,은평구,2024-08-20 9:13,9
SPB-60037,타이어 ,동대문구,2024-08-14 13:22,13
SPB-60043,타이어 ,마포구,2024-08-02 15:42,15
SPB-60045,타이어 ,금천구,2024-08-13 18:45,18
SPB-60046,체인,구로구,2024-08-31 8:13,8
SPB-60047,타이어 ,강서구,2024-08-17 5:58,5
SPB-60048,기타 ,노원구,2024-08-24 15:34,15
SPB-60057,페달,종로구,2024-08-08 17:45,17
SPB-60058,기타 ,구로구,2024-08-23 16:23,16
SPB-60060,기타 ,은평구,2024-08-01 21:23,21
SPB-60068,기타 ,강동구,2024-08-20 1:00,1
SPB-60073,기타 ,양천구,2024-08-13 9:46,9
SPB-60078,타이어 ,동대문구,2024-08-19 16:25,16
SPB-60080,타이어 ,영등포구,2024-08-27 14:22,14
SPB-60081,타이어 ,강서구,2024-08-17 10:30,10
SPB-60094,타이어 ,양천구,2024-08-28 18:32,18
SPB-60095,안장,양천구,2024-08-20 7:47,7
SPB-60107,기타 ,영등포구,2024-08-28 18:24,18
SPB-60112,안장,구로구,2024-08-14 14:24,14
SPB-60119,체인,광진구,2024-08-13 21:24,21
SPB-60121,타이어 ,강서구,2024-08-14 11:10,11
SPB-60122,타이어 ,성동구,2024-08-02 19:42,19
SPB-60133,페달,서초구,2024-08-12 21:22,21
SPB-60138,페달,성동구,2024-08-01 15:11,15
SPB-60139,체인,성동구,2024-08-15 14:26,14
SPB-60139,타이어 ,동대문구,2024-08-21 15:21,15
SPB-60139,타이어 ,동대문구,2024-08-23 9:23,9
SPB-60141,체인,은평구,2024-08-07 12:32,12
SPB-60141,페달,중구,2024-08-12 17:08,17
SPB-60147,타이어 ,송파구,2024-08-13 21:23,21
SPB-60153,기타 ,동대문구,2024-08-21 0:06,0
SPB-60155,페달,영등포구,2024-08-30 22:46,22
SPB-60161,단말기,송파구,2024-08-07 8:18,8
SPB-60161,타이어 ,송파구,2024-08-14 8:15,8
SPB-60162,페달,송파구,2024-08-10 9:48,9
SPB-60166,체인,금천구,2024-08-01 19:24,19
SPB-60166,페달,영등포구,2024-08-27 18:50,18
SPB-60166,페달,동작구,2024-08-30 1:07,1
SPB-60167,타이어 ,서초구,2024-08-09 19:13,19
SPB-60167,기타 ,양천구,2024-08-26 7:37,7
SPB-60168,체인,강남구,2024-08-10 23:24,23
SPB-60168,체인,마포구,2024-08-14 19:07,19
SPB-60168,페달,서대문구,2024-08-17 14:30,14
SPB-60170,안장,강서구,2024-08-02 18:13,18
SPB-60171,기타 ,강서구,2024-08-30 22:22,22
SPB-60173,타이어 ,동대문구,2024-08-21 16:57,16
SPB-60175,기타 ,관악구,2024-08-12 17:08,17
SPB-60178,안장,강남구,2024-08-19 14:58,14
SPB-60181,기타 ,중구,2024-08-28 19:51,19
SPB-60188,기타 ,영등포구,2024-08-20 9:08,9
SPB-60196,페달,성북구,2024-08-29 10:26,10
SPB-60210,타이어 ,관악구,2024-08-02 9:23,9
SPB-60210,기타 ,강서구,2024-08-29 19:43,19
SPB-60223,기타 ,강서구,2024-08-22 9:09,9
SPB-60237,안장,도봉구,2024-08-25 21:23,21
SPB-60244,안장,강서구,2024-08-14 14:25,14
SPB-60244,안장,성동구,2024-08-28 18:30,18
SPB-60248,타이어 ,마포구,2024-08-01 8:21,8
SPB-60249,기타 ,양천구,2024-08-09 18:31,18
SPB-60255,타이어 ,서초구,2024-08-21 4:40,4
SPB-60259,기타 ,강북구,2024-08-23 21:49,21
SPB-60271,타이어 ,서초구,2024-08-07 18:51,18
SPB-60274,타이어 ,송파구,2024-08-16 22:23,22
SPB-60275,타이어 ,영등포구,2024-08-30 21:42,21
SPB-60278,체인,금천구,2024-08-09 8:19,8
SPB-60283,안장,은평구,2024-08-27 19:35,19
SPB-60293,안장,송파구,2024-08-20 6:55,6
SPB-60313,안장,영등포구,2024-08-07 21:31,21
SPB-60315,안장,서초구,2024-08-31 2:48,2
SPB-60319,체인,구로구,2024-08-02 23:04,23
SPB-60319,체인,관악구,2024-08-15 22:52,22
SPB-60323,타이어 ,송파구,2024-08-13 14:14,14
SPB-60330,안장,종로구,2024-08-25 23:51,23
SPB-60330,안장,송파구,2024-08-29 15:19,15
SPB-60335,기타 ,노원구,2024-08-02 23:46,23
SPB-60338,기타 ,양천구,2024-08-14 7:47,7
SPB-60338,안장,양천구,2024-08-27 18:44,18
SPB-60341,안장,성북구,2024-08-14 8:45,8
SPB-60347,타이어 ,영등포구,2024-08-23 20:11,20
SPB-60350,안장,양천구,2024-08-18 17:23,17
SPB-60354,페달,도봉구,2024-08-02 19:56,19
SPB-60354,체인,강북구,2024-08-03 18:58,18
SPB-60355,기타 ,성북구,2024-08-31 22:16,22
SPB-60370,체인,동작구,2024-08-10 1:57,1
SPB-60370,타이어 ,동작구,2024-08-22 19:31,19
SPB-60372,페달,양천구,2024-08-17 10:36,10
SPB-60386,타이어 ,강남구,2024-08-07 19:08,19
SPB-60388,안장,구로구,2024-08-04 16:44,16
SPB-60390,안장,영등포구,2024-08-24 16:58,16
SPB-60392,타이어 ,중랑구,2024-08-23 18:29,18
SPB-60394,타이어 ,송파구,2024-08-29 21:11,21
SPB-60402,체인,서초구,2024-08-29 15:02,15
SPB-60409,체인,도봉구,2024-08-01 17:06,17
SPB-60409,체인,성북구,2024-08-11 9:47,9
SPB-60409,체인,마포구,2024-08-19 7:47,7
SPB-60410,안장,강동구,2024-08-16 16:28,16
SPB-60420,타이어 ,종로구,2024-08-21 17:10,17
SPB-60422,안장,금천구,2024-08-07 19:36,19
SPB-60422,타이어 ,금천구,2024-08-21 18:29,18
SPB-60423,기타 ,영등포구,2024-08-05 7:38,7
SPB-60424,기타 ,성동구,2024-08-31 18:32,18
SPB-60426,타이어 ,영등포구,2024-08-22 18:39,18
SPB-60428,체인,금천구,2024-08-27 17:50,17
SPB-60430,기타 ,마포구,2024-08-04 19:19,19
SPB-60430,타이어 ,종로구,2024-08-12 12:14,12
SPB-60438,타이어 ,강서구,2024-08-25 22:07,22
SPB-60442,타이어 ,종로구,2024-08-28 8:32,8
SPB-60443,안장,강서구,2024-08-15 13:39,13
SPB-60447,타이어 ,동대문구,2024-08-09 20:13,20
SPB-60450,타이어 ,종로구,2024-08-30 9:42,9
SPB-60451,체인,종로구,2024-08-05 0:03,0
SPB-60452,타이어 ,구로구,2024-08-27 8:34,8
SPB-60456,타이어 ,강서구,2024-08-08 19:07,19
SPB-60467,기타 ,광진구,2024-08-08 22:36,22
SPB-60468,타이어 ,중구,2024-08-08 18:56,18
SPB-60470,체인,동대문구,2024-08-03 20:41,20
SPB-60470,체인,광진구,2024-08-13 16:09,16
SPB-60487,체인,용산구,2024-08-19 18:03,18
SPB-60487,체인,영등포구,2024-08-25 6:45,6
SPB-60487,체인,구로구,2024-08-26 10:29,10
SPB-60496,안장,구로구,2024-08-05 22:07,22
SPB-60496,기타 ,영등포구,2024-08-07 18:13,18
SPB-60498,체인,용산구,2024-08-05 18:00,18
SPB-60498,체인,용산구,2024-08-06 12:06,12
SPB-60499,체인,강서구,2024-08-30 19:02,19
SPB-60503,안장,노원구,2024-08-09 4:42,4
SPB-60503,안장,강북구,2024-08-10 21:03,21
SPB-60505,타이어 ,영등포구,2024-08-16 9:03,9
SPB-60509,페달,중구,2024-08-04 21:40,21
SPB-60509,기타 ,성북구,2024-08-08 13:48,13
SPB-60509,기타 ,성북구,2024-08-08 17:58,17
SPB-60509,기타 ,강북구,2024-08-13 6:58,6
SPB-60509,체인,중구,2024-08-30 23:40,23
SPB-60513,체인,도봉구,2024-08-03 7:47,7
SPB-60516,기타 ,강동구,2024-08-17 17:38,17
SPB-60519,타이어 ,강동구,2024-08-31 12:27,12
SPB-60523,기타 ,성동구,2024-08-01 18:32,18
SPB-60527,안장,노원구,2024-08-20 7:33,7
SPB-60528,안장,마포구,2024-08-29 23:19,23
SPB-60529,안장,은평구,2024-08-07 17:32,17
SPB-60529,안장,종로구,2024-08-09 19:02,19
SPB-60530,기타 ,서초구,2024-08-18 16:07,16
SPB-60538,타이어 ,서초구,2024-08-30 21:58,21
SPB-60539,안장,종로구,2024-08-27 20:37,20
SPB-60541,체인,마포구,2024-08-30 22:45,22
SPB-60543,안장,서초구,2024-08-29 12:30,12
SPB-60547,타이어 ,송파구,2024-08-19 19:13,19
SPB-60551,타이어 ,구로구,2024-08-09 10:00,10
SPB-60553,체인,성북구,2024-08-05 18:51,18
SPB-60553,체인,영등포구,2024-08-13 12:01,12
SPB-60563,기타 ,강동구,2024-08-14 8:47,8
SPB-60565,기타 ,노원구,2024-08-19 14:15,14
SPB-60565,타이어 ,중랑구,2024-08-28 20:46,20
SPB-60566,체인,중랑구,2024-08-06 20:33,20
SPB-60569,타이어 ,마포구,2024-08-17 10:00,10
SPB-60582,체인,노원구,2024-08-19 8:43,8
SPB-60590,기타 ,서초구,2024-08-11 13:56,13
SPB-60591,타이어 ,마포구,2024-08-26 8:57,8
SPB-60594,페달,광진구,2024-08-05 11:21,11
SPB-60594,체인,마포구,2024-08-27 9:07,9
SPB-60601,체인,서대문구,2024-08-05 8:06,8
SPB-60603,기타 ,성북구,2024-08-30 17:20,17
SPB-60609,기타 ,은평구,2024-08-09 8:51,8
SPB-60610,체인,강북구,2024-08-28 22:45,22
SPB-60613,타이어 ,용산구,2024-08-14 18:22,18
SPB-60614,단말기,강서구,2024-08-02 0:04,0
SPB-60614,페달,서대문구,2024-08-13 22:57,22
SPB-60615,기타 ,송파구,2024-08-03 12:15,12
SPB-60617,안장,강북구,2024-08-06 20:24,20
SPB-60617,안장,강북구,2024-08-18 16:20,16
SPB-60624,안장,양천구,2024-08-29 7:08,7
SPB-60629,타이어 ,서대문구,2024-08-14 6:09,6
SPB-60631,체인,중구,2024-08-25 14:32,14
SPB-60631,체인,영등포구,2024-08-29 7:36,7
SPB-60636,기타 ,영등포구,2024-08-30 20:58,20
SPB-60637,체인,용산구,2024-08-29 7:48,7
SPB-60638,안장,강동구,2024-08-30 8:49,8
SPB-60638,안장,강동구,2024-08-30 15:27,15
SPB-60639,안장,강서구,2024-08-08 19:14,19
SPB-60643,페달,광진구,2024-08-18 11:55,11
SPB-60646,타이어 ,강서구,2024-08-28 6:15,6
SPB-60653,기타 ,서초구,2024-08-23 18:25,18
SPB-60658,체인,용산구,2024-08-13 17:25,17
SPB-60658,체인,강동구,2024-08-26 7:24,7
SPB-60661,체인,강서구,2024-08-29 22:37,22
SPB-60662,체인,노원구,2024-08-02 18:26,18
SPB-60662,안장,성동구,2024-08-29 15:14,15
SPB-60664,타이어 ,강동구,2024-08-04 15:09,15
SPB-60664,단말기,금천구,2024-08-25 20:52,20
SPB-60680,타이어 ,성동구,2024-08-02 19:22,19
SPB-60681,안장,광진구,2024-08-06 18:10,18
SPB-60681,안장,중구,2024-08-28 18:58,18
SPB-60682,체인,강북구,2024-08-03 16:47,16
SPB-60682,체인,동작구,2024-08-22 10:08,10
SPB-60683,체인,구로구,2024-08-30 21:41,21
SPB-60688,타이어 ,광진구,2024-08-05 19:06,19
SPB-60691,안장,성북구,2024-08-31 13:28,13
SPB-60692,체인,종로구,2024-08-25 22:47,22
SPB-60697,타이어 ,강남구,2024-08-16 19:28,19
SPB-60698,체인,강서구,2024-08-05 22:52,22
SPB-60701,체인,영등포구,2024-08-30 21:02,21
SPB-60711,단말기,양천구,2024-08-05 8:42,8
SPB-60711,체인,영등포구,2024-08-16 22:40,22
SPB-60712,타이어 ,강서구,2024-08-30 15:08,15
SPB-60720,단말기,강북구,2024-08-01 18:52,18
SPB-60722,안장,서초구,2024-08-16 22:00,22
SPB-60724,페달,서대문구,2024-08-20 16:51,16
SPB-60725,기타 ,광진구,2024-08-28 9:25,9
SPB-60742,기타 ,금천구,2024-08-06 23:10,23
SPB-60742,체인,영등포구,2024-08-27 17:42,17
SPB-60746,타이어 ,마포구,2024-08-29 8:18,8
SPB-60755,체인,강서구,2024-08-12 20:41,20
SPB-60755,타이어 ,강서구,2024-08-14 18:39,18
SPB-60757,타이어 ,강동구,2024-08-31 15:58,15
SPB-60758,안장,강남구,2024-08-02 7:01,7
SPB-60758,안장,송파구,2024-08-19 18:38,18
SPB-60759,안장,중구,2024-08-29 8:52,8
SPB-60764,기타 ,서초구,2024-08-31 19:45,19
SPB-60774,타이어 ,성동구,2024-08-08 11:39,11
SPB-60774,단말기,도봉구,2024-08-23 20:15,20
SPB-60776,체인,송파구,2024-08-10 21:06,21
SPB-60777,체인,송파구,2024-08-28 17:58,17
SPB-60779,타이어 ,송파구,2024-08-26 7:33,7
SPB-60779,타이어 ,송파구,2024-08-30 0:42,0
SPB-60787,체인,영등포구,2024-08-25 20:00,20
SPB-60791,체인,금천구,2024-08-18 22:02,22
SPB-60803,안장,중랑구,2024-08-20 15:52,15
SPB-60803,단말기,성동구,2024-08-23 20:54,20
SPB-60804,안장,영등포구,2024-08-01 9:30,9
SPB-60805,안장,중랑구,2024-08-06 22:52,22
SPB-60805,기타 ,중랑구,2024-08-28 20:01,20
SPB-60817,체인,송파구,2024-08-20 13:33,13
SPB-60817,체인,광진구,2024-08-28 14:29,14
SPB-60818,단말기,노원구,2024-08-01 15:40,15
SPB-60819,체인,금천구,2024-08-23 7:28,7
SPB-60822,페달,광진구,2024-08-30 19:53,19
SPB-60823,타이어 ,송파구,2024-08-06 18:14,18
SPB-60828,체인,용산구,2024-08-05 18:30,18
SPB-60828,체인,동작구,2024-08-22 4:07,4
SPB-60828,페달,영등포구,2024-08-28 12:11,12
SPB-60835,기타 ,성북구,2024-08-22 21:46,21
SPB-60842,타이어 ,관악구,2024-08-27 19:52,19
SPB-60843,안장,성동구,2024-08-23 18:52,18
SPB-60845,안장,동대문구,2024-08-23 19:22,19
SPB-60846,체인,은평구,2024-08-28 18:12,18
SPB-60851,페달,마포구,2024-08-05 20:15,20
SPB-60858,체인,광진구,2024-08-03 19:24,19
SPB-60863,안장,동대문구,2024-08-28 18:07,18
SPB-60867,타이어 ,성북구,2024-08-07 19:41,19
SPB-60867,안장,노원구,2024-08-23 19:17,19
SPB-60868,안장,노원구,2024-08-02 21:48,21
SPB-60870,타이어 ,동대문구,2024-08-27 19:29,19
SPB-60871,안장,성동구,2024-08-12 17:39,17
SPB-60872,기타 ,동작구,2024-08-09 8:44,8
SPB-60872,타이어 ,광진구,2024-08-19 12:39,12
SPB-60883,체인,노원구,2024-08-01 13:14,13
SPB-60883,체인,노원구,2024-08-01 21:38,21
SPB-60883,체인,중랑구,2024-08-03 17:49,17
SPB-60895,타이어 ,강서구,2024-08-14 17:22,17
SPB-60901,체인,영등포구,2024-08-02 7:02,7
SPB-60901,체인,금천구,2024-08-29 12:51,12
SPB-60901,체인,금천구,2024-08-30 19:08,19
SPB-60902,타이어 ,영등포구,2024-08-09 8:14,8
SPB-60903,페달,관악구,2024-08-01 18:25,18
SPB-60906,단말기,성북구,2024-08-01 16:14,16
SPB-60908,기타 ,양천구,2024-08-01 18:08,18
SPB-60908,체인,양천구,2024-08-09 15:26,15
SPB-60908,체인,양천구,2024-08-12 6:37,6
SPB-60914,타이어 ,구로구,2024-08-29 2:46,2
SPB-60919,기타 ,송파구,2024-08-22 19:18,19
SPB-60919,체인,송파구,2024-08-29 22:06,22
SPB-60920,기타 ,도봉구,2024-08-19 21:58,21
SPB-60923,기타 ,강동구,2024-08-11 18:29,18
SPB-60926,페달,노원구,2024-08-26 12:06,12
SPB-60933,체인,강서구,2024-08-09 10:21,10
SPB-60936,기타 ,영등포구,2024-08-21 20:18,20
SPB-60942,안장,관악구,2024-08-20 20:16,20
SPB-60943,체인,종로구,2024-08-05 18:10,18
SPB-60943,체인,강동구,2024-08-07 18:48,18
SPB-60943,타이어 ,용산구,2024-08-27 20:58,20
SPB-60944,기타 ,영등포구,2024-08-06 9:43,9
SPB-60950,체인,강동구,2024-08-26 19:01,19
SPB-60950,체인,강동구,2024-08-26 21:46,21
SPB-60957,기타 ,송파구,2024-08-03 23:01,23
SPB-60957,체인,송파구,2024-08-22 8:34,8
SPB-60960,페달,양천구,2024-08-06 18:00,18
SPB-60965,체인,광진구,2024-08-16 9:00,9
SPB-60974,페달,마포구,2024-08-06 11:19,11
SPB-60977,체인,강서구,2024-08-20 7:59,7
SPB-60977,체인,강서구,2024-08-22 8:21,8
SPB-60978,체인,금천구,2024-08-10 12:36,12
SPB-60981,기타 ,강서구,2024-08-26 21:12,21
SPB-60982,단말기,도봉구,2024-08-13 3:12,3
SPB-60982,체인,노원구,2024-08-17 14:00,14
SPB-60982,체인,도봉구,2024-08-17 19:16,19
SPB-60984,페달,영등포구,2024-08-22 19:04,19
SPB-60984,타이어 ,강동구,2024-08-27 19:58,19
SPB-60984,체인,강동구,2024-08-29 10:35,10
SPB-60984,체인,강동구,2024-08-31 15:29,15
SPB-60992,타이어 ,송파구,2024-08-23 16:23,16
SPB-60997,타이어 ,강서구,2024-08-09 9:18,9
SPB-60997,체인,용산구,2024-08-26 12:42,12
SPB-61010,기타 ,양천구,2024-08-19 22:47,22
SPB-61013,체인,강동구,2024-08-15 16:47,16
SPB-61021,안장,성북구,2024-08-30 17:53,17
SPB-61022,안장,마포구,2024-08-19 13:14,13
SPB-61023,타이어 ,마포구,2024-08-06 18:14,18
SPB-61031,타이어 ,양천구,2024-08-16 18:08,18
SPB-61033,기타 ,강서구,2024-08-22 18:55,18
SPB-61037,체인,영등포구,2024-08-09 8:52,8
SPB-61039,기타 ,용산구,2024-08-28 20:04,20
SPB-61049,체인,양천구,2024-08-06 17:49,17
SPB-61049,기타 ,관악구,2024-08-28 17:20,17
SPB-61050,안장,마포구,2024-08-01 19:40,19
SPB-61059,기타 ,강서구,2024-08-05 13:11,13
SPB-61059,기타 ,강서구,2024-08-07 20:50,20
SPB-61061,안장,마포구,2024-08-01 15:50,15
SPB-61062,체인,금천구,2024-08-28 17:41,17
SPB-61072,체인,마포구,2024-08-25 10:48,10
SPB-61077,기타 ,은평구,2024-08-31 14:04,14
SPB-61079,체인,서대문구,2024-08-16 18:16,18
SPB-61081,타이어 ,강남구,2024-08-20 9:39,9
SPB-61084,기타 ,강동구,2024-08-21 15:41,15
SPB-61094,타이어 ,서대문구,2024-08-21 18:55,18
SPB-61096,페달,금천구,2024-08-02 12:23,12
SPB-61097,안장,노원구,2024-08-11 12:59,12
SPB-61100,타이어 ,영등포구,2024-08-25 18:21,18
SPB-61110,기타 ,성북구,2024-08-06 7:53,7
SPB-61110,기타 ,성북구,2024-08-29 17:16,17
SPB-61113,체인,강동구,2024-08-26 1:04,1
SPB-61133,체인,강서구,2024-08-05 17:15,17
SPB-61133,체인,강서구,2024-08-06 17:30,17
SPB-61133,체인,강서구,2024-08-12 8:11,8
SPB-61133,체인,강서구,2024-08-15 21:23,21
SPB-61133,체인,광진구,2024-08-29 12:21,12
SPB-61133,체인,광진구,2024-08-29 15:37,15
SPB-61135,안장,구로구,2024-08-05 19:15,19
SPB-61138,체인,노원구,2024-08-31 13:35,13
SPB-61139,기타 ,노원구,2024-08-05 12:45,12
SPB-61140,기타 ,강서구,2024-08-12 20:05,20
SPB-61144,기타 ,동작구,2024-08-01 23:40,23
SPB-61144,타이어 ,강서구,2024-08-09 8:44,8
SPB-61145,타이어 ,송파구,2024-08-20 13:21,13
SPB-61151,체인,도봉구,2024-08-14 21:47,21
SPB-61154,페달,영등포구,2024-08-31 11:46,11
SPB-61171,페달,마포구,2024-08-24 9:36,9
SPB-61171,페달,서대문구,2024-08-28 21:12,21
SPB-61179,타이어 ,영등포구,2024-08-18 14:53,14
SPB-61184,단말기,강서구,2024-08-04 2:22,2
SPB-61185,타이어 ,구로구,2024-08-26 22:22,22
SPB-61192,기타 ,동작구,2024-08-22 9:13,9
SPB-61192,타이어 ,영등포구,2024-08-26 12:26,12
SPB-61208,체인,구로구,2024-08-21 18:16,18
SPB-61220,안장,중구,2024-08-23 18:13,18
SPB-61245,타이어 ,송파구,2024-08-21 19:27,19
SPB-61246,체인,노원구,2024-08-16 20:42,20
SPB-61249,안장,구로구,2024-08-14 12:26,12
SPB-61252,타이어 ,중구,2024-08-29 8:57,8
SPB-61254,페달,구로구,2024-08-27 22:24,22
SPB-61255,체인,양천구,2024-08-26 21:56,21
SPB-61262,타이어 ,동대문구,2024-08-04 13:16,13
SPB-61264,체인,영등포구,2024-08-31 21:22,21
SPB-61265,체인,마포구,2024-08-18 13:38,13
SPB-61267,단말기,은평구,2024-08-01 20:01,20
SPB-61268,기타 ,강서구,2024-08-16 22:06,22
SPB-61273,체인,양천구,2024-08-05 0:56,0
SPB-61278,기타 ,강동구,2024-08-27 23:13,23
SPB-61279,기타 ,송파구,2024-08-07 18:51,18
SPB-61279,타이어 ,송파구,2024-08-23 16:09,16
SPB-61280,체인,양천구,2024-08-03 16:32,16
SPB-61280,체인,양천구,2024-08-06 11:20,11
SPB-61280,체인,영등포구,2024-08-08 15:03,15
SPB-61280,타이어 ,영등포구,2024-08-19 7:33,7
SPB-61280,체인,영등포구,2024-08-19 21:18,21
SPB-61280,체인,용산구,2024-08-27 16:41,16
SPB-61280,체인,강남구,2024-08-30 18:28,18
SPB-61292,기타 ,마포구,2024-08-20 11:30,11
SPB-61304,기타 ,양천구,2024-08-13 10:15,10
SPB-61308,체인,마포구,2024-08-15 18:06,18
SPB-61314,체인,광진구,2024-08-01 9:22,9
SPB-61314,타이어 ,중구,2024-08-22 22:40,22
SPB-61315,안장,양천구,2024-08-15 15:47,15
SPB-61318,기타 ,도봉구,2024-08-09 23:34,23
SPB-61321,체인,강동구,2024-08-04 12:08,12
SPB-61321,체인,강동구,2024-08-08 14:55,14
SPB-61327,체인,마포구,2024-08-23 10:59,10
SPB-61338,체인,양천구,2024-08-29 20:44,20
SPB-61350,타이어 ,강동구,2024-08-12 8:48,8
SPB-61351,체인,금천구,2024-08-09 22:02,22
SPB-61351,타이어 ,양천구,2024-08-22 11:08,11
SPB-61358,안장,은평구,2024-08-28 8:18,8
SPB-61360,안장,중랑구,2024-08-31 21:59,21
SPB-61365,체인,용산구,2024-08-24 17:33,17
SPB-61365,체인,용산구,2024-08-26 21:08,21
SPB-61368,안장,마포구,2024-08-31 17:39,17
SPB-61369,타이어 ,노원구,2024-08-03 10:32,10
SPB-61369,체인,노원구,2024-08-14 21:16,21
SPB-61369,체인,도봉구,2024-08-28 22:00,22
SPB-61372,타이어 ,서대문구,2024-08-10 22:58,22
SPB-61372,타이어 ,영등포구,2024-08-29 18:37,18
SPB-61377,단말기,강동구,2024-08-10 13:50,13
SPB-61382,페달,구로구,2024-08-21 21:32,21
SPB-61388,체인,영등포구,2024-08-08 9:57,9
SPB-61388,기타 ,관악구,2024-08-10 16:39,16
SPB-61395,타이어 ,은평구,2024-08-25 5:12,5
SPB-61395,타이어 ,마포구,2024-08-29 16:44,16
SPB-61396,안장,광진구,2024-08-29 9:14,9
SPB-61401,체인,성동구,2024-08-16 13:26,13
SPB-61401,체인,광진구,2024-08-20 18:50,18
SPB-61404,체인,양천구,2024-08-23 16:20,16
SPB-61405,기타 ,송파구,2024-08-16 8:45,8
SPB-61407,타이어 ,서초구,2024-08-30 22:02,22
SPB-61407,타이어 ,강남구,2024-08-31 20:40,20
SPB-61419,타이어 ,용산구,2024-08-13 0:13,0
SPB-61422,기타 ,구로구,2024-08-04 15:50,15
SPB-61422,타이어 ,관악구,2024-08-18 17:58,17
SPB-61424,타이어 ,중랑구,2024-08-06 7:39,7
SPB-61434,페달,송파구,2024-08-08 18:46,18
SPB-61434,안장,송파구,2024-08-23 8:36,8
SPB-61439,체인,서초구,2024-08-15 13:46,13
SPB-61439,기타 ,서초구,2024-08-17 21:23,21
SPB-61445,타이어 ,중구,2024-08-07 18:10,18
SPB-61448,단말기,강남구,2024-08-28 17:34,17
SPB-61451,타이어 ,강서구,2024-08-23 19:59,19
SPB-61456,타이어 ,구로구,2024-08-29 20:00,20
SPB-61458,타이어 ,강남구,2024-08-21 18:13,18
SPB-61458,안장,송파구,2024-08-26 21:37,21
SPB-61461,체인,강서구,2024-08-20 8:25,8
SPB-61462,체인,마포구,2024-08-30 12:49,12
SPB-61465,체인,광진구,2024-08-20 19:14,19
SPB-61470,단말기,서대문구,2024-08-12 21:45,21
SPB-61480,타이어 ,서초구,2024-08-02 18:53,18
SPB-61480,체인,송파구,2024-08-18 11:39,11
SPB-61485,타이어 ,동대문구,2024-08-26 17:27,17
SPB-61487,타이어 ,강동구,2024-08-27 8:50,8
SPB-61487,타이어 ,송파구,2024-08-31 8:39,8
SPB-61491,안장,강서구,2024-08-29 19:42,19
SPB-61495,기타 ,서초구,2024-08-25 14:42,14
SPB-61496,기타 ,성동구,2024-08-13 18:17,18
SPB-61496,안장,성동구,2024-08-28 10:35,10
SPB-61499,기타 ,성동구,2024-08-06 20:39,20
SPB-61500,안장,관악구,2024-08-13 22:03,22
SPB-61506,기타 ,서초구,2024-08-08 22:16,22
SPB-61510,기타 ,구로구,2024-08-07 20:14,20
SPB-61510,체인,서초구,2024-08-27 8:51,8
SPB-61513,체인,도봉구,2024-08-28 8:50,8
SPB-61519,체인,영등포구,2024-08-03 12:23,12
SPB-61519,페달,관악구,2024-08-16 18:19,18
SPB-61527,체인,영등포구,2024-08-02 14:27,14
SPB-61527,체인,양천구,2024-08-09 8:23,8
SPB-61529,체인,노원구,2024-08-29 12:33,12
SPB-61535,타이어 ,은평구,2024-08-18 7:15,7
SPB-61542,기타 ,중랑구,2024-08-27 9:16,9
SPB-61543,타이어 ,강서구,2024-08-21 19:53,19
SPB-61546,안장,은평구,2024-08-15 12:17,12
SPB-61546,안장,은평구,2024-08-18 12:01,12
SPB-61549,단말기,영등포구,2024-08-09 23:40,23
SPB-61551,안장,중구,2024-08-23 22:19,22
SPB-61552,타이어 ,강남구,2024-08-15 9:25,9
SPB-61556,페달,광진구,2024-08-05 18:19,18
SPB-61568,타이어 ,강서구,2024-08-30 22:35,22
SPB-61572,기타 ,영등포구,2024-08-08 10:29,10
SPB-61574,안장,양천구,2024-08-31 21:29,21
SPB-61575,타이어 ,영등포구,2024-08-18 8:44,8
SPB-61584,타이어 ,마포구,2024-08-06 7:30,7
SPB-61586,기타 ,노원구,2024-08-16 18:47,18
SPB-61588,안장,종로구,2024-08-20 15:24,15
SPB-61599,페달,마포구,2024-08-25 20:27,20
SPB-61600,안장,강남구,2024-08-09 21:25,21
SPB-61600,체인,강남구,2024-08-13 12:25,12
SPB-61600,체인,노원구,2024-08-28 11:46,11
SPB-61610,타이어 ,성북구,2024-08-19 10:17,10
SPB-61613,안장,종로구,2024-08-20 9:49,9
SPB-61613,안장,종로구,2024-08-21 1:01,1
SPB-61617,타이어 ,노원구,2024-08-13 18:58,18
SPB-61618,체인,강서구,2024-08-11 19:50,19
SPB-61624,타이어 ,구로구,2024-08-30 16:33,16
SPB-61625,타이어 ,양천구,2024-08-23 7:59,7
SPB-61626,기타 ,송파구,2024-08-03 5:45,5
SPB-61630,체인,강남구,2024-08-14 15:44,15
SPB-61630,페달,강남구,2024-08-25 16:21,16
SPB-61630,페달,서초구,2024-08-28 20:26,20
SPB-61633,체인,노원구,2024-08-13 18:35,18
SPB-61634,체인,강서구,2024-08-11 13:48,13
SPB-61638,타이어 ,강동구,2024-08-22 6:32,6
SPB-61648,체인,강서구,2024-08-30 9:13,9
SPB-61651,타이어 ,금천구,2024-08-29 17:45,17
SPB-61652,타이어 ,송파구,2024-08-29 18:45,18
SPB-61658,타이어 ,강서구,2024-08-19 19:03,19
SPB-61659,타이어 ,강동구,2024-08-06 11:54,11
SPB-61660,체인,노원구,2024-08-02 2:42,2
SPB-61660,체인,동대문구,2024-08-07 21:39,21
SPB-61660,체인,종로구,2024-08-13 20:16,20
SPB-61660,체인,동대문구,2024-08-16 17:32,17
SPB-61660,체인,도봉구,2024-08-26 14:42,14
SPB-61660,체인,노원구,2024-08-27 4:10,4
SPB-61660,체인,노원구,2024-08-27 23:01,23
SPB-61664,안장,송파구,2024-08-03 6:34,6
SPB-61681,기타 ,송파구,2024-08-19 18:13,18
SPB-61687,체인,서초구,2024-08-05 9:26,9
SPB-61687,페달,서초구,2024-08-13 7:23,7
SPB-61687,체인,서초구,2024-08-31 13:29,13
SPB-61691,체인,성동구,2024-08-27 18:20,18
SPB-61698,안장,양천구,2024-08-12 7:22,7
SPB-61701,기타 ,송파구,2024-08-03 22:21,22
SPB-61702,타이어 ,강동구,2024-08-05 11:07,11
SPB-61704,안장,강서구,2024-08-31 22:23,22
SPB-61706,페달,성동구,2024-08-03 22:27,22
SPB-61720,안장,영등포구,2024-08-21 17:06,17
SPB-61720,안장,양천구,2024-08-31 17:15,17
SPB-61721,타이어 ,성동구,2024-08-04 18:09,18
SPB-61724,안장,강남구,2024-08-09 17:44,17
SPB-61724,안장,서초구,2024-08-11 18:03,18
SPB-61727,안장,서대문구,2024-08-30 13:40,13
SPB-61728,기타 ,송파구,2024-08-20 20:44,20
SPB-61739,페달,양천구,2024-08-27 14:19,14
SPB-61739,단말기,영등포구,2024-08-29 17:52,17
SPB-61740,안장,광진구,2024-08-11 18:58,18
SPB-61740,안장,서초구,2024-08-12 18:14,18
SPB-61740,안장,마포구,2024-08-24 19:55,19
SPB-61740,안장,종로구,2024-08-28 20:38,20
SPB-61745,안장,마포구,2024-08-26 8:24,8
SPB-61748,타이어 ,중랑구,2024-08-31 3:40,3
SPB-61756,타이어 ,강서구,2024-08-08 19:25,19
SPB-61757,체인,금천구,2024-08-23 20:21,20
SPB-61758,안장,종로구,2024-08-27 23:06,23
SPB-61765,타이어 ,양천구,2024-08-01 7:58,7
SPB-61765,기타 ,서대문구,2024-08-24 13:03,13
SPB-61770,체인,노원구,2024-08-26 7:36,7
SPB-61770,체인,노원구,2024-08-27 12:47,12
SPB-61780,체인,구로구,2024-08-30 13:22,13
SPB-61790,타이어 ,마포구,2024-08-26 10:25,10
SPB-61794,체인,마포구,2024-08-06 3:35,3
SPB-61795,체인,동대문구,2024-08-02 14:43,14
SPB-61796,기타 ,구로구,2024-08-31 17:41,17
SPB-61799,단말기,강서구,2024-08-29 19:07,19
SPB-61804,체인,용산구,2024-08-03 0:04,0
SPB-61804,안장,서초구,2024-08-09 5:46,5
SPB-61804,안장,강남구,2024-08-10 16:42,16
SPB-61818,타이어 ,중구,2024-08-31 14:55,14
SPB-61829,단말기,동작구,2024-08-27 8:03,8
SPB-61854,타이어 ,금천구,2024-08-22 12:34,12
SPB-61861,체인,서초구,2024-08-02 8:07,8
SPB-61861,타이어 ,강남구,2024-08-03 20:11,20
SPB-61861,기타 ,구로구,2024-08-22 18:16,18
SPB-61866,안장,강서구,2024-08-27 8:10,8
SPB-61878,타이어 ,양천구,2024-08-27 1:37,1
SPB-61882,타이어 ,영등포구,2024-08-30 12:51,12
SPB-61886,안장,서초구,2024-08-05 0:17,0
SPB-61886,페달,강동구,2024-08-20 23:23,23
SPB-61889,안장,광진구,2024-08-20 13:28,13
SPB-61913,타이어 ,노원구,2024-08-24 8:39,8
SPB-61915,단말기,양천구,2024-08-11 8:54,8
SPB-61921,체인,강서구,2024-08-24 15:51,15
SPB-61925,안장,노원구,2024-08-30 21:25,21
SPB-61930,안장,양천구,2024-08-17 11:29,11
SPB-61933,타이어 ,성동구,2024-08-01 12:32,12
SPB-61934,기타 ,중랑구,2024-08-10 23:08,23
SPB-61940,기타 ,중랑구,2024-08-29 20:13,20
SPB-61941,안장,중랑구,2024-08-12 21:47,21
SPB-61943,안장,구로구,2024-08-02 10:10,10
SPB-61947,안장,노원구,2024-08-29 13:15,13
SPB-61949,기타 ,은평구,2024-08-19 5:49,5
SPB-61949,타이어 ,강서구,2024-08-25 13:48,13
SPB-61950,타이어 ,금천구,2024-08-22 9:14,9
SPB-61951,타이어 ,용산구,2024-08-07 20:49,20
SPB-61952,체인,서초구,2024-08-08 18:13,18
SPB-61954,기타 ,서대문구,2024-08-23 18:23,18
SPB-61957,기타 ,송파구,2024-08-09 8:07,8
SPB-61957,타이어 ,강동구,2024-08-25 12:33,12
SPB-61959,기타 ,강동구,2024-08-16 23:11,23
SPB-61962,기타 ,도봉구,2024-08-14 0:02,0
SPB-61968,타이어 ,관악구,2024-08-27 18:54,18
SPB-61975,기타 ,강남구,2024-08-10 17:15,17
SPB-61976,페달,동대문구,2024-08-13 19:51,19
SPB-61984,체인,강서구,2024-08-23 18:06,18
SPB-61985,안장,강서구,2024-08-14 8:49,8
SPB-61991,타이어 ,관악구,2024-08-27 18:54,18
SPB-62000,단말기,송파구,2024-08-16 18:58,18
SPB-62000,페달,성동구,2024-08-23 4:39,4
SPB-62003,안장,광진구,2024-08-07 18:33,18
SPB-62003,타이어 ,성동구,2024-08-18 17:19,17
SPB-62007,타이어 ,마포구,2024-08-27 19:12,19
SPB-62016,안장,서대문구,2024-08-07 8:15,8
SPB-62020,안장,노원구,2024-08-06 7:27,7
SPB-62024,안장,강서구,2024-08-06 19:52,19
SPB-62024,체인,양천구,2024-08-16 21:39,21
SPB-62027,타이어 ,양천구,2024-08-21 18:19,18
SPB-62027,페달,영등포구,2024-08-29 15:39,15
SPB-62027,페달,영등포구,2024-08-30 9:04,9
SPB-62029,안장,송파구,2024-08-10 5:56,5
SPB-62029,체인,강동구,2024-08-11 2:14,2
SPB-62029,기타 ,마포구,2024-08-30 15:27,15
SPB-62030,기타 ,강북구,2024-08-23 15:03,15
SPB-62036,안장,송파구,2024-08-16 0:35,0
SPB-62040,안장,영등포구,2024-08-30 8:48,8
SPB-62043,타이어 ,강서구,2024-08-26 9:59,9
SPB-62050,안장,강남구,2024-08-05 18:16,18
SPB-62050,체인,송파구,2024-08-22 23:08,23
SPB-62050,안장,송파구,2024-08-30 18:38,18
SPB-62055,타이어 ,강동구,2024-08-16 1:01,1
SPB-62057,기타 ,성동구,2024-08-26 23:08,23
SPB-62070,체인,강서구,2024-08-20 19:10,19
SPB-62072,타이어 ,강서구,2024-08-19 21:51,21
SPB-62073,체인,영등포구,2024-08-02 8:12,8
SPB-62074,기타 ,송파구,2024-08-21 18:09,18
SPB-62075,기타 ,중랑구,2024-08-07 20:09,20
SPB-62081,타이어 ,강서구,2024-08-08 12:40,12
SPB-62081,단말기,강서구,2024-08-26 20:19,20
SPB-62088,타이어 ,도봉구,2024-08-30 16:36,16
SPB-62099,타이어 ,영등포구,2024-08-30 15:39,15
SPB-62101,기타 ,은평구,2024-08-27 15:46,15
SPB-62108,기타 ,송파구,2024-08-28 22:11,22
SPB-62113,페달,종로구,2024-08-28 15:24,15
SPB-62116,안장,양천구,2024-08-26 22:14,22
SPB-62117,기타 ,성북구,2024-08-04 23:58,23
SPB-62117,체인,광진구,2024-08-14 16:24,16
SPB-62119,타이어 ,성북구,2024-08-20 12:49,12
SPB-62120,페달,노원구,2024-08-06 11:34,11
SPB-62124,타이어 ,강남구,2024-08-20 19:32,19
SPB-62124,체인,강남구,2024-08-22 18:24,18
SPB-62124,페달,서초구,2024-08-27 16:14,16
SPB-62126,체인,노원구,2024-08-22 6:52,6
SPB-62131,타이어 ,노원구,2024-08-03 8:03,8
SPB-62131,타이어 ,노원구,2024-08-30 19:43,19
SPB-62133,타이어 ,용산구,2024-08-05 21:29,21
SPB-62134,안장,양천구,2024-08-25 18:06,18
SPB-62138,체인,구로구,2024-08-04 8:49,8
SPB-62147,기타 ,성동구,2024-08-07 12:05,12
SPB-62147,타이어 ,광진구,2024-08-22 16:21,16
SPB-62147,타이어 ,성동구,2024-08-23 7:38,7
SPB-62153,체인,노원구,2024-08-09 12:52,12
SPB-62158,체인,강동구,2024-08-30 16:21,16
SPB-62167,체인,강남구,2024-08-02 18:00,18
SPB-62167,체인,광진구,2024-08-06 4:03,4
SPB-62169,기타 ,송파구,2024-08-06 18:34,18
SPB-62174,체인,송파구,2024-08-10 11:22,11
SPB-62178,체인,노원구,2024-08-13 8:56,8
SPB-62178,기타 ,도봉구,2024-08-16 17:23,17
SPB-62193,체인,강남구,2024-08-23 7:35,7
SPB-62200,체인,중구,2024-08-19 11:07,11
SPB-62200,체인,마포구,2024-08-20 14:04,14
SPB-62206,타이어 ,양천구,2024-08-20 7:49,7
SPB-62208,안장,송파구,2024-08-01 17:09,17
SPB-62212,페달,은평구,2024-08-06 22:49,22
SPB-62214,체인,은평구,2024-08-03 21:54,21
SPB-62214,기타 ,은평구,2024-08-11 20:17,20
SPB-62216,타이어 ,서초구,2024-08-17 16:20,16
SPB-62223,타이어 ,마포구,2024-08-18 13:36,13
SPB-62239,타이어 ,송파구,2024-08-28 19:24,19
SPB-62239,체인,송파구,2024-08-31 8:49,8
SPB-62247,체인,강남구,2024-08-14 17:41,17
SPB-62247,체인,구로구,2024-08-24 16:03,16
SPB-62255,페달,성동구,2024-08-30 9:17,9
SPB-62261,체인,송파구,2024-08-19 21:23,21
SPB-62270,페달,영등포구,2024-08-23 5:18,5
SPB-62276,타이어 ,성북구,2024-08-09 21:40,21
SPB-62279,체인,성북구,2024-08-31 21:01,21
SPB-62282,타이어 ,강서구,2024-08-04 17:20,17
SPB-62288,체인,동작구,2024-08-05 7:03,7
SPB-62288,체인,마포구,2024-08-06 19:15,19
SPB-62294,단말기,광진구,2024-08-14 13:11,13
SPB-62301,기타 ,강서구,2024-08-16 17:11,17
SPB-62329,타이어 ,중구,2024-08-21 15:08,15
SPB-62330,안장,은평구,2024-08-05 20:01,20
SPB-62330,안장,강남구,2024-08-28 9:56,9
SPB-62333,타이어 ,강서구,2024-08-12 6:59,6
SPB-62334,페달,종로구,2024-08-01 18:21,18
SPB-62334,페달,성북구,2024-08-23 7:15,7
SPB-62334,페달,성북구,2024-08-24 1:16,1
SPB-62337,기타 ,서초구,2024-08-28 18:52,18
SPB-62351,안장,중구,2024-08-26 14:08,14
SPB-62353,안장,관악구,2024-08-03 6:41,6
SPB-62356,체인,강남구,2024-08-13 17:09,17
SPB-62378,안장,광진구,2024-08-23 9:23,9
SPB-62384,타이어 ,영등포구,2024-08-08 18:43,18
SPB-62385,체인,동작구,2024-08-15 11:34,11
SPB-62391,기타 ,강남구,2024-08-02 18:27,18
SPB-62394,타이어 ,성동구,2024-08-31 10:26,10
SPB-62415,안장,구로구,2024-08-28 19:38,19
SPB-62416,기타 ,성동구,2024-08-24 3:28,3
SPB-62446,안장,노원구,2024-08-28 12:58,12
SPB-62450,안장,성동구,2024-08-17 9:35,9
SPB-62450,안장,강동구,2024-08-20 20:05,20
SPB-62456,기타 ,성북구,2024-08-06 18:25,18
SPB-62465,기타 ,광진구,2024-08-07 22:57,22
SPB-62467,안장,영등포구,2024-08-12 8:46,8
SPB-62473,기타 ,서대문구,2024-08-20 22:57,22
SPB-62474,체인,강남구,2024-08-14 17:23,17
SPB-62474,체인,성동구,2024-08-23 8:50,8
SPB-62476,안장,강서구,2024-08-14 7:26,7
SPB-62483,안장,용산구,2024-08-29 8:24,8
SPB-62490,페달,금천구,2024-08-30 9:33,9
SPB-62492,기타 ,송파구,2024-08-12 1:30,1
SPB-62494,체인,용산구,2024-08-23 18:52,18
SPB-62497,타이어 ,마포구,2024-08-30 19:50,19
SPB-62499,기타 ,서초구,2024-08-10 13:04,13
SPB-62500,타이어 ,서초구,2024-08-18 12:56,12
SPB-62513,체인,동작구,2024-08-14 23:53,23
SPB-62513,체인,서초구,2024-08-15 21:24,21
SPB-62514,기타 ,강남구,2024-08-09 17:37,17
SPB-62515,안장,강북구,2024-08-28 20:53,20
SPB-62527,안장,광진구,2024-08-28 23:00,23
SPB-62531,안장,광진구,2024-08-07 18:20,18
SPB-62531,기타 ,강서구,2024-08-28 21:58,21
SPB-62534,체인,광진구,2024-08-08 19:55,19
SPB-62550,안장,성동구,2024-08-26 21:29,21
SPB-62555,체인,노원구,2024-08-14 8:10,8
SPB-62556,안장,강북구,2024-08-07 22:03,22
SPB-62561,타이어 ,용산구,2024-08-07 22:22,22
SPB-62565,기타 ,강서구,2024-08-21 20:27,20
SPB-62565,타이어 ,강서구,2024-08-29 17:45,17
SPB-62579,타이어 ,강동구,2024-08-24 14:13,14
SPB-62581,안장,금천구,2024-08-16 19:17,19
SPB-62582,타이어 ,영등포구,2024-08-05 18:35,18
SPB-62585,안장,마포구,2024-08-31 21:15,21
SPB-62589,체인,동대문구,2024-08-21 18:06,18
SPB-62591,페달,은평구,2024-08-08 12:29,12
SPB-62596,체인,송파구,2024-08-13 7:19,7
SPB-62596,체인,송파구,2024-08-14 8:26,8
SPB-62596,기타 ,강동구,2024-08-16 18:22,18
SPB-62597,기타 ,성동구,2024-08-27 20:29,20
SPB-62605,체인,강서구,2024-08-23 19:16,19
SPB-62614,기타 ,영등포구,2024-08-06 10:54,10
SPB-62614,타이어 ,송파구,2024-08-29 21:25,21
SPB-62615,페달,강남구,2024-08-25 21:50,21
SPB-62615,체인,강남구,2024-08-27 2:11,2
SPB-62615,체인,강남구,2024-08-27 16:58,16
SPB-62617,안장,서초구,2024-08-05 8:55,8
SPB-62617,타이어 ,강동구,2024-08-26 7:46,7
SPB-62617,타이어 ,강동구,2024-08-27 0:54,0
SPB-62617,타이어 ,강동구,2024-08-27 18:37,18
SPB-62617,타이어 ,송파구,2024-08-27 20:45,20
SPB-62618,페달,노원구,2024-08-29 23:46,23
SPB-62620,페달,마포구,2024-08-01 7:21,7
SPB-62620,기타 ,은평구,2024-08-05 20:26,20
SPB-62623,안장,광진구,2024-08-01 18:14,18
SPB-62633,기타 ,서대문구,2024-08-15 0:10,0
SPB-62634,체인,동작구,2024-08-09 8:16,8
SPB-62634,체인,서초구,2024-08-10 9:31,9
SPB-62634,페달,송파구,2024-08-12 12:35,12
SPB-62634,체인,강서구,2024-08-16 14:56,14
SPB-62634,체인,강서구,2024-08-22 10:30,10
SPB-62634,체인,서대문구,2024-08-24 13:37,13
SPB-62635,타이어 ,영등포구,2024-08-30 10:40,10
SPB-62640,안장,금천구,2024-08-12 20:58,20
SPB-62654,기타 ,양천구,2024-08-22 15:19,15
SPB-62672,체인,서초구,2024-08-17 21:42,21
SPB-62673,체인,마포구,2024-08-02 16:22,16
SPB-62679,체인,강북구,2024-08-23 13:10,13
SPB-62681,타이어 ,중구,2024-08-19 19:34,19
SPB-62692,단말기,강동구,2024-08-16 19:07,19
SPB-62692,기타 ,송파구,2024-08-25 9:35,9
SPB-62698,안장,중랑구,2024-08-14 21:19,21
SPB-62702,체인,노원구,2024-08-28 18:34,18
SPB-62702,체인,노원구,2024-08-30 20:22,20
SPB-62706,안장,중구,2024-08-22 21:05,21
SPB-62718,타이어 ,송파구,2024-08-20 7:01,7
SPB-62723,기타 ,영등포구,2024-08-27 15:22,15
SPB-62729,안장,성북구,2024-08-24 14:01,14
SPB-62732,기타 ,마포구,2024-08-04 0:22,0
SPB-62732,기타 ,양천구,2024-08-06 18:30,18
SPB-62738,체인,마포구,2024-08-23 18:22,18
SPB-62742,기타 ,서대문구,2024-08-02 12:22,12
SPB-62743,안장,영등포구,2024-08-29 18:47,18
SPB-62745,타이어 ,강서구,2024-08-05 8:50,8
SPB-62746,타이어 ,노원구,2024-08-13 20:31,20
SPB-62747,타이어 ,강서구,2024-08-08 20:05,20
SPB-62751,페달,동작구,2024-08-27 22:06,22
SPB-62756,안장,서초구,2024-08-08 11:43,11
SPB-62756,기타 ,노원구,2024-08-30 9:08,9
SPB-62758,체인,송파구,2024-08-02 19:20,19
SPB-62759,타이어 ,강서구,2024-08-30 8:01,8
SPB-62761,안장,강남구,2024-08-09 19:05,19
SPB-62776,체인,영등포구,2024-08-13 18:29,18
SPB-62777,페달,광진구,2024-08-28 5:48,5
SPB-62783,안장,양천구,2024-08-20 10:58,10
SPB-62787,페달,금천구,2024-08-31 11:04,11
SPB-62790,안장,강남구,2024-08-04 18:02,18
SPB-62792,타이어 ,성북구,2024-08-25 13:28,13
SPB-62796,기타 ,마포구,2024-08-25 10:20,10
SPB-62800,타이어 ,양천구,2024-08-22 19:01,19
SPB-62805,단말기,광진구,2024-08-27 16:03,16
SPB-62808,타이어 ,강서구,2024-08-28 19:02,19
SPB-62808,타이어 ,강서구,2024-08-31 1:42,1
SPB-62816,안장,성북구,2024-08-27 12:06,12
SPB-62822,체인,동대문구,2024-08-10 13:53,13
SPB-62822,체인,송파구,2024-08-19 9:05,9
SPB-62822,체인,종로구,2024-08-26 8:03,8
SPB-62824,타이어 ,양천구,2024-08-29 19:05,19
SPB-62831,안장,강서구,2024-08-23 21:59,21
SPB-62833,체인,송파구,2024-08-02 7:19,7
SPB-62842,기타 ,마포구,2024-08-12 13:02,13
SPB-62846,체인,강서구,2024-08-07 19:42,19
SPB-62847,안장,강동구,2024-08-27 11:29,11
SPB-62848,타이어 ,노원구,2024-08-07 22:04,22
SPB-62848,타이어 ,영등포구,2024-08-23 7:10,7
SPB-62848,기타 ,양천구,2024-08-25 10:01,10
SPB-62850,안장,송파구,2024-08-31 10:53,10
SPB-62855,체인,양천구,2024-08-10 7:17,7
SPB-62856,단말기,영등포구,2024-08-21 1:16,1
SPB-62861,타이어 ,도봉구,2024-08-14 18:09,18
SPB-62863,체인,노원구,2024-08-01 18:06,18
SPB-62865,페달,영등포구,2024-08-04 14:55,14
SPB-62865,체인,강서구,2024-08-09 22:03,22
SPB-62866,기타 ,강서구,2024-08-13 23:03,23
SPB-62870,페달,강동구,2024-08-13 15:01,15
SPB-62870,페달,송파구,2024-08-15 16:54,16
SPB-62871,타이어 ,마포구,2024-08-22 8:14,8
SPB-62871,체인,마포구,2024-08-31 22:08,22
SPB-62876,체인,강남구,2024-08-19 17:40,17
SPB-62877,단말기,도봉구,2024-08-31 13:11,13
SPB-62880,타이어 ,노원구,2024-08-17 18:20,18
SPB-62883,페달,노원구,2024-08-09 20:35,20
SPB-62884,체인,송파구,2024-08-14 22:34,22
SPB-62885,타이어 ,강서구,2024-08-23 14:49,14
SPB-62887,체인,영등포구,2024-08-20 21:31,21
SPB-62900,페달,구로구,2024-08-26 23:14,23
SPB-62910,안장,구로구,2024-08-19 14:01,14
SPB-62910,안장,서초구,2024-08-24 21:47,21
SPB-62911,타이어 ,중구,2024-08-27 7:58,7
SPB-62913,체인,양천구,2024-08-30 22:18,22
SPB-62914,타이어 ,강서구,2024-08-27 11:31,11
SPB-62917,체인,송파구,2024-08-30 9:01,9
SPB-62921,페달,관악구,2024-08-21 21:37,21
SPB-62921,페달,강서구,2024-08-28 11:47,11
SPB-62921,페달,강서구,2024-08-28 15:07,15
SPB-62923,타이어 ,동대문구,2024-08-29 8:26,8
SPB-62926,기타 ,서초구,2024-08-16 18:30,18
SPB-62943,페달,노원구,2024-08-04 10:59,10
SPB-62943,페달,도봉구,2024-08-05 0:30,0
SPB-62943,체인,도봉구,2024-08-05 19:13,19
SPB-62943,페달,종로구,2024-08-18 22:53,22
SPB-62944,안장,구로구,2024-08-13 12:14,12
SPB-62946,단말기,성동구,2024-08-09 12:10,12
SPB-62949,기타 ,강동구,2024-08-14 18:55,18
SPB-62952,타이어 ,송파구,2024-08-13 3:30,3
SPB-62953,안장,성북구,2024-08-02 8:06,8
SPB-62953,타이어 ,도봉구,2024-08-13 15:22,15
SPB-62957,타이어 ,강서구,2024-08-06 15:19,15
SPB-62958,타이어 ,중랑구,2024-08-10 10:46,10
SPB-62958,체인,동대문구,2024-08-20 0:53,0
SPB-62958,체인,용산구,2024-08-31 12:54,12
SPB-62959,안장,성북구,2024-08-16 19:18,19
SPB-62960,기타 ,강서구,2024-08-23 17:29,17
SPB-62961,타이어 ,성동구,2024-08-27 16:49,16
SPB-62962,타이어 ,용산구,2024-08-01 22:33,22
SPB-62969,페달,송파구,2024-08-02 8:53,8
SPB-62970,안장,동작구,2024-08-20 21:18,21
SPB-62970,기타 ,마포구,2024-08-25 12:51,12
SPB-62972,페달,강남구,2024-08-14 13:56,13
SPB-62977,기타 ,광진구,2024-08-28 20:15,20
SPB-62980,페달,강동구,2024-08-16 6:32,6
SPB-62981,기타 ,관악구,2024-08-19 20:14,20
SPB-62988,기타 ,송파구,2024-08-03 21:10,21
SPB-62988,체인,송파구,2024-08-18 14:11,14
SPB-62988,페달,송파구,2024-08-25 14:03,14
SPB-62990,타이어 ,구로구,2024-08-19 8:45,8
SPB-62993,체인,중랑구,2024-08-22 19:16,19
SPB-62995,기타 ,송파구,2024-08-11 19:31,19
SPB-62995,기타 ,강남구,2024-08-27 7:37,7
SPB-62996,페달,광진구,2024-08-19 20:31,20
SPB-62996,체인,송파구,2024-08-28 18:39,18
SPB-62997,타이어 ,강서구,2024-08-18 7:33,7
SPB-62997,페달,영등포구,2024-08-29 18:19,18
SPB-63000,안장,중구,2024-08-13 14:17,14
SPB-63024,단말기,영등포구,2024-08-20 20:27,20
SPB-63030,타이어 ,영등포구,2024-08-08 7:55,7
SPB-63030,타이어 ,영등포구,2024-08-09 9:57,9
SPB-63032,안장,마포구,2024-08-18 21:40,21
SPB-63032,안장,마포구,2024-08-26 18:05,18
SPB-63034,기타 ,마포구,2024-08-27 19:27,19
SPB-63035,체인,양천구,2024-08-17 18:03,18
SPB-63036,타이어 ,노원구,2024-08-24 18:19,18
SPB-63037,기타 ,성동구,2024-08-20 10:13,10
SPB-63040,기타 ,강동구,2024-08-14 4:05,4
SPB-63042,기타 ,강남구,2024-08-23 20:08,20
SPB-63043,기타 ,금천구,2024-08-06 20:31,20
SPB-63044,체인,영등포구,2024-08-25 14:10,14
SPB-63053,타이어 ,중랑구,2024-08-05 20:45,20
SPB-63059,체인,성동구,2024-08-28 9:04,9
SPB-63071,타이어 ,노원구,2024-08-06 16:59,16
SPB-63075,안장,강동구,2024-08-15 16:09,16
SPB-63077,기타 ,구로구,2024-08-13 6:46,6
SPB-63077,체인,마포구,2024-08-29 18:50,18
SPB-63085,타이어 ,서대문구,2024-08-16 2:11,2
SPB-63090,기타 ,영등포구,2024-08-31 14:49,14
SPB-63093,타이어 ,강서구,2024-08-08 18:53,18
SPB-63093,타이어 ,강서구,2024-08-08 20:26,20
SPB-63093,타이어 ,강서구,2024-08-12 8:42,8
SPB-63094,타이어 ,강서구,2024-08-12 19:36,19
SPB-63094,타이어 ,강서구,2024-08-14 7:44,7
SPB-63102,타이어 ,영등포구,2024-08-26 8:23,8
SPB-63114,기타 ,마포구,2024-08-23 21:35,21
SPB-63115,타이어 ,송파구,2024-08-24 15:13,15
SPB-63122,타이어 ,종로구,2024-08-18 17:49,17
SPB-63125,안장,성동구,2024-08-16 18:25,18
SPB-63131,체인,성동구,2024-08-30 19:12,19
SPB-63136,체인,송파구,2024-08-01 9:43,9
SPB-63136,타이어 ,용산구,2024-08-18 21:38,21
SPB-63141,타이어 ,강서구,2024-08-04 14:00,14
SPB-63142,안장,송파구,2024-08-28 8:43,8
SPB-63146,페달,강동구,2024-08-11 10:03,10
SPB-63146,타이어 ,강남구,2024-08-15 23:26,23
SPB-63148,기타 ,노원구,2024-08-13 19:26,19
SPB-63151,체인,송파구,2024-08-12 10:07,10
SPB-63156,체인,강서구,2024-08-23 6:29,6
SPB-63160,기타 ,영등포구,2024-08-30 14:23,14
SPB-63161,타이어 ,영등포구,2024-08-31 19:14,19
SPB-63162,안장,중랑구,2024-08-29 16:13,16
SPB-63164,단말기,영등포구,2024-08-06 16:58,16
SPB-63166,타이어 ,구로구,2024-08-24 19:29,19
SPB-63167,기타 ,광진구,2024-08-26 10:37,10
SPB-63175,타이어 ,동작구,2024-08-04 17:05,17
SPB-63176,타이어 ,서대문구,2024-08-24 2:11,2
SPB-63183,타이어 ,강서구,2024-08-30 8:18,8
SPB-63189,기타 ,성동구,2024-08-02 3:28,3
SPB-63189,타이어 ,강남구,2024-08-17 18:18,18
SPB-63190,타이어 ,영등포구,2024-08-14 6:57,6
SPB-63193,체인,강동구,2024-08-01 8:26,8
SPB-63195,페달,송파구,2024-08-16 12:16,12
SPB-63195,체인,종로구,2024-08-26 18:07,18
SPB-63195,체인,서대문구,2024-08-28 2:45,2
SPB-63196,타이어 ,송파구,2024-08-24 16:29,16
SPB-63201,타이어 ,영등포구,2024-08-28 21:25,21
SPB-63210,타이어 ,노원구,2024-08-22 7:22,7
SPB-63211,페달,동작구,2024-08-13 17:25,17
SPB-63211,기타 ,관악구,2024-08-28 20:21,20
SPB-63212,체인,종로구,2024-08-08 21:56,21
SPB-63212,체인,종로구,2024-08-09 9:56,9
SPB-63221,체인,송파구,2024-08-02 12:46,12
SPB-63221,타이어 ,용산구,2024-08-12 21:27,21
SPB-63222,기타 ,강동구,2024-08-10 15:32,15
SPB-63232,타이어 ,마포구,2024-08-11 22:19,22
SPB-63233,타이어 ,서대문구,2024-08-29 18:16,18
SPB-63236,안장,구로구,2024-08-03 18:31,18
SPB-63250,타이어 ,성동구,2024-08-05 18:40,18
SPB-63250,체인,마포구,2024-08-26 20:33,20
SPB-63252,타이어 ,동대문구,2024-08-11 21:57,21
SPB-63253,타이어 ,영등포구,2024-08-20 18:32,18
SPB-63256,타이어 ,종로구,2024-08-27 17:44,17
SPB-63259,기타 ,종로구,2024-08-06 8:13,8
SPB-63260,타이어 ,강남구,2024-08-14 21:31,21
SPB-63263,타이어 ,금천구,2024-08-29 18:03,18
SPB-63274,기타 ,양천구,2024-08-13 12:00,12
SPB-63275,기타 ,구로구,2024-08-29 9:04,9
SPB-63276,타이어 ,성북구,2024-08-27 19:59,19
SPB-63276,타이어 ,성북구,2024-08-29 16:43,16
SPB-63277,기타 ,중랑구,2024-08-20 20:27,20
SPB-63282,타이어 ,구로구,2024-08-30 17:16,17
SPB-63285,타이어 ,도봉구,2024-08-22 19:23,19
SPB-63305,안장,관악구,2024-08-03 7:30,7
SPB-63306,체인,금천구,2024-08-18 21:47,21
SPB-63308,타이어 ,강서구,2024-08-09 15:19,15
SPB-63311,타이어 ,동대문구,2024-08-25 13:16,13
SPB-63312,단말기,강서구,2024-08-11 14:27,14
SPB-63313,타이어 ,성북구,2024-08-07 19:38,19
SPB-63315,기타 ,은평구,2024-08-19 8:10,8
SPB-63315,타이어 ,마포구,2024-08-23 20:12,20
SPB-63322,체인,강남구,2024-08-09 21:10,21
SPB-63322,타이어 ,강동구,2024-08-21 19:18,19
SPB-63323,타이어 ,영등포구,2024-08-16 21:38,21
SPB-63324,체인,영등포구,2024-08-24 16:44,16
SPB-63333,타이어 ,송파구,2024-08-24 8:38,8
SPB-63335,타이어 ,강동구,2024-08-11 8:24,8
SPB-63339,기타 ,종로구,2024-08-07 21:12,21
SPB-63339,타이어 ,동대문구,2024-08-09 13:25,13
SPB-63356,타이어 ,구로구,2024-08-06 8:42,8
SPB-63357,체인,송파구,2024-08-19 10:05,10
SPB-63363,체인,영등포구,2024-08-27 8:47,8
SPB-63368,체인,종로구,2024-08-15 17:14,17
SPB-63373,단말기,송파구,2024-08-02 19:58,19
SPB-63373,페달,노원구,2024-08-19 8:52,8
SPB-63374,체인,강동구,2024-08-14 8:21,8
SPB-63378,기타 ,강동구,2024-08-02 21:56,21
SPB-63384,기타 ,광진구,2024-08-12 19:41,19
SPB-63385,체인,성동구,2024-08-06 21:33,21
SPB-63392,체인,강동구,2024-08-12 16:19,16
SPB-63394,기타 ,중구,2024-08-27 18:28,18
SPB-63394,기타 ,용산구,2024-08-29 17:45,17
SPB-63395,타이어 ,금천구,2024-08-20 18:32,18
SPB-63403,단말기,노원구,2024-08-05 11:14,11
SPB-63404,안장,송파구,2024-08-03 19:58,19
SPB-63407,기타 ,강동구,2024-08-17 19:52,19
SPB-63407,타이어 ,강동구,2024-08-19 16:52,16
SPB-63420,기타 ,강남구,2024-08-17 19:19,19
SPB-63429,타이어 ,동대문구,2024-08-20 8:08,8
SPB-63445,타이어 ,강서구,2024-08-23 20:13,20
SPB-63447,체인,광진구,2024-08-19 9:31,9
SPB-63448,기타 ,도봉구,2024-08-08 0:46,0
SPB-63448,페달,강북구,2024-08-15 23:49,23
SPB-63455,타이어 ,구로구,2024-08-08 11:58,11
SPB-63458,체인,관악구,2024-08-10 22:34,22
SPB-63458,타이어 ,마포구,2024-08-19 5:38,5
SPB-63464,타이어 ,강서구,2024-08-21 18:16,18
SPB-63466,타이어 ,중구,2024-08-16 7:11,7
SPB-63469,타이어 ,서초구,2024-08-05 21:07,21
SPB-63475,기타 ,동대문구,2024-08-26 13:37,13
SPB-63475,안장,동대문구,2024-08-29 10:26,10
SPB-63484,타이어 ,관악구,2024-08-20 9:19,9
SPB-63485,기타 ,양천구,2024-08-13 10:11,10
SPB-63485,타이어 ,강서구,2024-08-29 19:01,19
SPB-63488,기타 ,영등포구,2024-08-20 22:29,22
SPB-63493,안장,은평구,2024-08-07 8:59,8
SPB-63494,기타 ,마포구,2024-08-29 15:38,15
SPB-63498,체인,강동구,2024-08-06 13:13,13
SPB-63505,안장,서초구,2024-08-07 13:20,13
SPB-63505,기타 ,중랑구,2024-08-25 10:28,10
SPB-63505,체인,노원구,2024-08-30 1:13,1
SPB-63508,기타 ,구로구,2024-08-25 23:53,23
SPB-63509,체인,강북구,2024-08-25 4:23,4
SPB-63510,타이어 ,송파구,2024-08-28 19:17,19
SPB-63512,타이어 ,은평구,2024-08-07 22:55,22
SPB-63521,체인,영등포구,2024-08-20 14:21,14
SPB-63534,타이어 ,관악구,2024-08-11 23:36,23
SPB-63534,타이어 ,관악구,2024-08-12 20:15,20
SPB-63535,기타 ,노원구,2024-08-24 16:59,16
SPB-63537,체인,동작구,2024-08-01 22:52,22
SPB-63538,기타 ,양천구,2024-08-10 6:37,6
SPB-63540,타이어 ,서초구,2024-08-11 21:35,21
SPB-63546,안장,노원구,2024-08-16 1:08,1
SPB-63551,안장,용산구,2024-08-02 9:21,9
SPB-63551,안장,송파구,2024-08-16 2:13,2
SPB-63551,타이어 ,송파구,2024-08-25 11:11,11
SPB-63556,타이어 ,영등포구,2024-08-18 16:51,16
SPB-63567,타이어 ,영등포구,2024-08-24 0:11,0
SPB-63567,타이어 ,구로구,2024-08-31 0:18,0
SPB-63574,기타 ,노원구,2024-08-30 19:28,19
SPB-63575,안장,광진구,2024-08-13 18:07,18
SPB-63577,단말기,노원구,2024-08-16 8:00,8
SPB-63579,타이어 ,마포구,2024-08-12 14:04,14
SPB-63580,타이어 ,영등포구,2024-08-16 18:42,18
SPB-63581,체인,광진구,2024-08-02 17:46,17
SPB-63586,기타 ,관악구,2024-08-23 21:33,21
SPB-63588,안장,영등포구,2024-08-27 8:43,8
SPB-63589,타이어 ,중랑구,2024-08-11 17:01,17
SPB-63594,타이어 ,양천구,2024-08-03 10:35,10
SPB-63603,기타 ,금천구,2024-08-18 10:06,10
SPB-63629,타이어 ,송파구,2024-08-20 1:20,1
SPB-63630,타이어 ,은평구,2024-08-11 17:38,17
SPB-63636,타이어 ,송파구,2024-08-19 10:37,10
SPB-63637,체인,용산구,2024-08-03 0:04,0
SPB-63640,기타 ,서초구,2024-08-03 20:20,20
SPB-63641,타이어 ,강동구,2024-08-17 18:07,18
SPB-63641,타이어 ,중구,2024-08-22 18:50,18
SPB-63643,안장,강서구,2024-08-12 14:39,14
SPB-63649,타이어 ,양천구,2024-08-19 18:52,18
SPB-63650,타이어 ,강서구,2024-08-29 19:01,19
SPB-63650,타이어 ,강서구,2024-08-31 10:25,10
SPB-63651,체인,동대문구,2024-08-27 7:49,7
SPB-63662,타이어 ,양천구,2024-08-11 14:12,14
SPB-63663,타이어 ,노원구,2024-08-06 11:29,11
SPB-63664,기타 ,도봉구,2024-08-04 20:21,20
SPB-63669,타이어 ,송파구,2024-08-01 7:39,7
SPB-63672,타이어 ,성동구,2024-08-04 14:20,14
SPB-63673,기타 ,강서구,2024-08-28 8:32,8
SPB-63678,타이어 ,구로구,2024-08-07 7:11,7
SPB-63678,체인,서대문구,2024-08-28 8:20,8
SPB-63682,기타 ,서대문구,2024-08-05 5:10,5
SPB-63687,체인,동대문구,2024-08-09 20:22,20
SPB-63693,타이어 ,용산구,2024-08-07 18:28,18
SPB-63695,안장,은평구,2024-08-27 10:47,10
SPB-63697,타이어 ,금천구,2024-08-28 17:12,17
SPB-63707,기타 ,노원구,2024-08-17 21:00,21
SPB-63708,체인,강서구,2024-08-30 22:36,22
SPB-63713,타이어 ,도봉구,2024-08-29 10:03,10
SPB-63717,타이어 ,중구,2024-08-27 20:04,20
SPB-63720,타이어 ,영등포구,2024-08-04 7:00,7
SPB-63724,타이어 ,중랑구,2024-08-21 0:53,0
SPB-63726,타이어 ,은평구,2024-08-31 21:22,21
SPB-63728,기타 ,성북구,2024-08-11 21:43,21
SPB-63729,타이어 ,송파구,2024-08-09 2:36,2
SPB-63734,체인,강서구,2024-08-07 11:08,11
SPB-63738,타이어 ,성동구,2024-08-26 20:48,20
SPB-63739,타이어 ,마포구,2024-08-07 7:27,7
SPB-63743,타이어 ,광진구,2024-08-09 11:33,11
SPB-63743,체인,강남구,2024-08-20 16:38,16
SPB-63746,타이어 ,용산구,2024-08-06 16:06,16
SPB-63754,단말기,양천구,2024-08-05 7:31,7
SPB-63754,체인,양천구,2024-08-06 17:56,17
SPB-63755,기타 ,양천구,2024-08-07 17:21,17
SPB-63761,타이어 ,동대문구,2024-08-27 12:45,12
SPB-63761,타이어 ,동대문구,2024-08-27 12:50,12
SPB-63765,체인,서초구,2024-08-20 13:33,13
SPB-63768,기타 ,강서구,2024-08-29 22:10,22
SPB-63770,안장,강동구,2024-08-02 20:57,20
SPB-63774,타이어 ,강서구,2024-08-10 22:44,22
SPB-63775,기타 ,영등포구,2024-08-03 2:11,2
SPB-63777,타이어 ,광진구,2024-08-22 8:43,8
SPB-63778,타이어 ,구로구,2024-08-04 8:10,8
SPB-63782,기타 ,양천구,2024-08-17 14:37,14
SPB-63792,타이어 ,용산구,2024-08-25 12:03,12
SPB-63793,타이어 ,광진구,2024-08-16 7:36,7
SPB-63795,단말기,마포구,2024-08-25 20:53,20
SPB-63796,페달,강서구,2024-08-01 17:33,17
SPB-63800,타이어 ,서대문구,2024-08-12 6:34,6
SPB-63800,타이어 ,마포구,2024-08-18 15:39,15
SPB-63801,기타 ,영등포구,2024-08-05 17:53,17
SPB-63807,페달,강서구,2024-08-16 22:26,22
SPB-63808,기타 ,영등포구,2024-08-13 18:13,18
SPB-63813,타이어 ,도봉구,2024-08-04 20:51,20
SPB-63817,타이어 ,도봉구,2024-08-07 18:51,18
SPB-63822,페달,송파구,2024-08-15 22:14,22
SPB-63829,안장,동작구,2024-08-04 16:19,16
SPB-63837,기타 ,중구,2024-08-12 8:20,8
SPB-63838,기타 ,중랑구,2024-08-09 20:52,20
SPB-63839,타이어 ,강동구,2024-08-07 14:50,14
SPB-63845,타이어 ,금천구,2024-08-19 9:18,9
SPB-63846,안장,성동구,2024-08-12 18:46,18
SPB-63850,기타 ,성동구,2024-08-22 19:00,19
SPB-63851,타이어 ,동작구,2024-08-30 22:43,22
SPB-63853,기타 ,강북구,2024-08-04 14:40,14
SPB-63858,기타 ,양천구,2024-08-05 16:50,16
SPB-63859,타이어 ,노원구,2024-08-14 17:47,17
SPB-63862,체인,종로구,2024-08-20 12:12,12
SPB-63863,타이어 ,강서구,2024-08-16 9:34,9
SPB-63871,타이어 ,중구,2024-08-07 8:34,8
SPB-63872,타이어 ,송파구,2024-08-25 17:16,17
SPB-63872,타이어 ,강동구,2024-08-27 9:35,9
SPB-63872,타이어 ,강동구,2024-08-28 8:08,8
SPB-63873,타이어 ,종로구,2024-08-23 18:21,18
SPB-63873,타이어 ,중구,2024-08-23 19:58,19
SPB-63873,타이어 ,종로구,2024-08-26 21:17,21
SPB-63876,안장,마포구,2024-08-29 20:51,20
SPB-63885,단말기,노원구,2024-08-06 11:36,11
SPB-63885,단말기,노원구,2024-08-06 16:37,16
SPB-63886,기타 ,양천구,2024-08-28 22:44,22
SPB-63888,타이어 ,동작구,2024-08-28 17:37,17
SPB-63889,기타 ,중구,2024-08-20 17:58,17
SPB-63900,타이어 ,영등포구,2024-08-26 23:10,23
SPB-63902,타이어 ,강서구,2024-08-05 20:50,20
SPB-63902,기타 ,영등포구,2024-08-26 19:30,19
SPB-63907,타이어 ,영등포구,2024-08-23 13:08,13
SPB-63916,타이어 ,영등포구,2024-08-06 19:19,19
SPB-63929,안장,용산구,2024-08-06 20:40,20
SPB-63929,안장,도봉구,2024-08-30 8:49,8
SPB-63931,기타 ,강서구,2024-08-16 19:10,19
SPB-63932,타이어 ,동대문구,2024-08-14 3:19,3
SPB-63934,타이어 ,강서구,2024-08-26 8:02,8
SPB-63939,기타 ,서대문구,2024-08-01 11:25,11
SPB-63945,타이어 ,강서구,2024-08-20 6:56,6
SPB-63946,안장,노원구,2024-08-12 19:06,19
SPB-63947,타이어 ,양천구,2024-08-01 13:21,13
SPB-63949,타이어 ,도봉구,2024-08-18 13:28,13
SPB-63956,타이어 ,동작구,2024-08-26 7:58,7
SPB-63957,타이어 ,금천구,2024-08-22 18:24,18
SPB-63963,안장,구로구,2024-08-03 14:35,14
SPB-63963,타이어 ,관악구,2024-08-19 19:57,19
SPB-63967,단말기,강동구,2024-08-08 19:13,19
SPB-63972,타이어 ,동대문구,2024-08-08 13:26,13
SPB-63975,기타 ,영등포구,2024-08-14 9:41,9
SPB-63982,페달,성북구,2024-08-17 15:59,15
SPB-63983,체인,광진구,2024-08-30 17:44,17
SPB-63985,체인,송파구,2024-08-31 19:57,19
SPB-63993,타이어 ,강남구,2024-08-17 18:04,18
SPB-63994,타이어 ,마포구,2024-08-27 17:08,17
SPB-63998,기타 ,성동구,2024-08-19 19:10,19
SPB-64005,타이어 ,영등포구,2024-08-23 21:19,21
SPB-64008,단말기,구로구,2024-08-17 12:54,12
SPB-64023,기타 ,동대문구,2024-08-30 8:51,8
SPB-64025,타이어 ,도봉구,2024-08-18 1:08,1
SPB-64026,타이어 ,은평구,2024-08-17 11:17,11
SPB-64027,기타 ,관악구,2024-08-16 8:21,8
SPB-64028,기타 ,성북구,2024-08-31 4:54,4
SPB-64034,타이어 ,영등포구,2024-08-12 22:43,22
SPB-64037,타이어 ,관악구,2024-08-31 14:33,14
SPB-64043,타이어 ,송파구,2024-08-18 18:23,18
SPB-64043,타이어 ,송파구,2024-08-19 18:38,18
SPB-64045,타이어 ,강서구,2024-08-25 21:05,21
SPB-64051,안장,구로구,2024-08-13 9:22,9
SPB-64057,체인,강서구,2024-08-19 7:31,7
SPB-64069,타이어 ,양천구,2024-08-28 9:09,9
SPB-64070,기타 ,송파구,2024-08-23 20:07,20
SPB-64071,타이어 ,송파구,2024-08-14 10:14,10
SPB-64074,타이어 ,중랑구,2024-08-31 21:38,21
SPB-64076,기타 ,송파구,2024-08-04 21:20,21
SPB-64081,타이어 ,광진구,2024-08-29 0:45,0
SPB-64082,타이어 ,마포구,2024-08-28 6:04,6
SPB-64083,기타 ,강서구,2024-08-24 14:09,14
SPB-64089,기타 ,관악구,2024-08-16 16:14,16
SPB-64091,페달,도봉구,2024-08-22 5:38,5
SPB-64093,기타 ,양천구,2024-08-19 21:04,21
SPB-64094,체인,강남구,2024-08-31 15:42,15
SPB-64097,타이어 ,금천구,2024-08-09 8:02,8
SPB-64099,타이어 ,중랑구,2024-08-19 21:10,21
SPB-64105,기타 ,성동구,2024-08-06 14:34,14
SPB-64109,타이어 ,서대문구,2024-08-28 20:10,20
SPB-64115,안장,서초구,2024-08-09 9:36,9
SPB-64115,체인,동대문구,2024-08-24 20:54,20
SPB-64122,타이어 ,노원구,2024-08-01 21:02,21
SPB-64127,타이어 ,영등포구,2024-08-05 8:20,8
SPB-64128,단말기,송파구,2024-08-12 8:23,8
SPB-64128,기타 ,송파구,2024-08-29 21:03,21
SPB-64130,타이어 ,양천구,2024-08-17 21:50,21
SPB-64131,기타 ,중구,2024-08-06 18:56,18
SPB-64131,기타 ,서대문구,2024-08-09 5:39,5
SPB-64137,체인,마포구,2024-08-23 8:19,8
SPB-64140,타이어 ,양천구,2024-08-06 20:13,20
SPB-64140,타이어 ,송파구,2024-08-16 5:42,5
SPB-64141,기타 ,마포구,2024-08-07 18:47,18
SPB-64150,페달,성동구,2024-08-10 7:29,7
SPB-64153,안장,노원구,2024-08-30 8:36,8
SPB-64155,기타 ,강동구,2024-08-27 21:38,21
SPB-64159,체인,강남구,2024-08-03 18:46,18
SPB-64159,체인,마포구,2024-08-10 20:05,20
SPB-64159,타이어 ,마포구,2024-08-14 17:10,17
SPB-64165,체인,광진구,2024-08-28 17:48,17
SPB-64166,기타 ,강서구,2024-08-15 3:27,3
SPB-64166,타이어 ,은평구,2024-08-23 12:18,12
SPB-64170,타이어 ,중랑구,2024-08-26 14:10,14
SPB-64171,체인,마포구,2024-08-24 21:00,21
SPB-64174,기타 ,서초구,2024-08-01 6:48,6
SPB-64174,타이어 ,금천구,2024-08-16 2:45,2
SPB-64175,기타 ,동대문구,2024-08-31 23:54,23
SPB-64177,기타 ,노원구,2024-08-02 8:07,8
SPB-64177,안장,강남구,2024-08-18 6:40,6
SPB-64179,타이어 ,광진구,2024-08-02 11:05,11
SPB-64181,타이어 ,도봉구,2024-08-16 16:57,16
SPB-64182,체인,양천구,2024-08-06 11:35,11
SPB-64187,기타 ,마포구,2024-08-25 12:41,12
SPB-64191,안장,종로구,2024-08-30 5:27,5
SPB-64192,타이어 ,양천구,2024-08-28 8:20,8
SPB-64197,기타 ,동작구,2024-08-22 18:45,18
SPB-64198,타이어 ,성동구,2024-08-07 1:18,1
SPB-64203,기타 ,강서구,2024-08-30 20:59,20
SPB-64208,타이어 ,성북구,2024-08-01 18:09,18
SPB-64216,타이어 ,강북구,2024-08-23 15:06,15
SPB-64217,체인,강동구,2024-08-29 22:39,22
SPB-64217,기타 ,송파구,2024-08-30 20:12,20
SPB-64220,체인,송파구,2024-08-14 20:12,20
SPB-64224,기타 ,구로구,2024-08-07 7:48,7
SPB-64224,단말기,영등포구,2024-08-16 18:44,18
SPB-64224,기타 ,영등포구,2024-08-19 8:03,8
SPB-64232,기타 ,동대문구,2024-08-06 14:49,14
SPB-64240,페달,영등포구,2024-08-09 8:26,8
SPB-64240,페달,강동구,2024-08-13 18:06,18
SPB-64246,타이어 ,동작구,2024-08-16 16:08,16
SPB-64248,기타 ,종로구,2024-08-17 14:04,14
SPB-64249,기타 ,성북구,2024-08-09 23:54,23
SPB-64255,기타 ,마포구,2024-08-28 15:24,15
SPB-64261,기타 ,구로구,2024-08-22 8:15,8
SPB-64264,체인,은평구,2024-08-09 7:11,7
SPB-64265,타이어 ,노원구,2024-08-09 8:30,8
SPB-64265,타이어 ,종로구,2024-08-30 11:29,11
SPB-64269,기타 ,송파구,2024-08-14 20:34,20
SPB-64269,기타 ,강서구,2024-08-26 18:12,18
SPB-64270,기타 ,강남구,2024-08-14 16:38,16
SPB-64282,체인,노원구,2024-08-11 17:43,17
SPB-64282,체인,도봉구,2024-08-30 17:33,17
SPB-64283,기타 ,강서구,2024-08-07 13:49,13
SPB-64283,기타 ,강서구,2024-08-12 7:34,7
SPB-64283,타이어 ,영등포구,2024-08-16 17:12,17
SPB-64287,안장,구로구,2024-08-01 14:14,14
SPB-64290,단말기,노원구,2024-08-31 1:45,1
SPB-64291,기타 ,구로구,2024-08-28 18:59,18
SPB-64297,타이어 ,송파구,2024-08-29 6:27,6
SPB-64300,타이어 ,성동구,2024-08-15 6:53,6
SPB-64305,기타 ,강동구,2024-08-09 12:39,12
SPB-64306,기타 ,중랑구,2024-08-02 13:03,13
SPB-64308,타이어 ,관악구,2024-08-05 18:31,18
SPB-64310,안장,강서구,2024-08-07 8:13,8
SPB-64314,타이어 ,광진구,2024-08-26 11:51,11
SPB-64319,체인,종로구,2024-08-27 22:27,22
SPB-64320,체인,성동구,2024-08-08 21:51,21
SPB-64323,체인,강남구,2024-08-26 6:28,6
SPB-64332,안장,금천구,2024-08-19 11:27,11
SPB-64337,타이어 ,영등포구,2024-08-27 22:10,22
SPB-64340,페달,동작구,2024-08-26 5:09,5
SPB-64344,타이어 ,강남구,2024-08-01 18:57,18
SPB-64344,타이어 ,강남구,2024-08-02 19:49,19
SPB-64344,기타 ,서초구,2024-08-14 17:32,17
SPB-64347,안장,마포구,2024-08-04 19:52,19
SPB-64350,타이어 ,관악구,2024-08-06 18:20,18
SPB-64350,체인,금천구,2024-08-13 12:43,12
SPB-64361,타이어 ,강남구,2024-08-03 13:33,13
SPB-64361,타이어 ,영등포구,2024-08-10 15:26,15
SPB-64361,타이어 ,영등포구,2024-08-11 12:21,12
SPB-64361,페달,영등포구,2024-08-12 20:48,20
SPB-64361,타이어 ,은평구,2024-08-14 1:03,1
SPB-64361,타이어 ,은평구,2024-08-15 11:59,11
SPB-64363,타이어 ,영등포구,2024-08-18 9:26,9
SPB-64364,타이어 ,강동구,2024-08-23 12:45,12
SPB-64367,타이어 ,양천구,2024-08-14 14:09,14
SPB-64378,기타 ,금천구,2024-08-03 14:52,14
SPB-64379,기타 ,송파구,2024-08-14 18:36,18
SPB-64379,기타 ,강동구,2024-08-20 21:22,21
SPB-64385,안장,강서구,2024-08-09 17:24,17
SPB-64389,기타 ,양천구,2024-08-03 18:34,18
SPB-64389,기타 ,용산구,2024-08-20 7:54,7
SPB-64391,체인,성동구,2024-08-20 17:18,17
SPB-64392,안장,도봉구,2024-08-23 22:50,22
SPB-64393,체인,영등포구,2024-08-03 21:55,21
SPB-64393,타이어 ,양천구,2024-08-23 18:12,18
SPB-64393,타이어 ,영등포구,2024-08-28 17:49,17
SPB-64394,안장,영등포구,2024-08-01 19:11,19
SPB-64394,기타 ,강남구,2024-08-29 20:35,20
SPB-64396,타이어 ,은평구,2024-08-08 22:50,22
SPB-64401,안장,동작구,2024-08-27 6:00,6
SPB-64406,기타 ,송파구,2024-08-16 8:51,8
SPB-64415,타이어 ,영등포구,2024-08-29 17:10,17
SPB-64417,안장,관악구,2024-08-12 0:05,0
SPB-64427,타이어 ,동대문구,2024-08-29 8:31,8
SPB-64428,타이어 ,구로구,2024-08-31 12:47,12
SPB-64436,기타 ,성동구,2024-08-19 9:59,9
SPB-64436,안장,서대문구,2024-08-28 0:38,0
SPB-64436,안장,마포구,2024-08-28 23:07,23
SPB-64440,기타 ,강남구,2024-08-31 16:26,16
SPB-64445,기타 ,양천구,2024-08-01 16:57,16
SPB-64446,타이어 ,용산구,2024-08-28 17:23,17
SPB-64449,타이어 ,영등포구,2024-08-16 18:31,18
SPB-64449,페달,성동구,2024-08-27 16:32,16
SPB-64452,단말기,영등포구,2024-08-14 19:22,19
SPB-64454,타이어 ,서대문구,2024-08-28 18:56,18
SPB-64455,타이어 ,동대문구,2024-08-02 10:26,10
SPB-64462,타이어 ,송파구,2024-08-20 19:24,19
SPB-64465,기타 ,용산구,2024-08-31 16:30,16
SPB-64468,안장,종로구,2024-08-03 14:51,14
SPB-64468,안장,마포구,2024-08-09 12:03,12
SPB-64471,안장,영등포구,2024-08-06 7:55,7
SPB-64473,타이어 ,마포구,2024-08-13 17:09,17
SPB-64475,타이어 ,강남구,2024-08-10 21:10,21
SPB-64476,타이어 ,양천구,2024-08-16 5:12,5
SPB-64482,기타 ,금천구,2024-08-12 7:55,7
SPB-64484,안장,종로구,2024-08-09 20:06,20
SPB-64484,안장,종로구,2024-08-10 21:57,21
SPB-64485,기타 ,영등포구,2024-08-07 20:06,20
SPB-64487,페달,금천구,2024-08-06 20:16,20
SPB-64487,체인,영등포구,2024-08-20 17:59,17
SPB-64487,타이어 ,영등포구,2024-08-26 11:44,11
SPB-64487,체인,구로구,2024-08-31 9:45,9
SPB-64490,타이어 ,중랑구,2024-08-20 18:09,18
SPB-64494,타이어 ,양천구,2024-08-06 7:43,7
SPB-64501,타이어 ,은평구,2024-08-11 19:08,19
SPB-64508,타이어 ,동대문구,2024-08-07 9:33,9
SPB-64509,안장,강서구,2024-08-09 8:39,8
SPB-64510,타이어 ,양천구,2024-08-29 13:29,13
SPB-64512,체인,은평구,2024-08-01 3:30,3
SPB-64513,타이어 ,노원구,2024-08-19 8:47,8
SPB-64521,타이어 ,서초구,2024-08-18 19:45,19
SPB-64521,타이어 ,송파구,2024-08-20 7:15,7
SPB-64522,기타 ,성북구,2024-08-01 20:02,20
SPB-64526,체인,강서구,2024-08-12 11:54,11
SPB-64531,타이어 ,노원구,2024-08-04 2:58,2
SPB-64535,타이어 ,용산구,2024-08-07 7:56,7
SPB-64535,기타 ,영등포구,2024-08-25 14:05,14
SPB-64537,단말기,영등포구,2024-08-23 13:14,13
SPB-64540,타이어 ,노원구,2024-08-09 23:07,23
SPB-64543,타이어 ,영등포구,2024-08-03 17:12,17
SPB-64544,단말기,성동구,2024-08-09 16:26,16
SPB-64545,체인,영등포구,2024-08-29 21:10,21
SPB-64546,기타 ,성동구,2024-08-23 18:28,18
SPB-64548,페달,동대문구,2024-08-31 21:03,21
SPB-64555,기타 ,강서구,2024-08-31 8:09,8
SPB-64556,타이어 ,강북구,2024-08-04 21:44,21
SPB-64557,안장,종로구,2024-08-06 19:54,19
SPB-64557,안장,동대문구,2024-08-13 16:25,16
SPB-64558,체인,광진구,2024-08-03 12:40,12
SPB-64559,타이어 ,양천구,2024-08-04 18:24,18
SPB-64564,기타 ,강서구,2024-08-27 18:50,18
SPB-64565,단말기,송파구,2024-08-12 18:16,18
SPB-64566,타이어 ,송파구,2024-08-31 21:30,21
SPB-64570,단말기,중구,2024-08-02 16:16,16
SPB-64573,단말기,광진구,2024-08-03 18:54,18
SPB-64576,타이어 ,송파구,2024-08-13 13:03,13
SPB-64579,단말기,구로구,2024-08-06 17:59,17
SPB-64581,타이어 ,동대문구,2024-08-03 11:10,11
SPB-64585,타이어 ,강서구,2024-08-20 18:49,18
SPB-64586,기타 ,강동구,2024-08-06 4:45,4
SPB-64588,기타 ,중구,2024-08-14 21:21,21
SPB-64590,체인,노원구,2024-08-21 15:26,15
SPB-64591,타이어 ,광진구,2024-08-17 17:05,17
SPB-64602,기타 ,양천구,2024-08-13 20:04,20
SPB-64607,타이어 ,강서구,2024-08-25 18:39,18
SPB-64608,타이어 ,영등포구,2024-08-10 12:18,12
SPB-64608,타이어 ,양천구,2024-08-17 18:20,18
SPB-64609,기타 ,성동구,2024-08-13 8:41,8
SPB-64614,체인,강서구,2024-08-28 18:41,18
SPB-64617,타이어 ,강서구,2024-08-13 19:38,19
SPB-64618,타이어 ,강남구,2024-08-24 2:33,2
SPB-64620,타이어 ,성동구,2024-08-13 18:55,18
SPB-64623,기타 ,관악구,2024-08-03 22:37,22
SPB-64623,기타 ,금천구,2024-08-12 17:11,17
SPB-64625,기타 ,구로구,2024-08-16 16:44,16
SPB-64627,타이어 ,송파구,2024-08-01 10:37,10
SPB-64629,타이어 ,강서구,2024-08-26 6:57,6
SPB-64635,타이어 ,서대문구,2024-08-04 16:51,16
SPB-64641,기타 ,구로구,2024-08-16 21:17,21
SPB-64645,체인,영등포구,2024-08-06 19:20,19
SPB-64645,체인,금천구,2024-08-19 23:34,23
SPB-64650,기타 ,성동구,2024-08-06 6:14,6
SPB-64654,체인,성동구,2024-08-27 21:09,21
SPB-64656,기타 ,강남구,2024-08-14 8:25,8
SPB-64662,기타 ,관악구,2024-08-02 21:41,21
SPB-64667,안장,노원구,2024-08-23 8:49,8
SPB-64670,기타 ,강서구,2024-08-24 20:05,20
SPB-64672,타이어 ,양천구,2024-08-05 17:49,17
SPB-64672,타이어 ,성북구,2024-08-16 15:43,15
SPB-64674,기타 ,노원구,2024-08-01 22:02,22
SPB-64675,타이어 ,성동구,2024-08-30 8:40,8
SPB-64684,타이어 ,중랑구,2024-08-28 18:26,18
SPB-64686,페달,강남구,2024-08-03 14:20,14
SPB-64690,기타 ,강동구,2024-08-07 7:50,7
SPB-64695,체인,송파구,2024-08-24 23:13,23
SPB-64696,타이어 ,양천구,2024-08-07 4:58,4
SPB-64696,타이어 ,강서구,2024-08-20 11:21,11
SPB-64705,체인,강서구,2024-08-20 17:38,17
SPB-64705,체인,강서구,2024-08-22 18:11,18
SPB-64705,타이어 ,강서구,2024-08-24 12:26,12
SPB-64707,타이어 ,양천구,2024-08-13 6:21,6
SPB-64707,타이어 ,동작구,2024-08-29 22:14,22
SPB-64710,기타 ,강서구,2024-08-24 18:32,18
SPB-64711,타이어 ,강남구,2024-08-28 17:19,17
SPB-64716,체인,성동구,2024-08-29 2:49,2
SPB-64718,타이어 ,은평구,2024-08-27 6:51,6
SPB-64722,단말기,성북구,2024-08-08 22:39,22
SPB-64727,타이어 ,노원구,2024-08-12 15:49,15
SPB-64733,타이어 ,양천구,2024-08-29 17:44,17
SPB-64743,타이어 ,양천구,2024-08-23 19:10,19
SPB-64746,타이어 ,금천구,2024-08-07 17:49,17
SPB-64747,체인,성동구,2024-08-03 23:57,23
SPB-64748,타이어 ,강남구,2024-08-06 20:15,20
SPB-64749,체인,노원구,2024-08-01 12:42,12
SPB-64757,안장,강서구,2024-08-19 13:47,13
SPB-64758,단말기,종로구,2024-08-17 1:21,1
SPB-64760,체인,송파구,2024-08-05 7:15,7
SPB-64768,타이어 ,강서구,2024-08-30 9:21,9
SPB-64769,페달,강서구,2024-08-25 8:07,8
SPB-64769,페달,영등포구,2024-08-29 11:43,11
SPB-64770,타이어 ,양천구,2024-08-30 11:14,11
SPB-64774,안장,서대문구,2024-08-08 20:35,20
SPB-64774,기타 ,영등포구,2024-08-18 15:57,15
SPB-64774,타이어 ,송파구,2024-08-30 12:03,12
SPB-64779,페달,강서구,2024-08-23 8:26,8
SPB-64782,안장,서대문구,2024-08-07 12:01,12
SPB-64785,타이어 ,은평구,2024-08-01 19:21,19
SPB-64786,단말기,강서구,2024-08-13 19:21,19
SPB-64789,단말기,서대문구,2024-08-30 15:40,15
SPB-64792,안장,송파구,2024-08-22 17:13,17
SPB-64803,기타 ,관악구,2024-08-06 10:45,10
SPB-64804,기타 ,양천구,2024-08-07 8:08,8
SPB-64807,기타 ,구로구,2024-08-27 7:56,7
SPB-64807,체인,영등포구,2024-08-28 21:50,21
SPB-64808,페달,강서구,2024-08-30 21:27,21
SPB-64812,기타 ,서초구,2024-08-27 18:47,18
SPB-64815,단말기,강서구,2024-08-30 0:45,0
SPB-64817,기타 ,마포구,2024-08-12 13:03,13
SPB-64821,타이어 ,양천구,2024-08-01 10:57,10
SPB-64825,기타 ,동대문구,2024-08-07 18:23,18
SPB-64827,기타 ,노원구,2024-08-14 23:10,23
SPB-64828,체인,동대문구,2024-08-29 17:14,17
SPB-64829,타이어 ,강서구,2024-08-10 16:18,16
SPB-64831,안장,강동구,2024-08-20 22:06,22
SPB-64831,안장,성동구,2024-08-29 13:38,13
SPB-64832,안장,송파구,2024-08-17 18:17,18
SPB-64834,타이어 ,중구,2024-08-30 17:10,17
SPB-64836,타이어 ,마포구,2024-08-01 19:44,19
SPB-64837,타이어 ,강서구,2024-08-16 12:21,12
SPB-64839,타이어 ,성동구,2024-08-26 7:32,7
SPB-64841,기타 ,관악구,2024-08-07 20:42,20
SPB-64854,체인,광진구,2024-08-02 18:45,18
SPB-64854,체인,강서구,2024-08-16 18:29,18
SPB-64854,체인,강서구,2024-08-27 21:00,21
SPB-64860,타이어 ,종로구,2024-08-26 2:22,2
SPB-64860,체인,종로구,2024-08-29 12:15,12
SPB-64861,기타 ,노원구,2024-08-25 5:34,5
SPB-64861,타이어 ,노원구,2024-08-25 16:23,16
SPB-64865,체인,강남구,2024-08-25 20:42,20
SPB-64870,안장,서대문구,2024-08-09 18:15,18
SPB-64876,타이어 ,성동구,2024-08-10 11:52,11
SPB-64877,타이어 ,강서구,2024-08-28 19:21,19
SPB-64879,타이어 ,강동구,2024-08-28 16:54,16
SPB-64883,체인,노원구,2024-08-27 22:31,22
SPB-64884,타이어 ,도봉구,2024-08-27 1:04,1
SPB-64885,타이어 ,종로구,2024-08-07 12:13,12
SPB-64885,체인,종로구,2024-08-07 16:36,16
SPB-64885,체인,종로구,2024-08-07 21:55,21
SPB-64885,기타 ,성북구,2024-08-26 9:55,9
SPB-64886,기타 ,강서구,2024-08-30 13:31,13
SPB-64888,기타 ,은평구,2024-08-04 8:10,8
SPB-64888,기타 ,영등포구,2024-08-19 21:45,21
SPB-64894,기타 ,강동구,2024-08-19 8:44,8
SPB-64894,타이어 ,송파구,2024-08-25 16:52,16
SPB-64897,타이어 ,종로구,2024-08-11 11:31,11
SPB-64902,타이어 ,강서구,2024-08-14 19:25,19
SPB-64902,타이어 ,영등포구,2024-08-31 15:45,15
SPB-64903,타이어 ,영등포구,2024-08-08 22:47,22
SPB-64907,기타 ,양천구,2024-08-05 22:14,22
SPB-64913,타이어 ,송파구,2024-08-02 17:36,17
SPB-64916,타이어 ,중구,2024-08-09 7:18,7
SPB-64917,타이어 ,은평구,2024-08-23 22:48,22
SPB-64918,타이어 ,서대문구,2024-08-08 17:41,17
SPB-64922,타이어 ,서대문구,2024-08-07 18:50,18
SPB-64925,타이어 ,노원구,2024-08-02 1:07,1
SPB-64927,타이어 ,강서구,2024-08-15 15:23,15
SPB-64928,페달,도봉구,2024-08-03 21:39,21
SPB-64928,안장,노원구,2024-08-17 22:38,22
SPB-64931,체인,송파구,2024-08-10 14:24,14
SPB-64931,페달,강남구,2024-08-11 16:37,16
SPB-64941,체인,성동구,2024-08-28 15:59,15
SPB-64945,기타 ,서초구,2024-08-02 20:20,20
SPB-64945,체인,강남구,2024-08-18 13:38,13
SPB-64952,타이어 ,양천구,2024-08-16 18:47,18
SPB-64953,타이어 ,광진구,2024-08-01 3:22,3
SPB-64954,기타 ,노원구,2024-08-18 21:11,21
SPB-64957,기타 ,강북구,2024-08-30 19:26,19
SPB-64958,타이어 ,송파구,2024-08-30 21:25,21
SPB-64959,안장,영등포구,2024-08-18 19:12,19
SPB-64961,타이어 ,송파구,2024-08-02 7:48,7
SPB-64961,단말기,강북구,2024-08-23 15:58,15
SPB-64961,기타 ,용산구,2024-08-31 22:27,22
SPB-64962,페달,동대문구,2024-08-16 16:03,16
SPB-64963,기타 ,송파구,2024-08-12 7:54,7
SPB-64963,타이어 ,중랑구,2024-08-28 9:26,9
SPB-64964,단말기,송파구,2024-08-08 0:02,0
SPB-64964,타이어 ,송파구,2024-08-11 17:44,17
SPB-64967,페달,노원구,2024-08-10 0:56,0
SPB-64967,타이어 ,송파구,2024-08-16 17:32,17
SPB-64972,단말기,송파구,2024-08-15 18:51,18
SPB-64974,타이어 ,종로구,2024-08-31 10:23,10
SPB-64995,체인,강동구,2024-08-14 8:35,8
SPB-64995,기타 ,강동구,2024-08-14 20:34,20
SPB-64995,체인,강동구,2024-08-15 16:28,16
SPB-64995,체인,송파구,2024-08-19 19:29,19
SPB-64995,체인,송파구,2024-08-27 20:15,20
SPB-64998,타이어 ,양천구,2024-08-31 19:34,19
SPB-65003,타이어 ,구로구,2024-08-09 7:59,7
SPB-65006,기타 ,양천구,2024-08-09 8:03,8
SPB-65006,타이어 ,양천구,2024-08-10 18:33,18
SPB-65006,기타 ,양천구,2024-08-13 7:51,7
SPB-65006,타이어 ,강서구,2024-08-23 16:20,16
SPB-65013,체인,마포구,2024-08-16 18:16,18
SPB-65017,타이어 ,용산구,2024-08-11 9:15,9
SPB-65021,기타 ,성북구,2024-08-31 10:34,10
SPB-65022,안장,서초구,2024-08-03 13:15,13
SPB-65023,기타 ,동작구,2024-08-05 20:59,20
SPB-65023,타이어 ,중랑구,2024-08-29 20:26,20
SPB-65024,기타 ,강동구,2024-08-30 19:32,19
SPB-65025,기타 ,도봉구,2024-08-08 19:05,19
SPB-65025,단말기,노원구,2024-08-25 23:56,23
SPB-65026,체인,중구,2024-08-13 13:29,13
SPB-65026,체인,중구,2024-08-13 15:57,15
SPB-65027,단말기,서초구,2024-08-30 1:59,1
SPB-65028,기타 ,영등포구,2024-08-19 13:36,13
SPB-65031,기타 ,양천구,2024-08-12 17:57,17
SPB-65034,타이어 ,강남구,2024-08-06 18:06,18
SPB-65034,기타 ,강남구,2024-08-22 19:19,19
SPB-65034,페달,강남구,2024-08-28 19:07,19
SPB-65035,기타 ,동대문구,2024-08-01 22:48,22
SPB-65036,기타 ,강서구,2024-08-29 16:42,16
SPB-65041,타이어 ,서초구,2024-08-08 21:45,21
SPB-65044,타이어 ,송파구,2024-08-05 20:21,20
SPB-65045,체인,노원구,2024-08-17 19:55,19
SPB-65045,체인,서초구,2024-08-25 11:18,11
SPB-65046,페달,양천구,2024-08-30 10:34,10
SPB-65047,타이어 ,강서구,2024-08-09 18:41,18
SPB-65050,타이어 ,동대문구,2024-08-12 8:30,8
SPB-65053,기타 ,강서구,2024-08-18 6:05,6
SPB-65062,기타 ,성북구,2024-08-01 19:54,19
SPB-65065,체인,광진구,2024-08-07 11:47,11
SPB-65065,체인,강남구,2024-08-16 7:33,7
SPB-65065,체인,마포구,2024-08-17 23:58,23
SPB-65074,타이어 ,마포구,2024-08-13 10:42,10
SPB-65078,기타 ,강서구,2024-08-09 14:08,14
SPB-65079,단말기,강남구,2024-08-26 21:42,21
SPB-65080,기타 ,강서구,2024-08-02 18:36,18
SPB-65080,타이어 ,구로구,2024-08-08 7:20,7
SPB-65083,타이어 ,양천구,2024-08-05 19:04,19
SPB-65087,단말기,금천구,2024-08-25 21:02,21
SPB-65091,타이어 ,중랑구,2024-08-28 8:02,8
SPB-65097,타이어 ,노원구,2024-08-30 17:41,17
SPB-65099,기타 ,강동구,2024-08-02 12:19,12
SPB-65100,타이어 ,양천구,2024-08-07 15:29,15
SPB-65100,단말기,영등포구,2024-08-21 22:52,22
SPB-65105,안장,마포구,2024-08-09 18:32,18
SPB-65109,타이어 ,송파구,2024-08-25 11:26,11
SPB-65112,타이어 ,양천구,2024-08-01 20:55,20
SPB-65112,타이어 ,양천구,2024-08-12 12:42,12
SPB-65116,기타 ,노원구,2024-08-28 18:19,18
SPB-65120,기타 ,중구,2024-08-09 10:10,10
SPB-65127,페달,강서구,2024-08-10 21:02,21
SPB-65127,체인,강서구,2024-08-27 21:17,21
SPB-65128,타이어 ,영등포구,2024-08-17 0:00,0
SPB-65130,타이어 ,양천구,2024-08-02 6:08,6
SPB-65131,단말기,은평구,2024-08-08 2:57,2
SPB-65134,체인,서초구,2024-08-06 23:25,23
SPB-65134,기타 ,용산구,2024-08-10 17:13,17
SPB-65136,체인,관악구,2024-08-17 2:46,2
SPB-65142,타이어 ,강서구,2024-08-19 12:00,12
SPB-65146,체인,양천구,2024-08-25 17:14,17
SPB-65148,기타 ,송파구,2024-08-20 20:56,20
SPB-65149,타이어 ,강서구,2024-08-28 16:30,16
SPB-65154,기타 ,강남구,2024-08-14 12:23,12
SPB-65155,타이어 ,강남구,2024-08-14 9:14,9
SPB-65155,타이어 ,강서구,2024-08-28 7:09,7
SPB-65157,체인,강서구,2024-08-18 8:37,8
SPB-65157,체인,성동구,2024-08-23 22:05,22
SPB-65158,안장,금천구,2024-08-16 22:41,22
SPB-65158,안장,금천구,2024-08-19 8:40,8
SPB-65160,안장,송파구,2024-08-06 10:18,10
SPB-65160,안장,송파구,2024-08-07 18:22,18
SPB-65168,기타 ,노원구,2024-08-23 21:44,21
SPB-65169,타이어 ,영등포구,2024-08-31 12:39,12
SPB-65172,기타 ,강서구,2024-08-24 21:37,21
SPB-65173,체인,서대문구,2024-08-28 21:50,21
SPB-65178,기타 ,관악구,2024-08-10 3:27,3
SPB-65181,체인,구로구,2024-08-28 21:25,21
SPB-65182,단말기,강남구,2024-08-30 8:23,8
SPB-65184,안장,동대문구,2024-08-13 16:50,16
SPB-65189,페달,마포구,2024-08-15 21:26,21
SPB-65189,체인,영등포구,2024-08-24 7:36,7
SPB-65190,타이어 ,영등포구,2024-08-07 13:00,13
SPB-65191,타이어 ,강북구,2024-08-15 9:43,9
SPB-65192,타이어 ,강서구,2024-08-22 21:31,21
SPB-65194,타이어 ,강북구,2024-08-08 18:26,18
SPB-65194,타이어 ,노원구,2024-08-23 13:24,13
SPB-65198,타이어 ,강동구,2024-08-28 2:18,2
SPB-65206,페달,광진구,2024-08-26 10:05,10
SPB-65209,타이어 ,중랑구,2024-08-10 12:30,12
SPB-65210,체인,강동구,2024-08-22 21:27,21
SPB-65211,기타 ,강서구,2024-08-09 6:34,6
SPB-65216,타이어 ,노원구,2024-08-31 15:57,15
SPB-65219,체인,서대문구,2024-08-01 11:37,11
SPB-65236,기타 ,송파구,2024-08-17 17:54,17
SPB-65239,체인,동대문구,2024-08-16 16:16,16
SPB-65247,기타 ,양천구,2024-08-25 8:58,8
SPB-65249,타이어 ,금천구,2024-08-30 19:09,19
SPB-65250,타이어 ,양천구,2024-08-08 11:50,11
SPB-65250,타이어 ,양천구,2024-08-08 22:13,22
SPB-65255,기타 ,강서구,2024-08-13 17:55,17
SPB-65256,체인,송파구,2024-08-02 20:12,20
SPB-65256,체인,광진구,2024-08-07 16:30,16
SPB-65256,타이어 ,구로구,2024-08-25 21:01,21
SPB-65259,체인,도봉구,2024-08-25 8:16,8
SPB-65267,타이어 ,중랑구,2024-08-10 13:39,13
SPB-65273,기타 ,송파구,2024-08-02 19:59,19
SPB-65273,타이어 ,중구,2024-08-17 0:41,0
SPB-65273,안장,성북구,2024-08-23 13:26,13
SPB-65286,타이어 ,강동구,2024-08-04 23:53,23
SPB-65287,타이어 ,강북구,2024-08-16 10:42,10
SPB-65288,체인,성동구,2024-08-28 0:59,0
SPB-65291,타이어 ,영등포구,2024-08-01 13:00,13
SPB-65291,타이어 ,양천구,2024-08-17 14:28,14
SPB-65304,기타 ,송파구,2024-08-03 10:04,10
SPB-65311,타이어 ,영등포구,2024-08-29 19:39,19
SPB-65316,기타 ,구로구,2024-08-06 20:56,20
SPB-65318,체인,영등포구,2024-08-12 20:16,20
SPB-65325,체인,서초구,2024-08-11 10:50,10
SPB-65326,체인,광진구,2024-08-15 17:20,17
SPB-65326,체인,성동구,2024-08-16 21:39,21
SPB-65327,기타 ,동작구,2024-08-15 23:25,23
SPB-65329,기타 ,동작구,2024-08-10 0:26,0
SPB-65330,기타 ,노원구,2024-08-27 19:00,19
SPB-65333,페달,중랑구,2024-08-05 16:37,16
SPB-65335,기타 ,관악구,2024-08-13 21:17,21
SPB-65337,타이어 ,강서구,2024-08-07 17:21,17
SPB-65341,타이어 ,서초구,2024-08-19 10:45,10
SPB-65346,타이어 ,양천구,2024-08-23 13:06,13
SPB-65347,페달,영등포구,2024-08-19 7:25,7
SPB-65350,타이어 ,양천구,2024-08-24 8:29,8
SPB-65351,안장,노원구,2024-08-29 19:54,19
SPB-65361,타이어 ,구로구,2024-08-25 2:26,2
SPB-65362,타이어 ,양천구,2024-08-06 0:10,0
SPB-65365,페달,강동구,2024-08-04 22:35,22
SPB-65372,체인,양천구,2024-08-05 19:41,19
SPB-65378,기타 ,광진구,2024-08-19 18:08,18
SPB-65380,타이어 ,서대문구,2024-08-20 20:04,20
SPB-65380,단말기,마포구,2024-08-25 20:29,20
SPB-65380,안장,성북구,2024-08-28 21:53,21
SPB-65382,체인,성북구,2024-08-26 18:04,18
SPB-65383,타이어 ,노원구,2024-08-04 14:43,14
SPB-65389,기타 ,마포구,2024-08-01 20:01,20
SPB-65390,타이어 ,구로구,2024-08-07 3:34,3
SPB-65392,타이어 ,금천구,2024-08-05 5:21,5
SPB-65392,타이어 ,마포구,2024-08-29 18:25,18
SPB-65393,체인,송파구,2024-08-31 19:02,19
SPB-65397,타이어 ,관악구,2024-08-01 16:17,16
SPB-65397,타이어 ,관악구,2024-08-14 7:01,7
SPB-65397,타이어 ,관악구,2024-08-18 14:10,14
SPB-65401,타이어 ,구로구,2024-08-28 22:47,22
SPB-65401,타이어 ,양천구,2024-08-31 7:27,7
SPB-65402,안장,은평구,2024-08-19 17:32,17
SPB-65402,안장,성북구,2024-08-30 15:04,15
SPB-65404,체인,강서구,2024-08-18 18:48,18
SPB-65407,체인,송파구,2024-08-15 20:18,20
SPB-65412,기타 ,강남구,2024-08-20 18:41,18
SPB-65413,타이어 ,영등포구,2024-08-31 14:38,14
SPB-65415,페달,성동구,2024-08-05 7:29,7
SPB-65420,페달,중랑구,2024-08-27 22:14,22
SPB-65422,단말기,중랑구,2024-08-09 13:38,13
SPB-65423,체인,송파구,2024-08-10 9:50,9
SPB-65423,페달,강동구,2024-08-14 20:41,20
SPB-65423,체인,강동구,2024-08-19 6:21,6
SPB-65423,체인,광진구,2024-08-29 17:57,17
SPB-65423,페달,광진구,2024-08-30 19:03,19
SPB-65426,타이어 ,중구,2024-08-26 15:31,15
SPB-65433,기타 ,강북구,2024-08-25 20:30,20
SPB-65443,페달,강서구,2024-08-26 21:36,21
SPB-65445,타이어 ,서대문구,2024-08-11 15:35,15
SPB-65447,기타 ,광진구,2024-08-19 9:03,9
SPB-65449,체인,동대문구,2024-08-29 16:20,16
SPB-65451,타이어 ,양천구,2024-08-08 22:10,22
SPB-65457,타이어 ,노원구,2024-08-06 14:55,14
SPB-65467,타이어 ,강서구,2024-08-12 17:43,17
SPB-65468,기타 ,송파구,2024-08-31 20:05,20
SPB-65469,페달,강남구,2024-08-15 22:01,22
SPB-65470,체인,송파구,2024-08-14 7:32,7
SPB-65470,단말기,강동구,2024-08-20 18:37,18
SPB-65476,체인,성북구,2024-08-09 22:55,22
SPB-65476,기타 ,동대문구,2024-08-14 7:58,7
SPB-65476,체인,용산구,2024-08-20 20:14,20
SPB-65478,단말기,중랑구,2024-08-30 2:59,2
SPB-65480,타이어 ,마포구,2024-08-29 6:27,6
SPB-65483,타이어 ,종로구,2024-08-20 22:50,22
SPB-65484,타이어 ,성동구,2024-08-08 17:25,17
SPB-65486,타이어 ,도봉구,2024-08-16 1:31,1
SPB-65488,타이어 ,광진구,2024-08-25 15:35,15
SPB-65498,타이어 ,성북구,2024-08-25 17:11,17
SPB-65499,체인,종로구,2024-08-09 9:56,9
SPB-65500,안장,구로구,2024-08-21 19:05,19
SPB-65502,단말기,광진구,2024-08-06 22:24,22
SPB-65502,안장,노원구,2024-08-16 7:37,7
SPB-65506,체인,성북구,2024-08-31 23:49,23
SPB-65507,타이어 ,영등포구,2024-08-27 17:23,17
SPB-65509,체인,노원구,2024-08-30 16:49,16
SPB-65513,타이어 ,구로구,2024-08-03 13:10,13
SPB-65513,기타 ,구로구,2024-08-09 17:48,17
SPB-65518,타이어 ,노원구,2024-08-07 7:04,7
SPB-65520,기타 ,구로구,2024-08-31 18:24,18
SPB-65521,체인,동작구,2024-08-01 6:49,6
SPB-65521,체인,강동구,2024-08-13 17:51,17
SPB-65523,타이어 ,강서구,2024-08-08 20:31,20
SPB-65523,기타 ,구로구,2024-08-28 13:09,13
SPB-65524,기타 ,노원구,2024-08-20 14:29,14
SPB-65525,기타 ,강서구,2024-08-13 10:46,10
SPB-65531,단말기,노원구,2024-08-04 21:31,21
SPB-65531,타이어 ,노원구,2024-08-10 13:43,13
SPB-65531,타이어 ,노원구,2024-08-11 8:56,8
SPB-65531,페달,중랑구,2024-08-27 22:52,22
SPB-65532,타이어 ,광진구,2024-08-05 8:16,8
SPB-65537,기타 ,도봉구,2024-08-02 12:56,12
SPB-65545,타이어 ,서초구,2024-08-30 18:59,18
SPB-65547,체인,종로구,2024-08-29 8:39,8
SPB-65548,기타 ,강동구,2024-08-17 11:01,11
SPB-65551,타이어 ,양천구,2024-08-29 21:42,21
SPB-65554,기타 ,은평구,2024-08-28 7:05,7
SPB-65556,안장,강서구,2024-08-06 18:14,18
SPB-65556,타이어 ,구로구,2024-08-12 18:47,18
SPB-65558,타이어 ,송파구,2024-08-20 7:29,7
SPB-65558,타이어 ,중랑구,2024-08-27 17:31,17
SPB-65562,타이어 ,도봉구,2024-08-04 20:50,20
SPB-65562,기타 ,중랑구,2024-08-06 20:46,20
SPB-65563,타이어 ,송파구,2024-08-11 15:42,15
SPB-65564,기타 ,강서구,2024-08-08 16:07,16
SPB-65567,안장,마포구,2024-08-05 19:00,19
SPB-65567,안장,용산구,2024-08-08 16:13,16
SPB-65567,타이어 ,중랑구,2024-08-18 16:24,16
SPB-65572,타이어 ,구로구,2024-08-28 17:56,17
SPB-65578,체인,노원구,2024-08-07 20:59,20
SPB-65578,체인,노원구,2024-08-09 5:43,5
SPB-65582,체인,용산구,2024-08-30 6:58,6
SPB-65586,타이어 ,강서구,2024-08-25 21:20,21
SPB-65587,타이어 ,종로구,2024-08-30 21:38,21
SPB-65589,단말기,동대문구,2024-08-23 20:05,20
SPB-65590,기타 ,강동구,2024-08-27 15:41,15
SPB-65590,기타 ,강남구,2024-08-31 14:31,14
SPB-65593,체인,성북구,2024-08-20 18:08,18
SPB-65593,체인,성북구,2024-08-21 22:39,22
SPB-65593,체인,도봉구,2024-08-31 13:49,13
SPB-65606,타이어 ,마포구,2024-08-16 9:45,9
SPB-65607,타이어 ,성북구,2024-08-10 0:23,0
SPB-65608,페달,강서구,2024-08-30 14:02,14
SPB-65611,체인,동대문구,2024-08-11 23:13,23
SPB-65613,타이어 ,강서구,2024-08-06 17:09,17
SPB-65613,안장,양천구,2024-08-13 12:16,12
SPB-65613,타이어 ,서초구,2024-08-18 15:49,15
SPB-65615,체인,송파구,2024-08-11 0:29,0
SPB-65616,안장,관악구,2024-08-03 22:18,22
SPB-65617,안장,양천구,2024-08-13 20:40,20
SPB-65619,타이어 ,송파구,2024-08-24 1:10,1
SPB-65627,타이어 ,강서구,2024-08-16 6:36,6
SPB-65631,타이어 ,양천구,2024-08-19 10:20,10
SPB-65636,기타 ,광진구,2024-08-20 18:57,18
SPB-65641,체인,은평구,2024-08-10 3:01,3
SPB-65642,체인,양천구,2024-08-11 8:58,8
SPB-65642,체인,마포구,2024-08-29 16:59,16
SPB-65649,타이어 ,은평구,2024-08-28 16:26,16
SPB-65652,안장,영등포구,2024-08-11 22:57,22
SPB-65657,타이어 ,종로구,2024-08-28 23:04,23
SPB-65659,타이어 ,동대문구,2024-08-07 7:57,7
SPB-65661,타이어 ,영등포구,2024-08-20 8:51,8
SPB-65664,타이어 ,용산구,2024-08-26 20:03,20
SPB-65668,페달,성북구,2024-08-09 17:59,17
SPB-65671,체인,도봉구,2024-08-09 0:06,0
SPB-65671,안장,송파구,2024-08-27 15:12,15
SPB-65672,기타 ,성북구,2024-08-17 17:10,17
SPB-65672,기타 ,종로구,2024-08-21 19:00,19
SPB-65693,기타 ,노원구,2024-08-13 7:03,7
SPB-65696,타이어 ,강서구,2024-08-04 22:23,22
SPB-65703,타이어 ,광진구,2024-08-11 8:27,8
SPB-65706,타이어 ,중랑구,2024-08-29 7:07,7
SPB-65711,타이어 ,강서구,2024-08-22 18:58,18
SPB-65712,기타 ,중랑구,2024-08-10 7:54,7
SPB-65714,페달,영등포구,2024-08-23 18:31,18
SPB-65722,타이어 ,광진구,2024-08-07 8:25,8
SPB-65723,타이어 ,양천구,2024-08-20 17:30,17
SPB-65727,타이어 ,노원구,2024-08-07 9:53,9
SPB-65728,단말기,송파구,2024-08-19 15:43,15
SPB-65735,페달,노원구,2024-08-08 18:14,18
SPB-65735,체인,광진구,2024-08-27 20:57,20
SPB-65736,타이어 ,서대문구,2024-08-07 18:36,18
SPB-65736,기타 ,마포구,2024-08-13 23:32,23
SPB-65738,안장,관악구,2024-08-02 13:53,13
SPB-65738,안장,중구,2024-08-27 15:24,15
SPB-65740,타이어 ,양천구,2024-08-30 18:56,18
SPB-65743,타이어 ,마포구,2024-08-06 8:41,8
SPB-65743,타이어 ,동작구,2024-08-27 14:24,14
SPB-65754,체인,중랑구,2024-08-13 6:00,6
SPB-65761,안장,종로구,2024-08-14 10:36,10
SPB-65762,타이어 ,송파구,2024-08-15 23:07,23
SPB-65764,타이어 ,중랑구,2024-08-17 19:34,19
SPB-65766,기타 ,강남구,2024-08-06 17:46,17
SPB-65768,기타 ,강서구,2024-08-16 6:39,6
SPB-65768,타이어 ,강서구,2024-08-30 19:37,19
SPB-65768,타이어 ,강서구,2024-08-31 6:25,6
SPB-65772,타이어 ,중랑구,2024-08-11 17:53,17
SPB-65773,체인,강동구,2024-08-08 21:07,21
SPB-65773,기타 ,강동구,2024-08-10 14:06,14
SPB-65775,타이어 ,중구,2024-08-19 8:28,8
SPB-65781,안장,마포구,2024-08-08 16:40,16
SPB-65788,기타 ,강북구,2024-08-07 17:55,17
SPB-65802,타이어 ,구로구,2024-08-20 12:54,12
SPB-65803,기타 ,금천구,2024-08-23 8:57,8
SPB-65806,타이어 ,송파구,2024-08-12 17:26,17
SPB-65807,기타 ,노원구,2024-08-15 10:29,10
SPB-65816,기타 ,노원구,2024-08-17 11:23,11
SPB-65816,기타 ,마포구,2024-08-23 10:44,10
SPB-65816,타이어 ,용산구,2024-08-28 7:42,7
SPB-65817,타이어 ,용산구,2024-08-21 10:59,10
SPB-65818,체인,강서구,2024-08-12 9:11,9
SPB-65819,타이어 ,송파구,2024-08-24 15:12,15
SPB-65821,기타 ,구로구,2024-08-29 10:25,10
SPB-65829,기타 ,서대문구,2024-08-27 6:47,6
SPB-65832,타이어 ,은평구,2024-08-31 13:07,13
SPB-65840,타이어 ,양천구,2024-08-23 2:53,2
SPB-65845,타이어 ,관악구,2024-08-03 19:10,19
SPB-65845,타이어 ,영등포구,2024-08-13 20:10,20
SPB-65845,타이어 ,서대문구,2024-08-23 7:54,7
SPB-65845,안장,관악구,2024-08-31 13:58,13
SPB-65851,안장,노원구,2024-08-03 15:39,15
SPB-65852,타이어 ,서대문구,2024-08-08 2:07,2
SPB-65853,타이어 ,금천구,2024-08-09 17:48,17
SPB-65853,타이어 ,동작구,2024-08-10 10:03,10
SPB-65855,기타 ,양천구,2024-08-24 18:11,18
SPB-65856,기타 ,용산구,2024-08-10 19:24,19
SPB-65856,기타 ,광진구,2024-08-26 7:20,7
SPB-65858,체인,강서구,2024-08-29 22:39,22
SPB-65859,타이어 ,동대문구,2024-08-27 13:05,13
SPB-65860,체인,동대문구,2024-08-17 11:43,11
SPB-65863,타이어 ,강동구,2024-08-31 18:57,18
SPB-65865,타이어 ,양천구,2024-08-29 19:45,19
SPB-65870,타이어 ,금천구,2024-08-09 7:14,7
SPB-65871,기타 ,관악구,2024-08-06 20:19,20
SPB-65871,타이어 ,노원구,2024-08-25 1:37,1
SPB-65872,타이어 ,광진구,2024-08-22 18:27,18
SPB-65873,타이어 ,은평구,2024-08-31 11:55,11
SPB-65877,기타 ,노원구,2024-08-02 9:23,9
SPB-65878,타이어 ,양천구,2024-08-21 18:17,18
SPB-65884,타이어 ,구로구,2024-08-31 20:04,20
SPB-65886,안장,성동구,2024-08-21 8:15,8
SPB-65890,안장,동작구,2024-08-27 19:08,19
SPB-65893,단말기,구로구,2024-08-02 8:19,8
SPB-65893,체인,양천구,2024-08-10 11:30,11
SPB-65896,체인,강남구,2024-08-08 18:27,18
SPB-65897,타이어 ,강동구,2024-08-07 1:20,1
SPB-65900,안장,강동구,2024-08-27 20:14,20
SPB-65900,기타 ,광진구,2024-08-31 18:19,18
SPB-65903,타이어 ,서대문구,2024-08-17 15:37,15
SPB-65905,타이어 ,양천구,2024-08-18 14:52,14
SPB-65906,체인,강서구,2024-08-03 10:28,10
SPB-65911,타이어 ,마포구,2024-08-31 18:24,18
SPB-65915,타이어 ,영등포구,2024-08-06 7:04,7
SPB-65918,타이어 ,영등포구,2024-08-01 17:38,17
SPB-65923,기타 ,송파구,2024-08-03 18:04,18
SPB-65923,타이어 ,서대문구,2024-08-17 15:34,15
SPB-65924,체인,동대문구,2024-08-19 9:16,9
SPB-65924,체인,영등포구,2024-08-26 11:25,11
SPB-65926,기타 ,용산구,2024-08-06 19:21,19
SPB-65930,체인,중구,2024-08-24 21:45,21
SPB-65930,타이어 ,중구,2024-08-25 16:35,16
SPB-65930,타이어 ,중구,2024-08-26 22:12,22
SPB-65931,체인,영등포구,2024-08-28 23:51,23
SPB-65932,페달,노원구,2024-08-07 8:38,8
SPB-65932,페달,노원구,2024-08-17 15:54,15
SPB-65936,타이어 ,강서구,2024-08-19 12:29,12
SPB-65938,타이어 ,양천구,2024-08-09 12:52,12
SPB-65942,기타 ,광진구,2024-08-29 8:18,8
SPB-65944,기타 ,도봉구,2024-08-19 21:56,21
SPB-65947,기타 ,도봉구,2024-08-24 12:32,12
SPB-65951,기타 ,마포구,2024-08-16 17:33,17
SPB-65954,타이어 ,서초구,2024-08-17 20:48,20
SPB-65954,기타 ,서대문구,2024-08-27 7:02,7
SPB-65955,타이어 ,영등포구,2024-08-30 17:44,17
SPB-65955,타이어 ,영등포구,2024-08-30 23:31,23
SPB-65956,기타 ,광진구,2024-08-10 17:23,17
SPB-65960,타이어 ,은평구,2024-08-09 20:11,20
SPB-65963,기타 ,구로구,2024-08-14 14:33,14
SPB-65970,단말기,은평구,2024-08-30 20:20,20
SPB-65971,체인,강남구,2024-08-25 18:21,18
SPB-65975,타이어 ,영등포구,2024-08-01 18:20,18
SPB-65975,단말기,마포구,2024-08-03 2:10,2
SPB-65981,타이어 ,서초구,2024-08-03 14:09,14
SPB-65982,타이어 ,강서구,2024-08-27 17:45,17
SPB-65983,기타 ,성동구,2024-08-06 9:02,9
SPB-65983,타이어 ,용산구,2024-08-29 18:15,18
SPB-65984,기타 ,도봉구,2024-08-29 18:43,18
SPB-65985,타이어 ,강동구,2024-08-15 21:54,21
SPB-65986,기타 ,강북구,2024-08-06 16:20,16
SPB-65987,체인,노원구,2024-08-03 13:18,13
SPB-65991,체인,영등포구,2024-08-08 18:23,18
SPB-65993,타이어 ,영등포구,2024-08-08 0:07,0
SPB-65993,타이어 ,금천구,2024-08-26 0:26,0
SPB-65996,타이어 ,동대문구,2024-08-22 9:29,9
SPB-65998,기타 ,광진구,2024-08-18 19:43,19
SPB-66001,타이어 ,금천구,2024-08-04 15:35,15
SPB-66004,타이어 ,강북구,2024-08-10 18:56,18
SPB-66006,기타 ,중랑구,2024-08-04 19:32,19
SPB-66006,체인,광진구,2024-08-26 7:40,7
SPB-66007,기타 ,성동구,2024-08-20 7:57,7
SPB-66011,타이어 ,광진구,2024-08-23 11:52,11
SPB-66011,타이어 ,강남구,2024-08-30 10:07,10
SPB-66014,타이어 ,구로구,2024-08-11 14:19,14
SPB-66014,타이어 ,구로구,2024-08-26 9:40,9
SPB-66015,타이어 ,중구,2024-08-30 10:22,10
SPB-66028,타이어 ,서대문구,2024-08-28 21:23,21
SPB-66034,기타 ,강동구,2024-08-09 20:20,20
SPB-66041,타이어 ,양천구,2024-08-31 14:16,14
SPB-66043,타이어 ,양천구,2024-08-20 8:45,8
SPB-66043,타이어 ,강서구,2024-08-28 8:52,8
SPB-66046,체인,강북구,2024-08-20 17:42,17
SPB-66055,체인,강동구,2024-08-11 13:54,13
SPB-66062,기타 ,강서구,2024-08-09 20:09,20
SPB-66062,타이어 ,강서구,2024-08-13 11:52,11
SPB-66063,체인,광진구,2024-08-12 7:38,7
SPB-66063,타이어 ,성동구,2024-08-12 18:40,18
SPB-66066,체인,영등포구,2024-08-09 17:56,17
SPB-66067,기타 ,중랑구,2024-08-13 17:40,17
SPB-66071,타이어 ,용산구,2024-08-24 21:51,21
SPB-66077,기타 ,강북구,2024-08-16 13:48,13
SPB-66081,체인,은평구,2024-08-22 1:03,1
SPB-66085,기타 ,노원구,2024-08-03 23:35,23
SPB-66085,단말기,금천구,2024-08-27 23:01,23
SPB-66086,안장,강서구,2024-08-05 16:31,16
SPB-66086,기타 ,송파구,2024-08-12 9:13,9
SPB-66086,타이어 ,서초구,2024-08-19 18:42,18
SPB-66096,타이어 ,중랑구,2024-08-06 9:40,9
SPB-66097,타이어 ,용산구,2024-08-30 8:39,8
SPB-66108,타이어 ,은평구,2024-08-12 22:02,22
SPB-66108,타이어 ,영등포구,2024-08-31 18:22,18
SPB-66110,단말기,마포구,2024-08-08 8:03,8
SPB-66113,타이어 ,서초구,2024-08-09 13:07,13
SPB-66113,기타 ,노원구,2024-08-22 18:10,18
SPB-66115,기타 ,양천구,2024-08-25 20:07,20
SPB-66116,안장,동대문구,2024-08-05 20:43,20
SPB-66121,타이어 ,구로구,2024-08-05 6:51,6
SPB-66123,안장,성북구,2024-08-29 8:44,8
SPB-66125,타이어 ,동작구,2024-08-23 6:36,6
SPB-66127,타이어 ,강동구,2024-08-25 14:00,14
SPB-66127,타이어 ,강동구,2024-08-25 22:54,22
SPB-66128,페달,강서구,2024-08-31 19:16,19
SPB-66129,체인,은평구,2024-08-02 22:07,22
SPB-66135,기타 ,중랑구,2024-08-10 13:09,13
SPB-66136,체인,마포구,2024-08-24 22:26,22
SPB-66138,안장,영등포구,2024-08-21 15:39,15
SPB-66139,체인,노원구,2024-08-12 21:53,21
SPB-66140,체인,강서구,2024-08-13 12:43,12
SPB-66142,기타 ,성북구,2024-08-26 7:07,7
SPB-66142,체인,성북구,2024-08-26 19:01,19
SPB-66142,안장,영등포구,2024-08-29 18:17,18
SPB-66151,타이어 ,송파구,2024-08-07 17:52,17
SPB-66154,페달,강서구,2024-08-13 18:07,18
SPB-66154,체인,성북구,2024-08-25 13:32,13
SPB-66157,타이어 ,양천구,2024-08-29 8:54,8
SPB-66158,타이어 ,서초구,2024-08-20 10:21,10
SPB-66167,타이어 ,송파구,2024-08-05 19:03,19
SPB-66175,기타 ,강동구,2024-08-01 8:31,8
SPB-66175,단말기,은평구,2024-08-24 13:31,13
SPB-66177,기타 ,양천구,2024-08-19 22:35,22
SPB-66178,기타 ,강서구,2024-08-15 11:31,11
SPB-66178,기타 ,강서구,2024-08-18 17:40,17
SPB-66182,타이어 ,관악구,2024-08-09 17:34,17
SPB-66184,체인,은평구,2024-08-20 9:09,9
SPB-66189,타이어 ,관악구,2024-08-01 10:25,10
SPB-66193,타이어 ,송파구,2024-08-06 8:03,8
SPB-66193,단말기,강서구,2024-08-26 9:28,9
SPB-66198,안장,서대문구,2024-08-10 11:07,11
SPB-66203,타이어 ,성동구,2024-08-02 11:58,11
SPB-66203,타이어 ,마포구,2024-08-15 20:39,20
SPB-66204,페달,성북구,2024-08-02 14:15,14
SPB-66204,기타 ,강남구,2024-08-11 18:02,18
SPB-66210,타이어 ,동작구,2024-08-04 20:19,20
SPB-66226,기타 ,마포구,2024-08-02 18:39,18
SPB-66227,기타 ,동대문구,2024-08-25 18:32,18
SPB-66231,타이어 ,용산구,2024-08-17 20:05,20
SPB-66231,타이어 ,용산구,2024-08-18 14:14,14
SPB-66231,타이어 ,강남구,2024-08-18 22:38,22
SPB-66231,체인,강남구,2024-08-19 16:15,16
SPB-66231,단말기,강남구,2024-08-20 18:42,18
SPB-66231,타이어 ,강남구,2024-08-21 17:53,17
SPB-66235,기타 ,영등포구,2024-08-22 6:58,6
SPB-66237,기타 ,송파구,2024-08-12 7:25,7
SPB-66237,타이어 ,마포구,2024-08-29 17:16,17
SPB-66241,타이어 ,영등포구,2024-08-20 20:31,20
SPB-66248,기타 ,강동구,2024-08-27 19:50,19
SPB-66249,타이어 ,광진구,2024-08-10 8:59,8
SPB-66255,체인,노원구,2024-08-10 14:30,14
SPB-66258,단말기,송파구,2024-08-22 18:02,18
SPB-66259,타이어 ,영등포구,2024-08-30 18:32,18
SPB-66262,타이어 ,중랑구,2024-08-26 18:37,18
SPB-66262,타이어 ,중랑구,2024-08-28 23:29,23
SPB-66269,타이어 ,마포구,2024-08-09 9:01,9
SPB-66274,기타 ,광진구,2024-08-18 18:32,18
SPB-66275,타이어 ,성북구,2024-08-18 22:23,22
SPB-66275,단말기,도봉구,2024-08-22 16:44,16
SPB-66276,체인,종로구,2024-08-29 18:22,18
SPB-66276,체인,용산구,2024-08-30 9:07,9
SPB-66278,체인,송파구,2024-08-03 10:31,10
SPB-66281,단말기,중랑구,2024-08-01 11:00,11
SPB-66288,체인,강동구,2024-08-10 18:58,18
SPB-66288,페달,강동구,2024-08-13 23:57,23
SPB-66291,기타 ,동작구,2024-08-06 0:10,0
SPB-66300,체인,강동구,2024-08-21 15:42,15
SPB-66303,기타 ,송파구,2024-08-07 21:28,21
SPB-66305,체인,영등포구,2024-08-27 7:56,7
SPB-66311,단말기,동대문구,2024-08-04 18:22,18
SPB-66314,타이어 ,도봉구,2024-08-04 19:12,19
SPB-66321,안장,영등포구,2024-08-09 7:12,7
SPB-66326,타이어 ,영등포구,2024-08-31 16:50,16
SPB-66327,기타 ,은평구,2024-08-28 11:43,11
SPB-66333,체인,성동구,2024-08-08 22:28,22
SPB-66335,단말기,강서구,2024-08-28 5:12,5
SPB-66339,타이어 ,양천구,2024-08-14 14:40,14
SPB-66339,타이어 ,양천구,2024-08-28 21:12,21
SPB-66343,페달,노원구,2024-08-12 12:15,12
SPB-66349,타이어 ,도봉구,2024-08-09 22:09,22
SPB-66349,단말기,노원구,2024-08-27 22:23,22
SPB-66349,타이어 ,서초구,2024-08-31 10:10,10
SPB-66350,기타 ,구로구,2024-08-30 11:41,11
SPB-66355,기타 ,노원구,2024-08-04 5:55,5
SPB-66355,타이어 ,광진구,2024-08-10 20:07,20
SPB-66355,기타 ,영등포구,2024-08-31 11:48,11
SPB-66359,체인,송파구,2024-08-24 9:34,9
SPB-66359,체인,송파구,2024-08-26 8:40,8
SPB-66361,체인,양천구,2024-08-29 8:36,8
SPB-66363,타이어 ,영등포구,2024-08-19 8:35,8
SPB-66363,타이어 ,영등포구,2024-08-19 23:51,23
SPB-66365,타이어 ,강서구,2024-08-14 20:17,20
SPB-66376,타이어 ,은평구,2024-08-23 9:00,9
SPB-66384,기타 ,송파구,2024-08-02 17:24,17
SPB-66384,기타 ,성동구,2024-08-13 8:02,8
SPB-66384,타이어 ,성동구,2024-08-17 5:26,5
SPB-66385,기타 ,송파구,2024-08-10 9:51,9
SPB-66386,기타 ,구로구,2024-08-19 6:18,6
SPB-66387,체인,양천구,2024-08-06 15:36,15
SPB-66389,체인,강서구,2024-08-04 13:59,13
SPB-66391,타이어 ,강서구,2024-08-09 8:59,8
SPB-66398,단말기,영등포구,2024-08-23 18:31,18
SPB-66402,타이어 ,도봉구,2024-08-30 21:16,21
SPB-66404,체인,강동구,2024-08-19 23:03,23
SPB-66404,체인,강동구,2024-08-23 22:20,22
SPB-66404,체인,강동구,2024-08-26 19:18,19
SPB-66405,타이어 ,도봉구,2024-08-13 19:38,19
SPB-66406,타이어 ,은평구,2024-08-24 21:04,21
SPB-66420,체인,강동구,2024-08-11 12:18,12
SPB-66420,체인,강서구,2024-08-18 17:47,17
SPB-66420,체인,강서구,2024-08-19 18:22,18
SPB-66423,타이어 ,관악구,2024-08-12 22:01,22
SPB-66427,타이어 ,구로구,2024-08-07 9:13,9
SPB-66431,체인,마포구,2024-08-11 0:06,0
SPB-66434,기타 ,도봉구,2024-08-02 21:14,21
SPB-66435,타이어 ,영등포구,2024-08-17 14:02,14
SPB-66437,타이어 ,강서구,2024-08-23 10:28,10
SPB-66440,타이어 ,도봉구,2024-08-30 16:42,16
SPB-66447,체인,강동구,2024-08-24 22:29,22
SPB-66447,체인,송파구,2024-08-27 7:14,7
SPB-66451,타이어 ,동대문구,2024-08-16 8:33,8
SPB-66456,체인,마포구,2024-08-30 18:23,18
SPB-66458,타이어 ,성동구,2024-08-19 0:34,0
SPB-66460,타이어 ,은평구,2024-08-18 6:18,6
SPB-66464,페달,도봉구,2024-08-15 4:46,4
SPB-66466,안장,강북구,2024-08-01 16:38,16
SPB-66467,타이어 ,마포구,2024-08-31 23:30,23
SPB-66468,타이어 ,동대문구,2024-08-28 23:01,23
SPB-66473,기타 ,중랑구,2024-08-28 15:17,15
SPB-66475,기타 ,강서구,2024-08-03 12:42,12
SPB-66481,단말기,중구,2024-08-09 22:06,22
SPB-66481,기타 ,서초구,2024-08-14 15:09,15
SPB-66482,기타 ,중랑구,2024-08-09 0:03,0
SPB-66487,타이어 ,관악구,2024-08-07 21:58,21
SPB-66488,타이어 ,영등포구,2024-08-19 22:21,22
SPB-66493,기타 ,금천구,2024-08-22 9:44,9
SPB-66495,타이어 ,서초구,2024-08-10 15:40,15
SPB-66497,체인,마포구,2024-08-17 21:44,21
SPB-66503,체인,강동구,2024-08-27 18:44,18
SPB-66505,안장,마포구,2024-08-07 9:40,9
SPB-66505,안장,관악구,2024-08-28 1:34,1
SPB-66505,타이어 ,송파구,2024-08-30 6:25,6
SPB-66507,단말기,용산구,2024-08-20 19:35,19
SPB-66508,타이어 ,도봉구,2024-08-14 7:50,7
SPB-66508,타이어 ,중랑구,2024-08-19 15:50,15
SPB-66510,타이어 ,동작구,2024-08-01 22:51,22
SPB-66512,체인,노원구,2024-08-25 23:46,23
SPB-66514,기타 ,종로구,2024-08-16 6:50,6
SPB-66515,단말기,노원구,2024-08-21 17:40,17
SPB-66515,타이어 ,금천구,2024-08-30 19:04,19
SPB-66516,단말기,노원구,2024-08-10 20:49,20
SPB-66516,타이어 ,중랑구,2024-08-14 22:02,22
SPB-66522,체인,성동구,2024-08-07 20:45,20
SPB-66522,타이어 ,중구,2024-08-13 18:47,18
SPB-66523,타이어 ,노원구,2024-08-05 10:15,10
SPB-66527,체인,양천구,2024-08-01 18:36,18
SPB-66527,체인,강서구,2024-08-20 21:22,21
SPB-66527,체인,구로구,2024-08-26 18:49,18
SPB-66529,체인,중랑구,2024-08-29 7:02,7
SPB-66531,기타 ,동대문구,2024-08-19 8:12,8
SPB-66535,타이어 ,송파구,2024-08-24 12:21,12
SPB-66540,기타 ,영등포구,2024-08-20 18:08,18
SPB-66541,기타 ,강동구,2024-08-30 22:06,22
SPB-66544,체인,강서구,2024-08-13 8:14,8
SPB-66548,타이어 ,강동구,2024-08-29 15:37,15
SPB-66550,체인,영등포구,2024-08-14 18:47,18
SPB-66550,체인,성동구,2024-08-26 9:07,9
SPB-66551,타이어 ,양천구,2024-08-27 4:58,4
SPB-66553,기타 ,구로구,2024-08-24 16:44,16
SPB-66554,타이어 ,성북구,2024-08-29 22:08,22
SPB-66554,타이어 ,성북구,2024-08-31 19:43,19
SPB-66557,타이어 ,노원구,2024-08-04 21:28,21
SPB-66559,체인,양천구,2024-08-06 18:19,18
SPB-66559,기타 ,중구,2024-08-19 19:03,19
SPB-66559,기타 ,중구,2024-08-19 20:54,20
SPB-66561,타이어 ,동대문구,2024-08-17 10:33,10
SPB-66562,타이어 ,중구,2024-08-02 9:28,9
SPB-66564,타이어 ,강동구,2024-08-05 13:54,13
SPB-66566,타이어 ,은평구,2024-08-05 9:17,9
SPB-66566,기타 ,강서구,2024-08-23 14:48,14
SPB-66570,타이어 ,중랑구,2024-08-09 6:59,6
SPB-66573,타이어 ,강서구,2024-08-21 22:06,22
SPB-66575,타이어 ,성북구,2024-08-06 8:29,8
SPB-66575,타이어 ,도봉구,2024-08-14 19:52,19
SPB-66577,기타 ,영등포구,2024-08-18 16:02,16
SPB-66581,타이어 ,강동구,2024-08-21 19:54,19
SPB-66584,체인,강서구,2024-08-17 13:06,13
SPB-66584,기타 ,강서구,2024-08-26 14:56,14
SPB-66588,타이어 ,마포구,2024-08-05 9:33,9
SPB-66589,타이어 ,광진구,2024-08-24 0:48,0
SPB-66593,기타 ,강서구,2024-08-16 8:51,8
SPB-66594,단말기,금천구,2024-08-20 17:47,17
SPB-66595,기타 ,영등포구,2024-08-12 22:43,22
SPB-66599,기타 ,마포구,2024-08-27 17:12,17
SPB-66601,기타 ,은평구,2024-08-23 7:01,7
SPB-66601,타이어 ,영등포구,2024-08-28 11:44,11
SPB-66602,안장,송파구,2024-08-08 15:41,15
SPB-66604,체인,영등포구,2024-08-02 9:45,9
SPB-66604,체인,동작구,2024-08-04 19:12,19
SPB-66604,체인,도봉구,2024-08-11 1:43,1
SPB-66605,타이어 ,강서구,2024-08-11 20:25,20
SPB-66605,체인,송파구,2024-08-29 17:56,17
SPB-66605,체인,강동구,2024-08-30 16:09,16
SPB-66611,체인,강북구,2024-08-15 10:30,10
SPB-66611,기타 ,은평구,2024-08-25 16:22,16
SPB-66611,체인,은평구,2024-08-27 7:23,7
SPB-66613,타이어 ,송파구,2024-08-19 7:59,7
SPB-66620,안장,노원구,2024-08-05 15:44,15
SPB-66621,기타 ,금천구,2024-08-01 8:43,8
SPB-66624,타이어 ,양천구,2024-08-10 7:57,7
SPB-66628,기타 ,도봉구,2024-08-05 22:21,22
SPB-66629,기타 ,강서구,2024-08-20 18:36,18
SPB-66631,타이어 ,송파구,2024-08-03 13:17,13
SPB-66636,타이어 ,영등포구,2024-08-31 17:08,17
SPB-66637,단말기,중랑구,2024-08-26 23:02,23
SPB-66643,타이어 ,노원구,2024-08-09 5:44,5
SPB-66644,기타 ,양천구,2024-08-20 7:50,7
SPB-66645,단말기,강서구,2024-08-23 18:03,18
SPB-66649,타이어 ,성북구,2024-08-21 17:14,17
SPB-66649,타이어 ,종로구,2024-08-27 15:40,15
SPB-66653,단말기,서초구,2024-08-07 22:06,22
SPB-66653,타이어 ,동대문구,2024-08-30 7:23,7
SPB-66654,안장,구로구,2024-08-18 10:02,10
SPB-66654,안장,영등포구,2024-08-23 8:43,8
SPB-66656,타이어 ,강서구,2024-08-20 19:43,19
SPB-66658,기타 ,강서구,2024-08-13 8:05,8
SPB-66658,타이어 ,동대문구,2024-08-18 12:57,12
SPB-66660,체인,노원구,2024-08-13 18:00,18
SPB-66660,체인,용산구,2024-08-30 16:58,16
SPB-66661,타이어 ,노원구,2024-08-07 20:40,20
SPB-66662,기타 ,성동구,2024-08-04 11:03,11
SPB-66666,타이어 ,강서구,2024-08-05 9:16,9
SPB-66670,타이어 ,양천구,2024-08-14 21:07,21
SPB-66682,단말기,노원구,2024-08-28 8:46,8
SPB-66686,타이어 ,강서구,2024-08-07 20:35,20
SPB-66689,타이어 ,용산구,2024-08-04 12:20,12
SPB-66693,단말기,노원구,2024-08-20 18:05,18
SPB-66694,기타 ,동대문구,2024-08-07 8:47,8
SPB-66694,기타 ,성동구,2024-08-30 18:03,18
SPB-66703,체인,강서구,2024-08-04 12:25,12
SPB-66706,타이어 ,용산구,2024-08-01 21:02,21
SPB-66707,타이어 ,성동구,2024-08-13 20:42,20
SPB-66708,타이어 ,노원구,2024-08-07 1:49,1
SPB-66710,기타 ,동대문구,2024-08-11 12:00,12
SPB-66714,기타 ,강서구,2024-08-13 13:40,13
SPB-66715,타이어 ,광진구,2024-08-10 10:43,10
SPB-66716,기타 ,서대문구,2024-08-04 14:07,14
SPB-66719,단말기,영등포구,2024-08-05 21:06,21
SPB-66720,타이어 ,영등포구,2024-08-16 12:26,12
SPB-66726,안장,강동구,2024-08-15 10:16,10
SPB-66729,타이어 ,영등포구,2024-08-03 21:53,21
SPB-66732,체인,동대문구,2024-08-25 15:49,15
SPB-66736,체인,양천구,2024-08-06 6:01,6
SPB-66736,체인,양천구,2024-08-06 22:33,22
SPB-66736,타이어 ,동작구,2024-08-17 16:49,16
SPB-66737,기타 ,영등포구,2024-08-08 9:13,9
SPB-66737,기타 ,금천구,2024-08-18 9:18,9
SPB-66743,타이어 ,마포구,2024-08-26 11:06,11
SPB-66745,타이어 ,서대문구,2024-08-14 22:18,22
SPB-66747,안장,노원구,2024-08-05 20:06,20
SPB-66747,기타 ,노원구,2024-08-07 20:31,20
SPB-66752,페달,강서구,2024-08-05 9:02,9
SPB-66754,안장,강북구,2024-08-04 13:32,13
SPB-66754,안장,도봉구,2024-08-07 17:34,17
SPB-66755,타이어 ,구로구,2024-08-22 17:53,17
SPB-66757,기타 ,구로구,2024-08-25 14:53,14
SPB-66765,타이어 ,강동구,2024-08-28 5:08,5
SPB-66767,타이어 ,도봉구,2024-08-06 8:49,8
SPB-66767,타이어 ,노원구,2024-08-08 22:06,22
SPB-66768,타이어 ,영등포구,2024-08-26 7:20,7
SPB-66770,단말기,영등포구,2024-08-30 11:47,11
SPB-66771,기타 ,영등포구,2024-08-22 6:12,6
SPB-66775,타이어 ,서대문구,2024-08-27 18:53,18
SPB-66776,타이어 ,강서구,2024-08-24 19:21,19
SPB-66784,타이어 ,강서구,2024-08-04 13:51,13
SPB-66784,타이어 ,마포구,2024-08-23 22:07,22
SPB-66785,기타 ,영등포구,2024-08-12 22:21,22
SPB-66785,기타 ,양천구,2024-08-18 21:12,21
SPB-66786,타이어 ,영등포구,2024-08-09 15:09,15
SPB-66792,타이어 ,서초구,2024-08-07 13:11,13
SPB-66799,타이어 ,강서구,2024-08-27 12:53,12
SPB-66800,체인,노원구,2024-08-24 15:18,15
SPB-66800,체인,노원구,2024-08-25 20:14,20
SPB-66800,체인,노원구,2024-08-26 15:13,15
SPB-66800,체인,노원구,2024-08-31 13:27,13
SPB-66801,기타 ,서대문구,2024-08-07 8:00,8
SPB-66802,타이어 ,구로구,2024-08-31 9:49,9
SPB-66803,안장,동작구,2024-08-09 15:51,15
SPB-66808,타이어 ,동대문구,2024-08-08 10:03,10
SPB-66812,타이어 ,강남구,2024-08-31 16:43,16
SPB-66813,타이어 ,성동구,2024-08-31 0:03,0
SPB-66815,체인,노원구,2024-08-14 18:01,18
SPB-66815,기타 ,송파구,2024-08-23 17:38,17
SPB-66816,기타 ,종로구,2024-08-28 16:21,16
SPB-66817,타이어 ,강북구,2024-08-19 13:00,13
SPB-66819,타이어 ,강남구,2024-08-02 17:17,17
SPB-66820,타이어 ,은평구,2024-08-29 11:03,11
SPB-66821,타이어 ,양천구,2024-08-13 22:18,22
SPB-66824,타이어 ,동작구,2024-08-29 18:29,18
SPB-66827,타이어 ,용산구,2024-08-16 19:31,19
SPB-66828,기타 ,강서구,2024-08-01 18:49,18
SPB-66838,기타 ,양천구,2024-08-24 17:19,17
SPB-66839,타이어 ,동작구,2024-08-12 19:19,19
SPB-66850,기타 ,성동구,2024-08-15 22:10,22
SPB-66857,체인,노원구,2024-08-14 17:44,17
SPB-66861,체인,마포구,2024-08-13 8:14,8
SPB-66862,기타 ,관악구,2024-08-31 18:13,18
SPB-66863,기타 ,광진구,2024-08-26 17:56,17
SPB-66864,기타 ,강서구,2024-08-08 18:48,18
SPB-66868,기타 ,동대문구,2024-08-27 23:38,23
SPB-66869,타이어 ,도봉구,2024-08-23 16:24,16
SPB-66870,타이어 ,양천구,2024-08-13 17:33,17
SPB-66870,기타 ,양천구,2024-08-16 5:42,5
SPB-66875,타이어 ,은평구,2024-08-01 21:59,21
SPB-66876,체인,관악구,2024-08-05 9:33,9
SPB-66876,체인,강서구,2024-08-12 21:43,21
SPB-66877,타이어 ,강서구,2024-08-14 7:20,7
SPB-66884,타이어 ,관악구,2024-08-23 20:16,20
SPB-66885,체인,광진구,2024-08-07 16:35,16
SPB-66885,체인,강서구,2024-08-18 14:44,14
SPB-66887,안장,은평구,2024-08-01 14:12,14
SPB-66887,타이어 ,양천구,2024-08-22 22:48,22
SPB-66893,체인,송파구,2024-08-16 14:23,14
SPB-66894,체인,강서구,2024-08-07 18:20,18
SPB-66896,체인,서대문구,2024-08-09 20:38,20
SPB-66907,체인,구로구,2024-08-29 11:41,11
SPB-66908,타이어 ,마포구,2024-08-02 2:04,2
SPB-66908,타이어 ,강서구,2024-08-08 18:22,18
SPB-66910,타이어 ,은평구,2024-08-18 17:25,17
SPB-66913,타이어 ,강서구,2024-08-01 7:08,7
SPB-66913,체인,마포구,2024-08-16 3:41,3
SPB-66915,체인,강동구,2024-08-12 8:43,8
SPB-66922,단말기,용산구,2024-08-14 20:34,20
SPB-66922,기타 ,용산구,2024-08-15 7:52,7
SPB-66923,타이어 ,영등포구,2024-08-16 16:07,16
SPB-66925,타이어 ,송파구,2024-08-26 6:17,6
SPB-66928,타이어 ,강남구,2024-08-31 4:04,4
SPB-66938,안장,양천구,2024-08-01 5:51,5
SPB-66938,안장,구로구,2024-08-15 11:27,11
SPB-66939,기타 ,중구,2024-08-23 17:18,17
SPB-66941,타이어 ,도봉구,2024-08-14 13:35,13
SPB-66947,기타 ,강북구,2024-08-26 21:55,21
SPB-66952,타이어 ,구로구,2024-08-05 18:55,18
SPB-66953,체인,영등포구,2024-08-28 22:02,22
SPB-66955,단말기,강서구,2024-08-01 21:18,21
SPB-66955,안장,강서구,2024-08-20 8:17,8
SPB-66959,기타 ,관악구,2024-08-26 19:29,19
SPB-66959,기타 ,영등포구,2024-08-30 12:44,12
SPB-66959,체인,강서구,2024-08-31 20:49,20
SPB-66969,타이어 ,강서구,2024-08-13 17:48,17
SPB-66970,기타 ,동대문구,2024-08-09 13:08,13
SPB-66971,기타 ,마포구,2024-08-03 15:17,15
SPB-66979,타이어 ,중랑구,2024-08-25 18:14,18
SPB-66980,타이어 ,중구,2024-08-07 7:58,7
SPB-66981,타이어 ,동작구,2024-08-17 12:43,12
SPB-66982,기타 ,구로구,2024-08-02 21:32,21
SPB-66983,체인,양천구,2024-08-06 23:46,23
SPB-66986,체인,성동구,2024-08-11 22:14,22
SPB-66990,타이어 ,마포구,2024-08-14 8:44,8
SPB-66990,기타 ,마포구,2024-08-22 22:27,22
SPB-66992,타이어 ,노원구,2024-08-14 0:26,0
SPB-66997,단말기,서초구,2024-08-20 14:03,14
SPB-66997,기타 ,구로구,2024-08-22 20:17,20
SPB-66999,기타 ,서초구,2024-08-08 19:08,19
SPB-67001,타이어 ,강서구,2024-08-30 13:30,13
SPB-67003,기타 ,노원구,2024-08-10 21:30,21
SPB-67004,페달,금천구,2024-08-07 18:41,18
SPB-67004,페달,강서구,2024-08-13 6:04,6
SPB-67005,기타 ,마포구,2024-08-07 1:15,1
SPB-67006,기타 ,강동구,2024-08-18 18:27,18
SPB-67012,타이어 ,성북구,2024-08-20 12:34,12
SPB-67013,타이어 ,은평구,2024-08-05 17:32,17
SPB-67014,타이어 ,광진구,2024-08-17 21:23,21
SPB-67015,페달,송파구,2024-08-01 11:49,11
SPB-67018,타이어 ,용산구,2024-08-06 22:23,22
SPB-67024,기타 ,종로구,2024-08-19 7:17,7
SPB-67026,체인,중랑구,2024-08-26 14:58,14
SPB-67028,기타 ,광진구,2024-08-11 19:14,19
SPB-67028,안장,동대문구,2024-08-12 18:10,18
SPB-67030,기타 ,중랑구,2024-08-31 9:43,9
SPB-67031,안장,송파구,2024-08-31 9:39,9
SPB-67032,타이어 ,영등포구,2024-08-10 12:09,12
SPB-67034,타이어 ,강남구,2024-08-02 21:59,21
SPB-67036,타이어 ,강남구,2024-08-23 8:20,8
SPB-67037,페달,송파구,2024-08-14 16:59,16
SPB-67037,페달,송파구,2024-08-16 6:12,6
SPB-67038,타이어 ,강서구,2024-08-05 12:03,12
SPB-67053,타이어 ,광진구,2024-08-05 21:44,21
SPB-67054,타이어 ,노원구,2024-08-01 15:18,15
SPB-67054,타이어 ,도봉구,2024-08-15 17:46,17
SPB-67055,기타 ,강동구,2024-08-03 14:07,14
SPB-67056,페달,강서구,2024-08-29 7:53,7
SPB-67057,기타 ,중랑구,2024-08-30 23:11,23
SPB-67058,기타 ,송파구,2024-08-07 16:19,16
SPB-67060,기타 ,양천구,2024-08-28 7:29,7
SPB-67061,체인,강동구,2024-08-24 13:57,13
SPB-67063,타이어 ,강동구,2024-08-24 21:56,21
SPB-67065,체인,영등포구,2024-08-14 17:12,17
SPB-67067,기타 ,서대문구,2024-08-02 22:32,22
SPB-67067,기타 ,영등포구,2024-08-14 8:58,8
SPB-67068,기타 ,금천구,2024-08-29 7:03,7
SPB-67069,타이어 ,강서구,2024-08-28 7:08,7
SPB-67070,타이어 ,관악구,2024-08-05 8:42,8
SPB-67070,기타 ,영등포구,2024-08-08 22:47,22
SPB-67071,타이어 ,마포구,2024-08-22 19:13,19
SPB-67074,타이어 ,강북구,2024-08-30 16:37,16
SPB-67076,단말기,강서구,2024-08-07 9:44,9
SPB-67077,체인,관악구,2024-08-01 18:14,18
SPB-67077,체인,양천구,2024-08-18 15:40,15
SPB-67080,타이어 ,관악구,2024-08-11 19:14,19
SPB-67085,타이어 ,송파구,2024-08-08 19:49,19
SPB-67088,단말기,동작구,2024-08-09 20:37,20
SPB-67089,타이어 ,영등포구,2024-08-16 17:05,17
SPB-67089,기타 ,영등포구,2024-08-18 11:54,11
SPB-67090,안장,강동구,2024-08-15 11:36,11
SPB-67091,기타 ,용산구,2024-08-11 22:27,22
SPB-67094,타이어 ,광진구,2024-08-27 18:15,18
SPB-67096,페달,송파구,2024-08-04 0:03,0
SPB-67096,페달,송파구,2024-08-11 13:16,13
SPB-67096,체인,송파구,2024-08-16 22:03,22
SPB-67096,체인,영등포구,2024-08-21 22:20,22
SPB-67096,체인,영등포구,2024-08-25 7:11,7
SPB-67096,체인,구로구,2024-08-28 19:54,19
SPB-67099,체인,영등포구,2024-08-11 9:48,9
SPB-67100,체인,영등포구,2024-08-27 18:11,18
SPB-67103,체인,양천구,2024-08-19 15:40,15
SPB-67104,타이어 ,양천구,2024-08-05 8:28,8
SPB-67106,기타 ,마포구,2024-08-27 20:44,20
SPB-67109,타이어 ,강동구,2024-08-14 9:30,9
SPB-67109,타이어 ,강동구,2024-08-17 10:04,10
SPB-67109,타이어 ,강동구,2024-08-21 20:12,20
SPB-67109,타이어 ,송파구,2024-08-26 18:46,18
SPB-67111,기타 ,성동구,2024-08-28 9:36,9
SPB-67112,안장,송파구,2024-08-08 10:40,10
SPB-67116,기타 ,관악구,2024-08-12 18:55,18
SPB-67121,체인,광진구,2024-08-20 18:43,18
SPB-67125,단말기,구로구,2024-08-06 8:37,8
SPB-67126,타이어 ,송파구,2024-08-30 9:10,9
SPB-67129,페달,영등포구,2024-08-11 17:09,17
SPB-67130,체인,성북구,2024-08-08 9:54,9
SPB-67132,기타 ,동대문구,2024-08-26 18:45,18
SPB-67132,기타 ,용산구,2024-08-30 18:06,18
SPB-67136,기타 ,마포구,2024-08-14 20:02,20
SPB-67136,체인,영등포구,2024-08-29 14:00,14
SPB-67139,타이어 ,구로구,2024-08-24 9:09,9
SPB-67140,타이어 ,양천구,2024-08-28 9:23,9
SPB-67141,페달,동대문구,2024-08-09 8:52,8
SPB-67143,체인,동대문구,2024-08-22 13:10,13
SPB-67144,기타 ,노원구,2024-08-05 9:08,9
SPB-67144,기타 ,용산구,2024-08-20 21:22,21
SPB-67146,기타 ,양천구,2024-08-30 14:56,14
SPB-67147,타이어 ,강서구,2024-08-14 7:14,7
SPB-67153,체인,성북구,2024-08-06 15:02,15
SPB-67154,기타 ,영등포구,2024-08-06 11:42,11
SPB-67158,타이어 ,영등포구,2024-08-21 17:26,17
SPB-67158,안장,강북구,2024-08-25 20:51,20
SPB-67159,타이어 ,강서구,2024-08-23 15:31,15
SPB-67161,타이어 ,강서구,2024-08-23 8:07,8
SPB-67161,타이어 ,강서구,2024-08-26 9:28,9
SPB-67162,타이어 ,강서구,2024-08-23 19:06,19
SPB-67165,안장,동대문구,2024-08-03 7:52,7
SPB-67165,체인,동작구,2024-08-23 5:00,5
SPB-67168,안장,마포구,2024-08-17 21:01,21
SPB-67168,안장,마포구,2024-08-20 18:18,18
SPB-67172,기타 ,금천구,2024-08-19 8:17,8
SPB-67179,기타 ,양천구,2024-08-20 18:57,18
SPB-67185,타이어 ,금천구,2024-08-17 13:19,13
SPB-67186,페달,영등포구,2024-08-07 21:20,21
SPB-67186,타이어 ,관악구,2024-08-16 17:21,17
SPB-67187,단말기,관악구,2024-08-16 1:26,1
SPB-67189,타이어 ,강동구,2024-08-17 15:46,15
SPB-67199,체인,영등포구,2024-08-19 12:58,12
SPB-67199,페달,송파구,2024-08-30 22:36,22
SPB-67203,타이어 ,양천구,2024-08-12 9:57,9
SPB-67208,체인,강남구,2024-08-23 20:55,20
SPB-67210,안장,강서구,2024-08-10 19:28,19
SPB-67212,타이어 ,양천구,2024-08-16 7:50,7
SPB-67213,체인,중랑구,2024-08-13 18:23,18
SPB-67214,타이어 ,광진구,2024-08-02 8:12,8
SPB-67218,기타 ,영등포구,2024-08-15 19:28,19
SPB-67218,타이어 ,구로구,2024-08-19 6:51,6
SPB-67220,기타 ,동작구,2024-08-10 10:35,10
SPB-67224,안장,용산구,2024-08-22 8:34,8
SPB-67229,기타 ,영등포구,2024-08-31 8:08,8
SPB-67234,타이어 ,광진구,2024-08-20 19:16,19
SPB-67234,타이어 ,광진구,2024-08-22 6:23,6
SPB-67239,기타 ,강북구,2024-08-06 8:43,8
SPB-67241,체인,강서구,2024-08-09 15:05,15
SPB-67241,체인,양천구,2024-08-09 21:12,21
SPB-67243,타이어 ,구로구,2024-08-18 19:15,19
SPB-67244,안장,중구,2024-08-28 8:57,8
SPB-67250,타이어 ,영등포구,2024-08-14 18:14,18
SPB-67259,타이어 ,구로구,2024-08-16 7:11,7
SPB-67261,기타 ,동대문구,2024-08-02 0:14,0
SPB-67267,기타 ,은평구,2024-08-12 8:32,8
SPB-67268,체인,송파구,2024-08-17 12:29,12
SPB-67268,체인,성북구,2024-08-26 18:39,18
SPB-67275,안장,양천구,2024-08-15 10:47,10
SPB-67281,기타 ,서초구,2024-08-05 19:24,19
SPB-67284,기타 ,강북구,2024-08-26 18:57,18
SPB-67286,타이어 ,영등포구,2024-08-03 17:13,17
SPB-67286,타이어 ,강서구,2024-08-05 18:05,18
SPB-67286,타이어 ,강서구,2024-08-13 19:37,19
SPB-67287,기타 ,광진구,2024-08-07 18:32,18
SPB-67291,기타 ,노원구,2024-08-19 19:31,19
SPB-67291,기타 ,노원구,2024-08-20 10:40,10
SPB-67292,안장,금천구,2024-08-21 17:40,17
SPB-67294,기타 ,은평구,2024-08-08 12:37,12
SPB-67296,안장,성동구,2024-08-31 19:55,19
SPB-67297,기타 ,영등포구,2024-08-29 23:03,23
SPB-67298,안장,구로구,2024-08-16 6:56,6
SPB-67302,체인,은평구,2024-08-10 17:30,17
SPB-67304,타이어 ,광진구,2024-08-02 8:23,8
SPB-67305,단말기,서대문구,2024-08-31 13:28,13
SPB-67311,기타 ,송파구,2024-08-24 21:31,21
SPB-67317,타이어 ,종로구,2024-08-14 9:19,9
SPB-67334,타이어 ,마포구,2024-08-25 15:44,15
SPB-67343,안장,동작구,2024-08-16 20:15,20
SPB-67343,안장,금천구,2024-08-21 18:15,18
SPB-67345,타이어 ,동대문구,2024-08-14 20:02,20
SPB-67346,타이어 ,동작구,2024-08-30 9:21,9
SPB-67349,체인,중랑구,2024-08-24 1:24,1
SPB-67350,기타 ,동대문구,2024-08-07 19:48,19
SPB-67350,기타 ,중구,2024-08-14 8:12,8
SPB-67351,타이어 ,중랑구,2024-08-27 7:56,7
SPB-67353,기타 ,영등포구,2024-08-12 8:55,8
SPB-67356,체인,강서구,2024-08-24 22:03,22
SPB-67362,타이어 ,금천구,2024-08-29 16:51,16
SPB-67384,타이어 ,광진구,2024-08-27 8:02,8
SPB-67385,체인,강남구,2024-08-09 17:58,17
SPB-67393,타이어 ,양천구,2024-08-06 17:58,17
SPB-67397,안장,영등포구,2024-08-30 22:24,22
SPB-67398,기타 ,금천구,2024-08-03 0:24,0
SPB-67398,체인,용산구,2024-08-19 5:17,5
SPB-67398,체인,마포구,2024-08-26 20:20,20
SPB-67400,체인,송파구,2024-08-02 16:10,16
SPB-67402,체인,중랑구,2024-08-19 19:45,19
SPB-67408,타이어 ,마포구,2024-08-03 17:57,17
SPB-67408,타이어 ,광진구,2024-08-25 21:21,21
SPB-67411,타이어 ,강서구,2024-08-07 19:13,19
SPB-67412,체인,동작구,2024-08-20 8:02,8
SPB-67412,타이어 ,송파구,2024-08-27 13:00,13
SPB-67415,타이어 ,동작구,2024-08-01 23:10,23
SPB-67415,안장,광진구,2024-08-11 23:20,23
SPB-67421,타이어 ,노원구,2024-08-09 17:40,17
SPB-67424,체인,양천구,2024-08-01 21:23,21
SPB-67432,타이어 ,영등포구,2024-08-27 8:55,8
SPB-67435,기타 ,구로구,2024-08-27 16:13,16
SPB-67441,타이어 ,강동구,2024-08-20 18:42,18
SPB-67442,기타 ,강서구,2024-08-30 18:38,18
SPB-67443,타이어 ,강남구,2024-08-28 18:49,18
SPB-67444,페달,영등포구,2024-08-17 10:43,10
SPB-67445,타이어 ,광진구,2024-08-19 9:13,9
SPB-67452,체인,동대문구,2024-08-03 20:07,20
SPB-67452,체인,동대문구,2024-08-04 23:33,23
SPB-67452,체인,동작구,2024-08-11 19:12,19
SPB-67452,체인,영등포구,2024-08-14 9:19,9
SPB-67457,타이어 ,은평구,2024-08-23 18:30,18
SPB-67458,안장,도봉구,2024-08-09 19:33,19
SPB-67458,안장,노원구,2024-08-13 6:50,6
SPB-67458,안장,도봉구,2024-08-16 11:18,11
SPB-67459,체인,영등포구,2024-08-19 8:18,8
SPB-67459,타이어 ,영등포구,2024-08-30 9:01,9
SPB-67463,타이어 ,강남구,2024-08-11 16:40,16
SPB-67463,타이어 ,송파구,2024-08-27 22:28,22
SPB-67464,타이어 ,동대문구,2024-08-08 6:02,6
SPB-67466,타이어 ,동대문구,2024-08-03 11:02,11
SPB-67467,기타 ,노원구,2024-08-23 17:39,17
SPB-67468,타이어 ,서초구,2024-08-07 21:13,21
SPB-67473,기타 ,구로구,2024-08-22 7:37,7
SPB-67474,페달,도봉구,2024-08-19 15:47,15
SPB-67474,체인,노원구,2024-08-20 6:26,6
SPB-67475,기타 ,광진구,2024-08-02 22:49,22
SPB-67475,기타 ,강남구,2024-08-13 5:54,5
SPB-67486,타이어 ,노원구,2024-08-18 12:25,12
SPB-67488,타이어 ,영등포구,2024-08-30 17:58,17
SPB-67489,페달,성북구,2024-08-12 7:13,7
SPB-67492,단말기,관악구,2024-08-26 1:09,1
SPB-67494,체인,강서구,2024-08-23 17:49,17
SPB-67496,타이어 ,은평구,2024-08-10 15:52,15
SPB-67499,단말기,양천구,2024-08-04 2:45,2
SPB-67504,타이어 ,양천구,2024-08-26 8:57,8
SPB-67507,기타 ,은평구,2024-08-12 4:17,4
SPB-67507,타이어 ,마포구,2024-08-12 18:27,18
SPB-67507,페달,도봉구,2024-08-25 10:52,10
SPB-67516,안장,강서구,2024-08-25 20:20,20
SPB-67518,단말기,강동구,2024-08-14 20:07,20
SPB-67518,타이어 ,송파구,2024-08-28 0:17,0
SPB-67521,기타 ,구로구,2024-08-27 19:39,19
SPB-67521,기타 ,양천구,2024-08-29 17:20,17
SPB-67523,기타 ,양천구,2024-08-26 22:11,22
SPB-67524,체인,관악구,2024-08-27 21:11,21
SPB-67531,기타 ,마포구,2024-08-24 6:34,6
SPB-67533,기타 ,영등포구,2024-08-01 16:47,16
SPB-67536,기타 ,송파구,2024-08-06 22:50,22
SPB-67539,체인,성북구,2024-08-06 19:07,19
SPB-67539,체인,노원구,2024-08-16 16:08,16
SPB-67544,타이어 ,양천구,2024-08-03 13:45,13
SPB-67544,타이어 ,구로구,2024-08-26 8:55,8
SPB-67547,타이어 ,은평구,2024-08-16 8:34,8
SPB-67548,타이어 ,마포구,2024-08-30 17:04,17
SPB-67549,기타 ,구로구,2024-08-02 19:03,19
SPB-67549,기타 ,마포구,2024-08-29 7:59,7
SPB-67554,기타 ,영등포구,2024-08-17 1:11,1
SPB-67556,기타 ,중구,2024-08-31 20:47,20
SPB-67562,타이어 ,종로구,2024-08-27 19:17,19
SPB-67571,타이어 ,동대문구,2024-08-30 15:38,15
SPB-67573,타이어 ,용산구,2024-08-19 16:21,16
SPB-67574,기타 ,강서구,2024-08-20 21:15,21
SPB-67580,기타 ,관악구,2024-08-12 13:12,13
SPB-67582,안장,동대문구,2024-08-12 15:29,15
SPB-67585,타이어 ,동작구,2024-08-27 23:11,23
SPB-67590,단말기,강북구,2024-08-26 21:51,21
SPB-67594,안장,중랑구,2024-08-05 19:11,19
SPB-67596,기타 ,영등포구,2024-08-23 20:04,20
SPB-67597,기타 ,강서구,2024-08-23 8:11,8
SPB-67597,체인,금천구,2024-08-29 18:53,18
SPB-67607,체인,노원구,2024-08-07 21:25,21
SPB-67607,체인,영등포구,2024-08-23 17:04,17
SPB-67611,체인,영등포구,2024-08-30 20:06,20
SPB-67612,타이어 ,강서구,2024-08-24 15:39,15
SPB-67614,타이어 ,양천구,2024-08-04 13:43,13
SPB-67615,체인,구로구,2024-08-11 12:50,12
SPB-67617,체인,강동구,2024-08-07 8:29,8
SPB-67617,체인,송파구,2024-08-11 8:00,8
SPB-67618,타이어 ,종로구,2024-08-29 19:57,19
SPB-67621,기타 ,도봉구,2024-08-14 21:24,21
SPB-67624,기타 ,성북구,2024-08-26 23:03,23
SPB-67626,단말기,강동구,2024-08-31 17:47,17
SPB-67629,타이어 ,마포구,2024-08-10 2:38,2
SPB-67632,타이어 ,송파구,2024-08-19 18:19,18
SPB-67633,타이어 ,금천구,2024-08-12 18:22,18
SPB-67635,안장,금천구,2024-08-14 18:25,18
SPB-67635,안장,관악구,2024-08-27 21:35,21
SPB-67641,체인,서대문구,2024-08-08 18:30,18
SPB-67642,기타 ,도봉구,2024-08-03 0:54,0
SPB-67642,기타 ,중랑구,2024-08-11 18:54,18
SPB-67642,타이어 ,성동구,2024-08-22 8:44,8
SPB-67643,체인,송파구,2024-08-01 7:29,7
SPB-67643,체인,양천구,2024-08-07 22:09,22
SPB-67645,타이어 ,송파구,2024-08-20 7:48,7
SPB-67650,타이어 ,금천구,2024-08-14 6:43,6
SPB-67654,기타 ,영등포구,2024-08-13 18:31,18
SPB-67658,체인,도봉구,2024-08-22 23:31,23
SPB-67659,타이어 ,영등포구,2024-08-06 13:19,13
SPB-67659,타이어 ,도봉구,2024-08-15 15:06,15
SPB-67661,타이어 ,노원구,2024-08-09 16:14,16
SPB-67661,타이어 ,종로구,2024-08-25 17:37,17
SPB-67662,체인,강서구,2024-08-15 12:22,12
SPB-67663,기타 ,영등포구,2024-08-09 16:15,16
SPB-67670,안장,동작구,2024-08-14 15:16,15
SPB-67673,안장,노원구,2024-08-09 14:18,14
SPB-67673,안장,양천구,2024-08-26 18:40,18
SPB-67676,타이어 ,강북구,2024-08-05 12:49,12
SPB-67677,타이어 ,송파구,2024-08-01 18:40,18
SPB-67678,기타 ,강서구,2024-08-29 20:41,20
SPB-67681,타이어 ,강서구,2024-08-30 15:53,15
SPB-67682,타이어 ,구로구,2024-08-16 22:18,22
SPB-67682,타이어 ,구로구,2024-08-25 15:14,15
SPB-67686,기타 ,송파구,2024-08-05 16:51,16
SPB-67687,페달,강동구,2024-08-03 1:13,1
SPB-67689,타이어 ,강서구,2024-08-30 15:13,15
SPB-67690,안장,강서구,2024-08-03 12:45,12
SPB-67693,타이어 ,송파구,2024-08-28 8:25,8
SPB-67707,타이어 ,동대문구,2024-08-25 11:38,11
SPB-67709,기타 ,영등포구,2024-08-19 19:44,19
SPB-67710,타이어 ,서초구,2024-08-06 19:55,19
SPB-67711,타이어 ,강서구,2024-08-28 12:58,12
SPB-67712,타이어 ,양천구,2024-08-25 15:25,15
SPB-67713,기타 ,마포구,2024-08-05 7:19,7
SPB-67714,타이어 ,노원구,2024-08-10 23:33,23
SPB-67720,기타 ,동대문구,2024-08-06 7:44,7
SPB-67720,기타 ,강서구,2024-08-29 21:03,21
SPB-67721,타이어 ,금천구,2024-08-28 16:10,16
SPB-67724,기타 ,강동구,2024-08-08 16:35,16
SPB-67725,타이어 ,강서구,2024-08-17 17:24,17
SPB-67731,체인,서초구,2024-08-11 22:36,22
SPB-67731,페달,강북구,2024-08-29 0:07,0
SPB-67733,기타 ,은평구,2024-08-01 21:21,21
SPB-67733,타이어 ,강서구,2024-08-06 8:06,8
SPB-67734,타이어 ,동작구,2024-08-07 17:39,17
SPB-67734,기타 ,강서구,2024-08-29 21:09,21
SPB-67735,타이어 ,구로구,2024-08-13 13:23,13
SPB-67736,타이어 ,강남구,2024-08-14 21:36,21
SPB-67737,페달,중랑구,2024-08-01 18:44,18
SPB-67737,안장,노원구,2024-08-23 20:31,20
SPB-67738,기타 ,영등포구,2024-08-15 15:31,15
SPB-67740,체인,서초구,2024-08-30 22:51,22
SPB-67741,단말기,관악구,2024-08-19 18:58,18
SPB-67741,기타 ,동작구,2024-08-31 23:03,23
SPB-67742,타이어 ,성동구,2024-08-17 16:20,16
SPB-67743,타이어 ,영등포구,2024-08-05 18:41,18
SPB-67743,타이어 ,강남구,2024-08-13 9:24,9
SPB-67748,체인,강서구,2024-08-12 11:36,11
SPB-67754,기타 ,양천구,2024-08-08 11:27,11
SPB-67754,타이어 ,영등포구,2024-08-16 13:14,13
SPB-67755,기타 ,강서구,2024-08-13 17:58,17
SPB-67757,체인,서초구,2024-08-02 22:21,22
SPB-67757,단말기,도봉구,2024-08-11 11:42,11
SPB-67758,체인,동대문구,2024-08-15 8:14,8
SPB-67758,타이어 ,중랑구,2024-08-17 11:06,11
SPB-67765,안장,은평구,2024-08-25 6:44,6
SPB-67766,기타 ,동대문구,2024-08-29 19:22,19
SPB-67769,페달,관악구,2024-08-08 4:11,4
SPB-67769,페달,광진구,2024-08-10 11:54,11
SPB-67769,페달,강남구,2024-08-12 19:09,19
SPB-67771,타이어 ,강동구,2024-08-06 13:48,13
SPB-67775,기타 ,중구,2024-08-16 8:50,8
SPB-67776,체인,동대문구,2024-08-31 20:08,20
SPB-67782,타이어 ,송파구,2024-08-16 18:58,18
SPB-67784,기타 ,관악구,2024-08-01 14:40,14
SPB-67784,단말기,양천구,2024-08-13 22:14,22
SPB-67784,기타 ,중랑구,2024-08-27 23:17,23
SPB-67785,기타 ,서대문구,2024-08-13 17:06,17
SPB-67788,체인,광진구,2024-08-16 7:26,7
SPB-67790,체인,노원구,2024-08-30 8:27,8
SPB-67791,타이어 ,송파구,2024-08-27 21:12,21
SPB-67791,페달,서초구,2024-08-31 3:50,3
SPB-67797,기타 ,성동구,2024-08-05 9:09,9
SPB-67803,기타 ,성동구,2024-08-19 6:43,6
SPB-67803,기타 ,용산구,2024-08-19 21:30,21
SPB-67804,타이어 ,중랑구,2024-08-07 12:22,12
SPB-67805,타이어 ,송파구,2024-08-08 19:08,19
SPB-67808,기타 ,구로구,2024-08-20 16:53,16
SPB-67815,기타 ,금천구,2024-08-05 12:41,12
SPB-67819,타이어 ,노원구,2024-08-08 8:46,8
SPB-67821,타이어 ,영등포구,2024-08-01 17:59,17
SPB-67821,기타 ,은평구,2024-08-22 8:36,8
SPB-67827,페달,서초구,2024-08-09 18:23,18
SPB-67827,페달,송파구,2024-08-16 9:04,9
SPB-67831,체인,강서구,2024-08-30 21:46,21
SPB-67834,기타 ,용산구,2024-08-25 23:22,23
SPB-67836,페달,동대문구,2024-08-11 19:26,19
SPB-67837,타이어 ,송파구,2024-08-09 9:45,9
SPB-67841,타이어 ,성동구,2024-08-16 6:41,6
SPB-67850,타이어 ,서초구,2024-08-06 9:45,9
SPB-67850,체인,송파구,2024-08-18 16:49,16
SPB-67850,페달,중구,2024-08-26 19:18,19
SPB-67852,타이어 ,강남구,2024-08-11 21:14,21
SPB-67852,체인,종로구,2024-08-31 13:10,13
SPB-67854,타이어 ,종로구,2024-08-23 21:54,21
SPB-67859,타이어 ,광진구,2024-08-03 7:02,7
SPB-67860,체인,도봉구,2024-08-09 17:39,17
SPB-67871,체인,동작구,2024-08-05 18:47,18
SPB-67878,체인,송파구,2024-08-16 17:55,17
SPB-67878,기타 ,도봉구,2024-08-29 18:43,18
SPB-67881,타이어 ,강서구,2024-08-30 8:15,8
SPB-67884,안장,송파구,2024-08-28 6:30,6
SPB-67891,타이어 ,노원구,2024-08-06 16:40,16
SPB-67893,기타 ,광진구,2024-08-20 16:33,16
SPB-67895,기타 ,노원구,2024-08-30 12:26,12
SPB-67897,타이어 ,강서구,2024-08-22 22:25,22
SPB-67900,타이어 ,금천구,2024-08-29 17:41,17
SPB-67902,타이어 ,노원구,2024-08-25 12:46,12
SPB-67905,체인,마포구,2024-08-29 8:18,8
SPB-67910,페달,은평구,2024-08-04 18:45,18
SPB-67912,페달,구로구,2024-08-27 16:40,16
SPB-67914,단말기,종로구,2024-08-27 16:38,16
SPB-67917,기타 ,구로구,2024-08-30 18:24,18
SPB-67922,타이어 ,동대문구,2024-08-30 18:43,18
SPB-67927,타이어 ,영등포구,2024-08-27 17:54,17
SPB-67932,기타 ,도봉구,2024-08-08 8:20,8
SPB-67932,페달,송파구,2024-08-29 9:20,9
SPB-67933,체인,강서구,2024-08-23 9:39,9
SPB-67937,체인,동대문구,2024-08-01 18:11,18
SPB-67937,페달,양천구,2024-08-12 22:08,22
SPB-67937,체인,강서구,2024-08-27 17:57,17
SPB-67938,체인,강서구,2024-08-25 17:37,17
SPB-67949,기타 ,양천구,2024-08-20 7:59,7
SPB-67957,단말기,강서구,2024-08-02 13:10,13
SPB-67960,체인,영등포구,2024-08-28 20:37,20
SPB-67968,단말기,강서구,2024-08-07 18:27,18
SPB-67975,기타 ,마포구,2024-08-20 19:34,19
SPB-67975,체인,노원구,2024-08-31 12:47,12
SPB-67981,체인,구로구,2024-08-13 11:41,11
SPB-67983,타이어 ,강서구,2024-08-12 15:57,15
SPB-67984,기타 ,동대문구,2024-08-26 21:54,21
SPB-67986,체인,강남구,2024-08-18 7:38,7
SPB-67989,체인,서대문구,2024-08-29 2:09,2
SPB-67994,체인,강남구,2024-08-02 17:23,17
SPB-67994,기타 ,송파구,2024-08-20 7:34,7
SPB-67998,기타 ,송파구,2024-08-29 19:01,19
SPB-68010,체인,마포구,2024-08-10 14:43,14
SPB-68017,타이어 ,노원구,2024-08-26 19:36,19
SPB-68022,체인,동대문구,2024-08-11 21:56,21
SPB-68022,체인,송파구,2024-08-31 0:30,0
SPB-68028,체인,영등포구,2024-08-29 18:48,18
SPB-68031,페달,영등포구,2024-08-31 19:36,19
SPB-68032,타이어 ,도봉구,2024-08-13 17:36,17
SPB-68037,체인,도봉구,2024-08-09 20:13,20
SPB-68044,기타 ,동작구,2024-08-11 10:53,10
SPB-68045,기타 ,강서구,2024-08-20 21:52,21
SPB-68057,체인,양천구,2024-08-21 17:13,17
SPB-68057,체인,강서구,2024-08-23 9:56,9
SPB-68058,체인,노원구,2024-08-10 22:04,22
SPB-68059,타이어 ,성동구,2024-08-01 14:15,14
SPB-68065,체인,강남구,2024-08-09 21:39,21
SPB-68091,타이어 ,송파구,2024-08-07 18:09,18
SPB-68092,기타 ,강서구,2024-08-01 23:31,23
SPB-68092,체인,영등포구,2024-08-19 7:47,7
SPB-68092,체인,송파구,2024-08-28 20:39,20
SPB-68099,기타 ,송파구,2024-08-25 20:55,20
SPB-68104,페달,동대문구,2024-08-04 13:09,13
SPB-68112,기타 ,광진구,2024-08-04 17:09,17
SPB-68112,기타 ,구로구,2024-08-29 11:50,11
SPB-68118,타이어 ,광진구,2024-08-02 9:04,9
SPB-68118,페달,강서구,2024-08-29 7:00,7
SPB-68119,타이어 ,서대문구,2024-08-23 2:07,2
SPB-68123,기타 ,영등포구,2024-08-12 7:37,7
SPB-68125,기타 ,양천구,2024-08-13 9:47,9
SPB-68127,기타 ,중랑구,2024-08-23 12:26,12
SPB-68128,타이어 ,강서구,2024-08-09 18:17,18
SPB-68131,기타 ,강서구,2024-08-29 22:17,22
SPB-68139,타이어 ,중랑구,2024-08-20 21:28,21
SPB-68139,체인,서초구,2024-08-27 11:01,11
SPB-68140,체인,양천구,2024-08-03 14:29,14
SPB-68143,단말기,강서구,2024-08-03 22:46,22
SPB-68145,체인,강서구,2024-08-16 18:52,18
SPB-68145,기타 ,영등포구,2024-08-20 18:19,18
SPB-68155,기타 ,성동구,2024-08-12 7:38,7
SPB-68157,타이어 ,강서구,2024-08-26 17:46,17
SPB-68162,타이어 ,성동구,2024-08-11 18:05,18
SPB-68167,타이어 ,강동구,2024-08-08 15:32,15
SPB-68173,기타 ,서초구,2024-08-09 18:32,18
SPB-68181,단말기,도봉구,2024-08-12 16:30,16
SPB-68186,안장,성동구,2024-08-27 22:53,22
SPB-68193,체인,노원구,2024-08-22 19:31,19
SPB-68195,기타 ,구로구,2024-08-28 5:52,5
SPB-68203,기타 ,종로구,2024-08-16 22:03,22
SPB-68208,단말기,동작구,2024-08-28 7:17,7
SPB-68212,기타 ,양천구,2024-08-13 12:35,12
SPB-68216,기타 ,광진구,2024-08-30 17:24,17
SPB-68218,체인,영등포구,2024-08-08 8:04,8
SPB-68219,기타 ,강서구,2024-08-26 18:34,18
SPB-68224,체인,성동구,2024-08-14 8:34,8
SPB-68225,타이어 ,송파구,2024-08-11 15:01,15
SPB-68225,타이어 ,송파구,2024-08-13 21:59,21
SPB-68227,타이어 ,중랑구,2024-08-11 1:21,1
SPB-68233,타이어 ,송파구,2024-08-23 8:42,8
SPB-68234,페달,강동구,2024-08-15 20:13,20
SPB-68234,페달,강동구,2024-08-16 9:59,9
SPB-68237,단말기,강서구,2024-08-07 5:50,5
SPB-68241,기타 ,송파구,2024-08-07 9:49,9
SPB-68256,기타 ,강서구,2024-08-19 7:05,7
SPB-68262,체인,광진구,2024-08-18 6:38,6
SPB-68266,타이어 ,마포구,2024-08-15 23:28,23
SPB-68270,체인,광진구,2024-08-29 18:22,18
SPB-68275,기타 ,영등포구,2024-08-02 8:25,8
SPB-68280,기타 ,강동구,2024-08-30 6:56,6
SPB-68281,기타 ,서초구,2024-08-10 15:31,15
SPB-68286,체인,양천구,2024-08-30 1:04,1
SPB-68289,기타 ,송파구,2024-08-19 19:43,19
SPB-68293,기타 ,마포구,2024-08-31 20:07,20
SPB-68307,페달,동작구,2024-08-27 15:33,15
SPB-68314,기타 ,관악구,2024-08-13 23:03,23
SPB-68315,기타 ,송파구,2024-08-14 9:42,9
SPB-68320,체인,강동구,2024-08-11 16:03,16
SPB-68320,페달,송파구,2024-08-16 18:14,18
SPB-68325,기타 ,도봉구,2024-08-20 17:59,17
SPB-68333,기타 ,구로구,2024-08-23 12:40,12
SPB-68339,기타 ,노원구,2024-08-04 14:53,14
SPB-68340,체인,노원구,2024-08-01 13:46,13
SPB-68342,타이어 ,노원구,2024-08-27 13:43,13
SPB-68343,기타 ,관악구,2024-08-03 12:59,12
SPB-68355,기타 ,동대문구,2024-08-09 9:18,9
SPB-68360,타이어 ,양천구,2024-08-22 18:09,18
SPB-68363,체인,강서구,2024-08-17 11:53,11
SPB-68370,기타 ,구로구,2024-08-08 11:05,11
SPB-68372,타이어 ,종로구,2024-08-03 16:32,16
SPB-68372,기타 ,종로구,2024-08-12 10:15,10
SPB-68372,기타 ,용산구,2024-08-17 15:04,15
SPB-68372,기타 ,종로구,2024-08-19 4:42,4
SPB-68372,기타 ,중구,2024-08-20 12:13,12
SPB-68372,체인,동대문구,2024-08-26 6:43,6
SPB-68374,체인,송파구,2024-08-27 21:14,21
SPB-68381,기타 ,강동구,2024-08-20 21:20,21
SPB-68383,페달,양천구,2024-08-01 11:58,11
SPB-68383,체인,강서구,2024-08-15 22:34,22
SPB-68384,안장,송파구,2024-08-31 17:33,17
SPB-68387,체인,종로구,2024-08-02 16:38,16
SPB-68387,체인,송파구,2024-08-10 0:24,0
SPB-68388,기타 ,영등포구,2024-08-11 17:41,17
SPB-68388,체인,영등포구,2024-08-23 21:54,21
SPB-68398,기타 ,종로구,2024-08-06 8:31,8
SPB-68400,체인,송파구,2024-08-05 14:16,14
SPB-68404,기타 ,성동구,2024-08-16 18:05,18
SPB-68405,타이어 ,동작구,2024-08-22 9:10,9
SPB-68410,체인,관악구,2024-08-18 18:03,18
SPB-68410,체인,관악구,2024-08-19 13:30,13
SPB-68412,타이어 ,종로구,2024-08-28 17:17,17
SPB-68415,기타 ,관악구,2024-08-06 20:47,20
SPB-68421,타이어 ,강서구,2024-08-18 11:31,11
SPB-68427,기타 ,노원구,2024-08-29 14:36,14
SPB-68428,기타 ,종로구,2024-08-03 19:06,19
SPB-68428,기타 ,영등포구,2024-08-05 7:32,7
SPB-68428,기타 ,노원구,2024-08-28 6:45,6
SPB-68432,체인,구로구,2024-08-15 23:22,23
SPB-68448,타이어 ,영등포구,2024-08-27 7:39,7
SPB-68452,체인,강동구,2024-08-15 20:55,20
SPB-68452,체인,강동구,2024-08-17 10:29,10
SPB-68452,체인,강남구,2024-08-26 13:17,13
SPB-68452,체인,송파구,2024-08-28 8:52,8
SPB-68453,타이어 ,도봉구,2024-08-07 12:07,12
SPB-68457,체인,동대문구,2024-08-27 18:31,18
SPB-68459,타이어 ,광진구,2024-08-17 3:20,3
SPB-68459,체인,성동구,2024-08-18 18:26,18
SPB-68468,체인,광진구,2024-08-04 13:40,13
SPB-68469,타이어 ,마포구,2024-08-29 7:47,7
SPB-68472,체인,노원구,2024-08-15 19:23,19
SPB-68475,체인,강서구,2024-08-27 10:47,10
SPB-68476,안장,동대문구,2024-08-23 14:35,14
SPB-68483,체인,노원구,2024-08-01 23:07,23
SPB-68484,기타 ,중구,2024-08-05 13:29,13
SPB-68496,타이어 ,은평구,2024-08-25 8:32,8
SPB-68499,타이어 ,송파구,2024-08-26 11:37,11
SPB-68501,기타 ,송파구,2024-08-06 18:45,18
SPB-68501,타이어 ,강남구,2024-08-15 19:18,19
SPB-68505,기타 ,노원구,2024-08-31 17:33,17
SPB-68507,기타 ,양천구,2024-08-26 11:56,11
SPB-68508,타이어 ,송파구,2024-08-11 14:51,14
SPB-68512,기타 ,노원구,2024-08-01 8:59,8
SPB-68521,타이어 ,용산구,2024-08-07 20:26,20
SPB-68521,기타 ,동작구,2024-08-15 8:50,8
SPB-68523,체인,강서구,2024-08-02 18:26,18
SPB-68523,체인,성동구,2024-08-30 7:51,7
SPB-68524,타이어 ,양천구,2024-08-19 7:32,7
SPB-68532,단말기,강서구,2024-08-13 22:35,22
SPB-68532,기타 ,강서구,2024-08-23 16:54,16
SPB-68546,타이어 ,영등포구,2024-08-08 23:05,23
SPB-68547,기타 ,강서구,2024-08-14 10:39,10
SPB-68547,페달,강서구,2024-08-15 9:44,9
SPB-68548,타이어 ,강동구,2024-08-15 7:35,7
SPB-68554,타이어 ,송파구,2024-08-13 10:36,10
SPB-68554,타이어 ,송파구,2024-08-20 4:05,4
SPB-68554,타이어 ,광진구,2024-08-23 23:25,23
SPB-68558,기타 ,마포구,2024-08-05 19:27,19
SPB-68562,체인,은평구,2024-08-02 18:42,18
SPB-68563,안장,서대문구,2024-08-03 21:05,21
SPB-68569,기타 ,노원구,2024-08-03 18:10,18
SPB-68572,기타 ,은평구,2024-08-10 16:07,16
SPB-68573,타이어 ,광진구,2024-08-08 7:52,7
SPB-68576,체인,영등포구,2024-08-04 12:27,12
SPB-68576,기타 ,강서구,2024-08-07 19:33,19
SPB-68576,체인,강서구,2024-08-16 8:00,8
SPB-68576,체인,강서구,2024-08-23 5:06,5
SPB-68576,타이어 ,강서구,2024-08-29 8:09,8
SPB-68578,기타 ,구로구,2024-08-13 21:46,21
SPB-68580,타이어 ,성동구,2024-08-12 21:08,21
SPB-68590,타이어 ,광진구,2024-08-11 15:35,15
SPB-68591,타이어 ,영등포구,2024-08-29 7:35,7
SPB-68592,기타 ,성북구,2024-08-01 18:19,18
SPB-68597,기타 ,동대문구,2024-08-03 15:09,15
SPB-68599,타이어 ,구로구,2024-08-25 15:18,15
SPB-68603,기타 ,노원구,2024-08-12 20:29,20
SPB-68606,기타 ,동대문구,2024-08-02 8:02,8
SPB-68608,기타 ,강남구,2024-08-05 5:46,5
SPB-68608,타이어 ,중랑구,2024-08-24 15:21,15
SPB-68610,페달,송파구,2024-08-21 13:17,13
SPB-68613,타이어 ,양천구,2024-08-16 20:25,20
SPB-68614,단말기,관악구,2024-08-24 15:27,15
SPB-68618,체인,서초구,2024-08-02 9:45,9
SPB-68618,체인,서초구,2024-08-04 8:51,8
SPB-68618,체인,강서구,2024-08-15 19:26,19
SPB-68619,기타 ,종로구,2024-08-01 7:11,7
SPB-68621,타이어 ,강동구,2024-08-13 16:44,16
SPB-68623,기타 ,동대문구,2024-08-22 18:51,18
SPB-68624,체인,중랑구,2024-08-23 8:45,8
SPB-68626,단말기,성동구,2024-08-07 17:57,17
SPB-68627,체인,양천구,2024-08-07 18:58,18
SPB-68628,타이어 ,영등포구,2024-08-28 22:22,22
SPB-68630,안장,구로구,2024-08-26 18:26,18
SPB-68632,기타 ,금천구,2024-08-06 19:04,19
SPB-68634,기타 ,관악구,2024-08-24 12:28,12
SPB-68654,체인,영등포구,2024-08-12 14:07,14
SPB-68664,타이어 ,마포구,2024-08-09 0:19,0
SPB-68667,타이어 ,양천구,2024-08-08 19:53,19
SPB-68670,타이어 ,중랑구,2024-08-14 9:10,9
SPB-68671,타이어 ,강서구,2024-08-20 7:45,7
SPB-68674,기타 ,양천구,2024-08-06 11:27,11
SPB-68680,기타 ,금천구,2024-08-03 21:20,21
SPB-68681,체인,강서구,2024-08-29 0:19,0
SPB-68681,타이어 ,강서구,2024-08-29 19:28,19
SPB-68682,타이어 ,양천구,2024-08-30 18:47,18
SPB-68685,단말기,동작구,2024-08-12 18:08,18
SPB-68686,체인,성동구,2024-08-31 10:42,10
SPB-68691,체인,서초구,2024-08-31 22:47,22
SPB-68695,기타 ,서초구,2024-08-11 21:30,21
SPB-68702,타이어 ,도봉구,2024-08-13 20:13,20
SPB-68707,타이어 ,은평구,2024-08-31 19:59,19
SPB-68709,체인,중구,2024-08-05 7:44,7
SPB-68709,기타 ,송파구,2024-08-15 5:55,5
SPB-68709,체인,강남구,2024-08-19 23:05,23
SPB-68714,페달,송파구,2024-08-28 20:40,20
SPB-68716,타이어 ,관악구,2024-08-03 8:55,8
SPB-68717,타이어 ,마포구,2024-08-20 22:26,22
SPB-68721,타이어 ,양천구,2024-08-13 12:02,12
SPB-68728,기타 ,성동구,2024-08-08 13:33,13
SPB-68729,기타 ,강서구,2024-08-12 8:16,8
SPB-68729,기타 ,강서구,2024-08-23 8:14,8
SPB-68729,기타 ,강서구,2024-08-30 19:31,19
SPB-68731,타이어 ,강서구,2024-08-19 18:55,18
SPB-68735,기타 ,노원구,2024-08-24 15:31,15
SPB-68737,체인,중랑구,2024-08-23 22:26,22
SPB-68741,기타 ,중구,2024-08-02 21:24,21
SPB-68742,타이어 ,강서구,2024-08-23 17:29,17
SPB-68748,체인,영등포구,2024-08-20 8:46,8
SPB-68750,단말기,영등포구,2024-08-09 14:14,14
SPB-68750,체인,강서구,2024-08-14 15:15,15
SPB-68755,타이어 ,송파구,2024-08-27 9:56,9
SPB-68756,기타 ,도봉구,2024-08-25 0:09,0
SPB-68771,타이어 ,강서구,2024-08-20 18:40,18
SPB-68777,기타 ,강북구,2024-08-02 19:59,19
SPB-68777,기타 ,도봉구,2024-08-03 19:30,19
SPB-68778,타이어 ,양천구,2024-08-16 14:26,14
SPB-68779,타이어 ,종로구,2024-08-31 12:36,12
SPB-68779,타이어 ,성북구,2024-08-31 13:28,13
SPB-68784,기타 ,노원구,2024-08-18 22:30,22
SPB-68786,타이어 ,노원구,2024-08-06 9:05,9
SPB-68786,타이어 ,도봉구,2024-08-06 10:38,10
SPB-68786,타이어 ,종로구,2024-08-26 11:47,11
SPB-68787,체인,양천구,2024-08-12 16:01,16
SPB-68787,체인,강서구,2024-08-22 19:59,19
SPB-68793,기타 ,송파구,2024-08-22 22:39,22
SPB-68794,기타 ,노원구,2024-08-19 19:52,19
SPB-68802,타이어 ,양천구,2024-08-29 18:48,18
SPB-68803,안장,송파구,2024-08-19 18:31,18
SPB-68817,타이어 ,영등포구,2024-08-08 18:20,18
SPB-68821,타이어 ,영등포구,2024-08-23 22:12,22
SPB-68823,기타 ,광진구,2024-08-12 18:07,18
SPB-68823,타이어 ,중랑구,2024-08-28 18:37,18
SPB-68830,단말기,영등포구,2024-08-14 7:24,7
SPB-68830,페달,관악구,2024-08-20 21:55,21
SPB-68836,타이어 ,강서구,2024-08-11 20:46,20
SPB-68839,기타 ,구로구,2024-08-07 18:15,18
SPB-68845,체인,동대문구,2024-08-12 14:32,14
SPB-68850,체인,강서구,2024-08-05 14:19,14
SPB-68850,체인,강서구,2024-08-06 8:58,8
SPB-68850,체인,강서구,2024-08-12 19:19,19
SPB-68850,기타 ,강서구,2024-08-20 8:12,8
SPB-68850,체인,강서구,2024-08-31 19:16,19
SPB-68855,단말기,노원구,2024-08-06 21:58,21
SPB-68855,단말기,금천구,2024-08-19 17:25,17
SPB-68857,기타 ,도봉구,2024-08-26 14:00,14
SPB-68863,타이어 ,노원구,2024-08-28 9:20,9
SPB-68866,체인,송파구,2024-08-28 17:16,17
SPB-68874,체인,금천구,2024-08-07 17:45,17
SPB-68877,타이어 ,광진구,2024-08-05 21:24,21
SPB-68879,기타 ,마포구,2024-08-30 19:09,19
SPB-68882,페달,마포구,2024-08-24 10:33,10
SPB-68886,단말기,동대문구,2024-08-14 18:26,18
SPB-68889,기타 ,서초구,2024-08-11 22:34,22
SPB-68890,타이어 ,양천구,2024-08-27 7:46,7
SPB-68891,기타 ,강동구,2024-08-20 1:01,1
SPB-68906,체인,강서구,2024-08-04 16:15,16
SPB-68916,타이어 ,광진구,2024-08-25 12:28,12
SPB-68918,체인,도봉구,2024-08-31 22:14,22
SPB-68919,기타 ,금천구,2024-08-03 2:44,2
SPB-68924,기타 ,동대문구,2024-08-10 10:20,10
SPB-68931,타이어 ,강서구,2024-08-29 19:42,19
SPB-68932,기타 ,송파구,2024-08-16 20:19,20
SPB-68932,기타 ,송파구,2024-08-26 7:58,7
SPB-68933,타이어 ,금천구,2024-08-12 8:26,8
SPB-68935,단말기,종로구,2024-08-05 9:56,9
SPB-68946,기타 ,성동구,2024-08-29 21:35,21
SPB-68947,체인,마포구,2024-08-17 21:16,21
SPB-68951,기타 ,중랑구,2024-08-30 19:59,19
SPB-68963,기타 ,송파구,2024-08-02 18:51,18
SPB-68963,타이어 ,송파구,2024-08-06 19:10,19
SPB-68978,기타 ,성동구,2024-08-31 21:59,21
SPB-68981,타이어 ,서초구,2024-08-03 17:35,17
SPB-68985,타이어 ,영등포구,2024-08-16 16:59,16
SPB-68986,기타 ,강서구,2024-08-08 16:51,16
SPB-68986,기타 ,강서구,2024-08-13 7:12,7
SPB-68997,체인,구로구,2024-08-12 11:17,11
SPB-69001,타이어 ,동대문구,2024-08-19 20:24,20
SPB-69002,체인,강동구,2024-08-01 14:36,14
SPB-69002,체인,송파구,2024-08-07 18:53,18
SPB-69002,체인,성동구,2024-08-12 8:46,8
SPB-69003,기타 ,서초구,2024-08-02 18:36,18
SPB-69003,안장,관악구,2024-08-11 10:25,10
SPB-69005,안장,강동구,2024-08-30 12:30,12
SPB-69007,체인,강서구,2024-08-01 6:36,6
SPB-69011,기타 ,송파구,2024-08-01 7:27,7
SPB-69012,체인,영등포구,2024-08-13 18:43,18
SPB-69012,페달,관악구,2024-08-22 18:40,18
SPB-69012,체인,양천구,2024-08-24 20:42,20
SPB-69014,타이어 ,은평구,2024-08-20 20:00,20
SPB-69022,체인,동대문구,2024-08-27 17:35,17
SPB-69022,체인,동대문구,2024-08-28 19:43,19
SPB-69023,타이어 ,강동구,2024-08-12 20:27,20
SPB-69023,타이어 ,강동구,2024-08-23 20:40,20
SPB-69027,체인,노원구,2024-08-06 21:43,21
SPB-69027,체인,서대문구,2024-08-19 19:21,19
SPB-69027,타이어 ,마포구,2024-08-21 17:22,17
SPB-69027,타이어 ,은평구,2024-08-27 6:59,6
SPB-69027,타이어 ,은평구,2024-08-28 17:44,17
SPB-69030,기타 ,금천구,2024-08-28 18:51,18
SPB-69034,체인,양천구,2024-08-24 22:10,22
SPB-69035,기타 ,도봉구,2024-08-30 13:51,13
SPB-69037,기타 ,강남구,2024-08-30 18:55,18
SPB-69042,기타 ,강남구,2024-08-01 17:39,17
SPB-69042,타이어 ,광진구,2024-08-08 23:59,23
SPB-69044,타이어 ,도봉구,2024-08-22 9:55,9
SPB-69047,기타 ,중구,2024-08-07 18:48,18
SPB-69047,기타 ,중구,2024-08-08 22:36,22
SPB-69049,타이어 ,중구,2024-08-28 8:17,8
SPB-69051,체인,마포구,2024-08-05 22:57,22
SPB-69051,체인,마포구,2024-08-06 19:49,19
SPB-69056,단말기,동대문구,2024-08-06 22:49,22
SPB-69058,체인,노원구,2024-08-10 19:45,19
SPB-69061,페달,송파구,2024-08-28 20:41,20
SPB-69064,기타 ,마포구,2024-08-21 22:52,22
SPB-69067,기타 ,마포구,2024-08-19 7:35,7
SPB-69069,단말기,동작구,2024-08-28 20:08,20
SPB-69074,타이어 ,양천구,2024-08-17 16:13,16
SPB-69075,기타 ,강동구,2024-08-21 18:16,18
SPB-69076,체인,성북구,2024-08-23 9:06,9
SPB-69076,체인,성북구,2024-08-23 18:38,18
SPB-69076,체인,성북구,2024-08-25 21:52,21
SPB-69076,체인,성동구,2024-08-30 10:08,10
SPB-69082,기타 ,강북구,2024-08-15 19:05,19
SPB-69084,타이어 ,양천구,2024-08-28 19:36,19
SPB-69085,기타 ,강서구,2024-08-29 19:42,19
SPB-69091,체인,송파구,2024-08-16 8:02,8
SPB-69099,기타 ,송파구,2024-08-15 20:20,20
SPB-69108,체인,동대문구,2024-08-13 19:31,19
SPB-69114,기타 ,영등포구,2024-08-20 15:30,15
SPB-69122,체인,서초구,2024-08-06 20:08,20
SPB-69127,안장,광진구,2024-08-26 8:50,8
SPB-69131,안장,양천구,2024-08-01 11:56,11
SPB-69133,기타 ,종로구,2024-08-13 12:04,12
SPB-69146,단말기,강동구,2024-08-24 13:02,13
SPB-69153,기타 ,강서구,2024-08-29 16:33,16
SPB-69161,단말기,동작구,2024-08-27 14:12,14
SPB-69161,체인,마포구,2024-08-30 18:33,18
SPB-69162,단말기,영등포구,2024-08-01 21:57,21
SPB-69174,체인,중랑구,2024-08-23 23:11,23
SPB-69176,타이어 ,노원구,2024-08-26 20:06,20
SPB-69182,체인,강동구,2024-08-06 5:32,5
SPB-69182,안장,용산구,2024-08-31 23:09,23
SPB-69184,타이어 ,영등포구,2024-08-12 16:51,16
SPB-69185,체인,관악구,2024-08-12 7:58,7
SPB-69185,체인,서초구,2024-08-14 10:02,10
SPB-69188,타이어 ,영등포구,2024-08-29 15:39,15
SPB-69189,체인,노원구,2024-08-17 20:14,20
SPB-69189,안장,강북구,2024-08-28 19:20,19
SPB-69190,기타 ,강북구,2024-08-17 9:19,9
SPB-69191,타이어 ,노원구,2024-08-25 10:02,10
SPB-69193,페달,송파구,2024-08-15 17:21,17
SPB-69193,기타 ,서초구,2024-08-24 18:02,18
SPB-69195,기타 ,성동구,2024-08-09 10:48,10
SPB-69195,기타 ,성동구,2024-08-17 21:07,21
SPB-69197,기타 ,구로구,2024-08-16 10:22,10
SPB-69199,기타 ,광진구,2024-08-27 17:58,17
SPB-69204,체인,구로구,2024-08-10 22:18,22
SPB-69206,타이어 ,도봉구,2024-08-09 20:55,20
SPB-69211,타이어 ,송파구,2024-08-19 22:07,22
SPB-69212,체인,송파구,2024-08-30 15:07,15
SPB-69212,체인,강동구,2024-08-31 5:07,5
SPB-69215,페달,양천구,2024-08-06 17:17,17
SPB-69216,체인,노원구,2024-08-12 18:27,18
SPB-69217,기타 ,송파구,2024-08-06 13:28,13
SPB-69217,기타 ,성동구,2024-08-19 7:31,7
SPB-69217,체인,중랑구,2024-08-26 20:07,20
SPB-69227,체인,강서구,2024-08-12 7:56,7
SPB-69227,체인,강서구,2024-08-12 10:02,10
SPB-69230,타이어 ,중랑구,2024-08-08 20:34,20
SPB-69230,기타 ,중랑구,2024-08-14 3:47,3
SPB-69231,체인,노원구,2024-08-03 22:19,22
SPB-69233,기타 ,성동구,2024-08-27 17:06,17
SPB-69251,체인,동대문구,2024-08-02 19:20,19
SPB-69251,페달,노원구,2024-08-09 19:17,19
SPB-69251,체인,노원구,2024-08-11 11:59,11
SPB-69251,기타 ,노원구,2024-08-12 7:08,7
SPB-69251,페달,노원구,2024-08-12 21:48,21
SPB-69251,체인,노원구,2024-08-17 20:12,20
SPB-69251,기타 ,노원구,2024-08-18 16:24,16
SPB-69251,체인,노원구,2024-08-19 12:40,12
SPB-69251,체인,성동구,2024-08-20 9:25,9
SPB-69251,체인,송파구,2024-08-26 8:25,8
SPB-69251,체인,마포구,2024-08-29 17:45,17
SPB-69252,체인,영등포구,2024-08-26 18:32,18
SPB-69253,페달,마포구,2024-08-05 17:08,17
SPB-69258,단말기,도봉구,2024-08-08 2:24,2
SPB-69261,타이어 ,노원구,2024-08-07 17:26,17
SPB-69261,체인,서대문구,2024-08-11 13:54,13
SPB-69262,체인,종로구,2024-08-30 9:05,9
SPB-69266,타이어 ,광진구,2024-08-08 23:39,23
SPB-69266,타이어 ,도봉구,2024-08-22 19:45,19
SPB-69267,타이어 ,서초구,2024-08-01 23:01,23
SPB-69267,타이어 ,서초구,2024-08-03 13:33,13
SPB-69267,페달,서초구,2024-08-04 13:24,13
SPB-69267,페달,관악구,2024-08-08 0:51,0
SPB-69267,타이어 ,관악구,2024-08-10 12:18,12
SPB-69271,체인,용산구,2024-08-06 7:54,7
SPB-69275,단말기,광진구,2024-08-08 22:06,22
SPB-69276,타이어 ,강남구,2024-08-15 19:37,19
SPB-69282,기타 ,영등포구,2024-08-23 11:32,11
SPB-69289,체인,영등포구,2024-08-23 20:41,20
SPB-69293,기타 ,중구,2024-08-20 13:42,13
SPB-69297,타이어 ,서대문구,2024-08-13 20:38,20
SPB-69297,안장,양천구,2024-08-19 18:56,18
SPB-69298,기타 ,강서구,2024-08-28 20:25,20
SPB-69300,체인,구로구,2024-08-14 8:57,8
SPB-69310,기타 ,노원구,2024-08-06 11:34,11
SPB-69312,단말기,강서구,2024-08-16 13:15,13
SPB-69315,기타 ,동작구,2024-08-04 15:19,15
SPB-69315,체인,서초구,2024-08-07 18:15,18
SPB-69315,체인,영등포구,2024-08-17 22:53,22
SPB-69315,체인,동대문구,2024-08-30 9:28,9
SPB-69321,타이어 ,영등포구,2024-08-02 19:02,19
SPB-69321,타이어 ,관악구,2024-08-14 19:32,19
SPB-69324,단말기,강동구,2024-08-15 10:37,10
SPB-69324,타이어 ,관악구,2024-08-20 6:21,6
SPB-69327,기타 ,성북구,2024-08-20 17:55,17
SPB-69329,체인,송파구,2024-08-03 7:24,7
SPB-69329,안장,양천구,2024-08-26 20:02,20
SPB-69332,체인,강동구,2024-08-12 22:15,22
SPB-69332,체인,성북구,2024-08-23 23:48,23
SPB-69332,체인,광진구,2024-08-31 13:07,13
SPB-69334,안장,강남구,2024-08-03 16:05,16
SPB-69336,안장,강서구,2024-08-17 22:58,22
SPB-69347,기타 ,노원구,2024-08-21 22:32,22
SPB-69347,체인,성북구,2024-08-27 15:19,15
SPB-69348,기타 ,강서구,2024-08-30 16:15,16
SPB-69353,타이어 ,강서구,2024-08-25 23:59,23
SPB-69356,기타 ,은평구,2024-08-12 0:24,0
SPB-69357,기타 ,중랑구,2024-08-26 21:06,21
SPB-69358,체인,광진구,2024-08-07 17:12,17
SPB-69367,체인,송파구,2024-08-20 18:08,18
SPB-69368,페달,도봉구,2024-08-29 8:53,8
SPB-69370,타이어 ,영등포구,2024-08-23 7:48,7
SPB-69374,페달,강서구,2024-08-01 18:37,18
SPB-69374,체인,강서구,2024-08-08 8:17,8
SPB-69374,체인,강서구,2024-08-12 9:11,9
SPB-69375,체인,강서구,2024-08-25 23:50,23
SPB-69381,타이어 ,강서구,2024-08-25 17:08,17
SPB-69383,기타 ,강북구,2024-08-06 8:35,8
SPB-69383,타이어 ,강북구,2024-08-13 18:03,18
SPB-69383,타이어 ,성북구,2024-08-13 20:55,20
SPB-69383,타이어 ,노원구,2024-08-17 19:42,19
SPB-69384,타이어 ,노원구,2024-08-29 10:14,10
SPB-69391,기타 ,양천구,2024-08-13 16:12,16
SPB-69399,체인,영등포구,2024-08-14 22:28,22
SPB-69406,체인,광진구,2024-08-18 20:02,20
SPB-69407,기타 ,강북구,2024-08-10 20:48,20
SPB-69411,타이어 ,마포구,2024-08-04 1:51,1
SPB-69413,체인,구로구,2024-08-18 9:12,9
SPB-69416,단말기,양천구,2024-08-06 7:32,7
SPB-69417,체인,구로구,2024-08-09 0:11,0
SPB-69417,기타 ,영등포구,2024-08-19 19:21,19
SPB-69417,체인,서초구,2024-08-26 0:37,0
SPB-69418,체인,서초구,2024-08-18 14:50,14
SPB-69431,단말기,송파구,2024-08-20 8:35,8
SPB-69437,타이어 ,중랑구,2024-08-26 14:07,14
SPB-69440,체인,강서구,2024-08-05 22:16,22
SPB-69443,체인,용산구,2024-08-17 15:48,15
SPB-69445,안장,서초구,2024-08-30 9:34,9
SPB-69447,기타 ,관악구,2024-08-15 23:02,23
SPB-69451,체인,강북구,2024-08-14 10:15,10
SPB-69452,체인,강서구,2024-08-02 17:48,17
SPB-69457,체인,광진구,2024-08-13 23:05,23
SPB-69462,안장,마포구,2024-08-21 12:59,12
SPB-69462,안장,마포구,2024-08-22 18:05,18
SPB-69466,페달,도봉구,2024-08-02 10:43,10
SPB-69466,기타 ,마포구,2024-08-20 17:22,17
SPB-69471,안장,강서구,2024-08-27 21:39,21
SPB-69477,기타 ,노원구,2024-08-26 8:13,8
SPB-69478,안장,강동구,2024-08-10 17:40,17
SPB-69484,기타 ,강서구,2024-08-19 18:52,18
SPB-69486,타이어 ,동대문구,2024-08-11 10:29,10
SPB-69487,타이어 ,강남구,2024-08-28 10:04,10
SPB-69488,단말기,성북구,2024-08-09 12:10,12
SPB-69489,타이어 ,영등포구,2024-08-08 10:21,10
SPB-69490,체인,서초구,2024-08-13 13:48,13
SPB-69490,체인,강동구,2024-08-16 21:20,21
SPB-69490,체인,서초구,2024-08-29 22:47,22
SPB-69493,기타 ,광진구,2024-08-23 11:25,11
SPB-69493,기타 ,성북구,2024-08-26 8:44,8
SPB-69494,기타 ,광진구,2024-08-04 14:49,14
SPB-69498,체인,노원구,2024-08-25 21:59,21
SPB-69500,안장,은평구,2024-08-20 19:26,19
SPB-69501,단말기,중랑구,2024-08-01 20:47,20
SPB-69502,체인,구로구,2024-08-06 7:34,7
SPB-69503,기타 ,중구,2024-08-13 14:45,14
SPB-69503,타이어 ,성북구,2024-08-29 21:10,21
SPB-69503,안장,성북구,2024-08-30 22:14,22
SPB-69505,체인,동작구,2024-08-17 11:22,11
SPB-69505,체인,종로구,2024-08-22 7:41,7
SPB-69507,타이어 ,영등포구,2024-08-07 17:49,17
SPB-69508,안장,광진구,2024-08-24 16:05,16
SPB-69511,기타 ,강서구,2024-08-22 21:19,21
SPB-69513,기타 ,송파구,2024-08-19 9:02,9
SPB-69514,단말기,강서구,2024-08-07 9:07,9
SPB-69515,타이어 ,송파구,2024-08-14 17:50,17
SPB-69516,타이어 ,양천구,2024-08-18 18:01,18
SPB-69517,체인,동대문구,2024-08-01 22:02,22
SPB-69517,체인,노원구,2024-08-16 10:01,10
SPB-69517,체인,송파구,2024-08-25 8:53,8
SPB-69517,체인,성동구,2024-08-31 19:11,19
SPB-69518,체인,영등포구,2024-08-07 14:13,14
SPB-69518,체인,양천구,2024-08-09 18:30,18
SPB-69518,체인,종로구,2024-08-12 18:39,18
SPB-69518,체인,도봉구,2024-08-14 17:18,17
SPB-69518,체인,노원구,2024-08-16 3:22,3
SPB-69518,체인,도봉구,2024-08-16 17:08,17
SPB-69520,체인,구로구,2024-08-23 18:19,18
SPB-69521,체인,도봉구,2024-08-04 21:34,21
SPB-69524,기타 ,마포구,2024-08-09 6:23,6
SPB-69526,체인,강남구,2024-08-07 6:07,6
SPB-69527,기타 ,종로구,2024-08-27 10:11,10
SPB-69528,타이어 ,중랑구,2024-08-14 21:46,21
SPB-69532,체인,서초구,2024-08-12 22:22,22
SPB-69532,체인,중랑구,2024-08-20 14:49,14
SPB-69539,타이어 ,동작구,2024-08-29 20:48,20
SPB-69541,기타 ,강서구,2024-08-29 18:54,18
SPB-69542,타이어 ,종로구,2024-08-19 19:19,19
SPB-69544,기타 ,성동구,2024-08-25 9:17,9
SPB-69545,체인,종로구,2024-08-16 11:07,11
SPB-69550,체인,양천구,2024-08-04 18:58,18
SPB-69550,페달,양천구,2024-08-06 20:54,20
SPB-69550,체인,동작구,2024-08-11 19:16,19
SPB-69550,단말기,종로구,2024-08-29 18:13,18
SPB-69551,체인,구로구,2024-08-13 18:31,18
SPB-69556,안장,관악구,2024-08-08 17:34,17
SPB-69557,안장,양천구,2024-08-17 21:25,21
SPB-69559,기타 ,강북구,2024-08-17 12:02,12
SPB-69561,안장,노원구,2024-08-01 14:47,14
SPB-69561,안장,송파구,2024-08-12 21:14,21
SPB-69562,체인,동대문구,2024-08-29 22:38,22
SPB-69563,단말기,동작구,2024-08-08 18:20,18
SPB-69565,체인,중랑구,2024-08-20 19:05,19
SPB-69566,페달,강서구,2024-08-15 8:23,8
SPB-69569,타이어 ,용산구,2024-08-25 13:33,13
SPB-69571,기타 ,구로구,2024-08-20 8:15,8
SPB-69573,안장,송파구,2024-08-12 8:39,8
SPB-69577,안장,강서구,2024-08-03 9:55,9
SPB-69577,타이어 ,서초구,2024-08-24 11:17,11
SPB-69578,기타 ,금천구,2024-08-06 7:43,7
SPB-69582,기타 ,용산구,2024-08-17 8:13,8
SPB-69582,체인,강서구,2024-08-22 18:34,18
SPB-69585,체인,마포구,2024-08-26 3:24,3
SPB-69589,타이어 ,서대문구,2024-08-12 16:01,16
SPB-69594,체인,양천구,2024-08-01 19:08,19
SPB-69596,기타 ,마포구,2024-08-07 22:03,22
SPB-69603,체인,강남구,2024-08-27 15:39,15
SPB-69603,체인,중랑구,2024-08-31 16:54,16
SPB-69608,기타 ,송파구,2024-08-28 20:43,20
SPB-69610,체인,동작구,2024-08-14 19:10,19
SPB-69620,체인,광진구,2024-08-03 19:26,19
SPB-69620,체인,광진구,2024-08-08 15:59,15
SPB-69620,안장,양천구,2024-08-19 19:08,19
SPB-69622,체인,동대문구,2024-08-23 20:30,20
SPB-69634,타이어 ,강서구,2024-08-17 14:10,14
SPB-69635,체인,양천구,2024-08-11 16:33,16
SPB-69635,페달,마포구,2024-08-20 19:41,19
SPB-69638,기타 ,은평구,2024-08-21 22:01,22
SPB-69648,체인,송파구,2024-08-01 18:59,18
SPB-69648,체인,광진구,2024-08-05 19:09,19
SPB-69649,체인,구로구,2024-08-17 15:00,15
SPB-69652,체인,송파구,2024-08-30 19:37,19
SPB-69655,체인,강동구,2024-08-30 22:03,22
SPB-69656,페달,영등포구,2024-08-06 9:15,9
SPB-69656,체인,양천구,2024-08-14 12:20,12
SPB-69656,페달,양천구,2024-08-18 22:10,22
SPB-69657,체인,서초구,2024-08-28 20:29,20
SPB-69664,체인,성동구,2024-08-27 19:51,19
SPB-69672,체인,광진구,2024-08-08 16:56,16
SPB-69678,체인,양천구,2024-08-23 12:55,12
SPB-69681,안장,동대문구,2024-08-17 10:57,10
SPB-69683,체인,성북구,2024-08-02 18:01,18
SPB-69683,체인,구로구,2024-08-19 14:12,14
SPB-69687,기타 ,강서구,2024-08-07 7:20,7
SPB-69694,체인,서대문구,2024-08-04 18:11,18
SPB-69694,체인,동대문구,2024-08-11 18:03,18
SPB-69694,체인,성동구,2024-08-17 13:55,13
SPB-69700,기타 ,강남구,2024-08-13 5:51,5
SPB-69707,체인,강서구,2024-08-12 7:50,7
SPB-69707,타이어 ,영등포구,2024-08-27 17:32,17
SPB-69709,체인,강동구,2024-08-22 17:51,17
SPB-69709,체인,송파구,2024-08-23 6:27,6
SPB-69709,체인,송파구,2024-08-24 11:40,11
SPB-69711,체인,서초구,2024-08-24 22:10,22
SPB-69714,페달,강서구,2024-08-23 8:37,8
SPB-69717,체인,도봉구,2024-08-08 22:58,22
SPB-69717,체인,노원구,2024-08-09 23:07,23
SPB-69717,체인,도봉구,2024-08-13 10:12,10
SPB-69717,안장,종로구,2024-08-29 8:02,8
SPB-69721,체인,송파구,2024-08-23 9:26,9
SPB-69721,체인,송파구,2024-08-31 11:04,11
SPB-69723,체인,영등포구,2024-08-01 9:33,9
SPB-69731,체인,관악구,2024-08-13 22:13,22
SPB-69735,체인,성동구,2024-08-24 23:59,23
SPB-69736,체인,마포구,2024-08-05 8:18,8
SPB-69736,체인,동대문구,2024-08-19 18:43,18
SPB-69746,타이어 ,송파구,2024-08-28 15:08,15
SPB-69748,타이어 ,금천구,2024-08-26 8:08,8
SPB-69750,안장,마포구,2024-08-02 16:49,16
SPB-69752,체인,중랑구,2024-08-09 18:25,18
SPB-69756,기타 ,강서구,2024-08-05 15:45,15
SPB-69756,기타 ,강서구,2024-08-06 14:25,14
SPB-69756,기타 ,강서구,2024-08-13 9:06,9
SPB-69756,기타 ,강서구,2024-08-14 0:00,0
SPB-69763,체인,양천구,2024-08-18 19:54,19
SPB-69769,체인,노원구,2024-08-20 20:29,20
SPB-69770,기타 ,중구,2024-08-05 18:23,18
SPB-69771,타이어 ,도봉구,2024-08-17 21:35,21
SPB-69773,기타 ,용산구,2024-08-05 6:46,6
SPB-69779,체인,성동구,2024-08-19 21:09,21
SPB-69781,타이어 ,송파구,2024-08-21 18:29,18
SPB-69787,체인,송파구,2024-08-05 21:00,21
SPB-69787,체인,도봉구,2024-08-12 22:35,22
SPB-69788,체인,양천구,2024-08-06 10:01,10
SPB-69788,기타 ,영등포구,2024-08-26 21:27,21
SPB-69788,타이어 ,강서구,2024-08-27 21:44,21
SPB-69790,체인,은평구,2024-08-31 8:46,8
SPB-69792,체인,강동구,2024-08-13 15:56,15
SPB-69792,체인,강동구,2024-08-15 21:59,21
SPB-69794,기타 ,영등포구,2024-08-19 0:35,0
SPB-69799,페달,성동구,2024-08-08 22:11,22
SPB-69803,안장,노원구,2024-08-06 19:00,19
SPB-69804,안장,동대문구,2024-08-05 19:34,19
SPB-69804,안장,광진구,2024-08-08 19:20,19
SPB-69804,타이어 ,성동구,2024-08-16 20:32,20
SPB-69805,체인,송파구,2024-08-30 9:39,9
SPB-69807,페달,광진구,2024-08-31 21:10,21
SPB-69814,타이어 ,양천구,2024-08-06 19:48,19
SPB-69815,체인,강동구,2024-08-06 18:32,18
SPB-69816,안장,양천구,2024-08-16 19:15,19
SPB-69816,기타 ,강서구,2024-08-26 14:11,14
SPB-69821,체인,강서구,2024-08-06 8:46,8
SPB-69821,체인,강서구,2024-08-12 15:58,15
SPB-69821,체인,강서구,2024-08-13 22:04,22
SPB-69821,기타 ,강서구,2024-08-30 18:40,18
SPB-69823,페달,서대문구,2024-08-01 8:57,8
SPB-69823,페달,서대문구,2024-08-06 22:20,22
SPB-69825,체인,동대문구,2024-08-30 18:25,18
SPB-69826,체인,서초구,2024-08-08 20:03,20
SPB-69826,체인,광진구,2024-08-23 18:00,18
SPB-69826,페달,광진구,2024-08-24 22:49,22
SPB-69833,체인,은평구,2024-08-11 3:08,3
SPB-69838,기타 ,강동구,2024-08-03 21:09,21
SPB-69842,기타 ,성동구,2024-08-13 9:23,9
SPB-69842,단말기,노원구,2024-08-26 9:58,9
SPB-69846,기타 ,양천구,2024-08-10 8:07,8
SPB-69849,체인,송파구,2024-08-23 18:24,18
SPB-69849,체인,송파구,2024-08-29 21:11,21
SPB-69850,체인,강서구,2024-08-19 7:44,7
SPB-69852,체인,송파구,2024-08-09 20:36,20
SPB-69852,체인,송파구,2024-08-13 21:33,21
SPB-69852,안장,동대문구,2024-08-31 11:18,11
SPB-69855,타이어 ,양천구,2024-08-22 18:40,18
SPB-69858,기타 ,마포구,2024-08-12 9:05,9
SPB-69861,단말기,강서구,2024-08-02 23:54,23
SPB-69861,타이어 ,강서구,2024-08-21 14:50,14
SPB-69861,타이어 ,강서구,2024-08-22 20:29,20
SPB-69865,타이어 ,노원구,2024-08-22 14:57,14
SPB-69866,기타 ,마포구,2024-08-10 4:45,4
SPB-69869,기타 ,강서구,2024-08-13 18:43,18
SPB-69871,페달,송파구,2024-08-09 17:46,17
SPB-69874,체인,동작구,2024-08-25 10:31,10
SPB-69874,체인,마포구,2024-08-31 13:25,13
SPB-69876,타이어 ,영등포구,2024-08-16 7:11,7
SPB-69878,체인,강동구,2024-08-09 15:38,15
SPB-69878,체인,관악구,2024-08-18 14:42,14
SPB-69883,페달,도봉구,2024-08-20 9:42,9
SPB-69887,기타 ,노원구,2024-08-01 8:44,8
SPB-69887,기타 ,성동구,2024-08-08 14:44,14
SPB-69891,타이어 ,서초구,2024-08-12 15:58,15
SPB-69892,체인,강동구,2024-08-30 18:18,18
SPB-69893,체인,강서구,2024-08-09 18:10,18
SPB-69893,체인,강남구,2024-08-26 22:12,22
SPB-69894,체인,은평구,2024-08-14 22:53,22
SPB-69898,체인,강동구,2024-08-27 18:41,18
SPB-69902,안장,관악구,2024-08-08 18:25,18
SPB-69902,안장,영등포구,2024-08-09 12:46,12
SPB-69904,체인,서초구,2024-08-31 7:56,7
SPB-69908,체인,강서구,2024-08-03 21:53,21
SPB-69909,체인,동작구,2024-08-08 11:21,11
SPB-69909,체인,노원구,2024-08-18 15:31,15
SPB-69909,체인,강북구,2024-08-24 10:08,10
SPB-69909,체인,강동구,2024-08-30 0:27,0
SPB-69909,체인,강동구,2024-08-31 20:35,20
SPB-69912,체인,광진구,2024-08-16 22:48,22
SPB-69914,체인,송파구,2024-08-23 14:16,14
SPB-69915,체인,강동구,2024-08-14 16:28,16
SPB-69915,체인,송파구,2024-08-18 23:28,23
SPB-69915,체인,강남구,2024-08-22 6:37,6
SPB-69915,체인,송파구,2024-08-23 15:20,15
SPB-69918,체인,광진구,2024-08-16 1:28,1
SPB-69918,기타 ,성동구,2024-08-30 8:24,8
SPB-69920,기타 ,중랑구,2024-08-20 11:17,11
SPB-69920,체인,강서구,2024-08-27 20:04,20
SPB-69922,체인,강동구,2024-08-09 9:31,9
SPB-69923,페달,마포구,2024-08-26 20:45,20
SPB-69924,타이어 ,성동구,2024-08-04 10:40,10
SPB-69925,타이어 ,강서구,2024-08-24 22:58,22
SPB-69925,페달,강서구,2024-08-29 13:22,13
SPB-69928,체인,송파구,2024-08-08 16:28,16
SPB-69928,체인,강동구,2024-08-14 8:43,8
SPB-69928,체인,노원구,2024-08-26 23:06,23
SPB-69932,페달,영등포구,2024-08-02 8:38,8
SPB-69932,기타 ,서초구,2024-08-10 16:51,16
SPB-69932,체인,강서구,2024-08-29 5:37,5
SPB-69934,체인,동작구,2024-08-31 15:25,15
SPB-69937,안장,성북구,2024-08-14 17:07,17
SPB-69937,기타 ,종로구,2024-08-27 17:11,17
SPB-69943,기타 ,중랑구,2024-08-10 22:43,22
SPB-69943,타이어 ,마포구,2024-08-31 21:04,21
SPB-69945,페달,구로구,2024-08-08 22:04,22
SPB-69947,체인,중랑구,2024-08-19 13:59,13
SPB-69950,기타 ,관악구,2024-08-01 21:30,21
SPB-69952,타이어 ,강동구,2024-08-23 4:48,4
SPB-69953,안장,금천구,2024-08-26 8:53,8
SPB-69954,타이어 ,관악구,2024-08-29 17:12,17
SPB-69963,페달,성북구,2024-08-08 9:11,9
SPB-69963,체인,성북구,2024-08-10 22:21,22
SPB-69964,타이어 ,양천구,2024-08-08 10:22,10
SPB-69964,단말기,영등포구,2024-08-29 12:52,12
SPB-69969,타이어 ,강서구,2024-08-10 11:51,11
SPB-69973,타이어 ,양천구,2024-08-15 12:19,12
SPB-69976,체인,양천구,2024-08-25 17:42,17
SPB-69977,체인,서초구,2024-08-11 16:05,16
SPB-69980,체인,양천구,2024-08-02 18:14,18
SPB-69981,체인,강서구,2024-08-21 0:09,0
SPB-69984,기타 ,중구,2024-08-27 15:54,15
SPB-69985,체인,강남구,2024-08-15 23:02,23
SPB-69985,체인,송파구,2024-08-26 16:18,16
SPB-69986,체인,영등포구,2024-08-06 8:33,8
SPB-69987,타이어 ,도봉구,2024-08-06 18:34,18
SPB-69994,체인,노원구,2024-08-09 12:25,12
SPB-69994,체인,강북구,2024-08-23 5:33,5
SPB-69994,체인,성동구,2024-08-31 23:57,23
SPB-69995,안장,종로구,2024-08-17 15:48,15
SPB-69997,체인,송파구,2024-08-11 16:58,16
SPB-69997,체인,강동구,2024-08-13 17:44,17
SPB-69997,체인,송파구,2024-08-19 17:42,17
SPB-70004,기타 ,강서구,2024-08-16 19:32,19
SPB-70005,체인,영등포구,2024-08-10 11:52,11
SPB-70005,체인,동대문구,2024-08-23 7:58,7
SPB-70007,체인,중랑구,2024-08-02 15:46,15
SPB-70009,체인,서초구,2024-08-02 23:13,23
SPB-70010,페달,강서구,2024-08-04 0:57,0
SPB-70010,체인,마포구,2024-08-25 14:12,14
SPB-70011,타이어 ,양천구,2024-08-05 8:47,8
SPB-70011,안장,강서구,2024-08-31 12:54,12
SPB-70012,체인,영등포구,2024-08-14 8:00,8
SPB-70012,체인,마포구,2024-08-15 22:18,22
SPB-70017,타이어 ,마포구,2024-08-16 19:54,19
SPB-70019,안장,강남구,2024-08-04 11:38,11
SPB-70020,체인,송파구,2024-08-17 18:43,18
SPB-70020,체인,송파구,2024-08-19 7:26,7
SPB-70020,체인,송파구,2024-08-22 19:50,19
SPB-70020,체인,강남구,2024-08-28 12:30,12
SPB-70021,타이어 ,노원구,2024-08-28 16:47,16
SPB-70022,체인,영등포구,2024-08-04 16:04,16
SPB-70022,페달,영등포구,2024-08-05 18:17,18
SPB-70025,체인,송파구,2024-08-04 21:02,21
SPB-70025,체인,성동구,2024-08-10 19:34,19
SPB-70029,체인,양천구,2024-08-03 11:11,11
SPB-70033,체인,강서구,2024-08-28 21:45,21
SPB-70034,기타 ,송파구,2024-08-24 21:06,21
SPB-70034,기타 ,송파구,2024-08-25 12:02,12
SPB-70035,타이어 ,서초구,2024-08-06 23:10,23
SPB-70038,체인,영등포구,2024-08-14 19:48,19
SPB-70045,체인,도봉구,2024-08-20 20:22,20
SPB-70047,체인,서대문구,2024-08-05 17:18,17
SPB-70048,페달,중랑구,2024-08-30 7:53,7
SPB-70049,기타 ,서대문구,2024-08-14 21:39,21
SPB-70050,체인,서대문구,2024-08-07 9:36,9
SPB-70054,안장,용산구,2024-08-01 19:12,19
SPB-70060,체인,구로구,2024-08-23 8:21,8
SPB-70062,체인,성동구,2024-08-13 17:58,17
SPB-70063,타이어 ,강서구,2024-08-09 8:44,8
SPB-70063,체인,양천구,2024-08-19 18:44,18
SPB-70063,페달,양천구,2024-08-23 15:10,15
SPB-70065,기타 ,동작구,2024-08-08 11:01,11
SPB-70065,단말기,구로구,2024-08-12 7:51,7
SPB-70073,체인,영등포구,2024-08-03 23:01,23
SPB-70078,안장,강서구,2024-08-19 8:12,8
SPB-70078,안장,강서구,2024-08-27 6:42,6
SPB-70079,체인,영등포구,2024-08-26 7:53,7
SPB-70079,체인,강서구,2024-08-28 8:14,8
SPB-70084,기타 ,노원구,2024-08-03 20:23,20
SPB-70089,기타 ,양천구,2024-08-29 17:41,17
SPB-70093,타이어 ,성동구,2024-08-28 18:22,18
SPB-70094,기타 ,도봉구,2024-08-10 16:37,16
SPB-70094,페달,도봉구,2024-08-11 21:01,21
SPB-70095,타이어 ,강서구,2024-08-23 8:11,8
SPB-70106,단말기,노원구,2024-08-28 20:19,20
SPB-70112,체인,동대문구,2024-08-07 9:09,9
SPB-70112,체인,구로구,2024-08-13 6:45,6
SPB-70116,체인,양천구,2024-08-06 6:22,6
SPB-70120,페달,영등포구,2024-08-04 13:21,13
SPB-70120,체인,양천구,2024-08-20 8:48,8
SPB-70120,체인,양천구,2024-08-23 17:24,17
SPB-70123,체인,강남구,2024-08-07 8:34,8
SPB-70123,체인,용산구,2024-08-15 18:32,18
SPB-70123,체인,중구,2024-08-16 19:24,19
SPB-70123,체인,광진구,2024-08-24 9:59,9
SPB-70123,체인,성동구,2024-08-25 21:48,21
SPB-70125,페달,구로구,2024-08-11 0:24,0
SPB-70129,체인,동대문구,2024-08-16 17:47,17
SPB-70129,체인,송파구,2024-08-30 16:33,16
SPB-70131,안장,양천구,2024-08-13 18:05,18
SPB-70134,단말기,강북구,2024-08-14 14:34,14
SPB-70135,체인,강서구,2024-08-25 22:22,22
SPB-70138,타이어 ,강동구,2024-08-19 6:39,6
SPB-70143,타이어 ,강남구,2024-08-05 6:40,6
SPB-70144,안장,강서구,2024-08-10 22:23,22
SPB-70149,안장,양천구,2024-08-30 8:20,8
SPB-70152,기타 ,강동구,2024-08-13 21:31,21
SPB-70154,체인,광진구,2024-08-03 15:08,15
SPB-70154,안장,중구,2024-08-07 16:34,16
SPB-70155,안장,강남구,2024-08-14 14:29,14
SPB-70158,체인,성북구,2024-08-04 9:02,9
SPB-70158,체인,노원구,2024-08-10 16:09,16
SPB-70162,타이어 ,동대문구,2024-08-14 7:24,7
SPB-70164,체인,노원구,2024-08-02 12:31,12
SPB-70164,체인,중랑구,2024-08-02 18:56,18
SPB-70164,체인,중랑구,2024-08-05 14:05,14
SPB-70171,타이어 ,영등포구,2024-08-23 18:14,18
SPB-70171,타이어 ,양천구,2024-08-25 17:10,17
SPB-70174,타이어 ,도봉구,2024-08-24 2:44,2
SPB-70182,체인,송파구,2024-08-14 12:21,12
SPB-70185,타이어 ,노원구,2024-08-27 7:42,7
SPB-70213,체인,동작구,2024-08-08 8:58,8
SPB-70213,체인,광진구,2024-08-19 19:22,19
SPB-70216,기타 ,강동구,2024-08-07 20:36,20
SPB-70225,안장,구로구,2024-08-30 20:49,20
SPB-70228,타이어 ,노원구,2024-08-12 5:53,5
SPB-70235,기타 ,광진구,2024-08-24 22:11,22
SPB-70236,안장,마포구,2024-08-13 18:58,18
SPB-70238,기타 ,중랑구,2024-08-12 8:54,8
SPB-70239,페달,성동구,2024-08-26 6:53,6
SPB-70242,기타 ,강남구,2024-08-04 13:12,13
SPB-70244,타이어 ,마포구,2024-08-19 15:04,15
SPB-70253,안장,송파구,2024-08-22 18:51,18
SPB-70254,체인,마포구,2024-08-10 22:04,22
SPB-70258,체인,구로구,2024-08-10 16:50,16
SPB-70259,타이어 ,양천구,2024-08-26 21:25,21
SPB-70272,체인,동대문구,2024-08-17 19:32,19
SPB-70278,체인,광진구,2024-08-08 1:38,1
SPB-70280,체인,영등포구,2024-08-01 19:37,19
SPB-70281,체인,양천구,2024-08-24 16:39,16
SPB-70283,기타 ,강서구,2024-08-19 15:08,15
SPB-70283,타이어 ,강서구,2024-08-19 20:37,20
SPB-70283,기타 ,강서구,2024-08-24 12:51,12
SPB-70284,안장,금천구,2024-08-12 20:00,20
SPB-70289,체인,서대문구,2024-08-16 7:35,7
SPB-70290,체인,송파구,2024-08-01 17:10,17
SPB-70292,체인,송파구,2024-08-01 22:02,22
SPB-70293,체인,마포구,2024-08-23 18:01,18
SPB-70297,타이어 ,중구,2024-08-26 11:56,11
SPB-70298,안장,동작구,2024-08-11 12:10,12
SPB-70300,타이어 ,종로구,2024-08-19 19:31,19
SPB-70300,타이어 ,송파구,2024-08-29 12:48,12
SPB-70304,체인,강서구,2024-08-14 11:09,11
SPB-70308,단말기,도봉구,2024-08-20 18:02,18
SPB-70314,타이어 ,송파구,2024-08-04 20:18,20
SPB-70314,타이어 ,송파구,2024-08-05 12:31,12
SPB-70314,체인,송파구,2024-08-19 19:34,19
SPB-70314,타이어 ,강남구,2024-08-23 18:46,18
SPB-70314,타이어 ,강동구,2024-08-31 10:53,10
SPB-70318,기타 ,중구,2024-08-17 10:42,10
SPB-70318,기타 ,도봉구,2024-08-26 16:53,16
SPB-70320,체인,노원구,2024-08-07 11:48,11
SPB-70321,타이어 ,성동구,2024-08-08 9:18,9
SPB-70323,체인,노원구,2024-08-28 15:42,15
SPB-70324,체인,성북구,2024-08-07 18:42,18
SPB-70324,타이어 ,종로구,2024-08-16 20:47,20
SPB-70324,체인,송파구,2024-08-24 21:59,21
SPB-70332,단말기,성북구,2024-08-09 8:39,8
SPB-70332,기타 ,종로구,2024-08-15 18:15,18
SPB-70333,기타 ,강동구,2024-08-17 20:42,20
SPB-70333,타이어 ,동대문구,2024-08-24 20:02,20
SPB-70346,페달,마포구,2024-08-16 20:15,20
SPB-70347,기타 ,종로구,2024-08-29 14:11,14
SPB-70350,체인,종로구,2024-08-02 18:23,18
SPB-70350,체인,강북구,2024-08-03 22:03,22
SPB-70351,안장,금천구,2024-08-07 19:51,19
SPB-70352,체인,강서구,2024-08-02 8:11,8
SPB-70352,체인,강서구,2024-08-06 0:11,0
SPB-70354,안장,강서구,2024-08-07 20:08,20
SPB-70354,타이어 ,동작구,2024-08-30 8:03,8
SPB-70356,단말기,양천구,2024-08-14 19:03,19
SPB-70362,체인,서초구,2024-08-23 17:21,17
SPB-70365,기타 ,성북구,2024-08-10 17:30,17
SPB-70369,체인,서대문구,2024-08-13 20:37,20
SPB-70372,페달,송파구,2024-08-09 12:21,12
SPB-70372,체인,송파구,2024-08-11 19:11,19
SPB-70374,체인,마포구,2024-08-12 9:53,9
SPB-70378,체인,구로구,2024-08-05 18:09,18
SPB-70378,체인,강서구,2024-08-14 15:47,15
SPB-70379,체인,영등포구,2024-08-16 9:22,9
SPB-70383,체인,성동구,2024-08-14 19:03,19
SPB-70383,타이어 ,광진구,2024-08-14 20:56,20
SPB-70385,체인,강서구,2024-08-02 22:43,22
SPB-70385,체인,구로구,2024-08-09 8:02,8
SPB-70388,체인,강동구,2024-08-05 18:46,18
SPB-70388,체인,영등포구,2024-08-19 17:18,17
SPB-70392,기타 ,강서구,2024-08-31 19:08,19
SPB-70394,체인,종로구,2024-08-25 9:34,9
SPB-70394,체인,서초구,2024-08-31 13:36,13
SPB-70401,기타 ,용산구,2024-08-28 8:25,8
SPB-70405,타이어 ,강서구,2024-08-15 18:41,18
SPB-70409,타이어 ,노원구,2024-08-26 8:20,8
SPB-70417,단말기,도봉구,2024-08-24 11:46,11
SPB-70422,타이어 ,구로구,2024-08-28 7:33,7
SPB-70429,기타 ,송파구,2024-08-23 22:51,22
SPB-70445,기타 ,영등포구,2024-08-19 8:11,8
SPB-70449,타이어 ,서초구,2024-08-07 18:12,18
SPB-70456,기타 ,양천구,2024-08-17 10:08,10
SPB-70461,기타 ,서초구,2024-08-01 17:16,17
SPB-70462,기타 ,관악구,2024-08-16 20:09,20
SPB-70471,타이어 ,강서구,2024-08-08 19:15,19
SPB-70482,기타 ,송파구,2024-08-02 19:06,19
SPB-70483,타이어 ,중랑구,2024-08-05 8:32,8
SPB-70483,타이어 ,성북구,2024-08-16 14:18,14
SPB-70485,기타 ,동작구,2024-08-14 19:45,19
SPB-70486,체인,성동구,2024-08-08 11:24,11
SPB-70487,기타 ,서대문구,2024-08-24 23:53,23
SPB-70491,타이어 ,중랑구,2024-08-26 15:45,15
SPB-70493,안장,양천구,2024-08-21 21:19,21
SPB-70499,기타 ,도봉구,2024-08-23 21:00,21
SPB-80002,기타 ,광진구,2024-08-28 11:49,11
SPB-80029,기타 ,서초구,2024-08-15 17:15,17
SPB-80074,타이어 ,송파구,2024-08-02 18:56,18
SPB-80074,안장,송파구,2024-08-12 19:24,19
SPB-80074,안장,강남구,2024-08-31 10:29,10
SPB-80125,단말기,마포구,2024-08-08 20:10,20
SPB-80125,기타 ,종로구,2024-08-19 20:57,20
SPB-80129,타이어 ,송파구,2024-08-20 8:59,8
SPB-80139,타이어 ,송파구,2024-08-10 19:18,19
SPB-80159,기타 ,강남구,2024-08-14 6:54,6
SPB-80206,체인,서초구,2024-08-24 10:29,10
SPB-80288,타이어 ,중구,2024-08-22 0:07,0
SPB-80363,타이어 ,관악구,2024-08-26 9:50,9
SPB-80398,기타 ,영등포구,2024-08-13 18:53,18
SPB-80407,기타 ,마포구,2024-08-04 20:04,20
SPB-80482,체인,송파구,2024-08-16 10:34,10
SPB-80497,타이어 ,중구,2024-08-22 19:04,19
SPB-80500,타이어 ,종로구,2024-08-22 18:13,18
SPB-80577,기타 ,중구,2024-08-23 20:43,20
SPB-80613,안장,노원구,2024-08-20 22:04,22
SPB-80629,기타 ,서대문구,2024-08-31 7:40,7
SPB-80649,타이어 ,강서구,2024-08-20 18:33,18
SPB-80651,타이어 ,종로구,2024-08-23 16:43,16
SPB-80683,타이어 ,강남구,2024-08-28 1:00,1
SPB-80685,타이어 ,중구,2024-08-12 7:13,7
SPB-80690,체인,송파구,2024-08-27 2:08,2
SPB-80700,페달,동대문구,2024-08-07 19:06,19
SPB-80725,기타 ,서초구,2024-08-03 20:03,20
SPB-80741,페달,관악구,2024-08-30 20:38,20
SPB-80746,안장,관악구,2024-08-31 22:40,22
SPB-80804,타이어 ,종로구,2024-08-08 19:38,19
SPB-80806,타이어 ,강남구,2024-08-22 12:18,12
SPB-80810,타이어 ,관악구,2024-08-01 9:47,9
SPB-80812,안장,관악구,2024-08-29 11:59,11
SPB-80816,기타 ,송파구,2024-08-27 19:32,19
SPB-80864,기타 ,관악구,2024-08-18 2:32,2
SPB-80895,타이어 ,관악구,2024-08-30 9:47,9
SPB-80904,타이어 ,서초구,2024-08-23 18:07,18
SPB-80910,타이어 ,강동구,2024-08-26 14:39,14
SPB-80947,타이어 ,종로구,2024-08-08 19:04,19
SPB-81018,체인,광진구,2024-08-14 19:40,19
SPB-81023,타이어 ,마포구,2024-08-09 13:57,13
SPB-81066,타이어 ,영등포구,2024-08-29 19:24,19
SPB-81071,안장,종로구,2024-08-07 18:47,18
SPB-81098,페달,서초구,2024-08-31 18:32,18
SPB-81182,페달,동작구,2024-08-18 6:55,6
SPB-81185,기타 ,강동구,2024-08-16 17:25,17
SPB-81259,타이어 ,성동구,2024-08-29 21:36,21
SPB-81266,체인,영등포구,2024-08-29 21:47,21
SPB-81271,타이어 ,서초구,2024-08-06 21:45,21
SPB-81351,단말기,종로구,2024-08-29 8:18,8
SPB-81383,타이어 ,송파구,2024-08-26 19:41,19
SPB-81390,타이어 ,관악구,2024-08-03 10:30,10
SPB-81420,타이어 ,송파구,2024-08-30 18:52,18
SPB-81434,타이어 ,종로구,2024-08-18 21:57,21
SPB-81435,체인,송파구,2024-08-09 15:00,15
SPB-81459,안장,종로구,2024-08-25 7:37,7
SPB-81463,기타 ,강남구,2024-08-04 14:58,14
SPB-81463,타이어 ,강남구,2024-08-27 17:14,17
SPB-81475,기타 ,중구,2024-08-29 9:31,9
SPB-81480,안장,강남구,2024-08-22 18:29,18
SPB-81503,체인,영등포구,2024-08-22 8:30,8
SPB-81503,기타 ,영등포구,2024-08-28 21:44,21
SPB-81510,기타 ,서대문구,2024-08-28 18:21,18
SPB-81595,안장,중구,2024-08-19 7:38,7
SPB-81597,기타 ,성동구,2024-08-07 19:58,19
SPB-81615,기타 ,송파구,2024-08-22 18:04,18
SPB-81636,체인,송파구,2024-08-29 20:43,20
SPB-81642,타이어 ,강남구,2024-08-22 9:58,9
SPB-81651,기타 ,성북구,2024-08-31 20:53,20
SPB-81659,단말기,강서구,2024-08-03 2:00,2
SPB-81672,타이어 ,관악구,2024-08-20 4:06,4
SPB-81717,단말기,마포구,2024-08-23 16:01,16
SPB-81722,타이어 ,강남구,2024-08-26 9:37,9
SPB-81754,체인,영등포구,2024-08-05 23:47,23
SPB-81766,기타 ,서대문구,2024-08-14 9:49,9
SPB-81775,타이어 ,구로구,2024-08-27 10:55,10
SPB-81792,기타 ,금천구,2024-08-08 19:02,19
SPB-81807,타이어 ,영등포구,2024-08-26 21:00,21
SPB-81825,타이어 ,관악구,2024-08-23 8:19,8
SPB-81830,단말기,양천구,2024-08-20 18:35,18
SPB-81832,기타 ,강북구,2024-08-26 14:54,14
SPB-81917,페달,성동구,2024-08-20 8:45,8
SPB-81937,타이어 ,종로구,2024-08-19 8:23,8
SPB-81941,타이어 ,송파구,2024-08-23 18:17,18
SPB-81941,타이어 ,송파구,2024-08-30 19:27,19
SPB-81951,체인,송파구,2024-08-29 11:12,11
SPB-81978,체인,은평구,2024-08-06 15:52,15
SPB-81980,타이어 ,강남구,2024-08-31 2:15,2
SPB-82048,기타 ,송파구,2024-08-25 20:15,20
SPB-82089,안장,은평구,2024-08-09 22:40,22
SPB-82089,타이어 ,은평구,2024-08-12 16:58,16
SPB-82096,페달,동대문구,2024-08-29 15:54,15
SPB-82142,타이어 ,성동구,2024-08-31 11:54,11
SPB-82165,타이어 ,송파구,2024-08-23 17:13,17
SPB-82170,기타 ,송파구,2024-08-20 21:25,21
SPB-82202,체인,영등포구,2024-08-28 21:19,21
SPB-82235,기타 ,서초구,2024-08-15 21:40,21
SPB-82261,타이어 ,송파구,2024-08-12 21:04,21
SPB-82285,타이어 ,송파구,2024-08-08 18:41,18
SPB-82394,타이어 ,마포구,2024-08-29 20:17,20
SPB-82443,타이어 ,마포구,2024-08-26 22:24,22
SPB-82472,안장,송파구,2024-08-22 7:08,7
SPB-82645,체인,서초구,2024-08-12 18:59,18
SPB-82685,타이어 ,서초구,2024-08-16 23:16,23
SPB-82685,타이어 ,서초구,2024-08-23 23:20,23
SPB-82713,타이어 ,마포구,2024-08-28 15:16,15
SPB-82730,체인,송파구,2024-08-31 22:14,22
SPB-82739,타이어 ,강남구,2024-08-30 23:24,23
SPB-82762,기타 ,관악구,2024-08-06 16:40,16
SPB-82783,기타 ,동작구,2024-08-25 11:02,11
SPB-82821,단말기,노원구,2024-08-15 1:25,1
SPB-82832,기타 ,동작구,2024-08-22 18:06,18
SPB-82839,기타 ,강남구,2024-08-29 9:42,9
SPB-82840,기타 ,영등포구,2024-08-29 8:24,8
SPB-82849,기타 ,서대문구,2024-08-10 0:27,0
SPB-82850,타이어 ,성북구,2024-08-06 1:53,1
SPB-82869,체인,관악구,2024-08-28 22:35,22
SPB-82882,기타 ,동대문구,2024-08-20 15:13,15
SPB-82900,타이어 ,강남구,2024-08-27 17:51,17
SPB-82974,타이어 ,관악구,2024-08-20 10:58,10
SPB-83018,타이어 ,강남구,2024-08-23 5:21,5
SPB-83116,체인,서초구,2024-08-22 9:59,9
SPB-83163,기타 ,노원구,2024-08-14 22:07,22
SPB-83163,페달,노원구,2024-08-29 11:50,11
SPB-83168,체인,강서구,2024-08-23 20:27,20
SPB-83224,체인,동작구,2024-08-14 7:57,7
SPB-83229,기타 ,영등포구,2024-08-05 19:10,19
SPB-83241,체인,노원구,2024-08-28 10:08,10
SPB-83243,타이어 ,서대문구,2024-08-31 1:12,1
SPB-83247,타이어 ,강서구,2024-08-27 11:11,11
SPB-83268,페달,서초구,2024-08-29 23:16,23
SPB-83298,체인,도봉구,2024-08-24 17:18,17
SPB-83309,기타 ,송파구,2024-08-07 21:18,21
SPB-83342,체인,영등포구,2024-08-26 21:19,21
SPB-83411,기타 ,용산구,2024-08-30 20:03,20
SPB-83441,기타 ,도봉구,2024-08-30 20:34,20
SPB-83452,기타 ,마포구,2024-08-11 15:50,15
SPB-83467,단말기,서초구,2024-08-20 10:40,10
SPB-83480,체인,관악구,2024-08-23 19:47,19
SPB-83480,단말기,관악구,2024-08-26 8:29,8
SPB-83530,타이어 ,송파구,2024-08-17 14:36,14
SPB-83540,타이어 ,노원구,2024-08-29 2:17,2
SPB-83559,안장,중구,2024-08-13 9:34,9
SPB-83561,안장,금천구,2024-08-13 2:19,2
SPB-83572,안장,동작구,2024-08-23 16:02,16
SPB-83577,타이어 ,노원구,2024-08-07 18:13,18
SPB-83589,타이어 ,서초구,2024-08-30 18:22,18
SPB-83678,단말기,강남구,2024-08-07 18:21,18
SPB-83705,타이어 ,관악구,2024-08-29 8:33,8
SPB-83711,기타 ,금천구,2024-08-28 18:27,18
SPB-83792,안장,종로구,2024-08-07 23:52,23
SPB-83810,기타 ,송파구,2024-08-15 21:38,21
SPB-83868,단말기,관악구,2024-08-01 18:38,18
SPB-83917,페달,구로구,2024-08-20 1:14,1
SPB-83925,타이어 ,은평구,2024-08-30 22:34,22
SPB-83949,타이어 ,금천구,2024-08-08 18:10,18
SPB-83973,체인,서대문구,2024-08-19 1:18,1
SPB-83985,타이어 ,중구,2024-08-19 8:42,8
SPB-83985,타이어 ,중구,2024-08-21 18:38,18
SPB-84012,타이어 ,종로구,2024-08-23 17:08,17
SPB-84067,타이어 ,성동구,2024-08-24 4:55,4
SPB-84068,타이어 ,서초구,2024-08-30 19:05,19
SPB-84111,안장,송파구,2024-08-28 22:09,22
SPB-84132,기타 ,종로구,2024-08-08 18:26,18
SPB-84174,타이어 ,서초구,2024-08-04 15:07,15
SPB-84182,기타 ,서초구,2024-08-15 17:41,17
SPB-84204,단말기,송파구,2024-08-02 11:11,11
SPB-84216,기타 ,용산구,2024-08-01 12:02,12
SPB-84238,안장,강남구,2024-08-07 8:32,8
SPB-84256,타이어 ,강서구,2024-08-14 11:08,11
SPB-84290,타이어 ,서초구,2024-08-23 20:18,20
SPB-84399,단말기,강동구,2024-08-02 17:34,17
SPB-84427,기타 ,은평구,2024-08-31 20:44,20
SPB-84431,타이어 ,서초구,2024-08-02 19:24,19
SPB-84454,체인,성동구,2024-08-23 10:51,10
SPB-84475,체인,종로구,2024-08-20 1:01,1
SPB-84500,기타 ,종로구,2024-08-24 20:36,20
SPB-84517,체인,송파구,2024-08-27 21:08,21
SPB-84542,기타 ,송파구,2024-08-12 14:26,14
SPB-84547,기타 ,강서구,2024-08-19 12:41,12
SPB-84592,체인,성동구,2024-08-05 17:51,17
SPB-84594,기타 ,도봉구,2024-08-11 13:07,13
SPB-84595,단말기,송파구,2024-08-20 16:04,16
SPB-84618,안장,송파구,2024-08-08 11:08,11
SPB-84640,타이어 ,은평구,2024-08-15 21:09,21
SPB-84645,단말기,용산구,2024-08-22 8:18,8
SPB-84659,타이어 ,노원구,2024-08-19 20:02,20
SPB-84675,기타 ,용산구,2024-08-12 18:23,18
SPB-84680,기타 ,강남구,2024-08-06 20:44,20
SPB-84680,타이어 ,송파구,2024-08-12 7:46,7
SPB-84719,타이어 ,강남구,2024-08-17 22:50,22
SPB-84721,타이어 ,강동구,2024-08-19 23:17,23
SPB-84810,페달,마포구,2024-08-11 17:00,17
SPB-84815,타이어 ,서초구,2024-08-20 22:13,22
SPB-84818,타이어 ,송파구,2024-08-20 18:33,18
SPB-84834,타이어 ,관악구,2024-08-31 14:11,14
SPB-84842,기타 ,성동구,2024-08-22 18:08,18
SPB-84850,타이어 ,강서구,2024-08-26 9:45,9
SPB-84870,체인,서초구,2024-08-14 8:31,8
SPB-84909,기타 ,강남구,2024-08-30 8:22,8
SPB-84956,타이어 ,성동구,2024-08-06 20:08,20
