자전거번호,등록일시,구분
SPB-30636,2024-08-01 00:01:45,체인
SPB-66205,2024-08-01 00:03:30,타이어 
SPB-42306,2024-08-01 00:20:31,체인
SPB-46133,2024-08-01 00:20:39,체인
SPB-39797,2024-08-01 00:50:51,단말기
SPB-38515,2024-08-01 00:58:32,페달
SPB-58720,2024-08-01 01:05:20,체인
SPB-38731,2024-08-01 01:12:56,타이어 
SPB-50070,2024-08-01 01:21:43,기타 
SPB-30411,2024-08-01 02:04:59,페달
SPB-50577,2024-08-01 02:17:57,체인
SPB-45267,2024-08-01 02:24:13,타이어 
SPB-38220,2024-08-01 02:28:47,체인
SPB-59053,2024-08-01 02:49:23,체인
SPB-64953,2024-08-01 03:22:55,타이어 
SPB-64512,2024-08-01 03:30:17,체인
SPB-44960,2024-08-01 04:56:06,기타 
SPB-66938,2024-08-01 05:51:24,안장
SPB-48047,2024-08-01 05:53:48,타이어 
SPB-30103,2024-08-01 05:54:24,타이어 
SPB-48430,2024-08-01 05:57:22,단말기
SPB-69089,2024-08-01 05:57:22,타이어 
SPB-39048,2024-08-01 05:57:57,안장
SPB-57182,2024-08-01 06:02:29,기타 
SPB-38761,2024-08-01 06:03:47,체인
SPB-51192,2024-08-01 06:23:16,타이어 
SPB-51598,2024-08-01 06:28:30,기타 
SPB-40354,2024-08-01 06:34:21,안장
SPB-54434,2024-08-01 06:36:06,타이어 
SPB-69007,2024-08-01 06:36:23,체인
SPB-55632,2024-08-01 06:39:17,기타 
SPB-53711,2024-08-01 06:40:28,안장
SPB-42035,2024-08-01 06:41:07,안장
SPB-59175,2024-08-01 06:42:18,페달
SPB-64174,2024-08-01 06:48:09,기타 
SPB-43215,2024-08-01 06:48:50,안장
SPB-65521,2024-08-01 06:49:22,체인
SPB-45795,2024-08-01 06:53:18,기타 
SPB-50830,2024-08-01 07:00:32,기타 
SPB-33626,2024-08-01 07:05:46,기타 
SPB-66913,2024-08-01 07:08:45,타이어 
SPB-68619,2024-08-01 07:11:35,기타 
SPB-62620,2024-08-01 07:21:02,페달
SPB-59881,2024-08-01 07:26:13,기타 
SPB-69011,2024-08-01 07:27:15,기타 
SPB-67643,2024-08-01 07:29:07,체인
SPB-38722,2024-08-01 07:37:19,체인
SPB-53054,2024-08-01 07:38:32,타이어 
SPB-63669,2024-08-01 07:39:17,타이어 
SPB-55955,2024-08-01 07:44:12,기타 
SPB-59889,2024-08-01 07:45:17,안장
SPB-42649,2024-08-01 07:47:19,체인
SPB-46005,2024-08-01 07:47:30,기타 
SPB-55314,2024-08-01 07:47:54,기타 
SPB-32368,2024-08-01 07:56:36,기타 
SPB-61765,2024-08-01 07:58:41,타이어 
SPB-51038,2024-08-01 07:58:43,페달
SPB-58985,2024-08-01 08:00:13,체인
SPB-53105,2024-08-01 08:02:35,기타 
SPB-70009,2024-08-01 08:09:07,체인
SPB-45092,2024-08-01 08:09:24,타이어 
SPB-38230,2024-08-01 08:10:56,안장
SPB-35165,2024-08-01 08:13:11,단말기
SPB-53985,2024-08-01 08:17:01,타이어 
SPB-37271,2024-08-01 08:18:38,기타 
SPB-50698,2024-08-01 08:19:55,안장
SPB-58451,2024-08-01 08:20:21,기타 
SPB-60248,2024-08-01 08:21:09,타이어 
SPB-38737,2024-08-01 08:21:25,기타 
SPB-58085,2024-08-01 08:22:16,체인
SPB-50478,2024-08-01 08:23:34,안장
SPB-53174,2024-08-01 08:24:47,타이어 
SPB-35273,2024-08-01 08:25:41,타이어 
SPB-65720,2024-08-01 08:25:56,기타 
SPB-63193,2024-08-01 08:26:11,체인
SPB-43254,2024-08-01 08:29:19,페달
SPB-41003,2024-08-01 08:29:21,안장
SPB-40096,2024-08-01 08:30:17,타이어 
SPB-59142,2024-08-01 08:30:56,타이어 
SPB-34577,2024-08-01 08:31:18,체인
SPB-66175,2024-08-01 08:31:22,기타 
SPB-52465,2024-08-01 08:32:37,체인
SPB-43679,2024-08-01 08:35:23,페달
SPB-47854,2024-08-01 08:36:15,페달
SPB-38109,2024-08-01 08:37:50,기타 
SPB-53978,2024-08-01 08:39:07,페달
SPB-38243,2024-08-01 08:40:31,타이어 
SPB-66621,2024-08-01 08:43:36,기타 
SPB-45418,2024-08-01 08:43:41,안장
SPB-45723,2024-08-01 08:44:16,체인
SPB-69887,2024-08-01 08:44:35,기타 
SPB-46357,2024-08-01 08:44:40,안장
SPB-39703,2024-08-01 08:46:22,타이어 
SPB-39715,2024-08-01 08:47:13,체인
SPB-50149,2024-08-01 08:47:42,체인
SPB-30498,2024-08-01 08:49:27,타이어 
SPB-42790,2024-08-01 08:50:01,안장
SPB-31240,2024-08-01 08:50:47,안장
SPB-31591,2024-08-01 08:50:51,페달
SPB-32208,2024-08-01 08:51:13,기타 
SPB-42872,2024-08-01 08:53:53,체인
SPB-48552,2024-08-01 08:54:20,기타 
SPB-34394,2024-08-01 08:57:37,페달
SPB-69823,2024-08-01 08:57:42,페달
SPB-68512,2024-08-01 08:59:00,기타 
SPB-37520,2024-08-01 09:01:15,타이어 
SPB-54044,2024-08-01 09:06:31,체인
SPB-54673,2024-08-01 09:06:32,기타 
SPB-41466,2024-08-01 09:13:02,페달
SPB-32020,2024-08-01 09:16:29,타이어 
SPB-35770,2024-08-01 09:16:47,기타 
SPB-50030,2024-08-01 09:21:36,페달
SPB-30115,2024-08-01 09:21:50,체인
SPB-61314,2024-08-01 09:22:32,체인
SPB-45057,2024-08-01 09:23:51,안장
SPB-60804,2024-08-01 09:30:08,안장
SPB-38332,2024-08-01 09:31:20,체인
SPB-31921,2024-08-01 09:31:59,안장
SPB-69723,2024-08-01 09:33:44,체인
SPB-35263,2024-08-01 09:34:43,체인
SPB-67501,2024-08-01 09:35:09,체인
SPB-43378,2024-08-01 09:35:11,안장
SPB-41351,2024-08-01 09:37:45,안장
SPB-30841,2024-08-01 09:42:09,페달
SPB-63136,2024-08-01 09:43:45,체인
SPB-80810,2024-08-01 09:47:12,타이어 
SPB-41977,2024-08-01 09:49:05,기타 
SPB-32451,2024-08-01 09:51:17,단말기
SPB-40377,2024-08-01 09:55:00,기타 
SPB-47831,2024-08-01 09:55:38,페달
SPB-69360,2024-08-01 09:59:16,타이어 
SPB-42070,2024-08-01 10:01:33,기타 
SPB-50549,2024-08-01 10:02:58,기타 
SPB-52701,2024-08-01 10:06:28,체인
SPB-68844,2024-08-01 10:08:33,체인
SPB-43408,2024-08-01 10:18:55,기타 
SPB-43133,2024-08-01 10:20:52,안장
SPB-66189,2024-08-01 10:25:54,타이어 
SPB-45529,2024-08-01 10:27:20,안장
SPB-58592,2024-08-01 10:28:59,타이어 
SPB-34833,2024-08-01 10:33:03,체인
SPB-64627,2024-08-01 10:37:12,타이어 
SPB-53560,2024-08-01 10:43:27,안장
SPB-59596,2024-08-01 10:46:41,페달
SPB-38931,2024-08-01 10:47:23,페달
SPB-64821,2024-08-01 10:57:09,타이어 
SPB-66281,2024-08-01 11:00:44,단말기
SPB-38198,2024-08-01 11:01:26,타이어 
SPB-57856,2024-08-01 11:04:36,페달
SPB-43885,2024-08-01 11:08:56,타이어 
SPB-46833,2024-08-01 11:15:56,안장
SPB-48074,2024-08-01 11:17:38,타이어 
SPB-44570,2024-08-01 11:18:40,체인
SPB-63939,2024-08-01 11:25:09,기타 
SPB-53997,2024-08-01 11:32:35,기타 
SPB-65219,2024-08-01 11:37:17,체인
SPB-59292,2024-08-01 11:37:59,페달
SPB-50603,2024-08-01 11:38:07,기타 
SPB-48605,2024-08-01 11:38:55,기타 
SPB-53810,2024-08-01 11:39:22,기타 
SPB-39415,2024-08-01 11:47:00,안장
SPB-46906,2024-08-01 11:48:03,체인
SPB-67015,2024-08-01 11:49:07,페달
SPB-46106,2024-08-01 11:56:18,타이어 
SPB-69131,2024-08-01 11:56:19,안장
SPB-68383,2024-08-01 11:58:10,페달
SPB-84216,2024-08-01 12:02:27,기타 
SPB-35075,2024-08-01 12:05:04,체인
SPB-31695,2024-08-01 12:10:38,기타 
SPB-55834,2024-08-01 12:24:52,기타 
SPB-61933,2024-08-01 12:32:52,타이어 
SPB-54320,2024-08-01 12:34:03,페달
SPB-48487,2024-08-01 12:37:46,안장
SPB-37840,2024-08-01 12:39:17,페달
SPB-64749,2024-08-01 12:42:06,체인
SPB-35308,2024-08-01 12:52:14,단말기
SPB-39370,2024-08-01 12:58:38,안장
SPB-62692,2024-08-01 13:00:10,타이어 
SPB-65291,2024-08-01 13:00:44,타이어 
SPB-55126,2024-08-01 13:05:35,페달
SPB-60883,2024-08-01 13:14:48,체인
SPB-62200,2024-08-01 13:18:26,체인
SPB-63947,2024-08-01 13:21:01,타이어 
SPB-36471,2024-08-01 13:35:16,기타 
SPB-68340,2024-08-01 13:46:18,체인
SPB-36042,2024-08-01 13:51:59,체인
SPB-45683,2024-08-01 13:54:40,체인
SPB-46931,2024-08-01 13:55:46,체인
SPB-44565,2024-08-01 14:03:09,안장
SPB-66887,2024-08-01 14:12:18,안장
SPB-64287,2024-08-01 14:14:00,안장
SPB-68059,2024-08-01 14:15:53,타이어 
SPB-69002,2024-08-01 14:36:42,체인
SPB-42276,2024-08-01 14:38:20,안장
SPB-67784,2024-08-01 14:40:26,기타 
SPB-69561,2024-08-01 14:47:41,안장
SPB-42005,2024-08-01 14:48:05,타이어 
SPB-31555,2024-08-01 14:52:33,타이어 
SPB-55096,2024-08-01 15:06:07,기타 
SPB-60138,2024-08-01 15:11:06,페달
SPB-37771,2024-08-01 15:15:57,체인
SPB-67054,2024-08-01 15:18:24,타이어 
SPB-59458,2024-08-01 15:19:59,페달
SPB-55105,2024-08-01 15:30:23,페달
SPB-41605,2024-08-01 15:39:53,페달
SPB-60818,2024-08-01 15:40:02,단말기
SPB-51544,2024-08-01 15:44:41,체인
SPB-37161,2024-08-01 15:47:56,타이어 
SPB-57582,2024-08-01 15:49:26,체인
SPB-61061,2024-08-01 15:50:21,안장
SPB-38730,2024-08-01 16:06:55,안장
SPB-48285,2024-08-01 16:12:57,타이어 
SPB-60906,2024-08-01 16:14:08,단말기
SPB-65397,2024-08-01 16:17:09,타이어 
SPB-38309,2024-08-01 16:23:59,기타 
SPB-66466,2024-08-01 16:38:19,안장
SPB-54465,2024-08-01 16:44:47,타이어 
SPB-38326,2024-08-01 16:45:13,페달
SPB-67533,2024-08-01 16:47:45,기타 
SPB-44164,2024-08-01 16:54:25,타이어 
SPB-40956,2024-08-01 16:56:50,안장
SPB-64445,2024-08-01 16:57:03,기타 
SPB-50439,2024-08-01 16:59:58,페달
SPB-55437,2024-08-01 17:02:00,체인
SPB-56578,2024-08-01 17:03:43,타이어 
SPB-60409,2024-08-01 17:06:08,체인
SPB-42677,2024-08-01 17:06:09,타이어 
SPB-44832,2024-08-01 17:06:16,체인
SPB-58905,2024-08-01 17:08:04,타이어 
SPB-45230,2024-08-01 17:08:15,타이어 
SPB-56125,2024-08-01 17:08:23,페달
SPB-62208,2024-08-01 17:09:24,안장
SPB-40700,2024-08-01 17:10:07,체인
SPB-70290,2024-08-01 17:10:38,체인
SPB-39621,2024-08-01 17:10:46,타이어 
SPB-60001,2024-08-01 17:11:28,페달
SPB-53558,2024-08-01 17:12:34,페달
SPB-41199,2024-08-01 17:13:32,타이어 
SPB-70461,2024-08-01 17:16:26,기타 
SPB-38726,2024-08-01 17:17:06,안장
SPB-47708,2024-08-01 17:17:22,안장
SPB-56844,2024-08-01 17:19:58,타이어 
SPB-47204,2024-08-01 17:20:39,타이어 
SPB-44476,2024-08-01 17:24:25,체인
SPB-63796,2024-08-01 17:33:21,페달
SPB-33367,2024-08-01 17:36:21,체인
SPB-65918,2024-08-01 17:38:28,타이어 
SPB-69042,2024-08-01 17:39:59,기타 
SPB-57664,2024-08-01 17:41:57,단말기
SPB-42793,2024-08-01 17:44:26,안장
SPB-55028,2024-08-01 17:44:37,기타 
SPB-59693,2024-08-01 17:45:25,기타 
SPB-30961,2024-08-01 17:45:52,안장
SPB-36041,2024-08-01 17:46:42,타이어 
SPB-58076,2024-08-01 17:46:45,페달
SPB-64291,2024-08-01 17:47:30,기타 
SPB-59754,2024-08-01 17:48:19,기타 
SPB-40747,2024-08-01 17:48:24,체인
SPB-40603,2024-08-01 17:49:18,체인
SPB-52930,2024-08-01 17:50:57,타이어 
SPB-57527,2024-08-01 17:55:20,안장
SPB-55496,2024-08-01 17:56:35,안장
SPB-45159,2024-08-01 17:57:46,체인
SPB-67821,2024-08-01 17:59:25,타이어 
SPB-47816,2024-08-01 17:59:50,체인
SPB-49021,2024-08-01 17:59:52,페달
SPB-59942,2024-08-01 18:00:17,페달
SPB-48758,2024-08-01 18:02:50,안장
SPB-56334,2024-08-01 18:04:41,타이어 
SPB-59475,2024-08-01 18:04:52,타이어 
SPB-43635,2024-08-01 18:05:51,페달
SPB-62863,2024-08-01 18:06:58,체인
SPB-38185,2024-08-01 18:07:36,체인
SPB-31646,2024-08-01 18:07:55,체인
SPB-54876,2024-08-01 18:07:55,기타 
SPB-60908,2024-08-01 18:08:00,기타 
SPB-64208,2024-08-01 18:09:16,타이어 
SPB-31814,2024-08-01 18:10:13,페달
SPB-38777,2024-08-01 18:10:40,페달
SPB-57851,2024-08-01 18:11:06,페달
SPB-67937,2024-08-01 18:11:32,체인
SPB-42000,2024-08-01 18:13:52,체인
SPB-37465,2024-08-01 18:14:09,체인
SPB-67077,2024-08-01 18:14:29,체인
SPB-62623,2024-08-01 18:14:36,안장
SPB-36137,2024-08-01 18:16:29,기타 
SPB-43556,2024-08-01 18:16:35,안장
SPB-56379,2024-08-01 18:17:12,페달
SPB-59506,2024-08-01 18:17:19,타이어 
SPB-68592,2024-08-01 18:19:46,기타 
SPB-50036,2024-08-01 18:20:04,기타 
SPB-65975,2024-08-01 18:20:06,타이어 
SPB-54801,2024-08-01 18:20:44,페달
SPB-31119,2024-08-01 18:21:15,체인
SPB-46172,2024-08-01 18:21:45,체인
SPB-62334,2024-08-01 18:21:50,페달
SPB-55346,2024-08-01 18:22:44,기타 
SPB-57887,2024-08-01 18:24:21,단말기
SPB-60903,2024-08-01 18:25:31,페달
SPB-33850,2024-08-01 18:25:41,페달
SPB-36392,2024-08-01 18:25:45,안장
SPB-32161,2024-08-01 18:26:22,체인
SPB-52832,2024-08-01 18:27:29,단말기
SPB-66230,2024-08-01 18:28:52,타이어 
SPB-35518,2024-08-01 18:28:58,타이어 
SPB-60523,2024-08-01 18:32:28,기타 
SPB-48363,2024-08-01 18:34:00,안장
SPB-66527,2024-08-01 18:36:40,체인
SPB-51205,2024-08-01 18:37:42,체인
SPB-69374,2024-08-01 18:37:54,페달
SPB-50403,2024-08-01 18:38:02,타이어 
SPB-30925,2024-08-01 18:38:05,체인
SPB-83868,2024-08-01 18:38:30,단말기
SPB-45796,2024-08-01 18:39:22,페달
SPB-56701,2024-08-01 18:39:41,페달
SPB-67677,2024-08-01 18:40:02,타이어 
SPB-55065,2024-08-01 18:40:39,기타 
SPB-52078,2024-08-01 18:42:37,안장
SPB-37754,2024-08-01 18:43:31,체인
SPB-58279,2024-08-01 18:44:16,페달
SPB-67737,2024-08-01 18:44:25,페달
SPB-55380,2024-08-01 18:45:06,안장
SPB-37942,2024-08-01 18:45:23,기타 
SPB-42747,2024-08-01 18:47:45,안장
SPB-66828,2024-08-01 18:49:14,기타 
SPB-54818,2024-08-01 18:49:57,기타 
SPB-34773,2024-08-01 18:50:16,타이어 
SPB-48254,2024-08-01 18:50:29,타이어 
SPB-37217,2024-08-01 18:52:00,기타 
SPB-60720,2024-08-01 18:52:48,단말기
SPB-57091,2024-08-01 18:54:22,체인
SPB-35344,2024-08-01 18:55:59,기타 
SPB-46250,2024-08-01 18:56:26,체인
SPB-64344,2024-08-01 18:57:05,타이어 
SPB-69648,2024-08-01 18:59:18,체인
SPB-41185,2024-08-01 19:02:20,타이어 
SPB-45557,2024-08-01 19:02:23,체인
SPB-33450,2024-08-01 19:02:54,기타 
SPB-53735,2024-08-01 19:03:15,기타 
SPB-69594,2024-08-01 19:08:01,체인
SPB-35422,2024-08-01 19:10:15,체인
SPB-64394,2024-08-01 19:11:01,안장
SPB-46931,2024-08-01 19:11:19,페달
SPB-58329,2024-08-01 19:11:37,기타 
SPB-33697,2024-08-01 19:11:42,타이어 
SPB-70054,2024-08-01 19:12:40,안장
SPB-45821,2024-08-01 19:15:52,단말기
SPB-51526,2024-08-01 19:20:11,기타 
SPB-67560,2024-08-01 19:20:52,단말기
SPB-64785,2024-08-01 19:21:49,타이어 
SPB-60166,2024-08-01 19:24:43,체인
SPB-58137,2024-08-01 19:26:16,기타 
SPB-42632,2024-08-01 19:29:44,체인
SPB-45160,2024-08-01 19:30:24,기타 
SPB-31137,2024-08-01 19:32:33,단말기
SPB-55883,2024-08-01 19:34:01,타이어 
SPB-70280,2024-08-01 19:37:09,체인
SPB-57328,2024-08-01 19:37:12,타이어 
SPB-44756,2024-08-01 19:38:05,체인
SPB-61050,2024-08-01 19:40:27,안장
SPB-48853,2024-08-01 19:42:23,단말기
SPB-44251,2024-08-01 19:43:56,체인
SPB-39102,2024-08-01 19:44:13,체인
SPB-64836,2024-08-01 19:44:50,타이어 
SPB-50250,2024-08-01 19:47:24,안장
SPB-30071,2024-08-01 19:49:27,기타 
SPB-47946,2024-08-01 19:50:43,체인
SPB-56188,2024-08-01 19:53:53,체인
SPB-65062,2024-08-01 19:54:46,기타 
SPB-49521,2024-08-01 19:55:07,체인
SPB-52798,2024-08-01 19:57:57,타이어 
SPB-54835,2024-08-01 19:59:01,체인
SPB-38940,2024-08-01 20:00:21,안장
SPB-61267,2024-08-01 20:01:22,단말기
SPB-65389,2024-08-01 20:01:31,기타 
SPB-64522,2024-08-01 20:02:24,기타 
SPB-39936,2024-08-01 20:02:47,체인
SPB-44859,2024-08-01 20:03:10,체인
SPB-54388,2024-08-01 20:05:35,기타 
SPB-50975,2024-08-01 20:06:24,기타 
SPB-52492,2024-08-01 20:06:39,체인
SPB-37570,2024-08-01 20:07:38,체인
SPB-50189,2024-08-01 20:08:05,페달
SPB-32359,2024-08-01 20:10:11,기타 
SPB-54474,2024-08-01 20:10:19,안장
SPB-36597,2024-08-01 20:13:09,타이어 
SPB-40834,2024-08-01 20:13:49,체인
SPB-49407,2024-08-01 20:18:08,페달
SPB-38613,2024-08-01 20:20:54,타이어 
SPB-34668,2024-08-01 20:21:45,타이어 
SPB-40624,2024-08-01 20:26:17,기타 
SPB-47537,2024-08-01 20:28:08,체인
SPB-41608,2024-08-01 20:28:55,체인
SPB-45741,2024-08-01 20:30:00,타이어 
SPB-39632,2024-08-01 20:30:41,안장
SPB-41570,2024-08-01 20:35:00,안장
SPB-59836,2024-08-01 20:38:47,기타 
SPB-38117,2024-08-01 20:42:32,기타 
SPB-69501,2024-08-01 20:47:22,단말기
SPB-38534,2024-08-01 20:49:29,타이어 
SPB-46946,2024-08-01 20:49:32,타이어 
SPB-51121,2024-08-01 20:52:19,페달
SPB-65112,2024-08-01 20:55:02,타이어 
SPB-47919,2024-08-01 20:55:25,페달
SPB-52809,2024-08-01 20:56:58,안장
SPB-46880,2024-08-01 20:57:31,타이어 
SPB-54039,2024-08-01 21:00:50,타이어 
SPB-46010,2024-08-01 21:02:14,타이어 
SPB-66706,2024-08-01 21:02:23,타이어 
SPB-64122,2024-08-01 21:02:41,타이어 
SPB-53460,2024-08-01 21:03:20,단말기
SPB-45189,2024-08-01 21:04:35,단말기
SPB-57605,2024-08-01 21:07:05,기타 
SPB-39330,2024-08-01 21:07:07,안장
SPB-39479,2024-08-01 21:08:11,안장
SPB-44357,2024-08-01 21:08:56,타이어 
SPB-58477,2024-08-01 21:11:21,기타 
SPB-38515,2024-08-01 21:11:57,페달
SPB-34279,2024-08-01 21:16:34,체인
SPB-47616,2024-08-01 21:17:02,타이어 
SPB-66955,2024-08-01 21:18:10,단말기
SPB-42525,2024-08-01 21:19:33,기타 
SPB-46949,2024-08-01 21:20:15,타이어 
SPB-67733,2024-08-01 21:21:50,기타 
SPB-57880,2024-08-01 21:22:42,체인
SPB-67424,2024-08-01 21:23:27,체인
SPB-60060,2024-08-01 21:23:30,기타 
SPB-44788,2024-08-01 21:24:34,체인
SPB-69950,2024-08-01 21:30:53,기타 
SPB-52305,2024-08-01 21:32:23,타이어 
SPB-37002,2024-08-01 21:37:35,타이어 
SPB-60883,2024-08-01 21:38:12,체인
SPB-58098,2024-08-01 21:38:30,단말기
SPB-59598,2024-08-01 21:42:56,기타 
SPB-58091,2024-08-01 21:43:35,페달
SPB-50709,2024-08-01 21:43:49,페달
SPB-56958,2024-08-01 21:44:04,기타 
SPB-69953,2024-08-01 21:44:19,안장
SPB-47983,2024-08-01 21:44:57,체인
SPB-30897,2024-08-01 21:45:53,체인
SPB-45454,2024-08-01 21:47:29,체인
SPB-44463,2024-08-01 21:54:37,체인
SPB-43078,2024-08-01 21:54:42,타이어 
SPB-69162,2024-08-01 21:57:06,단말기
SPB-44798,2024-08-01 21:58:05,타이어 
SPB-50887,2024-08-01 21:58:35,타이어 
SPB-66875,2024-08-01 21:59:29,타이어 
SPB-69517,2024-08-01 22:02:01,체인
SPB-31917,2024-08-01 22:02:10,체인
SPB-64674,2024-08-01 22:02:27,기타 
SPB-70292,2024-08-01 22:02:43,체인
SPB-59136,2024-08-01 22:05:46,체인
SPB-47810,2024-08-01 22:05:53,단말기
SPB-43412,2024-08-01 22:09:30,페달
SPB-47679,2024-08-01 22:10:59,체인
SPB-32445,2024-08-01 22:12:47,페달
SPB-34277,2024-08-01 22:13:31,페달
SPB-52103,2024-08-01 22:20:39,기타 
SPB-40866,2024-08-01 22:24:39,안장
SPB-53143,2024-08-01 22:24:52,페달
SPB-56319,2024-08-01 22:26:06,기타 
SPB-57088,2024-08-01 22:26:30,타이어 
SPB-41402,2024-08-01 22:26:48,체인
SPB-35525,2024-08-01 22:30:26,기타 
SPB-62962,2024-08-01 22:33:45,타이어 
SPB-48078,2024-08-01 22:43:01,타이어 
SPB-55533,2024-08-01 22:48:16,안장
SPB-65035,2024-08-01 22:48:17,기타 
SPB-66510,2024-08-01 22:51:34,타이어 
SPB-57098,2024-08-01 22:51:37,체인
SPB-63537,2024-08-01 22:52:32,체인
SPB-51560,2024-08-01 22:56:02,안장
SPB-53080,2024-08-01 23:01:27,타이어 
SPB-69267,2024-08-01 23:01:33,타이어 
SPB-31369,2024-08-01 23:01:38,타이어 
SPB-45112,2024-08-01 23:01:47,타이어 
SPB-55420,2024-08-01 23:04:07,체인
SPB-32779,2024-08-01 23:04:10,페달
SPB-47347,2024-08-01 23:06:24,체인
SPB-68483,2024-08-01 23:07:41,체인
SPB-31584,2024-08-01 23:08:39,페달
SPB-35475,2024-08-01 23:09:33,페달
SPB-67415,2024-08-01 23:10:38,타이어 
SPB-41200,2024-08-01 23:17:31,체인
SPB-68092,2024-08-01 23:31:01,기타 
SPB-61144,2024-08-01 23:40:32,기타 
SPB-56495,2024-08-01 23:49:40,안장
SPB-63402,2024-08-02 00:01:45,단말기
SPB-60614,2024-08-02 00:04:28,단말기
SPB-46064,2024-08-02 00:10:55,단말기
SPB-67261,2024-08-02 00:14:01,기타 
SPB-36888,2024-08-02 00:19:42,타이어 
SPB-64925,2024-08-02 01:07:45,타이어 
SPB-30259,2024-08-02 01:17:00,기타 
SPB-51105,2024-08-02 01:35:03,기타 
SPB-40906,2024-08-02 01:41:37,체인
SPB-39405,2024-08-02 01:54:20,타이어 
SPB-66908,2024-08-02 02:04:14,타이어 
SPB-61660,2024-08-02 02:42:43,체인
SPB-38689,2024-08-02 03:22:14,체인
SPB-63189,2024-08-02 03:28:51,기타 
SPB-39144,2024-08-02 03:31:26,기타 
SPB-52571,2024-08-02 05:15:58,체인
SPB-50088,2024-08-02 05:36:23,기타 
SPB-50761,2024-08-02 05:55:59,안장
SPB-59113,2024-08-02 06:02:56,안장
SPB-65130,2024-08-02 06:08:25,타이어 
SPB-37974,2024-08-02 06:12:14,기타 
SPB-43755,2024-08-02 06:21:22,타이어 
SPB-30578,2024-08-02 06:29:43,페달
SPB-42710,2024-08-02 06:30:07,체인
SPB-53331,2024-08-02 06:40:29,체인
SPB-39849,2024-08-02 06:49:11,체인
SPB-60758,2024-08-02 07:01:00,안장
SPB-60901,2024-08-02 07:02:42,체인
SPB-35418,2024-08-02 07:12:46,타이어 
SPB-38832,2024-08-02 07:15:12,단말기
SPB-62833,2024-08-02 07:19:35,체인
SPB-57082,2024-08-02 07:23:15,기타 
SPB-55402,2024-08-02 07:23:17,체인
SPB-59855,2024-08-02 07:23:29,타이어 
SPB-55979,2024-08-02 07:23:55,단말기
SPB-50971,2024-08-02 07:25:54,체인
SPB-47971,2024-08-02 07:27:49,체인
SPB-37922,2024-08-02 07:30:52,체인
SPB-51078,2024-08-02 07:31:10,기타 
SPB-47088,2024-08-02 07:37:58,기타 
SPB-42334,2024-08-02 07:39:40,체인
SPB-31814,2024-08-02 07:41:24,페달
SPB-32833,2024-08-02 07:44:56,체인
SPB-55900,2024-08-02 07:45:02,타이어 
SPB-64961,2024-08-02 07:48:36,타이어 
SPB-47710,2024-08-02 07:53:33,페달
SPB-46430,2024-08-02 07:54:36,타이어 
SPB-37541,2024-08-02 07:57:19,안장
SPB-47629,2024-08-02 08:00:02,단말기
SPB-59496,2024-08-02 08:00:36,페달
SPB-68606,2024-08-02 08:02:57,기타 
SPB-62953,2024-08-02 08:06:33,안장
SPB-61861,2024-08-02 08:07:19,체인
SPB-64177,2024-08-02 08:07:38,기타 
SPB-43524,2024-08-02 08:08:10,체인
SPB-32179,2024-08-02 08:11:40,체인
SPB-70352,2024-08-02 08:11:58,체인
SPB-67214,2024-08-02 08:12:18,타이어 
SPB-62073,2024-08-02 08:12:37,체인
SPB-42925,2024-08-02 08:13:03,체인
SPB-53272,2024-08-02 08:14:48,기타 
SPB-46872,2024-08-02 08:15:47,안장
SPB-58477,2024-08-02 08:18:29,체인
SPB-47393,2024-08-02 08:18:45,체인
SPB-40300,2024-08-02 08:19:02,체인
SPB-37051,2024-08-02 08:19:10,타이어 
SPB-46528,2024-08-02 08:19:30,페달
SPB-65893,2024-08-02 08:19:32,단말기
SPB-67304,2024-08-02 08:23:01,타이어 
SPB-31355,2024-08-02 08:24:31,기타 
SPB-51539,2024-08-02 08:24:59,페달
SPB-68275,2024-08-02 08:25:15,기타 
SPB-33367,2024-08-02 08:25:16,체인
SPB-51039,2024-08-02 08:26:09,체인
SPB-47876,2024-08-02 08:26:23,페달
SPB-35547,2024-08-02 08:26:36,안장
SPB-30215,2024-08-02 08:27:13,체인
SPB-59553,2024-08-02 08:30:23,페달
SPB-44769,2024-08-02 08:31:08,타이어 
SPB-40301,2024-08-02 08:34:41,타이어 
SPB-37765,2024-08-02 08:35:15,체인
SPB-35348,2024-08-02 08:37:48,타이어 
SPB-32100,2024-08-02 08:38:52,기타 
SPB-69932,2024-08-02 08:38:53,페달
SPB-57717,2024-08-02 08:39:47,페달
SPB-30259,2024-08-02 08:40:49,타이어 
SPB-69453,2024-08-02 08:42:36,체인
SPB-51097,2024-08-02 08:46:08,기타 
SPB-44183,2024-08-02 08:47:14,체인
SPB-48165,2024-08-02 08:50:54,안장
SPB-39891,2024-08-02 08:51:32,체인
SPB-36700,2024-08-02 08:51:39,체인
SPB-36013,2024-08-02 08:52:30,체인
SPB-62969,2024-08-02 08:53:51,페달
SPB-53219,2024-08-02 08:56:13,기타 
SPB-51726,2024-08-02 08:58:33,페달
SPB-34067,2024-08-02 08:58:49,안장
SPB-48587,2024-08-02 09:00:43,단말기
SPB-32030,2024-08-02 09:03:58,타이어 
SPB-68118,2024-08-02 09:04:23,타이어 
SPB-41656,2024-08-02 09:06:25,체인
SPB-66726,2024-08-02 09:11:28,체인
SPB-49353,2024-08-02 09:14:49,기타 
SPB-44843,2024-08-02 09:15:21,단말기
SPB-63551,2024-08-02 09:21:14,안장
SPB-60210,2024-08-02 09:23:16,타이어 
SPB-65877,2024-08-02 09:23:43,기타 
SPB-35183,2024-08-02 09:24:53,체인
SPB-66562,2024-08-02 09:28:48,타이어 
SPB-34092,2024-08-02 09:34:13,기타 
SPB-52412,2024-08-02 09:36:52,체인
SPB-55686,2024-08-02 09:39:30,기타 
SPB-57881,2024-08-02 09:43:12,안장
SPB-44779,2024-08-02 09:44:56,타이어 
SPB-66604,2024-08-02 09:45:22,체인
SPB-68618,2024-08-02 09:45:27,체인
SPB-55693,2024-08-02 09:55:44,체인
SPB-47886,2024-08-02 10:03:20,페달
SPB-67409,2024-08-02 10:07:31,타이어 
SPB-61943,2024-08-02 10:10:21,안장
SPB-43409,2024-08-02 10:18:48,타이어 
SPB-55991,2024-08-02 10:25:18,타이어 
SPB-64455,2024-08-02 10:26:28,타이어 
SPB-48167,2024-08-02 10:30:00,기타 
SPB-44944,2024-08-02 10:32:42,체인
SPB-59947,2024-08-02 10:35:27,타이어 
SPB-44778,2024-08-02 10:40:01,체인
SPB-34139,2024-08-02 10:42:19,타이어 
SPB-69466,2024-08-02 10:43:43,페달
SPB-49300,2024-08-02 10:46:04,기타 
SPB-44435,2024-08-02 10:46:42,단말기
SPB-40624,2024-08-02 10:48:42,체인
SPB-59591,2024-08-02 10:51:48,체인
SPB-46138,2024-08-02 10:57:25,체인
SPB-46473,2024-08-02 10:59:58,타이어 
SPB-43173,2024-08-02 11:01:28,체인
SPB-34932,2024-08-02 11:01:46,체인
SPB-47592,2024-08-02 11:03:51,기타 
SPB-44006,2024-08-02 11:04:15,기타 
SPB-64179,2024-08-02 11:05:22,타이어 
SPB-84204,2024-08-02 11:11:34,단말기
SPB-38579,2024-08-02 11:20:39,안장
SPB-33837,2024-08-02 11:21:51,페달
SPB-31814,2024-08-02 11:25:10,페달
SPB-50347,2024-08-02 11:25:22,페달
SPB-35640,2024-08-02 11:26:55,기타 
SPB-38556,2024-08-02 11:34:43,기타 
SPB-44026,2024-08-02 11:40:49,단말기
SPB-37990,2024-08-02 11:46:02,안장
SPB-51005,2024-08-02 11:51:19,체인
SPB-66203,2024-08-02 11:58:53,타이어 
SPB-50791,2024-08-02 12:14:24,기타 
SPB-52841,2024-08-02 12:16:39,안장
SPB-65099,2024-08-02 12:19:29,기타 
SPB-62742,2024-08-02 12:22:55,기타 
SPB-61096,2024-08-02 12:23:40,페달
SPB-35585,2024-08-02 12:26:56,단말기
SPB-44803,2024-08-02 12:28:29,페달
SPB-56765,2024-08-02 12:28:58,체인
SPB-70164,2024-08-02 12:31:19,체인
SPB-42868,2024-08-02 12:41:49,체인
SPB-63221,2024-08-02 12:46:14,체인
SPB-65537,2024-08-02 12:56:46,기타 
SPB-53910,2024-08-02 13:01:40,타이어 
SPB-48630,2024-08-02 13:02:02,체인
SPB-64306,2024-08-02 13:03:20,기타 
SPB-42994,2024-08-02 13:07:08,체인
SPB-67957,2024-08-02 13:10:47,단말기
SPB-30748,2024-08-02 13:14:02,기타 
SPB-39058,2024-08-02 13:25:47,체인
SPB-55517,2024-08-02 13:26:09,타이어 
SPB-51440,2024-08-02 13:41:47,페달
SPB-39164,2024-08-02 13:45:06,체인
SPB-32083,2024-08-02 13:48:22,타이어 
SPB-59293,2024-08-02 13:50:21,기타 
SPB-39103,2024-08-02 13:51:37,기타 
SPB-65738,2024-08-02 13:53:20,안장
SPB-48644,2024-08-02 13:58:12,타이어 
SPB-31041,2024-08-02 14:01:58,기타 
SPB-66204,2024-08-02 14:15:07,페달
SPB-61527,2024-08-02 14:27:42,체인
SPB-42025,2024-08-02 14:27:43,체인
SPB-61795,2024-08-02 14:43:42,체인
SPB-55944,2024-08-02 14:52:49,체인
SPB-59150,2024-08-02 15:01:10,타이어 
SPB-50378,2024-08-02 15:06:03,페달
SPB-43190,2024-08-02 15:08:18,기타 
SPB-34083,2024-08-02 15:13:37,기타 
SPB-38777,2024-08-02 15:26:50,페달
SPB-63441,2024-08-02 15:38:58,타이어 
SPB-60043,2024-08-02 15:42:42,타이어 
SPB-48854,2024-08-02 15:45:41,기타 
SPB-70007,2024-08-02 15:46:55,체인
SPB-57299,2024-08-02 15:51:27,기타 
SPB-59588,2024-08-02 15:53:19,기타 
SPB-30259,2024-08-02 15:58:18,기타 
SPB-46504,2024-08-02 16:02:32,타이어 
SPB-48058,2024-08-02 16:05:51,타이어 
SPB-47943,2024-08-02 16:10:35,기타 
SPB-67400,2024-08-02 16:10:46,체인
SPB-37586,2024-08-02 16:11:51,안장
SPB-39286,2024-08-02 16:13:56,타이어 
SPB-64570,2024-08-02 16:16:31,단말기
SPB-32650,2024-08-02 16:19:18,체인
SPB-62673,2024-08-02 16:22:59,체인
SPB-53372,2024-08-02 16:28:28,페달
SPB-53040,2024-08-02 16:33:06,타이어 
SPB-56467,2024-08-02 16:34:11,타이어 
SPB-30185,2024-08-02 16:38:32,기타 
SPB-68387,2024-08-02 16:38:39,체인
SPB-54182,2024-08-02 16:38:45,기타 
SPB-49501,2024-08-02 16:48:07,단말기
SPB-58510,2024-08-02 16:49:37,타이어 
SPB-69750,2024-08-02 16:49:50,안장
SPB-33117,2024-08-02 16:50:01,기타 
SPB-54320,2024-08-02 16:51:27,페달
SPB-53349,2024-08-02 16:51:50,타이어 
SPB-49467,2024-08-02 16:57:24,기타 
SPB-53594,2024-08-02 16:59:50,기타 
SPB-41803,2024-08-02 17:01:17,기타 
SPB-37020,2024-08-02 17:03:34,타이어 
SPB-38125,2024-08-02 17:05:15,단말기
SPB-53087,2024-08-02 17:09:05,기타 
SPB-57389,2024-08-02 17:12:24,안장
SPB-57525,2024-08-02 17:12:55,타이어 
SPB-36436,2024-08-02 17:15:58,타이어 
SPB-42804,2024-08-02 17:16:55,페달
SPB-66819,2024-08-02 17:17:48,타이어 
SPB-67994,2024-08-02 17:23:02,체인
SPB-38077,2024-08-02 17:24:16,체인
SPB-66384,2024-08-02 17:24:18,기타 
SPB-32560,2024-08-02 17:25:39,타이어 
SPB-62461,2024-08-02 17:32:21,타이어 
SPB-36415,2024-08-02 17:32:50,체인
SPB-58613,2024-08-02 17:34:09,체인
SPB-43851,2024-08-02 17:34:28,기타 
SPB-84399,2024-08-02 17:34:41,단말기
SPB-59661,2024-08-02 17:35:09,기타 
SPB-56642,2024-08-02 17:36:00,체인
SPB-64913,2024-08-02 17:36:25,타이어 
SPB-38936,2024-08-02 17:37:57,체인
SPB-38994,2024-08-02 17:39:42,기타 
SPB-54029,2024-08-02 17:40:28,타이어 
SPB-58076,2024-08-02 17:43:10,페달
SPB-51265,2024-08-02 17:43:38,타이어 
SPB-58804,2024-08-02 17:44:34,단말기
SPB-47543,2024-08-02 17:44:48,기타 
SPB-63581,2024-08-02 17:46:59,체인
SPB-46435,2024-08-02 17:48:26,기타 
SPB-69452,2024-08-02 17:48:58,체인
SPB-30819,2024-08-02 17:55:34,타이어 
SPB-52899,2024-08-02 17:55:35,안장
SPB-56507,2024-08-02 17:56:28,페달
SPB-50687,2024-08-02 17:57:01,안장
SPB-62167,2024-08-02 18:00:06,체인
SPB-33532,2024-08-02 18:00:52,기타 
SPB-69683,2024-08-02 18:01:47,체인
SPB-50879,2024-08-02 18:02:12,체인
SPB-54428,2024-08-02 18:02:19,타이어 
SPB-42336,2024-08-02 18:04:43,타이어 
SPB-58636,2024-08-02 18:06:13,타이어 
SPB-46494,2024-08-02 18:07:39,페달
SPB-45658,2024-08-02 18:08:45,타이어 
SPB-52495,2024-08-02 18:10:03,페달
SPB-58097,2024-08-02 18:12:48,타이어 
SPB-60170,2024-08-02 18:13:06,안장
SPB-44944,2024-08-02 18:13:26,체인
SPB-69980,2024-08-02 18:14:43,체인
SPB-46870,2024-08-02 18:15:04,체인
SPB-32076,2024-08-02 18:16:05,안장
SPB-47936,2024-08-02 18:16:19,페달
SPB-55030,2024-08-02 18:16:38,체인
SPB-56635,2024-08-02 18:16:52,페달
SPB-52792,2024-08-02 18:17:51,페달
SPB-44977,2024-08-02 18:20:45,체인
SPB-70350,2024-08-02 18:23:08,체인
SPB-58098,2024-08-02 18:24:21,기타 
SPB-60662,2024-08-02 18:26:11,체인
SPB-68523,2024-08-02 18:26:36,체인
SPB-59116,2024-08-02 18:26:44,타이어 
SPB-50331,2024-08-02 18:26:58,타이어 
SPB-62391,2024-08-02 18:27:27,기타 
SPB-55738,2024-08-02 18:29:25,페달
SPB-59154,2024-08-02 18:32:08,기타 
SPB-30539,2024-08-02 18:35:32,기타 
SPB-53148,2024-08-02 18:35:54,기타 
SPB-69003,2024-08-02 18:36:01,기타 
SPB-65080,2024-08-02 18:36:08,기타 
SPB-56289,2024-08-02 18:38:24,안장
SPB-33508,2024-08-02 18:38:33,안장
SPB-66226,2024-08-02 18:39:41,기타 
SPB-40592,2024-08-02 18:40:44,안장
SPB-57461,2024-08-02 18:42:11,타이어 
SPB-68562,2024-08-02 18:42:51,체인
SPB-64854,2024-08-02 18:45:58,체인
SPB-39835,2024-08-02 18:47:02,안장
SPB-42868,2024-08-02 18:47:12,체인
SPB-41797,2024-08-02 18:47:54,타이어 
SPB-33667,2024-08-02 18:51:15,타이어 
SPB-38497,2024-08-02 18:51:23,안장
SPB-68963,2024-08-02 18:51:25,기타 
SPB-43319,2024-08-02 18:51:43,체인
SPB-57344,2024-08-02 18:52:47,체인
SPB-61480,2024-08-02 18:53:42,타이어 
SPB-52961,2024-08-02 18:54:53,기타 
SPB-70164,2024-08-02 18:56:36,체인
SPB-80074,2024-08-02 18:56:38,타이어 
SPB-36263,2024-08-02 18:57:37,안장
SPB-35498,2024-08-02 19:02:40,기타 
SPB-69321,2024-08-02 19:02:44,타이어 
SPB-57840,2024-08-02 19:03:03,페달
SPB-67549,2024-08-02 19:03:24,기타 
SPB-47763,2024-08-02 19:05:43,페달
SPB-70482,2024-08-02 19:06:23,기타 
SPB-44488,2024-08-02 19:11:33,체인
SPB-46384,2024-08-02 19:13:22,안장
SPB-52535,2024-08-02 19:14:25,체인
SPB-42482,2024-08-02 19:15:30,안장
SPB-57663,2024-08-02 19:15:55,페달
SPB-35423,2024-08-02 19:16:40,체인
SPB-56384,2024-08-02 19:17:18,타이어 
SPB-50455,2024-08-02 19:19:46,체인
SPB-62758,2024-08-02 19:20:32,체인
SPB-69251,2024-08-02 19:20:37,체인
SPB-60680,2024-08-02 19:22:24,타이어 
SPB-45185,2024-08-02 19:23:18,타이어 
SPB-42546,2024-08-02 19:23:40,안장
SPB-84431,2024-08-02 19:24:00,타이어 
SPB-36483,2024-08-02 19:25:26,체인
SPB-42000,2024-08-02 19:27:08,타이어 
SPB-46494,2024-08-02 19:27:50,페달
SPB-57796,2024-08-02 19:31:12,페달
SPB-44597,2024-08-02 19:32:20,페달
SPB-54723,2024-08-02 19:33:20,기타 
SPB-37787,2024-08-02 19:33:47,기타 
SPB-43394,2024-08-02 19:36:54,체인
SPB-32749,2024-08-02 19:39:07,체인
SPB-56075,2024-08-02 19:39:29,타이어 
SPB-58568,2024-08-02 19:39:52,체인
SPB-60122,2024-08-02 19:42:18,타이어 
SPB-48865,2024-08-02 19:45:16,기타 
SPB-45861,2024-08-02 19:48:05,체인
SPB-56317,2024-08-02 19:48:14,페달
SPB-41473,2024-08-02 19:48:43,체인
SPB-64344,2024-08-02 19:49:49,타이어 
SPB-57882,2024-08-02 19:50:25,페달
SPB-60354,2024-08-02 19:56:27,페달
SPB-51883,2024-08-02 19:57:49,체인
SPB-63373,2024-08-02 19:58:10,단말기
SPB-46595,2024-08-02 19:58:26,기타 
SPB-57972,2024-08-02 19:58:54,단말기
SPB-65273,2024-08-02 19:59:33,기타 
SPB-68777,2024-08-02 19:59:46,기타 
SPB-30315,2024-08-02 20:01:25,페달
SPB-48212,2024-08-02 20:02:39,단말기
SPB-51962,2024-08-02 20:05:21,기타 
SPB-54394,2024-08-02 20:08:06,타이어 
SPB-65256,2024-08-02 20:12:45,체인
SPB-51556,2024-08-02 20:14:39,안장
SPB-48321,2024-08-02 20:18:57,기타 
SPB-64945,2024-08-02 20:20:28,기타 
SPB-41650,2024-08-02 20:23:35,페달
SPB-50838,2024-08-02 20:24:05,타이어 
SPB-55373,2024-08-02 20:24:18,체인
SPB-48271,2024-08-02 20:38:56,타이어 
SPB-42287,2024-08-02 20:39:06,기타 
SPB-56730,2024-08-02 20:44:46,페달
SPB-45236,2024-08-02 20:55:48,페달
SPB-63770,2024-08-02 20:57:43,안장
SPB-42958,2024-08-02 21:01:48,페달
SPB-31862,2024-08-02 21:11:25,기타 
SPB-66434,2024-08-02 21:14:31,기타 
SPB-50719,2024-08-02 21:23:39,안장
SPB-68741,2024-08-02 21:24:34,기타 
SPB-44445,2024-08-02 21:25:28,기타 
SPB-59134,2024-08-02 21:28:09,체인
SPB-54605,2024-08-02 21:29:48,타이어 
SPB-58597,2024-08-02 21:30:52,기타 
SPB-36234,2024-08-02 21:31:42,페달
SPB-66982,2024-08-02 21:32:45,기타 
SPB-34251,2024-08-02 21:36:03,체인
SPB-31704,2024-08-02 21:38:22,체인
SPB-55418,2024-08-02 21:40:56,안장
SPB-64662,2024-08-02 21:41:34,기타 
SPB-47532,2024-08-02 21:43:49,타이어 
SPB-60868,2024-08-02 21:48:24,안장
SPB-63378,2024-08-02 21:56:25,기타 
SPB-57756,2024-08-02 21:59:08,기타 
SPB-58504,2024-08-02 21:59:41,페달
SPB-67034,2024-08-02 21:59:45,타이어 
SPB-66942,2024-08-02 22:01:21,안장
SPB-38483,2024-08-02 22:03:29,체인
SPB-34666,2024-08-02 22:06:00,기타 
SPB-66129,2024-08-02 22:07:53,체인
SPB-48575,2024-08-02 22:08:00,페달
SPB-67757,2024-08-02 22:21:01,체인
SPB-55576,2024-08-02 22:22:41,안장
SPB-58277,2024-08-02 22:24:18,타이어 
SPB-57235,2024-08-02 22:30:08,타이어 
SPB-57282,2024-08-02 22:32:20,체인
SPB-67067,2024-08-02 22:32:36,기타 
SPB-36752,2024-08-02 22:32:53,타이어 
SPB-36321,2024-08-02 22:41:25,타이어 
SPB-70385,2024-08-02 22:43:09,체인
SPB-31394,2024-08-02 22:46:08,체인
SPB-67475,2024-08-02 22:49:05,기타 
SPB-40938,2024-08-02 22:54:35,기타 
SPB-60319,2024-08-02 23:04:49,체인
SPB-70009,2024-08-02 23:13:27,체인
SPB-43895,2024-08-02 23:24:10,체인
SPB-57659,2024-08-02 23:36:25,타이어 
SPB-60335,2024-08-02 23:46:16,기타 
SPB-69861,2024-08-02 23:54:32,단말기
SPB-52414,2024-08-03 00:03:01,페달
SPB-63637,2024-08-03 00:04:12,체인
SPB-61804,2024-08-03 00:04:24,체인
SPB-41998,2024-08-03 00:05:21,기타 
SPB-40386,2024-08-03 00:07:08,단말기
SPB-34397,2024-08-03 00:07:21,체인
SPB-52697,2024-08-03 00:08:51,타이어 
SPB-67398,2024-08-03 00:24:03,기타 
SPB-30309,2024-08-03 00:28:05,페달
SPB-39615,2024-08-03 00:32:56,안장
SPB-53625,2024-08-03 00:37:41,타이어 
SPB-54738,2024-08-03 00:47:48,타이어 
SPB-67642,2024-08-03 00:54:44,기타 
SPB-30568,2024-08-03 01:03:23,안장
SPB-44346,2024-08-03 01:12:20,페달
SPB-67687,2024-08-03 01:13:55,페달
SPB-55632,2024-08-03 01:19:38,타이어 
SPB-55751,2024-08-03 01:22:09,체인
SPB-81659,2024-08-03 02:00:46,단말기
SPB-65975,2024-08-03 02:10:55,단말기
SPB-63775,2024-08-03 02:11:48,기타 
SPB-46138,2024-08-03 02:12:58,체인
SPB-50753,2024-08-03 02:20:18,기타 
SPB-47827,2024-08-03 02:26:33,기타 
SPB-52786,2024-08-03 02:30:22,페달
SPB-40539,2024-08-03 02:30:51,타이어 
SPB-68919,2024-08-03 02:44:18,기타 
SPB-30259,2024-08-03 03:53:29,타이어 
SPB-58563,2024-08-03 05:08:18,타이어 
SPB-50863,2024-08-03 05:14:37,안장
SPB-61626,2024-08-03 05:45:40,기타 
SPB-51980,2024-08-03 05:55:12,체인
SPB-47588,2024-08-03 06:07:44,기타 
SPB-61664,2024-08-03 06:34:35,안장
SPB-62353,2024-08-03 06:41:58,안장
SPB-48906,2024-08-03 06:53:59,타이어 
SPB-67859,2024-08-03 07:02:25,타이어 
SPB-69329,2024-08-03 07:24:50,체인
SPB-41228,2024-08-03 07:24:57,체인
SPB-63305,2024-08-03 07:30:33,안장
SPB-31781,2024-08-03 07:34:02,타이어 
SPB-46809,2024-08-03 07:42:24,체인
SPB-50504,2024-08-03 07:43:13,단말기
SPB-32710,2024-08-03 07:43:59,안장
SPB-60513,2024-08-03 07:47:37,체인
SPB-67165,2024-08-03 07:52:51,안장
SPB-34584,2024-08-03 07:56:05,타이어 
SPB-62131,2024-08-03 08:03:25,타이어 
SPB-56029,2024-08-03 08:11:12,체인
SPB-41105,2024-08-03 08:20:05,타이어 
SPB-34147,2024-08-03 08:22:59,기타 
SPB-42685,2024-08-03 08:27:22,기타 
SPB-48182,2024-08-03 08:32:28,페달
SPB-45184,2024-08-03 08:36:14,타이어 
SPB-53343,2024-08-03 08:47:03,타이어 
SPB-68716,2024-08-03 08:55:00,타이어 
SPB-38706,2024-08-03 08:59:13,타이어 
SPB-47537,2024-08-03 09:02:57,체인
SPB-47112,2024-08-03 09:08:53,타이어 
SPB-42686,2024-08-03 09:21:00,체인
SPB-38095,2024-08-03 09:24:55,기타 
SPB-43782,2024-08-03 09:30:08,단말기
SPB-50716,2024-08-03 09:33:33,페달
SPB-48847,2024-08-03 09:35:10,페달
SPB-48122,2024-08-03 09:42:03,기타 
SPB-41469,2024-08-03 09:53:03,체인
SPB-50490,2024-08-03 09:54:14,페달
SPB-69577,2024-08-03 09:55:14,안장
SPB-55426,2024-08-03 10:03:15,단말기
SPB-65304,2024-08-03 10:04:04,기타 
SPB-38434,2024-08-03 10:15:54,단말기
SPB-55751,2024-08-03 10:22:08,체인
SPB-65906,2024-08-03 10:28:23,체인
SPB-81390,2024-08-03 10:30:11,타이어 
SPB-66278,2024-08-03 10:31:08,체인
SPB-61369,2024-08-03 10:32:49,타이어 
SPB-37914,2024-08-03 10:33:10,페달
SPB-63594,2024-08-03 10:35:32,타이어 
SPB-51646,2024-08-03 10:36:57,페달
SPB-39164,2024-08-03 10:47:05,체인
SPB-40705,2024-08-03 10:49:13,체인
SPB-36967,2024-08-03 10:53:03,타이어 
SPB-44397,2024-08-03 10:57:05,체인
SPB-38037,2024-08-03 11:02:23,체인
SPB-67466,2024-08-03 11:02:58,타이어 
SPB-64581,2024-08-03 11:10:22,타이어 
SPB-70029,2024-08-03 11:11:13,체인
SPB-44430,2024-08-03 11:22:43,안장
SPB-33503,2024-08-03 11:35:55,페달
SPB-38008,2024-08-03 11:52:48,체인
SPB-39869,2024-08-03 11:52:55,기타 
SPB-43193,2024-08-03 11:55:21,안장
SPB-50809,2024-08-03 11:55:26,타이어 
SPB-39484,2024-08-03 12:02:05,타이어 
SPB-47816,2024-08-03 12:04:35,페달
SPB-60615,2024-08-03 12:15:26,기타 
SPB-61519,2024-08-03 12:23:12,체인
SPB-32904,2024-08-03 12:24:50,기타 
SPB-55714,2024-08-03 12:25:15,체인
SPB-50054,2024-08-03 12:37:30,타이어 
SPB-46715,2024-08-03 12:39:58,페달
SPB-54933,2024-08-03 12:40:18,타이어 
SPB-64558,2024-08-03 12:40:24,체인
SPB-66475,2024-08-03 12:42:40,기타 
SPB-67690,2024-08-03 12:45:41,안장
SPB-44803,2024-08-03 12:52:18,페달
SPB-68343,2024-08-03 12:59:28,기타 
SPB-40595,2024-08-03 13:01:54,페달
SPB-40776,2024-08-03 13:03:10,체인
SPB-43415,2024-08-03 13:05:25,페달
SPB-65513,2024-08-03 13:10:24,타이어 
SPB-55418,2024-08-03 13:14:49,안장
SPB-65022,2024-08-03 13:15:19,안장
SPB-66631,2024-08-03 13:17:06,타이어 
SPB-65987,2024-08-03 13:18:43,체인
SPB-56126,2024-08-03 13:20:04,안장
SPB-53080,2024-08-03 13:33:41,타이어 
SPB-64361,2024-08-03 13:33:46,타이어 
SPB-69267,2024-08-03 13:33:51,타이어 
SPB-31369,2024-08-03 13:33:57,타이어 
SPB-67544,2024-08-03 13:45:42,타이어 
SPB-42070,2024-08-03 13:51:23,체인
SPB-48810,2024-08-03 14:06:25,페달
SPB-67055,2024-08-03 14:07:00,기타 
SPB-65981,2024-08-03 14:09:07,타이어 
SPB-44800,2024-08-03 14:13:14,체인
SPB-31327,2024-08-03 14:15:29,단말기
SPB-64686,2024-08-03 14:20:18,페달
SPB-68140,2024-08-03 14:29:25,체인
SPB-55167,2024-08-03 14:35:07,페달
SPB-63963,2024-08-03 14:35:28,안장
SPB-55310,2024-08-03 14:38:07,기타 
SPB-44705,2024-08-03 14:39:34,안장
SPB-46809,2024-08-03 14:45:31,체인
SPB-64468,2024-08-03 14:51:22,안장
SPB-37329,2024-08-03 14:52:12,타이어 
SPB-64378,2024-08-03 14:52:38,기타 
SPB-54003,2024-08-03 14:53:06,타이어 
SPB-52201,2024-08-03 14:59:41,페달
SPB-70154,2024-08-03 15:08:06,체인
SPB-68597,2024-08-03 15:09:37,기타 
SPB-35435,2024-08-03 15:09:42,체인
SPB-32960,2024-08-03 15:15:52,페달
SPB-66971,2024-08-03 15:17:44,기타 
SPB-34695,2024-08-03 15:19:39,안장
SPB-67432,2024-08-03 15:24:10,타이어 
SPB-65851,2024-08-03 15:39:47,안장
SPB-49076,2024-08-03 15:54:20,체인
SPB-57975,2024-08-03 15:59:33,체인
SPB-44311,2024-08-03 16:00:05,체인
SPB-44803,2024-08-03 16:03:07,체인
SPB-31865,2024-08-03 16:04:59,안장
SPB-69334,2024-08-03 16:05:01,안장
SPB-39952,2024-08-03 16:16:54,안장
SPB-55357,2024-08-03 16:28:38,페달
SPB-61280,2024-08-03 16:32:33,체인
SPB-68372,2024-08-03 16:32:58,타이어 
SPB-55322,2024-08-03 16:43:51,타이어 
SPB-48055,2024-08-03 16:45:55,페달
SPB-60682,2024-08-03 16:47:12,체인
SPB-52631,2024-08-03 16:49:48,안장
SPB-47479,2024-08-03 16:52:01,기타 
SPB-57808,2024-08-03 16:57:09,체인
SPB-35843,2024-08-03 17:01:56,안장
SPB-64543,2024-08-03 17:12:19,타이어 
SPB-67286,2024-08-03 17:13:06,타이어 
SPB-34858,2024-08-03 17:13:37,타이어 
SPB-53080,2024-08-03 17:16:39,타이어 
SPB-49544,2024-08-03 17:21:08,타이어 
SPB-51823,2024-08-03 17:30:32,단말기
SPB-33967,2024-08-03 17:35:05,타이어 
SPB-68981,2024-08-03 17:35:18,타이어 
SPB-55979,2024-08-03 17:39:28,기타 
SPB-41664,2024-08-03 17:44:56,타이어 
SPB-45522,2024-08-03 17:47:46,체인
SPB-60883,2024-08-03 17:49:52,체인
SPB-51392,2024-08-03 17:54:21,체인
SPB-67408,2024-08-03 17:57:25,타이어 
SPB-50793,2024-08-03 17:58:44,타이어 
SPB-30762,2024-08-03 18:00:36,기타 
SPB-41866,2024-08-03 18:02:58,체인
SPB-65923,2024-08-03 18:04:37,기타 
SPB-55772,2024-08-03 18:07:24,안장
SPB-68569,2024-08-03 18:10:33,기타 
SPB-55552,2024-08-03 18:20:37,안장
SPB-58501,2024-08-03 18:27:21,페달
SPB-59464,2024-08-03 18:29:05,타이어 
SPB-63236,2024-08-03 18:31:51,안장
SPB-46395,2024-08-03 18:32:21,체인
SPB-39722,2024-08-03 18:32:32,페달
SPB-64389,2024-08-03 18:34:55,기타 
SPB-42075,2024-08-03 18:39:25,기타 
SPB-30055,2024-08-03 18:45:51,페달
SPB-64159,2024-08-03 18:46:12,체인
SPB-58965,2024-08-03 18:50:48,타이어 
SPB-64573,2024-08-03 18:54:34,단말기
SPB-43241,2024-08-03 18:58:04,체인
SPB-60354,2024-08-03 18:58:17,체인
SPB-68428,2024-08-03 19:06:04,기타 
SPB-37924,2024-08-03 19:07:29,단말기
SPB-65845,2024-08-03 19:10:43,타이어 
SPB-50584,2024-08-03 19:13:52,단말기
SPB-48444,2024-08-03 19:19:57,체인
SPB-48059,2024-08-03 19:24:36,페달
SPB-40705,2024-08-03 19:24:42,체인
SPB-60858,2024-08-03 19:24:55,체인
SPB-69620,2024-08-03 19:26:18,체인
SPB-31471,2024-08-03 19:26:25,기타 
SPB-39942,2024-08-03 19:28:35,체인
SPB-39884,2024-08-03 19:28:46,체인
SPB-68777,2024-08-03 19:30:45,기타 
SPB-38037,2024-08-03 19:47:48,체인
SPB-44783,2024-08-03 19:51:35,기타 
SPB-41800,2024-08-03 19:55:04,기타 
SPB-58199,2024-08-03 19:56:28,기타 
SPB-63404,2024-08-03 19:58:59,안장
SPB-44270,2024-08-03 20:01:26,체인
SPB-57389,2024-08-03 20:02:20,안장
SPB-33633,2024-08-03 20:02:48,안장
SPB-48502,2024-08-03 20:03:04,타이어 
SPB-80725,2024-08-03 20:03:17,기타 
SPB-43336,2024-08-03 20:06:25,체인
SPB-53388,2024-08-03 20:07:01,기타 
SPB-67452,2024-08-03 20:07:54,체인
SPB-49023,2024-08-03 20:10:03,안장
SPB-61861,2024-08-03 20:11:53,타이어 
SPB-54760,2024-08-03 20:15:29,단말기
SPB-31140,2024-08-03 20:17:01,기타 
SPB-63640,2024-08-03 20:20:50,기타 
SPB-70084,2024-08-03 20:23:21,기타 
SPB-58283,2024-08-03 20:27:09,페달
SPB-37682,2024-08-03 20:36:05,체인
SPB-60470,2024-08-03 20:41:14,체인
SPB-51762,2024-08-03 20:42:39,체인
SPB-55599,2024-08-03 20:46:27,체인
SPB-59134,2024-08-03 20:51:36,체인
SPB-31295,2024-08-03 20:55:11,타이어 
SPB-44270,2024-08-03 21:01:34,체인
SPB-47231,2024-08-03 21:04:31,페달
SPB-68563,2024-08-03 21:05:37,안장
SPB-58477,2024-08-03 21:08:49,페달
SPB-69838,2024-08-03 21:09:34,기타 
SPB-62988,2024-08-03 21:10:09,기타 
SPB-68680,2024-08-03 21:20:02,기타 
SPB-56172,2024-08-03 21:24:32,체인
SPB-41975,2024-08-03 21:24:57,체인
SPB-48170,2024-08-03 21:30:33,페달
SPB-41206,2024-08-03 21:30:35,타이어 
SPB-37487,2024-08-03 21:33:28,체인
SPB-44623,2024-08-03 21:37:35,단말기
SPB-33797,2024-08-03 21:39:30,페달
SPB-64928,2024-08-03 21:39:44,페달
SPB-42667,2024-08-03 21:48:29,페달
SPB-50903,2024-08-03 21:52:28,안장
SPB-66729,2024-08-03 21:53:11,타이어 
SPB-69908,2024-08-03 21:53:50,체인
SPB-62214,2024-08-03 21:54:11,체인
SPB-39596,2024-08-03 21:54:19,체인
SPB-50415,2024-08-03 21:54:45,기타 
SPB-64393,2024-08-03 21:55:33,체인
SPB-45484,2024-08-03 21:57:36,체인
SPB-70350,2024-08-03 22:03:55,체인
SPB-52336,2024-08-03 22:07:49,타이어 
SPB-51892,2024-08-03 22:11:01,안장
SPB-39327,2024-08-03 22:14:32,타이어 
SPB-56071,2024-08-03 22:17:20,단말기
SPB-65616,2024-08-03 22:18:49,안장
SPB-38011,2024-08-03 22:19:34,체인
SPB-69231,2024-08-03 22:19:35,체인
SPB-61701,2024-08-03 22:21:31,기타 
SPB-32281,2024-08-03 22:25:03,타이어 
SPB-61706,2024-08-03 22:27:14,페달
SPB-41228,2024-08-03 22:32:50,체인
SPB-49319,2024-08-03 22:34:39,체인
SPB-56629,2024-08-03 22:36:05,페달
SPB-64623,2024-08-03 22:37:10,기타 
SPB-58698,2024-08-03 22:44:14,단말기
SPB-68143,2024-08-03 22:46:44,단말기
SPB-51343,2024-08-03 22:47:46,타이어 
SPB-70073,2024-08-03 23:01:18,체인
SPB-60957,2024-08-03 23:01:25,기타 
SPB-53543,2024-08-03 23:08:10,페달
SPB-45894,2024-08-03 23:13:52,체인
SPB-58767,2024-08-03 23:17:17,페달
SPB-40678,2024-08-03 23:19:52,기타 
SPB-42111,2024-08-03 23:21:42,체인
SPB-39630,2024-08-03 23:24:16,체인
SPB-48981,2024-08-03 23:24:21,체인
SPB-59266,2024-08-03 23:24:39,체인
SPB-50755,2024-08-03 23:28:08,기타 
SPB-51342,2024-08-03 23:30:09,타이어 
SPB-47150,2024-08-03 23:32:50,타이어 
SPB-66085,2024-08-03 23:35:11,기타 
SPB-43715,2024-08-03 23:55:27,안장
SPB-64747,2024-08-03 23:57:35,체인
SPB-67096,2024-08-04 00:03:28,페달
SPB-43901,2024-08-04 00:07:46,페달
SPB-38265,2024-08-04 00:08:26,기타 
SPB-62732,2024-08-04 00:22:11,기타 
SPB-39726,2024-08-04 00:28:29,안장
SPB-32188,2024-08-04 00:29:46,기타 
SPB-50112,2024-08-04 00:48:11,단말기
SPB-70010,2024-08-04 00:57:07,페달
SPB-44214,2024-08-04 01:00:40,체인
SPB-43151,2024-08-04 01:01:02,타이어 
SPB-32432,2024-08-04 01:20:22,단말기
SPB-58476,2024-08-04 01:21:49,페달
SPB-38726,2024-08-04 01:36:23,체인
SPB-46787,2024-08-04 01:45:23,체인
SPB-35134,2024-08-04 01:50:57,페달
SPB-69411,2024-08-04 01:51:06,타이어 
SPB-44207,2024-08-04 01:52:58,기타 
SPB-61184,2024-08-04 02:22:29,단말기
SPB-40700,2024-08-04 02:26:34,체인
SPB-67499,2024-08-04 02:45:11,단말기
SPB-35414,2024-08-04 02:50:02,체인
SPB-64531,2024-08-04 02:58:16,타이어 
SPB-48006,2024-08-04 04:29:42,타이어 
SPB-36754,2024-08-04 04:46:13,타이어 
SPB-52024,2024-08-04 05:45:32,타이어 
SPB-66355,2024-08-04 05:55:57,기타 
SPB-37352,2024-08-04 06:08:14,페달
SPB-57392,2024-08-04 06:31:56,타이어 
SPB-47323,2024-08-04 06:52:32,기타 
SPB-32310,2024-08-04 06:55:01,단말기
SPB-63720,2024-08-04 07:00:50,타이어 
SPB-41918,2024-08-04 07:26:56,체인
SPB-56647,2024-08-04 08:00:49,타이어 
SPB-51874,2024-08-04 08:03:46,기타 
SPB-53806,2024-08-04 08:08:45,단말기
SPB-64888,2024-08-04 08:10:07,기타 
SPB-63778,2024-08-04 08:10:19,타이어 
SPB-42994,2024-08-04 08:33:46,체인
SPB-55105,2024-08-04 08:34:13,페달
SPB-43933,2024-08-04 08:43:15,타이어 
SPB-62138,2024-08-04 08:49:46,체인
SPB-68618,2024-08-04 08:51:03,체인
SPB-35075,2024-08-04 08:55:12,체인
SPB-70158,2024-08-04 09:02:16,체인
SPB-30349,2024-08-04 09:06:46,타이어 
SPB-40330,2024-08-04 09:59:00,체인
SPB-43865,2024-08-04 10:05:14,페달
SPB-55319,2024-08-04 10:09:52,페달
SPB-33739,2024-08-04 10:19:25,체인
SPB-33639,2024-08-04 10:21:38,단말기
SPB-31214,2024-08-04 10:26:09,타이어 
SPB-37773,2024-08-04 10:29:25,체인
SPB-30962,2024-08-04 10:32:43,안장
SPB-67714,2024-08-04 10:40:17,체인
SPB-69924,2024-08-04 10:40:49,타이어 
SPB-46170,2024-08-04 10:42:47,체인
SPB-53754,2024-08-04 10:50:16,타이어 
SPB-42451,2024-08-04 10:53:29,기타 
SPB-57930,2024-08-04 10:54:20,페달
SPB-35126,2024-08-04 10:57:08,안장
SPB-62943,2024-08-04 10:59:59,페달
SPB-49076,2024-08-04 11:02:37,체인
SPB-66662,2024-08-04 11:03:49,기타 
SPB-46685,2024-08-04 11:06:08,체인
SPB-53531,2024-08-04 11:16:24,타이어 
SPB-48296,2024-08-04 11:20:12,페달
SPB-34706,2024-08-04 11:22:50,체인
SPB-70019,2024-08-04 11:38:28,안장
SPB-46088,2024-08-04 11:48:38,체인
SPB-53393,2024-08-04 11:58:06,체인
SPB-61321,2024-08-04 12:08:38,체인
SPB-66689,2024-08-04 12:20:50,타이어 
SPB-46985,2024-08-04 12:24:01,타이어 
SPB-66703,2024-08-04 12:25:57,체인
SPB-68576,2024-08-04 12:27:52,체인
SPB-38962,2024-08-04 12:29:51,기타 
SPB-30774,2024-08-04 12:41:36,타이어 
SPB-44645,2024-08-04 12:51:00,체인
SPB-33647,2024-08-04 12:52:37,안장
SPB-55862,2024-08-04 12:54:21,타이어 
SPB-59990,2024-08-04 12:58:12,체인
SPB-33851,2024-08-04 12:59:31,안장
SPB-68104,2024-08-04 13:09:18,페달
SPB-34971,2024-08-04 13:09:30,안장
SPB-70242,2024-08-04 13:12:59,기타 
SPB-61262,2024-08-04 13:16:50,타이어 
SPB-47538,2024-08-04 13:18:51,타이어 
SPB-36394,2024-08-04 13:20:46,타이어 
SPB-70120,2024-08-04 13:21:02,페달
SPB-32719,2024-08-04 13:22:03,체인
SPB-53080,2024-08-04 13:24:20,타이어 
SPB-69267,2024-08-04 13:24:28,페달
SPB-33538,2024-08-04 13:29:29,체인
SPB-66754,2024-08-04 13:32:46,안장
SPB-33716,2024-08-04 13:33:24,체인
SPB-45224,2024-08-04 13:36:59,체인
SPB-68468,2024-08-04 13:40:09,체인
SPB-67614,2024-08-04 13:43:17,타이어 
SPB-42381,2024-08-04 13:47:07,체인
SPB-66784,2024-08-04 13:51:21,타이어 
SPB-66389,2024-08-04 13:59:40,체인
SPB-63141,2024-08-04 14:00:15,타이어 
SPB-46054,2024-08-04 14:00:58,기타 
SPB-47889,2024-08-04 14:04:31,타이어 
SPB-35743,2024-08-04 14:06:45,안장
SPB-66716,2024-08-04 14:07:26,기타 
SPB-49547,2024-08-04 14:08:42,체인
SPB-58754,2024-08-04 14:18:04,타이어 
SPB-49045,2024-08-04 14:20:22,단말기
SPB-63672,2024-08-04 14:20:24,타이어 
SPB-55442,2024-08-04 14:20:53,기타 
SPB-39202,2024-08-04 14:34:31,페달
SPB-33676,2024-08-04 14:38:30,타이어 
SPB-63853,2024-08-04 14:40:51,기타 
SPB-65383,2024-08-04 14:43:27,타이어 
SPB-69494,2024-08-04 14:49:02,기타 
SPB-55472,2024-08-04 14:53:23,기타 
SPB-68339,2024-08-04 14:53:41,기타 
SPB-62865,2024-08-04 14:55:59,페달
SPB-45858,2024-08-04 14:56:12,기타 
SPB-81463,2024-08-04 14:58:22,기타 
SPB-30932,2024-08-04 15:01:06,기타 
SPB-84174,2024-08-04 15:07:21,타이어 
SPB-51892,2024-08-04 15:08:19,안장
SPB-60664,2024-08-04 15:09:17,타이어 
SPB-50207,2024-08-04 15:11:02,기타 
SPB-56218,2024-08-04 15:11:06,타이어 
SPB-42365,2024-08-04 15:11:18,안장
SPB-69315,2024-08-04 15:19:21,기타 
SPB-42858,2024-08-04 15:19:37,타이어 
SPB-48064,2024-08-04 15:35:08,체인
SPB-66001,2024-08-04 15:35:35,타이어 
SPB-61422,2024-08-04 15:50:19,기타 
SPB-39957,2024-08-04 15:51:30,안장
SPB-37188,2024-08-04 16:00:48,타이어 
SPB-47532,2024-08-04 16:02:54,타이어 
SPB-70022,2024-08-04 16:04:03,체인
SPB-56887,2024-08-04 16:04:55,안장
SPB-47434,2024-08-04 16:14:45,체인
SPB-68906,2024-08-04 16:15:12,체인
SPB-30578,2024-08-04 16:18:46,페달
SPB-63829,2024-08-04 16:19:20,안장
SPB-60388,2024-08-04 16:44:40,안장
SPB-64635,2024-08-04 16:51:37,타이어 
SPB-48544,2024-08-04 16:53:41,안장
SPB-48448,2024-08-04 16:58:34,체인
SPB-58091,2024-08-04 16:59:14,페달
SPB-57362,2024-08-04 17:01:29,타이어 
SPB-63175,2024-08-04 17:05:26,타이어 
SPB-68112,2024-08-04 17:09:54,기타 
SPB-62282,2024-08-04 17:20:37,타이어 
SPB-31914,2024-08-04 17:32:03,체인
SPB-33422,2024-08-04 17:35:06,타이어 
SPB-36233,2024-08-04 17:49:31,페달
SPB-57271,2024-08-04 17:51:48,기타 
SPB-54607,2024-08-04 17:53:38,기타 
SPB-62790,2024-08-04 18:02:53,안장
SPB-61721,2024-08-04 18:09:38,타이어 
SPB-69694,2024-08-04 18:11:04,체인
SPB-45981,2024-08-04 18:15:59,페달
SPB-58564,2024-08-04 18:21:07,체인
SPB-66311,2024-08-04 18:22:49,단말기
SPB-64559,2024-08-04 18:24:33,타이어 
SPB-56318,2024-08-04 18:25:57,페달
SPB-46287,2024-08-04 18:27:13,안장
SPB-57796,2024-08-04 18:32:31,페달
SPB-52183,2024-08-04 18:36:03,체인
SPB-32193,2024-08-04 18:36:38,기타 
SPB-36326,2024-08-04 18:42:37,타이어 
SPB-56317,2024-08-04 18:43:04,체인
SPB-67910,2024-08-04 18:45:08,페달
SPB-54056,2024-08-04 18:45:47,기타 
SPB-47811,2024-08-04 18:46:17,체인
SPB-46470,2024-08-04 18:48:56,체인
SPB-69550,2024-08-04 18:58:05,체인
SPB-53553,2024-08-04 18:58:22,타이어 
SPB-41649,2024-08-04 19:01:38,기타 
SPB-48049,2024-08-04 19:04:26,페달
SPB-66604,2024-08-04 19:12:19,체인
SPB-66314,2024-08-04 19:12:42,타이어 
SPB-40346,2024-08-04 19:14:26,기타 
SPB-44177,2024-08-04 19:18:41,체인
SPB-60430,2024-08-04 19:19:45,기타 
SPB-37190,2024-08-04 19:21:18,페달
SPB-58767,2024-08-04 19:23:52,페달
SPB-60005,2024-08-04 19:26:20,페달
SPB-66006,2024-08-04 19:32:15,기타 
SPB-33706,2024-08-04 19:36:43,타이어 
SPB-52691,2024-08-04 19:37:07,페달
SPB-53018,2024-08-04 19:40:46,타이어 
SPB-31138,2024-08-04 19:41:40,페달
SPB-64347,2024-08-04 19:52:41,안장
SPB-42573,2024-08-04 19:54:45,체인
SPB-44119,2024-08-04 19:55:21,안장
SPB-53013,2024-08-04 19:56:04,안장
SPB-33546,2024-08-04 19:58:11,기타 
SPB-50791,2024-08-04 19:58:34,단말기
SPB-46369,2024-08-04 20:04:07,페달
SPB-80407,2024-08-04 20:04:11,기타 
SPB-57092,2024-08-04 20:06:12,타이어 
SPB-43329,2024-08-04 20:08:21,안장
SPB-57236,2024-08-04 20:08:30,페달
SPB-58344,2024-08-04 20:15:03,기타 
SPB-70314,2024-08-04 20:18:22,타이어 
SPB-66210,2024-08-04 20:19:43,타이어 
SPB-63664,2024-08-04 20:21:35,기타 
SPB-39559,2024-08-04 20:21:49,기타 
SPB-36525,2024-08-04 20:23:15,타이어 
SPB-36621,2024-08-04 20:23:45,타이어 
SPB-39716,2024-08-04 20:31:26,체인
SPB-48676,2024-08-04 20:34:18,기타 
SPB-37408,2024-08-04 20:39:46,타이어 
SPB-31214,2024-08-04 20:50:20,타이어 
SPB-65562,2024-08-04 20:50:31,타이어 
SPB-63813,2024-08-04 20:51:31,타이어 
SPB-44035,2024-08-04 20:55:17,타이어 
SPB-55751,2024-08-04 20:56:14,체인
SPB-38543,2024-08-04 20:58:43,기타 
SPB-45470,2024-08-04 20:59:46,페달
SPB-70025,2024-08-04 21:02:38,체인
SPB-54865,2024-08-04 21:03:19,타이어 
SPB-41044,2024-08-04 21:03:37,기타 
SPB-44256,2024-08-04 21:05:29,체인
SPB-34569,2024-08-04 21:11:35,체인
SPB-38689,2024-08-04 21:18:38,체인
SPB-64076,2024-08-04 21:20:07,기타 
SPB-44553,2024-08-04 21:21:07,체인
SPB-56470,2024-08-04 21:22:28,타이어 
SPB-66557,2024-08-04 21:28:44,타이어 
SPB-47354,2024-08-04 21:30:55,기타 
SPB-65531,2024-08-04 21:31:14,단말기
SPB-38906,2024-08-04 21:31:26,체인
SPB-53351,2024-08-04 21:33:51,기타 
SPB-69521,2024-08-04 21:34:31,체인
SPB-35798,2024-08-04 21:39:53,페달
SPB-60509,2024-08-04 21:40:53,페달
SPB-64556,2024-08-04 21:44:29,타이어 
SPB-50627,2024-08-04 21:46:27,타이어 
SPB-51885,2024-08-04 21:49:11,타이어 
SPB-57887,2024-08-04 21:50:17,타이어 
SPB-43173,2024-08-04 21:55:21,체인
SPB-37632,2024-08-04 22:00:40,타이어 
SPB-56178,2024-08-04 22:01:11,페달
SPB-31324,2024-08-04 22:02:33,기타 
SPB-43905,2024-08-04 22:04:32,체인
SPB-31780,2024-08-04 22:04:51,페달
SPB-56366,2024-08-04 22:06:16,안장
SPB-48572,2024-08-04 22:11:29,체인
SPB-40595,2024-08-04 22:14:06,체인
SPB-65696,2024-08-04 22:23:33,타이어 
SPB-84607,2024-08-04 22:24:43,기타 
SPB-65365,2024-08-04 22:35:17,페달
SPB-49102,2024-08-04 22:36:52,타이어 
SPB-45376,2024-08-04 22:38:17,체인
SPB-56505,2024-08-04 22:47:09,기타 
SPB-36315,2024-08-04 23:05:52,안장
SPB-57153,2024-08-04 23:12:04,타이어 
SPB-32992,2024-08-04 23:21:38,타이어 
SPB-33480,2024-08-04 23:24:15,기타 
SPB-57851,2024-08-04 23:30:09,페달
SPB-67452,2024-08-04 23:33:26,체인
SPB-56205,2024-08-04 23:33:52,체인
SPB-38257,2024-08-04 23:36:00,체인
SPB-56883,2024-08-04 23:36:26,기타 
SPB-65286,2024-08-04 23:53:28,타이어 
SPB-62117,2024-08-04 23:58:52,기타 
SPB-60451,2024-08-05 00:03:23,체인
SPB-32557,2024-08-05 00:10:31,타이어 
SPB-44165,2024-08-05 00:13:31,체인
SPB-61886,2024-08-05 00:17:24,안장
SPB-30541,2024-08-05 00:25:06,기타 
SPB-62943,2024-08-05 00:30:36,페달
SPB-55291,2024-08-05 00:31:08,안장
SPB-41521,2024-08-05 00:32:00,단말기
SPB-39522,2024-08-05 00:54:29,안장
SPB-46554,2024-08-05 00:55:57,타이어 
SPB-61273,2024-08-05 00:56:22,체인
SPB-58518,2024-08-05 01:08:26,기타 
SPB-32548,2024-08-05 01:38:41,타이어 
SPB-35183,2024-08-05 04:09:01,체인
SPB-35477,2024-08-05 04:39:43,안장
SPB-63682,2024-08-05 05:10:22,기타 
SPB-65392,2024-08-05 05:21:04,타이어 
SPB-47971,2024-08-05 05:42:31,체인
SPB-68608,2024-08-05 05:46:44,기타 
SPB-30773,2024-08-05 06:01:53,체인
SPB-31478,2024-08-05 06:32:01,단말기
SPB-52431,2024-08-05 06:33:56,페달
SPB-70143,2024-08-05 06:40:08,타이어 
SPB-56112,2024-08-05 06:41:41,타이어 
SPB-46989,2024-08-05 06:42:22,타이어 
SPB-69773,2024-08-05 06:46:50,기타 
SPB-32383,2024-08-05 06:50:48,체인
SPB-66121,2024-08-05 06:51:25,타이어 
SPB-44447,2024-08-05 06:55:48,체인
SPB-62288,2024-08-05 07:03:12,체인
SPB-34928,2024-08-05 07:07:31,타이어 
SPB-64760,2024-08-05 07:15:22,체인
SPB-37675,2024-08-05 07:18:09,페달
SPB-67713,2024-08-05 07:19:34,기타 
SPB-53098,2024-08-05 07:19:35,타이어 
SPB-52326,2024-08-05 07:21:04,기타 
SPB-34178,2024-08-05 07:21:50,체인
SPB-51822,2024-08-05 07:27:00,기타 
SPB-48075,2024-08-05 07:27:17,체인
SPB-65415,2024-08-05 07:29:49,페달
SPB-41402,2024-08-05 07:31:33,페달
SPB-52487,2024-08-05 07:31:45,체인
SPB-63754,2024-08-05 07:31:59,단말기
SPB-56996,2024-08-05 07:32:02,안장
SPB-68428,2024-08-05 07:32:31,기타 
SPB-58442,2024-08-05 07:35:30,기타 
SPB-60423,2024-08-05 07:38:08,기타 
SPB-42682,2024-08-05 07:38:29,타이어 
SPB-36282,2024-08-05 07:38:47,기타 
SPB-39642,2024-08-05 07:39:42,타이어 
SPB-43068,2024-08-05 07:41:24,안장
SPB-56457,2024-08-05 07:42:57,체인
SPB-68709,2024-08-05 07:44:06,체인
SPB-42064,2024-08-05 07:46:45,타이어 
SPB-45319,2024-08-05 07:47:37,안장
SPB-48601,2024-08-05 07:48:04,타이어 
SPB-35089,2024-08-05 07:49:03,기타 
SPB-52499,2024-08-05 07:51:18,체인
SPB-32080,2024-08-05 07:52:17,타이어 
SPB-31967,2024-08-05 07:52:42,타이어 
SPB-59141,2024-08-05 07:52:53,타이어 
SPB-40876,2024-08-05 08:02:14,타이어 
SPB-60601,2024-08-05 08:06:47,체인
SPB-45103,2024-08-05 08:06:58,단말기
SPB-56311,2024-08-05 08:13:43,기타 
SPB-65532,2024-08-05 08:16:30,타이어 
SPB-69736,2024-08-05 08:18:26,체인
SPB-58452,2024-08-05 08:18:29,기타 
SPB-30944,2024-08-05 08:19:15,기타 
SPB-64127,2024-08-05 08:20:19,타이어 
SPB-37147,2024-08-05 08:21:32,타이어 
SPB-51923,2024-08-05 08:21:47,타이어 
SPB-56895,2024-08-05 08:23:44,타이어 
SPB-67104,2024-08-05 08:28:01,타이어 
SPB-58221,2024-08-05 08:30:01,페달
SPB-41853,2024-08-05 08:30:07,페달
SPB-41854,2024-08-05 08:30:28,체인
SPB-44038,2024-08-05 08:31:14,안장
SPB-52570,2024-08-05 08:31:29,타이어 
SPB-35788,2024-08-05 08:31:38,단말기
SPB-70483,2024-08-05 08:32:09,타이어 
SPB-31086,2024-08-05 08:32:57,안장
SPB-52211,2024-08-05 08:33:28,기타 
SPB-56350,2024-08-05 08:36:33,단말기
SPB-37244,2024-08-05 08:37:03,타이어 
SPB-34291,2024-08-05 08:37:34,체인
SPB-58153,2024-08-05 08:38:43,기타 
SPB-67070,2024-08-05 08:42:04,타이어 
SPB-60711,2024-08-05 08:42:21,단말기
SPB-42147,2024-08-05 08:46:41,타이어 
SPB-70011,2024-08-05 08:47:00,타이어 
SPB-62745,2024-08-05 08:50:17,타이어 
SPB-48886,2024-08-05 08:50:18,체인
SPB-42433,2024-08-05 08:53:18,페달
SPB-55091,2024-08-05 08:53:27,기타 
SPB-62617,2024-08-05 08:55:00,안장
SPB-32366,2024-08-05 08:55:35,체인
SPB-59292,2024-08-05 08:56:09,체인
SPB-34020,2024-08-05 08:56:53,타이어 
SPB-41838,2024-08-05 08:58:05,단말기
SPB-56990,2024-08-05 08:59:29,기타 
SPB-56762,2024-08-05 09:00:07,기타 
SPB-42920,2024-08-05 09:00:28,타이어 
SPB-51234,2024-08-05 09:01:11,기타 
SPB-66752,2024-08-05 09:02:31,페달
SPB-30261,2024-08-05 09:05:59,기타 
SPB-67144,2024-08-05 09:08:13,기타 
SPB-67797,2024-08-05 09:09:38,기타 
SPB-48872,2024-08-05 09:10:05,페달
SPB-32886,2024-08-05 09:14:43,단말기
SPB-66666,2024-08-05 09:16:39,타이어 
SPB-66566,2024-08-05 09:17:23,타이어 
SPB-58451,2024-08-05 09:19:10,기타 
SPB-53151,2024-08-05 09:23:05,페달
SPB-58206,2024-08-05 09:24:15,체인
SPB-61687,2024-08-05 09:26:52,체인
SPB-53749,2024-08-05 09:27:20,안장
SPB-34268,2024-08-05 09:30:48,타이어 
SPB-66588,2024-08-05 09:33:20,타이어 
SPB-66876,2024-08-05 09:33:31,체인
SPB-50041,2024-08-05 09:38:05,기타 
SPB-42744,2024-08-05 09:38:07,안장
SPB-48597,2024-08-05 09:42:04,안장
SPB-58985,2024-08-05 09:46:38,체인
SPB-52487,2024-08-05 09:46:46,타이어 
SPB-45307,2024-08-05 09:47:17,타이어 
SPB-58077,2024-08-05 09:48:17,페달
SPB-39753,2024-08-05 09:50:17,안장
SPB-35099,2024-08-05 09:51:53,기타 
SPB-53662,2024-08-05 09:55:50,기타 
SPB-68935,2024-08-05 09:56:21,단말기
SPB-48549,2024-08-05 09:58:39,페달
SPB-53511,2024-08-05 10:01:33,체인
SPB-50802,2024-08-05 10:06:10,단말기
SPB-35140,2024-08-05 10:13:04,타이어 
SPB-44706,2024-08-05 10:13:11,타이어 
SPB-54245,2024-08-05 10:13:32,기타 
SPB-66523,2024-08-05 10:15:27,타이어 
SPB-69238,2024-08-05 10:18:46,단말기
SPB-50793,2024-08-05 10:52:48,타이어 
SPB-58141,2024-08-05 10:55:16,기타 
SPB-45824,2024-08-05 10:57:55,타이어 
SPB-59352,2024-08-05 11:03:04,타이어 
SPB-61702,2024-08-05 11:07:02,타이어 
SPB-58302,2024-08-05 11:07:27,타이어 
SPB-31943,2024-08-05 11:12:38,타이어 
SPB-63403,2024-08-05 11:14:18,단말기
SPB-38380,2024-08-05 11:19:04,체인
SPB-60594,2024-08-05 11:21:30,페달
SPB-39774,2024-08-05 11:29:17,체인
SPB-59895,2024-08-05 11:35:22,페달
SPB-39768,2024-08-05 11:35:54,체인
SPB-55204,2024-08-05 11:35:55,페달
SPB-45946,2024-08-05 11:53:56,안장
SPB-67038,2024-08-05 12:03:57,타이어 
SPB-50929,2024-08-05 12:06:10,타이어 
SPB-47336,2024-08-05 12:11:59,체인
SPB-30154,2024-08-05 12:18:20,기타 
SPB-48716,2024-08-05 12:22:06,기타 
SPB-56874,2024-08-05 12:24:15,타이어 
SPB-55340,2024-08-05 12:29:49,단말기
SPB-70314,2024-08-05 12:31:54,타이어 
SPB-67815,2024-08-05 12:41:50,기타 
SPB-61139,2024-08-05 12:45:10,기타 
SPB-32732,2024-08-05 12:45:21,단말기
SPB-67676,2024-08-05 12:49:29,타이어 
SPB-53458,2024-08-05 12:51:24,기타 
SPB-30892,2024-08-05 13:01:19,타이어 
SPB-61059,2024-08-05 13:11:45,기타 
SPB-39961,2024-08-05 13:13:58,타이어 
SPB-57851,2024-08-05 13:14:05,페달
SPB-43136,2024-08-05 13:20:19,페달
SPB-34662,2024-08-05 13:22:42,기타 
SPB-68484,2024-08-05 13:29:48,기타 
SPB-51869,2024-08-05 13:42:04,페달
SPB-48298,2024-08-05 13:50:12,기타 
SPB-49348,2024-08-05 13:50:17,기타 
SPB-59507,2024-08-05 13:52:42,체인
SPB-66564,2024-08-05 13:54:49,타이어 
SPB-70164,2024-08-05 14:05:56,체인
SPB-68400,2024-08-05 14:16:15,체인
SPB-59413,2024-08-05 14:16:24,체인
SPB-68850,2024-08-05 14:19:10,체인
SPB-41728,2024-08-05 14:33:29,체인
SPB-45102,2024-08-05 14:34:36,단말기
SPB-30406,2024-08-05 14:47:36,페달
SPB-58169,2024-08-05 15:19:30,기타 
SPB-38394,2024-08-05 15:37:38,기타 
SPB-66620,2024-08-05 15:44:18,안장
SPB-31716,2024-08-05 15:45:05,기타 
SPB-69756,2024-08-05 15:45:11,기타 
SPB-43873,2024-08-05 15:47:10,타이어 
SPB-45470,2024-08-05 15:50:57,체인
SPB-35257,2024-08-05 15:52:14,체인
SPB-42946,2024-08-05 16:03:21,타이어 
SPB-39147,2024-08-05 16:07:46,타이어 
SPB-31726,2024-08-05 16:10:16,타이어 
SPB-31167,2024-08-05 16:12:24,체인
SPB-42988,2024-08-05 16:18:52,페달
SPB-66086,2024-08-05 16:31:11,안장
SPB-34784,2024-08-05 16:36:28,타이어 
SPB-65333,2024-08-05 16:37:55,페달
SPB-33338,2024-08-05 16:38:38,타이어 
SPB-63858,2024-08-05 16:50:05,기타 
SPB-50493,2024-08-05 16:50:58,단말기
SPB-67686,2024-08-05 16:51:23,기타 
SPB-34038,2024-08-05 16:57:42,기타 
SPB-69253,2024-08-05 17:08:58,페달
SPB-61133,2024-08-05 17:15:23,체인
SPB-54871,2024-08-05 17:15:45,기타 
SPB-70047,2024-08-05 17:18:40,체인
SPB-58455,2024-08-05 17:20:42,페달
SPB-40776,2024-08-05 17:24:16,페달
SPB-39730,2024-08-05 17:29:42,기타 
SPB-47950,2024-08-05 17:30:07,페달
SPB-67013,2024-08-05 17:32:26,타이어 
SPB-30430,2024-08-05 17:40:05,안장
SPB-58818,2024-08-05 17:43:03,페달
SPB-52696,2024-08-05 17:44:34,타이어 
SPB-64672,2024-08-05 17:49:40,타이어 
SPB-84592,2024-08-05 17:51:35,체인
SPB-48955,2024-08-05 17:51:38,타이어 
SPB-39772,2024-08-05 17:52:21,체인
SPB-30096,2024-08-05 17:52:46,타이어 
SPB-40698,2024-08-05 17:52:49,단말기
SPB-63801,2024-08-05 17:53:50,기타 
SPB-58735,2024-08-05 17:55:11,기타 
SPB-42578,2024-08-05 17:55:18,타이어 
SPB-35075,2024-08-05 17:56:04,체인
SPB-34905,2024-08-05 18:00:15,페달
SPB-60498,2024-08-05 18:00:55,체인
SPB-57547,2024-08-05 18:04:03,타이어 
SPB-42464,2024-08-05 18:04:20,체인
SPB-67286,2024-08-05 18:05:42,타이어 
SPB-70378,2024-08-05 18:09:21,체인
SPB-60943,2024-08-05 18:10:04,체인
SPB-30770,2024-08-05 18:10:15,페달
SPB-43100,2024-08-05 18:10:50,안장
SPB-46128,2024-08-05 18:11:46,타이어 
SPB-41200,2024-08-05 18:13:18,체인
SPB-51548,2024-08-05 18:13:25,기타 
SPB-50265,2024-08-05 18:15:19,타이어 
SPB-62050,2024-08-05 18:16:40,안장
SPB-70022,2024-08-05 18:17:24,페달
SPB-35251,2024-08-05 18:18:13,체인
SPB-46041,2024-08-05 18:18:14,체인
SPB-58031,2024-08-05 18:18:30,페달
SPB-61556,2024-08-05 18:19:13,페달
SPB-59893,2024-08-05 18:19:28,타이어 
SPB-59803,2024-08-05 18:19:49,페달
SPB-43075,2024-08-05 18:20:15,타이어 
SPB-34351,2024-08-05 18:20:24,체인
SPB-38819,2024-08-05 18:22:12,페달
SPB-40263,2024-08-05 18:22:18,타이어 
SPB-48183,2024-08-05 18:22:58,페달
SPB-69770,2024-08-05 18:23:26,기타 
SPB-30719,2024-08-05 18:24:00,기타 
SPB-59250,2024-08-05 18:24:30,페달
SPB-40319,2024-08-05 18:26:32,체인
SPB-43413,2024-08-05 18:26:57,체인
SPB-50916,2024-08-05 18:28:03,타이어 
SPB-48667,2024-08-05 18:28:56,페달
SPB-42832,2024-08-05 18:29:28,체인
SPB-60828,2024-08-05 18:30:46,체인
SPB-32327,2024-08-05 18:31:29,안장
SPB-64308,2024-08-05 18:31:39,타이어 
SPB-39375,2024-08-05 18:32:14,체인
SPB-41081,2024-08-05 18:33:38,안장
SPB-47451,2024-08-05 18:33:49,체인
SPB-42692,2024-08-05 18:34:55,체인
SPB-62582,2024-08-05 18:35:13,타이어 
SPB-42969,2024-08-05 18:35:30,기타 
SPB-44415,2024-08-05 18:35:53,안장
SPB-59257,2024-08-05 18:38:39,기타 
SPB-63250,2024-08-05 18:40:03,타이어 
SPB-40439,2024-08-05 18:41:12,체인
SPB-67743,2024-08-05 18:41:51,타이어 
SPB-33426,2024-08-05 18:43:50,타이어 
SPB-50672,2024-08-05 18:43:50,페달
SPB-41575,2024-08-05 18:44:48,기타 
SPB-41394,2024-08-05 18:45:51,안장
SPB-70388,2024-08-05 18:46:19,체인
SPB-67871,2024-08-05 18:47:03,체인
SPB-32774,2024-08-05 18:48:42,페달
SPB-53480,2024-08-05 18:49:09,기타 
SPB-42047,2024-08-05 18:49:23,타이어 
SPB-53847,2024-08-05 18:49:34,페달
SPB-30869,2024-08-05 18:50:03,페달
SPB-43009,2024-08-05 18:50:09,페달
SPB-42668,2024-08-05 18:50:41,타이어 
SPB-60553,2024-08-05 18:51:57,체인
SPB-66952,2024-08-05 18:55:55,타이어 
SPB-55418,2024-08-05 18:57:38,페달
SPB-38360,2024-08-05 18:57:39,안장
SPB-55572,2024-08-05 18:57:42,체인
SPB-47961,2024-08-05 18:57:44,타이어 
SPB-48142,2024-08-05 18:58:20,기타 
SPB-33516,2024-08-05 18:58:58,단말기
SPB-65567,2024-08-05 19:00:45,안장
SPB-41659,2024-08-05 19:00:56,타이어 
SPB-58829,2024-08-05 19:01:08,타이어 
SPB-66167,2024-08-05 19:03:07,타이어 
SPB-65083,2024-08-05 19:04:39,타이어 
SPB-46446,2024-08-05 19:06:27,안장
SPB-60688,2024-08-05 19:06:59,타이어 
SPB-35414,2024-08-05 19:07:37,체인
SPB-39119,2024-08-05 19:07:53,기타 
SPB-57844,2024-08-05 19:09:20,페달
SPB-69648,2024-08-05 19:09:25,체인
SPB-83229,2024-08-05 19:10:56,기타 
SPB-53256,2024-08-05 19:10:58,안장
SPB-67594,2024-08-05 19:11:16,안장
SPB-45969,2024-08-05 19:11:17,페달
SPB-59656,2024-08-05 19:11:34,타이어 
SPB-46156,2024-08-05 19:12:03,단말기
SPB-56192,2024-08-05 19:12:37,기타 
SPB-47730,2024-08-05 19:12:52,타이어 
SPB-62943,2024-08-05 19:13:09,체인
SPB-61135,2024-08-05 19:15:17,안장
SPB-36593,2024-08-05 19:17:54,페달
SPB-39044,2024-08-05 19:20:04,기타 
SPB-55654,2024-08-05 19:21:02,페달
SPB-57882,2024-08-05 19:22:07,페달
SPB-52079,2024-08-05 19:24:26,안장
SPB-67281,2024-08-05 19:24:27,기타 
SPB-53352,2024-08-05 19:25:03,체인
SPB-68558,2024-08-05 19:27:54,기타 
SPB-52134,2024-08-05 19:28:13,안장
SPB-42122,2024-08-05 19:30:59,체인
SPB-53435,2024-08-05 19:31:01,안장
SPB-69804,2024-08-05 19:34:26,안장
SPB-51212,2024-08-05 19:40:39,안장
SPB-49060,2024-08-05 19:40:50,단말기
SPB-65372,2024-08-05 19:41:13,체인
SPB-44869,2024-08-05 19:44:02,체인
SPB-43051,2024-08-05 19:44:31,안장
SPB-35215,2024-08-05 19:44:59,타이어 
SPB-42201,2024-08-05 19:48:24,안장
SPB-47713,2024-08-05 19:50:27,페달
SPB-38050,2024-08-05 19:58:35,기타 
SPB-30331,2024-08-05 20:00:59,타이어 
SPB-62330,2024-08-05 20:01:43,안장
SPB-57693,2024-08-05 20:02:05,체인
SPB-40029,2024-08-05 20:03:09,체인
SPB-50302,2024-08-05 20:03:49,기타 
SPB-57663,2024-08-05 20:04:52,체인
SPB-55632,2024-08-05 20:04:59,기타 
SPB-66747,2024-08-05 20:06:17,안장
SPB-52224,2024-08-05 20:10:08,타이어 
SPB-56579,2024-08-05 20:10:54,체인
SPB-50670,2024-08-05 20:14:01,체인
SPB-56994,2024-08-05 20:14:33,타이어 
SPB-60851,2024-08-05 20:15:36,페달
SPB-38940,2024-08-05 20:15:38,안장
SPB-31582,2024-08-05 20:17:23,체인
SPB-38955,2024-08-05 20:21:06,타이어 
SPB-65044,2024-08-05 20:21:29,타이어 
SPB-62620,2024-08-05 20:26:32,기타 
SPB-51842,2024-08-05 20:27:03,기타 
SPB-47344,2024-08-05 20:28:29,체인
SPB-31128,2024-08-05 20:34:39,타이어 
SPB-38090,2024-08-05 20:37:43,체인
SPB-56450,2024-08-05 20:39:49,타이어 
SPB-54026,2024-08-05 20:40:33,기타 
SPB-51413,2024-08-05 20:42:47,타이어 
SPB-66116,2024-08-05 20:43:06,안장
SPB-40726,2024-08-05 20:44:00,타이어 
SPB-63053,2024-08-05 20:45:25,타이어 
SPB-32747,2024-08-05 20:47:49,페달
SPB-63902,2024-08-05 20:50:24,타이어 
SPB-31264,2024-08-05 20:54:16,체인
SPB-47349,2024-08-05 20:54:26,기타 
SPB-45492,2024-08-05 20:57:02,안장
SPB-65023,2024-08-05 20:59:04,기타 
SPB-69787,2024-08-05 21:00:44,체인
SPB-41914,2024-08-05 21:01:25,페달
SPB-43413,2024-08-05 21:03:22,체인
SPB-54523,2024-08-05 21:04:57,타이어 
SPB-66719,2024-08-05 21:06:44,단말기
SPB-33367,2024-08-05 21:06:57,체인
SPB-63469,2024-08-05 21:07:04,타이어 
SPB-38760,2024-08-05 21:09:49,기타 
SPB-53546,2024-08-05 21:17:30,타이어 
SPB-33574,2024-08-05 21:18:47,단말기
SPB-32716,2024-08-05 21:20:39,기타 
SPB-41817,2024-08-05 21:20:48,체인
SPB-43999,2024-08-05 21:22:48,안장
SPB-68877,2024-08-05 21:24:46,타이어 
SPB-62133,2024-08-05 21:29:26,타이어 
SPB-44592,2024-08-05 21:30:13,체인
SPB-53424,2024-08-05 21:31:17,타이어 
SPB-52763,2024-08-05 21:31:32,안장
SPB-47023,2024-08-05 21:34:17,페달
SPB-56851,2024-08-05 21:35:24,체인
SPB-67053,2024-08-05 21:44:20,타이어 
SPB-52676,2024-08-05 21:51:32,타이어 
SPB-32620,2024-08-05 21:54:37,단말기
SPB-55328,2024-08-05 21:54:53,타이어 
SPB-33598,2024-08-05 21:55:49,체인
SPB-48962,2024-08-05 21:58:32,페달
SPB-46150,2024-08-05 22:02:33,페달
SPB-60496,2024-08-05 22:07:05,안장
SPB-34070,2024-08-05 22:08:12,체인
SPB-40410,2024-08-05 22:09:58,안장
SPB-43336,2024-08-05 22:10:46,체인
SPB-40390,2024-08-05 22:12:21,페달
SPB-31219,2024-08-05 22:13:27,체인
SPB-64907,2024-08-05 22:14:53,기타 
SPB-43665,2024-08-05 22:15:07,체인
SPB-69440,2024-08-05 22:16:03,체인
SPB-35210,2024-08-05 22:17:26,체인
SPB-57617,2024-08-05 22:21:27,기타 
SPB-66628,2024-08-05 22:21:51,기타 
SPB-42009,2024-08-05 22:23:21,체인
SPB-30897,2024-08-05 22:29:13,체인
SPB-50673,2024-08-05 22:30:14,기타 
SPB-31197,2024-08-05 22:32:49,타이어 
SPB-41866,2024-08-05 22:34:36,체인
SPB-55616,2024-08-05 22:36:08,기타 
SPB-58248,2024-08-05 22:37:04,기타 
SPB-30722,2024-08-05 22:40:39,페달
SPB-60698,2024-08-05 22:52:30,체인
SPB-52847,2024-08-05 22:54:17,기타 
SPB-69051,2024-08-05 22:57:23,체인
SPB-32241,2024-08-05 23:47:12,타이어 
SPB-81754,2024-08-05 23:47:46,체인
SPB-44186,2024-08-06 00:00:15,타이어 
SPB-65362,2024-08-06 00:10:32,타이어 
SPB-66291,2024-08-06 00:10:51,기타 
SPB-70352,2024-08-06 00:11:42,체인
SPB-42062,2024-08-06 00:28:38,기타 
SPB-37352,2024-08-06 00:44:12,페달
SPB-54786,2024-08-06 01:05:55,타이어 
SPB-35503,2024-08-06 01:11:24,안장
SPB-82850,2024-08-06 01:53:26,타이어 
SPB-37582,2024-08-06 02:10:25,기타 
SPB-61794,2024-08-06 03:35:12,체인
SPB-47657,2024-08-06 03:37:47,체인
SPB-47648,2024-08-06 03:46:01,기타 
SPB-62167,2024-08-06 04:03:48,체인
SPB-48099,2024-08-06 04:09:58,체인
SPB-36653,2024-08-06 04:33:33,안장
SPB-64586,2024-08-06 04:45:42,기타 
SPB-56188,2024-08-06 04:53:22,체인
SPB-50773,2024-08-06 05:25:43,체인
SPB-69182,2024-08-06 05:32:23,체인
SPB-32693,2024-08-06 05:48:51,타이어 
SPB-32112,2024-08-06 05:53:53,타이어 
SPB-54831,2024-08-06 05:57:51,타이어 
SPB-66736,2024-08-06 06:01:32,체인
SPB-42006,2024-08-06 06:07:14,체인
SPB-64650,2024-08-06 06:14:15,기타 
SPB-70116,2024-08-06 06:22:14,체인
SPB-51813,2024-08-06 06:22:57,안장
SPB-47524,2024-08-06 06:30:51,체인
SPB-36929,2024-08-06 06:43:31,체인
SPB-46914,2024-08-06 06:50:41,체인
SPB-35445,2024-08-06 06:52:07,체인
SPB-30920,2024-08-06 07:04:17,타이어 
SPB-65915,2024-08-06 07:04:20,타이어 
SPB-53627,2024-08-06 07:10:19,타이어 
SPB-57168,2024-08-06 07:12:12,페달
SPB-56269,2024-08-06 07:16:12,단말기
SPB-57930,2024-08-06 07:20:27,페달
SPB-40331,2024-08-06 07:21:10,안장
SPB-40018,2024-08-06 07:21:24,안장
SPB-49062,2024-08-06 07:24:38,기타 
SPB-55826,2024-08-06 07:26:43,페달
SPB-45308,2024-08-06 07:27:44,체인
SPB-62020,2024-08-06 07:27:53,안장
SPB-48765,2024-08-06 07:29:47,기타 
SPB-55126,2024-08-06 07:29:56,페달
SPB-61584,2024-08-06 07:30:08,타이어 
SPB-69416,2024-08-06 07:32:11,단말기
SPB-69502,2024-08-06 07:34:50,체인
SPB-59464,2024-08-06 07:35:22,타이어 
SPB-42090,2024-08-06 07:36:43,타이어 
SPB-61424,2024-08-06 07:39:30,타이어 
SPB-43067,2024-08-06 07:39:39,타이어 
SPB-46694,2024-08-06 07:40:33,타이어 
SPB-69578,2024-08-06 07:43:00,기타 
SPB-64494,2024-08-06 07:43:32,타이어 
SPB-54470,2024-08-06 07:44:23,타이어 
SPB-67720,2024-08-06 07:44:41,기타 
SPB-40060,2024-08-06 07:47:40,타이어 
SPB-54397,2024-08-06 07:48:15,타이어 
SPB-42698,2024-08-06 07:50:36,안장
SPB-56741,2024-08-06 07:51:55,타이어 
SPB-61110,2024-08-06 07:53:17,기타 
SPB-69271,2024-08-06 07:54:30,체인
SPB-64471,2024-08-06 07:55:13,안장
SPB-41701,2024-08-06 07:55:28,타이어 
SPB-35426,2024-08-06 07:57:54,안장
SPB-52440,2024-08-06 08:01:13,타이어 
SPB-50118,2024-08-06 08:02:30,타이어 
SPB-66193,2024-08-06 08:03:15,타이어 
SPB-39402,2024-08-06 08:06:03,체인
SPB-31649,2024-08-06 08:06:08,체인
SPB-67733,2024-08-06 08:06:18,타이어 
SPB-56348,2024-08-06 08:08:50,기타 
SPB-47355,2024-08-06 08:09:25,안장
SPB-56349,2024-08-06 08:09:56,체인
SPB-63259,2024-08-06 08:13:35,기타 
SPB-53623,2024-08-06 08:14:32,기타 
SPB-41542,2024-08-06 08:15:42,안장
SPB-41464,2024-08-06 08:17:02,체인
SPB-32517,2024-08-06 08:18:20,기타 
SPB-34181,2024-08-06 08:18:27,타이어 
SPB-41964,2024-08-06 08:23:27,타이어 
SPB-51989,2024-08-06 08:23:38,페달
SPB-52951,2024-08-06 08:25:30,안장
SPB-30940,2024-08-06 08:26:03,체인
SPB-56087,2024-08-06 08:26:31,타이어 
SPB-37328,2024-08-06 08:29:37,페달
SPB-66575,2024-08-06 08:29:47,타이어 
SPB-47769,2024-08-06 08:30:33,타이어 
SPB-68398,2024-08-06 08:31:28,기타 
SPB-69986,2024-08-06 08:33:04,체인
SPB-55113,2024-08-06 08:33:58,체인
SPB-69383,2024-08-06 08:35:46,기타 
SPB-34558,2024-08-06 08:37:16,타이어 
SPB-67125,2024-08-06 08:37:27,단말기
SPB-30638,2024-08-06 08:39:13,타이어 
SPB-51707,2024-08-06 08:39:30,기타 
SPB-47552,2024-08-06 08:40:10,안장
SPB-65743,2024-08-06 08:41:23,타이어 
SPB-59274,2024-08-06 08:41:41,기타 
SPB-63356,2024-08-06 08:42:29,타이어 
SPB-67239,2024-08-06 08:43:30,기타 
SPB-48467,2024-08-06 08:45:37,타이어 
SPB-42253,2024-08-06 08:46:16,페달
SPB-69821,2024-08-06 08:46:38,체인
SPB-46029,2024-08-06 08:47:40,기타 
SPB-66767,2024-08-06 08:49:56,타이어 
SPB-38572,2024-08-06 08:54:13,페달
SPB-48515,2024-08-06 08:57:59,기타 
SPB-68850,2024-08-06 08:58:51,체인
SPB-65983,2024-08-06 09:02:55,기타 
SPB-36415,2024-08-06 09:03:35,체인
SPB-31272,2024-08-06 09:04:15,기타 
SPB-68786,2024-08-06 09:05:43,타이어 
SPB-54847,2024-08-06 09:14:19,기타 
SPB-69656,2024-08-06 09:15:44,페달
SPB-55073,2024-08-06 09:17:06,기타 
SPB-35210,2024-08-06 09:19:02,기타 
SPB-42691,2024-08-06 09:30:38,체인
SPB-47842,2024-08-06 09:37:48,타이어 
SPB-66096,2024-08-06 09:40:03,타이어 
SPB-60944,2024-08-06 09:43:58,기타 
SPB-58239,2024-08-06 09:44:28,페달
SPB-67850,2024-08-06 09:45:17,타이어 
SPB-59920,2024-08-06 09:45:40,타이어 
SPB-55613,2024-08-06 09:52:42,체인
SPB-44261,2024-08-06 09:55:59,체인
SPB-48277,2024-08-06 09:58:05,체인
SPB-69788,2024-08-06 10:01:04,체인
SPB-36071,2024-08-06 10:09:20,타이어 
SPB-35768,2024-08-06 10:10:45,타이어 
SPB-65160,2024-08-06 10:18:16,안장
SPB-58383,2024-08-06 10:18:43,페달
SPB-30479,2024-08-06 10:22:18,타이어 
SPB-34864,2024-08-06 10:37:05,안장
SPB-68786,2024-08-06 10:38:28,타이어 
SPB-64803,2024-08-06 10:45:46,기타 
SPB-32005,2024-08-06 10:52:27,페달
SPB-62614,2024-08-06 10:54:30,기타 
SPB-37227,2024-08-06 11:00:03,체인
SPB-56554,2024-08-06 11:04:24,페달
SPB-43150,2024-08-06 11:05:00,기타 
SPB-60974,2024-08-06 11:19:22,페달
SPB-61280,2024-08-06 11:20:30,체인
SPB-81425,2024-08-06 11:25:06,기타 
SPB-68674,2024-08-06 11:27:23,기타 
SPB-47762,2024-08-06 11:27:52,기타 
SPB-38951,2024-08-06 11:27:57,기타 
SPB-63663,2024-08-06 11:29:25,타이어 
SPB-52785,2024-08-06 11:33:03,체인
SPB-62120,2024-08-06 11:34:17,페달
SPB-69310,2024-08-06 11:34:51,기타 
SPB-64182,2024-08-06 11:35:37,체인
SPB-63885,2024-08-06 11:36:06,단말기
SPB-52923,2024-08-06 11:41:22,페달
SPB-67154,2024-08-06 11:42:37,기타 
SPB-38011,2024-08-06 11:43:52,체인
SPB-61659,2024-08-06 11:54:55,타이어 
SPB-44053,2024-08-06 12:03:07,체인
SPB-60498,2024-08-06 12:06:59,체인
SPB-46579,2024-08-06 12:13:29,타이어 
SPB-44883,2024-08-06 12:14:22,페달
SPB-48683,2024-08-06 12:14:28,페달
SPB-45587,2024-08-06 12:15:58,체인
SPB-59802,2024-08-06 12:17:40,체인
SPB-39296,2024-08-06 12:17:57,체인
SPB-44288,2024-08-06 12:18:00,페달
SPB-45382,2024-08-06 12:24:29,안장
SPB-44580,2024-08-06 12:39:16,페달
SPB-40191,2024-08-06 12:42:05,기타 
SPB-43670,2024-08-06 12:45:27,타이어 
SPB-39946,2024-08-06 12:45:47,타이어 
SPB-46250,2024-08-06 12:58:54,체인
SPB-50103,2024-08-06 13:03:22,타이어 
SPB-30793,2024-08-06 13:05:39,기타 
SPB-63498,2024-08-06 13:13:36,체인
SPB-50024,2024-08-06 13:16:39,타이어 
SPB-67659,2024-08-06 13:19:50,타이어 
SPB-37683,2024-08-06 13:25:12,체인
SPB-34540,2024-08-06 13:25:45,체인
SPB-56468,2024-08-06 13:26:15,페달
SPB-69217,2024-08-06 13:28:41,기타 
SPB-52963,2024-08-06 13:40:14,체인
SPB-43191,2024-08-06 13:43:39,기타 
SPB-67771,2024-08-06 13:48:20,타이어 
SPB-41693,2024-08-06 13:54:17,안장
SPB-50193,2024-08-06 13:56:48,단말기
SPB-58022,2024-08-06 14:09:52,타이어 
SPB-42214,2024-08-06 14:13:20,기타 
SPB-41140,2024-08-06 14:16:10,안장
SPB-69756,2024-08-06 14:25:05,기타 
SPB-52810,2024-08-06 14:29:24,타이어 
SPB-64105,2024-08-06 14:34:58,기타 
SPB-57110,2024-08-06 14:37:45,타이어 
SPB-34282,2024-08-06 14:39:05,타이어 
SPB-64232,2024-08-06 14:49:57,기타 
SPB-65457,2024-08-06 14:55:53,타이어 
SPB-44373,2024-08-06 14:58:17,타이어 
SPB-40929,2024-08-06 14:59:09,안장
SPB-67153,2024-08-06 15:02:12,체인
SPB-44204,2024-08-06 15:10:55,페달
SPB-59402,2024-08-06 15:14:31,기타 
SPB-40700,2024-08-06 15:16:08,체인
SPB-62957,2024-08-06 15:19:47,타이어 
SPB-48334,2024-08-06 15:23:19,페달
SPB-32591,2024-08-06 15:24:13,페달
SPB-54993,2024-08-06 15:34:48,타이어 
SPB-33558,2024-08-06 15:36:30,타이어 
SPB-66387,2024-08-06 15:36:43,체인
SPB-81978,2024-08-06 15:52:06,체인
SPB-34773,2024-08-06 15:55:53,기타 
SPB-63746,2024-08-06 16:06:55,타이어 
SPB-59321,2024-08-06 16:14:03,기타 
SPB-57868,2024-08-06 16:19:22,기타 
SPB-65986,2024-08-06 16:20:52,기타 
SPB-57463,2024-08-06 16:30:43,체인
SPB-45956,2024-08-06 16:31:45,타이어 
SPB-63885,2024-08-06 16:37:59,단말기
SPB-59859,2024-08-06 16:38:26,타이어 
SPB-82762,2024-08-06 16:40:22,기타 
SPB-67891,2024-08-06 16:40:29,타이어 
SPB-57625,2024-08-06 16:57:57,기타 
SPB-63164,2024-08-06 16:58:59,단말기
SPB-63071,2024-08-06 16:59:52,타이어 
SPB-49011,2024-08-06 17:09:49,타이어 
SPB-65613,2024-08-06 17:09:57,타이어 
SPB-32680,2024-08-06 17:12:23,기타 
SPB-48610,2024-08-06 17:15:02,안장
SPB-30615,2024-08-06 17:15:13,페달
SPB-56974,2024-08-06 17:15:17,안장
SPB-69215,2024-08-06 17:17:09,페달
SPB-58399,2024-08-06 17:18:54,페달
SPB-53399,2024-08-06 17:20:28,기타 
SPB-38515,2024-08-06 17:24:40,페달
SPB-61133,2024-08-06 17:30:46,체인
SPB-48493,2024-08-06 17:31:40,페달
SPB-39377,2024-08-06 17:34:08,체인
SPB-49467,2024-08-06 17:36:18,기타 
SPB-42487,2024-08-06 17:45:03,타이어 
SPB-65766,2024-08-06 17:46:23,기타 
SPB-53817,2024-08-06 17:48:20,안장
SPB-61049,2024-08-06 17:49:25,체인
SPB-57040,2024-08-06 17:49:44,안장
SPB-50353,2024-08-06 17:50:04,안장
SPB-39059,2024-08-06 17:51:49,체인
SPB-51647,2024-08-06 17:52:48,타이어 
SPB-48055,2024-08-06 17:56:15,페달
SPB-63754,2024-08-06 17:56:20,체인
SPB-67393,2024-08-06 17:58:30,타이어 
SPB-52389,2024-08-06 17:58:52,페달
SPB-64579,2024-08-06 17:59:46,단말기
SPB-60960,2024-08-06 18:00:19,페달
SPB-42276,2024-08-06 18:03:08,안장
SPB-54105,2024-08-06 18:04:21,단말기
SPB-35300,2024-08-06 18:04:26,기타 
SPB-35234,2024-08-06 18:05:17,체인
SPB-65034,2024-08-06 18:06:34,타이어 
SPB-36503,2024-08-06 18:07:11,체인
SPB-59367,2024-08-06 18:07:48,안장
SPB-56400,2024-08-06 18:08:51,타이어 
SPB-44005,2024-08-06 18:09:55,체인
SPB-58435,2024-08-06 18:10:16,페달
SPB-60681,2024-08-06 18:10:55,안장
SPB-39822,2024-08-06 18:11:12,체인
SPB-57373,2024-08-06 18:12:34,체인
SPB-60823,2024-08-06 18:14:06,타이어 
SPB-59258,2024-08-06 18:14:16,페달
SPB-61023,2024-08-06 18:14:18,타이어 
SPB-65556,2024-08-06 18:14:23,안장
SPB-54752,2024-08-06 18:14:26,체인
SPB-35480,2024-08-06 18:14:50,체인
SPB-44789,2024-08-06 18:15:52,체인
SPB-66559,2024-08-06 18:19:01,체인
SPB-53168,2024-08-06 18:19:04,기타 
SPB-47035,2024-08-06 18:19:36,기타 
SPB-47802,2024-08-06 18:19:53,기타 
SPB-54782,2024-08-06 18:20:07,페달
SPB-64350,2024-08-06 18:20:14,타이어 
SPB-59642,2024-08-06 18:21:34,페달
SPB-33184,2024-08-06 18:25:03,안장
SPB-62456,2024-08-06 18:25:21,기타 
SPB-30367,2024-08-06 18:27:00,기타 
SPB-57704,2024-08-06 18:27:55,페달
SPB-55480,2024-08-06 18:28:06,타이어 
SPB-57758,2024-08-06 18:30:20,타이어 
SPB-62732,2024-08-06 18:30:20,기타 
SPB-57637,2024-08-06 18:30:22,기타 
SPB-55429,2024-08-06 18:31:09,체인
SPB-46931,2024-08-06 18:32:19,기타 
SPB-69815,2024-08-06 18:32:35,체인
SPB-32658,2024-08-06 18:34:47,단말기
SPB-69987,2024-08-06 18:34:52,타이어 
SPB-62169,2024-08-06 18:34:57,기타 
SPB-39508,2024-08-06 18:36:19,타이어 
SPB-45257,2024-08-06 18:37:05,기타 
SPB-43647,2024-08-06 18:37:06,체인
SPB-52065,2024-08-06 18:37:07,타이어 
SPB-43821,2024-08-06 18:38:02,체인
SPB-33555,2024-08-06 18:38:19,타이어 
SPB-40010,2024-08-06 18:40:59,타이어 
SPB-43055,2024-08-06 18:41:57,체인
SPB-44030,2024-08-06 18:42:05,타이어 
SPB-57719,2024-08-06 18:42:06,페달
SPB-39509,2024-08-06 18:45:33,페달
SPB-68501,2024-08-06 18:45:42,기타 
SPB-59553,2024-08-06 18:45:52,페달
SPB-30682,2024-08-06 18:46:30,페달
SPB-30768,2024-08-06 18:49:46,타이어 
SPB-30403,2024-08-06 18:55:30,타이어 
SPB-56416,2024-08-06 18:56:05,안장
SPB-51258,2024-08-06 18:56:06,타이어 
SPB-64131,2024-08-06 18:56:10,기타 
SPB-58965,2024-08-06 18:56:37,타이어 
SPB-33114,2024-08-06 19:00:03,단말기
SPB-59292,2024-08-06 19:00:06,페달
SPB-69803,2024-08-06 19:00:48,안장
SPB-38257,2024-08-06 19:01:26,체인
SPB-37197,2024-08-06 19:02:54,기타 
SPB-52197,2024-08-06 19:03:23,타이어 
SPB-48230,2024-08-06 19:03:27,체인
SPB-51640,2024-08-06 19:03:40,페달
SPB-68632,2024-08-06 19:04:19,기타 
SPB-42576,2024-08-06 19:04:30,타이어 
SPB-49492,2024-08-06 19:04:51,타이어 
SPB-40845,2024-08-06 19:05:00,기타 
SPB-56733,2024-08-06 19:06:27,체인
SPB-67539,2024-08-06 19:07:14,체인
SPB-34851,2024-08-06 19:07:53,체인
SPB-39874,2024-08-06 19:09:40,단말기
SPB-68963,2024-08-06 19:10:54,타이어 
SPB-44003,2024-08-06 19:12:29,체인
SPB-34662,2024-08-06 19:13:10,체인
SPB-62288,2024-08-06 19:15:01,체인
SPB-46151,2024-08-06 19:16:34,페달
SPB-54945,2024-08-06 19:18:36,기타 
SPB-32692,2024-08-06 19:18:46,페달
SPB-46346,2024-08-06 19:19:05,안장
SPB-63916,2024-08-06 19:19:08,타이어 
SPB-40301,2024-08-06 19:19:41,타이어 
SPB-32483,2024-08-06 19:20:18,기타 
SPB-64645,2024-08-06 19:20:55,체인
SPB-65926,2024-08-06 19:21:50,기타 
SPB-55400,2024-08-06 19:22:02,타이어 
SPB-45082,2024-08-06 19:22:24,타이어 
SPB-45368,2024-08-06 19:23:41,안장
SPB-54060,2024-08-06 19:24:19,타이어 
SPB-43857,2024-08-06 19:24:38,체인
SPB-41602,2024-08-06 19:25:29,기타 
SPB-52858,2024-08-06 19:26:56,기타 
SPB-56555,2024-08-06 19:26:58,타이어 
SPB-59266,2024-08-06 19:29:22,페달
SPB-58757,2024-08-06 19:30:46,페달
SPB-44789,2024-08-06 19:34:42,체인
SPB-46241,2024-08-06 19:35:19,기타 
SPB-41079,2024-08-06 19:42:00,체인
SPB-59518,2024-08-06 19:42:49,페달
SPB-47524,2024-08-06 19:45:49,타이어 
SPB-40747,2024-08-06 19:47:16,체인
SPB-69814,2024-08-06 19:48:33,타이어 
SPB-69051,2024-08-06 19:49:03,체인
SPB-35332,2024-08-06 19:49:22,기타 
SPB-55281,2024-08-06 19:50:26,안장
SPB-62024,2024-08-06 19:52:44,안장
SPB-31052,2024-08-06 19:53:16,타이어 
SPB-64557,2024-08-06 19:54:51,안장
SPB-67710,2024-08-06 19:55:37,타이어 
SPB-32837,2024-08-06 19:57:53,페달
SPB-53781,2024-08-06 19:58:21,페달
SPB-30881,2024-08-06 19:58:42,페달
SPB-31699,2024-08-06 19:59:18,안장
SPB-39409,2024-08-06 19:59:45,기타 
SPB-31907,2024-08-06 20:00:55,기타 
SPB-43120,2024-08-06 20:05:33,기타 
SPB-54493,2024-08-06 20:06:52,타이어 
SPB-84956,2024-08-06 20:08:15,타이어 
SPB-47653,2024-08-06 20:08:28,안장
SPB-54495,2024-08-06 20:08:30,타이어 
SPB-69122,2024-08-06 20:08:52,체인
SPB-58053,2024-08-06 20:09:50,체인
SPB-48736,2024-08-06 20:12:37,단말기
SPB-64140,2024-08-06 20:13:22,타이어 
SPB-64748,2024-08-06 20:15:13,타이어 
SPB-64487,2024-08-06 20:16:07,페달
SPB-48309,2024-08-06 20:18:53,타이어 
SPB-65871,2024-08-06 20:19:21,기타 
SPB-36848,2024-08-06 20:19:40,타이어 
SPB-45386,2024-08-06 20:20:18,체인
SPB-35494,2024-08-06 20:20:50,체인
SPB-59402,2024-08-06 20:21:08,기타 
SPB-48766,2024-08-06 20:23:58,체인
SPB-60617,2024-08-06 20:24:20,안장
SPB-45861,2024-08-06 20:25:48,기타 
SPB-43437,2024-08-06 20:26:03,타이어 
SPB-38543,2024-08-06 20:26:54,체인
SPB-54114,2024-08-06 20:27:45,타이어 
SPB-56276,2024-08-06 20:28:20,타이어 
SPB-39893,2024-08-06 20:28:49,페달
SPB-41608,2024-08-06 20:30:04,체인
SPB-35422,2024-08-06 20:30:19,체인
SPB-47023,2024-08-06 20:30:55,기타 
SPB-63043,2024-08-06 20:31:07,기타 
SPB-60566,2024-08-06 20:33:08,체인
SPB-61499,2024-08-06 20:39:45,기타 
SPB-63929,2024-08-06 20:40:21,안장
SPB-32301,2024-08-06 20:40:43,타이어 
SPB-44209,2024-08-06 20:41:22,체인
SPB-30010,2024-08-06 20:42:47,기타 
SPB-84680,2024-08-06 20:44:45,기타 
SPB-65562,2024-08-06 20:46:47,기타 
SPB-68415,2024-08-06 20:47:49,기타 
SPB-69550,2024-08-06 20:54:29,페달
SPB-65316,2024-08-06 20:56:37,기타 
SPB-41054,2024-08-06 20:56:47,체인
SPB-48240,2024-08-06 20:57:26,페달
SPB-30111,2024-08-06 20:59:10,기타 
SPB-33101,2024-08-06 21:04:42,타이어 
SPB-48432,2024-08-06 21:07:43,안장
SPB-48019,2024-08-06 21:08:24,타이어 
SPB-40415,2024-08-06 21:12:25,단말기
SPB-56246,2024-08-06 21:17:12,타이어 
SPB-40574,2024-08-06 21:22:57,안장
SPB-56803,2024-08-06 21:24:32,안장
SPB-43336,2024-08-06 21:26:00,체인
SPB-50953,2024-08-06 21:28:18,단말기
SPB-30444,2024-08-06 21:30:00,단말기
SPB-63385,2024-08-06 21:33:55,체인
SPB-33550,2024-08-06 21:35:19,단말기
SPB-45946,2024-08-06 21:43:20,안장
SPB-69027,2024-08-06 21:43:39,체인
SPB-34809,2024-08-06 21:43:58,기타 
SPB-81271,2024-08-06 21:45:06,타이어 
SPB-55127,2024-08-06 21:45:22,기타 
SPB-58907,2024-08-06 21:49:05,기타 
SPB-32405,2024-08-06 21:50:50,안장
SPB-32437,2024-08-06 21:51:38,타이어 
SPB-31477,2024-08-06 21:54:09,기타 
SPB-33931,2024-08-06 21:54:57,체인
SPB-46982,2024-08-06 21:56:22,기타 
SPB-68855,2024-08-06 21:58:41,단말기
SPB-44672,2024-08-06 22:03:03,기타 
SPB-50308,2024-08-06 22:08:05,체인
SPB-52811,2024-08-06 22:08:06,안장
SPB-48324,2024-08-06 22:10:19,안장
SPB-50851,2024-08-06 22:14:40,체인
SPB-43828,2024-08-06 22:18:23,기타 
SPB-52088,2024-08-06 22:19:10,기타 
SPB-57258,2024-08-06 22:19:11,타이어 
SPB-41462,2024-08-06 22:20:17,기타 
SPB-69823,2024-08-06 22:20:54,페달
SPB-38775,2024-08-06 22:23:00,체인
SPB-51769,2024-08-06 22:23:06,기타 
SPB-67018,2024-08-06 22:23:56,타이어 
SPB-40941,2024-08-06 22:24:42,안장
SPB-65502,2024-08-06 22:24:55,단말기
SPB-47456,2024-08-06 22:27:22,기타 
SPB-46868,2024-08-06 22:32:38,페달
SPB-53300,2024-08-06 22:32:50,타이어 
SPB-66736,2024-08-06 22:33:45,체인
SPB-38359,2024-08-06 22:39:26,체인
SPB-51869,2024-08-06 22:39:36,페달
SPB-50778,2024-08-06 22:40:52,타이어 
SPB-52019,2024-08-06 22:43:44,체인
SPB-69056,2024-08-06 22:49:21,단말기
SPB-62212,2024-08-06 22:49:21,페달
SPB-67536,2024-08-06 22:50:54,기타 
SPB-59328,2024-08-06 22:51:38,체인
SPB-60805,2024-08-06 22:52:35,안장
SPB-60742,2024-08-06 23:10:07,기타 
SPB-70035,2024-08-06 23:10:58,타이어 
SPB-65134,2024-08-06 23:25:40,체인
SPB-42726,2024-08-06 23:27:08,안장
SPB-50553,2024-08-06 23:30:32,타이어 
SPB-44156,2024-08-06 23:33:20,체인
SPB-35879,2024-08-06 23:36:25,안장
SPB-54568,2024-08-06 23:41:43,페달
SPB-54159,2024-08-06 23:42:08,안장
SPB-66983,2024-08-06 23:46:46,체인
SPB-34117,2024-08-07 00:13:48,안장
SPB-38677,2024-08-07 00:17:44,안장
SPB-30382,2024-08-07 00:40:53,단말기
SPB-44069,2024-08-07 00:51:10,안장
SPB-45914,2024-08-07 01:00:58,기타 
SPB-67005,2024-08-07 01:15:38,기타 
SPB-64198,2024-08-07 01:18:13,타이어 
SPB-34672,2024-08-07 01:20:32,체인
SPB-65897,2024-08-07 01:20:59,타이어 
SPB-66708,2024-08-07 01:49:04,타이어 
SPB-48913,2024-08-07 01:56:08,체인
SPB-45691,2024-08-07 02:26:34,안장
SPB-59526,2024-08-07 02:52:23,페달
SPB-65390,2024-08-07 03:34:41,타이어 
SPB-30490,2024-08-07 04:32:54,안장
SPB-64696,2024-08-07 04:58:46,타이어 
SPB-56279,2024-08-07 05:24:24,체인
SPB-47051,2024-08-07 05:28:10,체인
SPB-68237,2024-08-07 05:50:11,단말기
SPB-48109,2024-08-07 05:51:47,페달
SPB-69526,2024-08-07 06:07:25,체인
SPB-33302,2024-08-07 06:24:35,체인
SPB-35267,2024-08-07 06:25:51,체인
SPB-32240,2024-08-07 06:26:17,타이어 
SPB-31078,2024-08-07 06:44:57,체인
SPB-37336,2024-08-07 06:45:27,페달
SPB-42773,2024-08-07 06:45:41,안장
SPB-32147,2024-08-07 06:48:49,안장
SPB-39753,2024-08-07 06:56:52,체인
SPB-42497,2024-08-07 06:58:47,기타 
SPB-51583,2024-08-07 06:59:18,타이어 
SPB-38869,2024-08-07 07:03:54,체인
SPB-65518,2024-08-07 07:04:13,타이어 
SPB-36536,2024-08-07 07:05:58,타이어 
SPB-30506,2024-08-07 07:07:40,타이어 
SPB-53433,2024-08-07 07:08:37,타이어 
SPB-59652,2024-08-07 07:08:42,안장
SPB-43535,2024-08-07 07:10:02,안장
SPB-63678,2024-08-07 07:11:00,타이어 
SPB-31545,2024-08-07 07:18:04,타이어 
SPB-69687,2024-08-07 07:20:47,기타 
SPB-63739,2024-08-07 07:27:00,타이어 
SPB-46824,2024-08-07 07:30:37,안장
SPB-36358,2024-08-07 07:31:52,안장
SPB-56411,2024-08-07 07:33:46,안장
SPB-53359,2024-08-07 07:34:52,타이어 
SPB-44704,2024-08-07 07:45:05,체인
SPB-46168,2024-08-07 07:47:08,체인
SPB-64224,2024-08-07 07:48:28,기타 
SPB-44367,2024-08-07 07:49:26,단말기
SPB-64690,2024-08-07 07:50:05,기타 
SPB-44397,2024-08-07 07:51:45,단말기
SPB-59580,2024-08-07 07:51:49,기타 
SPB-48215,2024-08-07 07:51:52,타이어 
SPB-46646,2024-08-07 07:55:40,안장
SPB-35406,2024-08-07 07:56:09,체인
SPB-41573,2024-08-07 07:56:41,타이어 
SPB-64535,2024-08-07 07:56:42,타이어 
SPB-50835,2024-08-07 07:57:12,타이어 
SPB-65659,2024-08-07 07:57:37,타이어 
SPB-42966,2024-08-07 07:58:00,체인
SPB-37010,2024-08-07 07:58:21,페달
SPB-66980,2024-08-07 07:58:24,타이어 
SPB-54662,2024-08-07 07:58:45,타이어 
SPB-31495,2024-08-07 07:59:27,페달
SPB-39926,2024-08-07 07:59:43,기타 
SPB-46990,2024-08-07 07:59:57,타이어 
SPB-66801,2024-08-07 08:00:21,기타 
SPB-36674,2024-08-07 08:03:38,타이어 
SPB-40526,2024-08-07 08:04:51,타이어 
SPB-34683,2024-08-07 08:05:51,타이어 
SPB-57657,2024-08-07 08:06:33,페달
SPB-64804,2024-08-07 08:08:20,기타 
SPB-44293,2024-08-07 08:08:32,체인
SPB-47899,2024-08-07 08:12:04,체인
SPB-64310,2024-08-07 08:13:31,안장
SPB-62016,2024-08-07 08:15:33,안장
SPB-50802,2024-08-07 08:17:22,기타 
SPB-30762,2024-08-07 08:17:26,체인
SPB-60161,2024-08-07 08:18:02,단말기
SPB-55929,2024-08-07 08:21:22,타이어 
SPB-54951,2024-08-07 08:24:12,페달
SPB-35388,2024-08-07 08:24:42,체인
SPB-65722,2024-08-07 08:25:44,타이어 
SPB-44422,2024-08-07 08:28:10,기타 
SPB-59811,2024-08-07 08:28:39,안장
SPB-55966,2024-08-07 08:28:51,단말기
SPB-67617,2024-08-07 08:29:04,체인
SPB-44448,2024-08-07 08:29:14,체인
SPB-52398,2024-08-07 08:29:45,페달
SPB-47856,2024-08-07 08:31:28,페달
SPB-48570,2024-08-07 08:31:46,체인
SPB-84238,2024-08-07 08:32:36,안장
SPB-38970,2024-08-07 08:33:12,체인
SPB-40133,2024-08-07 08:34:00,타이어 
SPB-31485,2024-08-07 08:34:03,타이어 
SPB-48933,2024-08-07 08:34:22,기타 
SPB-40667,2024-08-07 08:34:24,안장
SPB-70123,2024-08-07 08:34:47,체인
SPB-63871,2024-08-07 08:34:52,타이어 
SPB-65932,2024-08-07 08:38:20,페달
SPB-60030,2024-08-07 08:42:29,타이어 
SPB-36397,2024-08-07 08:42:31,타이어 
SPB-52453,2024-08-07 08:45:03,안장
SPB-51177,2024-08-07 08:46:43,타이어 
SPB-44183,2024-08-07 08:46:52,체인
SPB-66694,2024-08-07 08:47:37,기타 
SPB-33007,2024-08-07 08:48:07,기타 
SPB-63493,2024-08-07 08:59:25,안장
SPB-52832,2024-08-07 08:59:31,단말기
SPB-45635,2024-08-07 09:02:04,체인
SPB-46572,2024-08-07 09:03:00,안장
SPB-69514,2024-08-07 09:07:54,단말기
SPB-52938,2024-08-07 09:08:00,타이어 
SPB-70112,2024-08-07 09:09:49,체인
SPB-37387,2024-08-07 09:12:45,타이어 
SPB-50084,2024-08-07 09:13:01,기타 
SPB-66427,2024-08-07 09:13:40,타이어 
SPB-30428,2024-08-07 09:16:57,타이어 
SPB-48650,2024-08-07 09:19:02,타이어 
SPB-32945,2024-08-07 09:21:10,체인
SPB-49237,2024-08-07 09:21:52,체인
SPB-42013,2024-08-07 09:23:00,체인
SPB-36366,2024-08-07 09:23:23,기타 
SPB-56876,2024-08-07 09:25:59,타이어 
SPB-64508,2024-08-07 09:33:36,타이어 
SPB-70050,2024-08-07 09:36:18,체인
SPB-66505,2024-08-07 09:40:26,안장
SPB-67076,2024-08-07 09:44:19,단말기
SPB-52535,2024-08-07 09:44:53,체인
SPB-35754,2024-08-07 09:46:30,단말기
SPB-44894,2024-08-07 09:46:34,체인
SPB-68241,2024-08-07 09:49:21,기타 
SPB-65727,2024-08-07 09:53:28,타이어 
SPB-51638,2024-08-07 10:15:40,체인
SPB-30990,2024-08-07 10:25:30,타이어 
SPB-50482,2024-08-07 10:43:00,기타 
SPB-32874,2024-08-07 10:59:52,기타 
SPB-55693,2024-08-07 11:03:39,체인
SPB-63734,2024-08-07 11:08:56,체인
SPB-55595,2024-08-07 11:22:46,안장
SPB-37993,2024-08-07 11:24:22,안장
SPB-48793,2024-08-07 11:25:25,페달
SPB-35503,2024-08-07 11:37:42,타이어 
SPB-65065,2024-08-07 11:47:13,체인
SPB-70320,2024-08-07 11:48:24,체인
SPB-47634,2024-08-07 11:53:41,안장
SPB-32307,2024-08-07 11:54:08,기타 
SPB-41947,2024-08-07 12:01:40,타이어 
SPB-64782,2024-08-07 12:01:52,안장
SPB-56119,2024-08-07 12:04:49,기타 
SPB-62147,2024-08-07 12:05:30,기타 
SPB-56490,2024-08-07 12:05:38,페달
SPB-68453,2024-08-07 12:07:17,타이어 
SPB-64885,2024-08-07 12:13:05,타이어 
SPB-67804,2024-08-07 12:22:50,타이어 
SPB-60141,2024-08-07 12:32:24,체인
SPB-48449,2024-08-07 12:38:14,기타 
SPB-45901,2024-08-07 12:48:07,안장
SPB-51703,2024-08-07 12:48:59,페달
SPB-59133,2024-08-07 12:53:00,기타 
SPB-65190,2024-08-07 13:00:49,타이어 
SPB-53092,2024-08-07 13:07:13,기타 
SPB-66792,2024-08-07 13:11:11,타이어 
SPB-48715,2024-08-07 13:12:03,페달
SPB-63505,2024-08-07 13:20:29,안장
SPB-53850,2024-08-07 13:34:59,체인
SPB-35257,2024-08-07 13:40:12,체인
SPB-53016,2024-08-07 13:42:04,기타 
SPB-43760,2024-08-07 13:46:03,기타 
SPB-64283,2024-08-07 13:49:11,기타 
SPB-34162,2024-08-07 13:50:34,기타 
SPB-33946,2024-08-07 13:59:32,체인
SPB-41208,2024-08-07 14:00:10,체인
SPB-53848,2024-08-07 14:10:55,타이어 
SPB-69518,2024-08-07 14:13:57,체인
SPB-57236,2024-08-07 14:19:08,체인
SPB-39023,2024-08-07 14:24:11,체인
SPB-50155,2024-08-07 14:33:06,단말기
SPB-59611,2024-08-07 14:36:54,페달
SPB-58343,2024-08-07 14:41:45,기타 
SPB-40561,2024-08-07 14:42:54,체인
SPB-32595,2024-08-07 14:50:03,타이어 
SPB-63839,2024-08-07 14:50:11,타이어 
SPB-57751,2024-08-07 15:09:56,기타 
SPB-59387,2024-08-07 15:17:17,페달
SPB-35475,2024-08-07 15:20:01,체인
SPB-55720,2024-08-07 15:20:31,타이어 
SPB-51751,2024-08-07 15:20:46,페달
SPB-44855,2024-08-07 15:24:08,체인
SPB-65100,2024-08-07 15:29:15,타이어 
SPB-58492,2024-08-07 15:34:14,페달
SPB-46932,2024-08-07 15:36:54,체인
SPB-33704,2024-08-07 15:38:58,타이어 
SPB-53401,2024-08-07 15:46:47,단말기
SPB-56805,2024-08-07 15:58:30,기타 
SPB-30912,2024-08-07 15:58:36,타이어 
SPB-58641,2024-08-07 16:01:55,단말기
SPB-34377,2024-08-07 16:03:48,안장
SPB-37522,2024-08-07 16:06:00,페달
SPB-44468,2024-08-07 16:12:59,타이어 
SPB-48800,2024-08-07 16:13:03,타이어 
SPB-37808,2024-08-07 16:14:05,체인
SPB-59816,2024-08-07 16:15:39,페달
SPB-67058,2024-08-07 16:19:17,기타 
SPB-39661,2024-08-07 16:21:03,체인
SPB-54888,2024-08-07 16:24:53,기타 
SPB-41243,2024-08-07 16:26:29,체인
SPB-42978,2024-08-07 16:30:12,페달
SPB-65256,2024-08-07 16:30:28,체인
SPB-70154,2024-08-07 16:34:09,안장
SPB-66885,2024-08-07 16:35:04,체인
SPB-58277,2024-08-07 16:35:43,타이어 
SPB-64885,2024-08-07 16:36:02,체인
SPB-38258,2024-08-07 16:41:09,단말기
SPB-43118,2024-08-07 16:42:16,페달
SPB-43059,2024-08-07 16:43:46,타이어 
SPB-37776,2024-08-07 16:44:33,타이어 
SPB-55899,2024-08-07 16:44:39,단말기
SPB-58720,2024-08-07 16:47:04,단말기
SPB-33946,2024-08-07 16:48:01,페달
SPB-51959,2024-08-07 17:05:21,페달
SPB-53132,2024-08-07 17:06:30,체인
SPB-52766,2024-08-07 17:06:48,페달
SPB-69921,2024-08-07 17:10:58,페달
SPB-69358,2024-08-07 17:12:54,체인
SPB-50132,2024-08-07 17:20:34,안장
SPB-65337,2024-08-07 17:21:43,타이어 
SPB-63755,2024-08-07 17:21:45,기타 
SPB-55738,2024-08-07 17:23:22,체인
SPB-51108,2024-08-07 17:24:10,타이어 
SPB-46982,2024-08-07 17:25:47,체인
SPB-40579,2024-08-07 17:25:54,체인
SPB-69261,2024-08-07 17:26:13,타이어 
SPB-45875,2024-08-07 17:29:12,기타 
SPB-34666,2024-08-07 17:30:13,안장
SPB-60529,2024-08-07 17:32:35,안장
SPB-66754,2024-08-07 17:34:00,안장
SPB-30143,2024-08-07 17:34:02,기타 
SPB-67734,2024-08-07 17:39:06,타이어 
SPB-56893,2024-08-07 17:39:46,안장
SPB-41174,2024-08-07 17:43:55,안장
SPB-47894,2024-08-07 17:44:26,페달
SPB-33528,2024-08-07 17:45:02,기타 
SPB-68874,2024-08-07 17:45:52,체인
SPB-40467,2024-08-07 17:48:32,타이어 
SPB-69507,2024-08-07 17:49:09,타이어 
SPB-64746,2024-08-07 17:49:28,타이어 
SPB-66151,2024-08-07 17:52:55,타이어 
SPB-65788,2024-08-07 17:55:02,기타 
SPB-68626,2024-08-07 17:57:57,단말기
SPB-32962,2024-08-07 17:58:08,페달
SPB-55171,2024-08-07 17:58:34,체인
SPB-48354,2024-08-07 17:58:39,페달
SPB-33689,2024-08-07 17:58:46,타이어 
SPB-44397,2024-08-07 18:01:07,페달
SPB-34841,2024-08-07 18:01:51,안장
SPB-44147,2024-08-07 18:04:12,타이어 
SPB-57864,2024-08-07 18:05:49,페달
SPB-51975,2024-08-07 18:07:12,기타 
SPB-68091,2024-08-07 18:09:31,타이어 
SPB-61445,2024-08-07 18:10:22,타이어 
SPB-57220,2024-08-07 18:11:33,페달
SPB-70449,2024-08-07 18:12:01,타이어 
SPB-60496,2024-08-07 18:13:18,기타 
SPB-83577,2024-08-07 18:13:46,타이어 
SPB-53616,2024-08-07 18:13:49,페달
SPB-57036,2024-08-07 18:15:01,기타 
SPB-48555,2024-08-07 18:15:07,체인
SPB-69315,2024-08-07 18:15:22,체인
SPB-68839,2024-08-07 18:15:55,기타 
SPB-40350,2024-08-07 18:16:40,체인
SPB-47990,2024-08-07 18:16:51,페달
SPB-38380,2024-08-07 18:18:51,체인
SPB-54698,2024-08-07 18:18:52,단말기
SPB-33152,2024-08-07 18:18:54,타이어 
SPB-66894,2024-08-07 18:20:11,체인
SPB-62531,2024-08-07 18:20:42,안장
SPB-83678,2024-08-07 18:21:42,단말기
SPB-40062,2024-08-07 18:21:44,안장
SPB-58249,2024-08-07 18:21:55,타이어 
SPB-65160,2024-08-07 18:22:22,안장
SPB-64825,2024-08-07 18:23:07,기타 
SPB-40441,2024-08-07 18:23:23,체인
SPB-30524,2024-08-07 18:24:00,타이어 
SPB-46713,2024-08-07 18:25:13,타이어 
SPB-57475,2024-08-07 18:26:18,페달
SPB-31637,2024-08-07 18:27:12,타이어 
SPB-67968,2024-08-07 18:27:53,단말기
SPB-33943,2024-08-07 18:27:55,단말기
SPB-46470,2024-08-07 18:27:59,체인
SPB-54229,2024-08-07 18:28:14,기타 
SPB-38076,2024-08-07 18:28:40,안장
SPB-63693,2024-08-07 18:28:47,타이어 
SPB-50773,2024-08-07 18:29:11,체인
SPB-58206,2024-08-07 18:30:02,페달
SPB-67287,2024-08-07 18:32:25,기타 
SPB-62003,2024-08-07 18:33:42,안장
SPB-31416,2024-08-07 18:34:21,체인
SPB-33577,2024-08-07 18:35:40,기타 
SPB-65736,2024-08-07 18:36:03,타이어 
SPB-56220,2024-08-07 18:36:04,체인
SPB-33019,2024-08-07 18:36:51,기타 
SPB-30184,2024-08-07 18:37:13,페달
SPB-50598,2024-08-07 18:37:54,체인
SPB-38726,2024-08-07 18:38:06,안장
SPB-41483,2024-08-07 18:39:33,안장
SPB-67004,2024-08-07 18:41:21,페달
SPB-41650,2024-08-07 18:42:57,체인
SPB-70324,2024-08-07 18:42:57,체인
SPB-56178,2024-08-07 18:43:18,페달
SPB-32523,2024-08-07 18:43:23,페달
SPB-47846,2024-08-07 18:43:30,페달
SPB-58813,2024-08-07 18:45:04,타이어 
SPB-32402,2024-08-07 18:45:29,기타 
SPB-81071,2024-08-07 18:47:09,안장
SPB-64141,2024-08-07 18:47:21,기타 
SPB-60943,2024-08-07 18:48:16,체인
SPB-69047,2024-08-07 18:48:46,기타 
SPB-30153,2024-08-07 18:49:19,타이어 
SPB-45836,2024-08-07 18:49:49,단말기
SPB-35382,2024-08-07 18:50:02,기타 
SPB-64922,2024-08-07 18:50:46,타이어 
SPB-60271,2024-08-07 18:51:09,타이어 
SPB-63817,2024-08-07 18:51:50,타이어 
SPB-61279,2024-08-07 18:51:59,기타 
SPB-69002,2024-08-07 18:53:09,체인
SPB-39484,2024-08-07 18:53:18,타이어 
SPB-31333,2024-08-07 18:55:01,타이어 
SPB-38869,2024-08-07 18:55:02,체인
SPB-36735,2024-08-07 18:55:40,페달
SPB-36727,2024-08-07 18:57:09,체인
SPB-32789,2024-08-07 18:58:11,타이어 
SPB-68627,2024-08-07 18:58:36,체인
SPB-58251,2024-08-07 19:01:37,타이어 
SPB-57239,2024-08-07 19:01:57,안장
SPB-46390,2024-08-07 19:02:45,타이어 
SPB-58520,2024-08-07 19:04:10,페달
SPB-43242,2024-08-07 19:06:11,체인
SPB-80700,2024-08-07 19:06:37,페달
SPB-57940,2024-08-07 19:07:14,타이어 
SPB-60386,2024-08-07 19:08:13,타이어 
SPB-48803,2024-08-07 19:09:13,기타 
SPB-58258,2024-08-07 19:09:53,타이어 
SPB-39037,2024-08-07 19:12:00,안장
SPB-67411,2024-08-07 19:13:06,타이어 
SPB-35608,2024-08-07 19:14:44,기타 
SPB-33578,2024-08-07 19:14:58,체인
SPB-34657,2024-08-07 19:15:06,안장
SPB-48193,2024-08-07 19:17:32,기타 
SPB-47589,2024-08-07 19:17:52,체인
SPB-56160,2024-08-07 19:18:55,기타 
SPB-58358,2024-08-07 19:24:24,체인
SPB-52780,2024-08-07 19:25:54,체인
SPB-41266,2024-08-07 19:27:20,기타 
SPB-50476,2024-08-07 19:30:52,안장
SPB-44060,2024-08-07 19:31:17,기타 
SPB-58094,2024-08-07 19:31:46,기타 
SPB-55860,2024-08-07 19:32:56,안장
SPB-68576,2024-08-07 19:33:50,기타 
SPB-50429,2024-08-07 19:34:25,안장
SPB-38008,2024-08-07 19:34:42,체인
SPB-44429,2024-08-07 19:35:17,페달
SPB-59540,2024-08-07 19:36:21,페달
SPB-60422,2024-08-07 19:36:56,안장
SPB-54318,2024-08-07 19:37:20,페달
SPB-63313,2024-08-07 19:38:30,타이어 
SPB-54900,2024-08-07 19:39:21,타이어 
SPB-57103,2024-08-07 19:39:21,타이어 
SPB-60867,2024-08-07 19:41:27,타이어 
SPB-62846,2024-08-07 19:42:47,체인
SPB-48109,2024-08-07 19:45:29,페달
SPB-34750,2024-08-07 19:46:03,체인
SPB-67350,2024-08-07 19:48:16,기타 
SPB-50156,2024-08-07 19:49:37,체인
SPB-41860,2024-08-07 19:51:10,단말기
SPB-70351,2024-08-07 19:51:19,안장
SPB-48128,2024-08-07 19:53:43,페달
SPB-37505,2024-08-07 19:55:09,기타 
SPB-81597,2024-08-07 19:58:57,기타 
SPB-30731,2024-08-07 19:59:18,기타 
SPB-39654,2024-08-07 20:00:04,단말기
SPB-36135,2024-08-07 20:01:26,타이어 
SPB-55471,2024-08-07 20:02:13,안장
SPB-50575,2024-08-07 20:03:19,안장
SPB-53421,2024-08-07 20:04:01,기타 
SPB-48305,2024-08-07 20:04:29,타이어 
SPB-64485,2024-08-07 20:06:16,기타 
SPB-43433,2024-08-07 20:07:34,타이어 
SPB-54736,2024-08-07 20:07:44,타이어 
SPB-70354,2024-08-07 20:08:58,안장
SPB-62075,2024-08-07 20:09:36,기타 
SPB-39335,2024-08-07 20:11:56,안장
SPB-61510,2024-08-07 20:14:13,기타 
SPB-44721,2024-08-07 20:18:00,기타 
SPB-33315,2024-08-07 20:21:37,안장
SPB-38931,2024-08-07 20:23:13,체인
SPB-57924,2024-08-07 20:23:13,페달
SPB-52398,2024-08-07 20:25:53,페달
SPB-68521,2024-08-07 20:26:15,타이어 
SPB-55989,2024-08-07 20:26:26,페달
SPB-37765,2024-08-07 20:27:33,체인
SPB-57812,2024-08-07 20:28:22,체인
SPB-56127,2024-08-07 20:30:28,단말기
SPB-66747,2024-08-07 20:31:30,기타 
SPB-43285,2024-08-07 20:32:46,체인
SPB-54263,2024-08-07 20:35:07,체인
SPB-66686,2024-08-07 20:35:40,타이어 
SPB-57240,2024-08-07 20:35:47,페달
SPB-70216,2024-08-07 20:36:26,기타 
SPB-66661,2024-08-07 20:40:30,타이어 
SPB-64841,2024-08-07 20:42:49,기타 
SPB-55703,2024-08-07 20:43:57,기타 
SPB-66522,2024-08-07 20:45:44,체인
SPB-61951,2024-08-07 20:49:07,타이어 
SPB-50029,2024-08-07 20:49:25,기타 
SPB-61059,2024-08-07 20:50:58,기타 
SPB-65578,2024-08-07 20:59:31,체인
SPB-56061,2024-08-07 20:59:53,타이어 
SPB-39604,2024-08-07 21:00:10,체인
SPB-32762,2024-08-07 21:04:07,체인
SPB-43033,2024-08-07 21:05:28,기타 
SPB-44190,2024-08-07 21:07:24,체인
SPB-56192,2024-08-07 21:08:25,타이어 
SPB-39038,2024-08-07 21:08:35,타이어 
SPB-45724,2024-08-07 21:08:35,안장
SPB-53893,2024-08-07 21:10:10,타이어 
SPB-50767,2024-08-07 21:11:35,안장
SPB-56298,2024-08-07 21:12:03,안장
SPB-63339,2024-08-07 21:12:30,기타 
SPB-67468,2024-08-07 21:13:58,타이어 
SPB-83309,2024-08-07 21:18:54,기타 
SPB-53873,2024-08-07 21:19:34,체인
SPB-45200,2024-08-07 21:19:39,기타 
SPB-67186,2024-08-07 21:20:01,페달
SPB-53225,2024-08-07 21:20:50,체인
SPB-57948,2024-08-07 21:22:29,기타 
SPB-55944,2024-08-07 21:25:29,타이어 
SPB-67607,2024-08-07 21:25:54,체인
SPB-48692,2024-08-07 21:27:50,기타 
SPB-66303,2024-08-07 21:28:43,기타 
SPB-46648,2024-08-07 21:28:55,기타 
SPB-55821,2024-08-07 21:29:00,페달
SPB-60313,2024-08-07 21:31:32,안장
SPB-50149,2024-08-07 21:32:32,체인
SPB-40881,2024-08-07 21:32:59,안장
SPB-52377,2024-08-07 21:35:30,체인
SPB-53671,2024-08-07 21:37:30,타이어 
SPB-33134,2024-08-07 21:37:56,타이어 
SPB-61660,2024-08-07 21:39:06,체인
SPB-34093,2024-08-07 21:40:49,체인
SPB-56946,2024-08-07 21:42:35,타이어 
SPB-45733,2024-08-07 21:46:04,체인
SPB-32591,2024-08-07 21:47:04,페달
SPB-37990,2024-08-07 21:48:10,타이어 
SPB-64885,2024-08-07 21:55:01,체인
SPB-30896,2024-08-07 21:55:21,기타 
SPB-45187,2024-08-07 21:56:17,체인
SPB-66487,2024-08-07 21:58:40,타이어 
SPB-43251,2024-08-07 21:59:37,페달
SPB-40834,2024-08-07 22:00:43,체인
SPB-59893,2024-08-07 22:01:03,기타 
SPB-39634,2024-08-07 22:01:19,기타 
SPB-62556,2024-08-07 22:03:03,안장
SPB-69596,2024-08-07 22:03:07,기타 
SPB-62848,2024-08-07 22:04:09,타이어 
SPB-34066,2024-08-07 22:04:49,타이어 
SPB-66653,2024-08-07 22:06:07,단말기
SPB-67643,2024-08-07 22:09:03,체인
SPB-31295,2024-08-07 22:09:39,타이어 
SPB-51263,2024-08-07 22:09:56,기타 
SPB-50424,2024-08-07 22:13:02,체인
SPB-43956,2024-08-07 22:13:23,안장
SPB-44883,2024-08-07 22:14:14,체인
SPB-59006,2024-08-07 22:15:51,페달
SPB-48960,2024-08-07 22:17:33,기타 
SPB-49271,2024-08-07 22:18:14,타이어 
SPB-62561,2024-08-07 22:22:46,타이어 
SPB-52583,2024-08-07 22:23:45,페달
SPB-54560,2024-08-07 22:23:56,기타 
SPB-38257,2024-08-07 22:24:55,체인
SPB-53660,2024-08-07 22:26:36,안장
SPB-44592,2024-08-07 22:31:26,체인
SPB-34437,2024-08-07 22:32:18,안장
SPB-57885,2024-08-07 22:32:21,페달
SPB-47635,2024-08-07 22:42:14,체인
SPB-51560,2024-08-07 22:43:37,안장
SPB-54156,2024-08-07 22:45:18,단말기
SPB-56110,2024-08-07 22:50:47,타이어 
SPB-39622,2024-08-07 22:50:57,타이어 
SPB-37896,2024-08-07 22:55:14,체인
SPB-60205,2024-08-07 22:55:54,타이어 
SPB-63512,2024-08-07 22:55:58,타이어 
SPB-62465,2024-08-07 22:57:25,기타 
SPB-59249,2024-08-07 23:01:35,단말기
SPB-40573,2024-08-07 23:04:22,기타 
SPB-33968,2024-08-07 23:06:01,단말기
SPB-38418,2024-08-07 23:11:41,기타 
SPB-40493,2024-08-07 23:14:34,페달
SPB-42668,2024-08-07 23:20:04,안장
SPB-31864,2024-08-07 23:21:57,체인
SPB-48834,2024-08-07 23:27:38,단말기
SPB-55104,2024-08-07 23:29:39,체인
SPB-46728,2024-08-07 23:32:00,안장
SPB-31539,2024-08-07 23:32:10,체인
SPB-42040,2024-08-07 23:33:56,체인
SPB-53212,2024-08-07 23:45:29,기타 
SPB-83792,2024-08-07 23:52:43,안장
SPB-30854,2024-08-07 23:58:17,안장
SPB-37303,2024-08-08 00:01:37,타이어 
SPB-64964,2024-08-08 00:02:17,단말기
SPB-38334,2024-08-08 00:03:12,기타 
SPB-65993,2024-08-08 00:07:04,타이어 
SPB-50187,2024-08-08 00:14:14,체인
SPB-34350,2024-08-08 00:20:21,체인
SPB-43521,2024-08-08 00:20:24,타이어 
SPB-44561,2024-08-08 00:26:10,안장
SPB-47208,2024-08-08 00:27:44,체인
SPB-47489,2024-08-08 00:40:32,체인
SPB-63448,2024-08-08 00:46:45,기타 
SPB-38248,2024-08-08 00:51:11,타이어 
SPB-56891,2024-08-08 00:51:21,페달
SPB-53080,2024-08-08 00:51:38,타이어 
SPB-69267,2024-08-08 00:51:45,페달
SPB-48619,2024-08-08 01:02:33,타이어 
SPB-32306,2024-08-08 01:09:23,단말기
SPB-58058,2024-08-08 01:24:43,타이어 
SPB-46040,2024-08-08 01:36:10,기타 
SPB-70278,2024-08-08 01:38:46,체인
SPB-42117,2024-08-08 01:52:15,단말기
SPB-37136,2024-08-08 01:57:20,체인
SPB-65852,2024-08-08 02:07:59,타이어 
SPB-50714,2024-08-08 02:11:32,기타 
SPB-33534,2024-08-08 02:22:01,타이어 
SPB-52517,2024-08-08 02:24:36,타이어 
SPB-69258,2024-08-08 02:24:49,단말기
SPB-65131,2024-08-08 02:57:21,단말기
SPB-50751,2024-08-08 03:22:07,안장
SPB-59937,2024-08-08 03:47:25,기타 
SPB-34165,2024-08-08 04:05:14,단말기
SPB-67769,2024-08-08 04:11:20,페달
SPB-34661,2024-08-08 04:50:46,체인
SPB-33026,2024-08-08 05:37:37,체인
SPB-67464,2024-08-08 06:02:11,타이어 
SPB-40487,2024-08-08 06:16:43,안장
SPB-48310,2024-08-08 06:41:19,타이어 
SPB-38891,2024-08-08 06:43:27,체인
SPB-43480,2024-08-08 06:46:26,타이어 
SPB-44998,2024-08-08 07:03:40,기타 
SPB-51740,2024-08-08 07:15:55,페달
SPB-65080,2024-08-08 07:20:14,타이어 
SPB-51625,2024-08-08 07:21:46,단말기
SPB-31626,2024-08-08 07:24:03,단말기
SPB-46494,2024-08-08 07:28:15,페달
SPB-42336,2024-08-08 07:36:05,타이어 
SPB-58704,2024-08-08 07:36:52,타이어 
SPB-35834,2024-08-08 07:46:28,타이어 
SPB-68573,2024-08-08 07:52:40,타이어 
SPB-63030,2024-08-08 07:55:02,타이어 
SPB-44661,2024-08-08 07:59:13,체인
SPB-40038,2024-08-08 07:59:44,타이어 
SPB-49410,2024-08-08 07:59:57,타이어 
SPB-66110,2024-08-08 08:03:38,단말기
SPB-45974,2024-08-08 08:04:10,체인
SPB-68218,2024-08-08 08:04:16,체인
SPB-33917,2024-08-08 08:07:44,타이어 
SPB-39044,2024-08-08 08:12:31,체인
SPB-31850,2024-08-08 08:16:33,페달
SPB-69374,2024-08-08 08:17:29,체인
SPB-36751,2024-08-08 08:18:38,타이어 
SPB-67932,2024-08-08 08:20:39,기타 
SPB-48482,2024-08-08 08:21:53,단말기
SPB-45076,2024-08-08 08:23:28,기타 
SPB-59203,2024-08-08 08:29:16,안장
SPB-30549,2024-08-08 08:32:26,페달
SPB-58383,2024-08-08 08:32:39,페달
SPB-59396,2024-08-08 08:32:50,체인
SPB-48882,2024-08-08 08:33:43,타이어 
SPB-31552,2024-08-08 08:40:41,타이어 
SPB-67819,2024-08-08 08:46:25,타이어 
SPB-55058,2024-08-08 08:46:27,타이어 
SPB-57525,2024-08-08 08:52:48,기타 
SPB-40010,2024-08-08 08:54:33,타이어 
SPB-42842,2024-08-08 08:55:18,타이어 
SPB-35566,2024-08-08 08:55:22,페달
SPB-70213,2024-08-08 08:58:51,체인
SPB-56117,2024-08-08 09:00:02,페달
SPB-31469,2024-08-08 09:01:32,안장
SPB-51240,2024-08-08 09:03:37,타이어 
SPB-43055,2024-08-08 09:04:13,체인
SPB-42691,2024-08-08 09:06:02,체인
SPB-69963,2024-08-08 09:11:11,페달
SPB-51784,2024-08-08 09:11:28,타이어 
SPB-66737,2024-08-08 09:13:09,기타 
SPB-70321,2024-08-08 09:18:20,타이어 
SPB-33655,2024-08-08 09:20:23,기타 
SPB-31131,2024-08-08 09:22:13,기타 
SPB-38563,2024-08-08 09:22:22,기타 
SPB-59710,2024-08-08 09:23:22,타이어 
SPB-58485,2024-08-08 09:28:23,타이어 
SPB-43685,2024-08-08 09:30:01,기타 
SPB-46209,2024-08-08 09:48:02,단말기
SPB-50497,2024-08-08 09:49:45,타이어 
SPB-54962,2024-08-08 09:52:32,타이어 
SPB-67130,2024-08-08 09:54:05,체인
SPB-61388,2024-08-08 09:57:59,체인
SPB-51863,2024-08-08 09:59:35,체인
SPB-66808,2024-08-08 10:03:40,타이어 
SPB-30073,2024-08-08 10:12:53,기타 
SPB-34056,2024-08-08 10:17:31,타이어 
SPB-30684,2024-08-08 10:18:57,체인
SPB-69489,2024-08-08 10:21:17,타이어 
SPB-69964,2024-08-08 10:22:00,타이어 
SPB-54262,2024-08-08 10:24:22,기타 
SPB-59214,2024-08-08 10:25:05,체인
SPB-61572,2024-08-08 10:29:59,기타 
SPB-67112,2024-08-08 10:40:40,안장
SPB-54325,2024-08-08 10:42:37,타이어 
SPB-42611,2024-08-08 10:45:53,안장
SPB-33363,2024-08-08 10:47:30,타이어 
SPB-41245,2024-08-08 10:47:36,체인
SPB-37835,2024-08-08 10:54:14,안장
SPB-70065,2024-08-08 11:01:42,기타 
SPB-50247,2024-08-08 11:03:06,타이어 
SPB-68370,2024-08-08 11:05:13,기타 
SPB-44976,2024-08-08 11:07:40,타이어 
SPB-84618,2024-08-08 11:08:46,안장
SPB-48692,2024-08-08 11:19:37,타이어 
SPB-69909,2024-08-08 11:21:57,체인
SPB-70486,2024-08-08 11:24:54,체인
SPB-67754,2024-08-08 11:27:02,기타 
SPB-60774,2024-08-08 11:39:28,타이어 
SPB-62756,2024-08-08 11:43:11,안장
SPB-65250,2024-08-08 11:50:42,타이어 
SPB-43260,2024-08-08 11:53:00,기타 
SPB-36013,2024-08-08 11:57:59,안장
SPB-63455,2024-08-08 11:58:26,타이어 
SPB-50314,2024-08-08 12:10:09,타이어 
SPB-47851,2024-08-08 12:11:09,체인
SPB-42105,2024-08-08 12:18:22,타이어 
SPB-39954,2024-08-08 12:24:15,페달
SPB-62591,2024-08-08 12:29:33,페달
SPB-33082,2024-08-08 12:29:39,기타 
SPB-37979,2024-08-08 12:30:58,체인
SPB-39861,2024-08-08 12:31:57,페달
SPB-67294,2024-08-08 12:37:02,기타 
SPB-62081,2024-08-08 12:40:41,타이어 
SPB-44212,2024-08-08 12:49:15,안장
SPB-40298,2024-08-08 12:54:18,체인
SPB-45752,2024-08-08 12:55:30,단말기
SPB-47428,2024-08-08 13:00:17,체인
SPB-45950,2024-08-08 13:06:26,타이어 
SPB-58671,2024-08-08 13:08:05,페달
SPB-44997,2024-08-08 13:13:41,단말기
SPB-49167,2024-08-08 13:14:24,기타 
SPB-39870,2024-08-08 13:15:24,안장
SPB-32647,2024-08-08 13:21:39,기타 
SPB-44488,2024-08-08 13:23:48,페달
SPB-63972,2024-08-08 13:26:18,타이어 
SPB-45753,2024-08-08 13:26:53,안장
SPB-68728,2024-08-08 13:33:47,기타 
SPB-60509,2024-08-08 13:48:33,기타 
SPB-59808,2024-08-08 13:53:06,체인
SPB-46949,2024-08-08 13:57:39,페달
SPB-52419,2024-08-08 14:03:37,타이어 
SPB-37010,2024-08-08 14:13:37,페달
SPB-41561,2024-08-08 14:14:16,안장
SPB-56838,2024-08-08 14:21:34,단말기
SPB-55021,2024-08-08 14:29:45,기타 
SPB-57407,2024-08-08 14:34:30,체인
SPB-41157,2024-08-08 14:44:10,체인
SPB-69887,2024-08-08 14:44:54,기타 
SPB-61321,2024-08-08 14:55:45,체인
SPB-41467,2024-08-08 15:01:16,기타 
SPB-61280,2024-08-08 15:03:51,체인
SPB-37942,2024-08-08 15:12:37,안장
SPB-68167,2024-08-08 15:32:57,타이어 
SPB-35180,2024-08-08 15:40:06,안장
SPB-66602,2024-08-08 15:41:14,안장
SPB-51817,2024-08-08 15:41:15,타이어 
SPB-57938,2024-08-08 15:58:10,기타 
SPB-69620,2024-08-08 15:59:42,체인
SPB-47823,2024-08-08 16:02:45,체인
SPB-50703,2024-08-08 16:03:24,안장
SPB-65564,2024-08-08 16:07:54,기타 
SPB-65567,2024-08-08 16:13:36,안장
SPB-48813,2024-08-08 16:23:28,페달
SPB-69928,2024-08-08 16:28:56,체인
SPB-43327,2024-08-08 16:32:36,기타 
SPB-67724,2024-08-08 16:35:20,기타 
SPB-58335,2024-08-08 16:38:03,기타 
SPB-65781,2024-08-08 16:40:47,안장
SPB-41404,2024-08-08 16:46:25,체인
SPB-35183,2024-08-08 16:49:48,기타 
SPB-51991,2024-08-08 16:49:49,타이어 
SPB-68986,2024-08-08 16:51:10,기타 
SPB-43414,2024-08-08 16:55:54,페달
SPB-69672,2024-08-08 16:56:14,체인
SPB-56900,2024-08-08 17:02:22,타이어 
SPB-56843,2024-08-08 17:04:12,기타 
SPB-45674,2024-08-08 17:05:41,타이어 
SPB-44397,2024-08-08 17:07:26,체인
SPB-57087,2024-08-08 17:09:05,페달
SPB-38313,2024-08-08 17:10:08,기타 
SPB-47651,2024-08-08 17:11:51,체인
SPB-42564,2024-08-08 17:13:56,기타 
SPB-48182,2024-08-08 17:14:29,페달
SPB-54283,2024-08-08 17:15:58,페달
SPB-39118,2024-08-08 17:16:59,체인
SPB-54230,2024-08-08 17:17:29,기타 
SPB-42790,2024-08-08 17:17:45,체인
SPB-55838,2024-08-08 17:19:32,체인
SPB-45911,2024-08-08 17:20:46,안장
SPB-64284,2024-08-08 17:21:20,타이어 
SPB-41175,2024-08-08 17:23:44,체인
SPB-41610,2024-08-08 17:24:27,타이어 
SPB-35333,2024-08-08 17:25:44,기타 
SPB-65484,2024-08-08 17:25:47,타이어 
SPB-34683,2024-08-08 17:27:47,타이어 
SPB-38503,2024-08-08 17:27:56,타이어 
SPB-55497,2024-08-08 17:29:39,단말기
SPB-57167,2024-08-08 17:31:16,단말기
SPB-33329,2024-08-08 17:31:44,체인
SPB-69556,2024-08-08 17:34:49,안장
SPB-35991,2024-08-08 17:35:43,타이어 
SPB-40781,2024-08-08 17:37:21,체인
SPB-49120,2024-08-08 17:41:01,타이어 
SPB-64918,2024-08-08 17:41:55,타이어 
SPB-41655,2024-08-08 17:42:31,기타 
SPB-48549,2024-08-08 17:43:09,타이어 
SPB-54284,2024-08-08 17:44:56,체인
SPB-48298,2024-08-08 17:45:39,단말기
SPB-60057,2024-08-08 17:45:49,페달
SPB-43821,2024-08-08 17:48:26,체인
SPB-45799,2024-08-08 17:49:49,타이어 
SPB-31396,2024-08-08 17:50:15,타이어 
SPB-32560,2024-08-08 17:51:02,타이어 
SPB-52100,2024-08-08 17:53:48,타이어 
SPB-42461,2024-08-08 17:55:52,안장
SPB-60509,2024-08-08 17:58:33,기타 
SPB-37461,2024-08-08 17:59:36,페달
SPB-53711,2024-08-08 17:59:51,안장
SPB-58759,2024-08-08 18:05:26,타이어 
SPB-31365,2024-08-08 18:06:29,체인
SPB-44009,2024-08-08 18:08:03,타이어 
SPB-51952,2024-08-08 18:08:27,기타 
SPB-83949,2024-08-08 18:10:27,타이어 
SPB-53745,2024-08-08 18:10:33,타이어 
SPB-55063,2024-08-08 18:11:33,페달
SPB-36097,2024-08-08 18:11:41,페달
SPB-44977,2024-08-08 18:11:59,체인
SPB-61952,2024-08-08 18:13:11,체인
SPB-44307,2024-08-08 18:13:12,타이어 
SPB-35154,2024-08-08 18:13:18,체인
SPB-41227,2024-08-08 18:14:34,체인
SPB-65735,2024-08-08 18:14:41,페달
SPB-55107,2024-08-08 18:17:57,단말기
SPB-58109,2024-08-08 18:18:10,기타 
SPB-69563,2024-08-08 18:20:02,단말기
SPB-44463,2024-08-08 18:20:42,체인
SPB-68817,2024-08-08 18:20:48,타이어 
SPB-66908,2024-08-08 18:22:03,타이어 
SPB-53777,2024-08-08 18:22:31,타이어 
SPB-47992,2024-08-08 18:22:42,페달
SPB-55022,2024-08-08 18:22:56,기타 
SPB-40148,2024-08-08 18:23:02,페달
SPB-53225,2024-08-08 18:23:37,타이어 
SPB-46351,2024-08-08 18:23:55,타이어 
SPB-65991,2024-08-08 18:23:59,체인
SPB-48305,2024-08-08 18:24:28,타이어 
SPB-54133,2024-08-08 18:25:01,안장
SPB-69902,2024-08-08 18:25:07,안장
SPB-56356,2024-08-08 18:25:14,페달
SPB-84132,2024-08-08 18:26:48,기타 
SPB-65194,2024-08-08 18:26:59,타이어 
SPB-38864,2024-08-08 18:27:24,안장
SPB-65896,2024-08-08 18:27:26,체인
SPB-31912,2024-08-08 18:27:36,기타 
SPB-58161,2024-08-08 18:28:23,기타 
SPB-46392,2024-08-08 18:29:28,단말기
SPB-33718,2024-08-08 18:29:30,체인
SPB-58302,2024-08-08 18:29:44,페달
SPB-33953,2024-08-08 18:30:38,체인
SPB-48811,2024-08-08 18:30:46,기타 
SPB-67641,2024-08-08 18:30:53,체인
SPB-46306,2024-08-08 18:31:36,체인
SPB-56288,2024-08-08 18:32:06,기타 
SPB-42919,2024-08-08 18:32:45,체인
SPB-43560,2024-08-08 18:33:25,타이어 
SPB-44145,2024-08-08 18:33:46,안장
SPB-59996,2024-08-08 18:34:16,타이어 
SPB-42358,2024-08-08 18:34:25,체인
SPB-57799,2024-08-08 18:36:09,페달
SPB-51714,2024-08-08 18:37:59,타이어 
SPB-53319,2024-08-08 18:39:24,기타 
SPB-42745,2024-08-08 18:40:28,타이어 
SPB-30821,2024-08-08 18:41:04,타이어 
SPB-54982,2024-08-08 18:41:22,타이어 
SPB-82285,2024-08-08 18:41:26,타이어 
SPB-50756,2024-08-08 18:41:52,체인
SPB-62384,2024-08-08 18:43:04,타이어 
SPB-35423,2024-08-08 18:43:33,체인
SPB-61434,2024-08-08 18:46:26,페달
SPB-30166,2024-08-08 18:46:41,타이어 
SPB-38508,2024-08-08 18:47:23,체인
SPB-48928,2024-08-08 18:47:41,체인
SPB-52403,2024-08-08 18:47:43,기타 
SPB-55050,2024-08-08 18:48:02,기타 
SPB-51859,2024-08-08 18:48:22,기타 
SPB-50436,2024-08-08 18:48:43,타이어 
SPB-52538,2024-08-08 18:48:44,안장
SPB-66864,2024-08-08 18:48:51,기타 
SPB-57490,2024-08-08 18:49:15,안장
SPB-63093,2024-08-08 18:53:04,타이어 
SPB-57787,2024-08-08 18:53:21,타이어 
SPB-32837,2024-08-08 18:53:26,페달
SPB-42838,2024-08-08 18:54:25,페달
SPB-49345,2024-08-08 18:54:29,페달
SPB-35748,2024-08-08 18:55:05,타이어 
SPB-34097,2024-08-08 18:55:40,타이어 
SPB-51712,2024-08-08 18:56:08,타이어 
SPB-60468,2024-08-08 18:56:10,타이어 
SPB-40253,2024-08-08 18:57:49,기타 
SPB-46494,2024-08-08 18:58:44,페달
SPB-47249,2024-08-08 19:00:35,체인
SPB-81792,2024-08-08 19:02:13,기타 
SPB-50260,2024-08-08 19:03:46,안장
SPB-53643,2024-08-08 19:04:01,체인
SPB-80947,2024-08-08 19:04:17,타이어 
SPB-65025,2024-08-08 19:05:01,기타 
SPB-50944,2024-08-08 19:05:23,체인
SPB-42804,2024-08-08 19:06:28,체인
SPB-60456,2024-08-08 19:07:13,타이어 
SPB-51788,2024-08-08 19:07:59,체인
SPB-67805,2024-08-08 19:08:00,타이어 
SPB-66999,2024-08-08 19:08:43,기타 
SPB-58764,2024-08-08 19:09:02,안장
SPB-38262,2024-08-08 19:09:18,안장
SPB-36495,2024-08-08 19:09:38,체인
SPB-30671,2024-08-08 19:12:22,기타 
SPB-63967,2024-08-08 19:13:07,단말기
SPB-60639,2024-08-08 19:14:27,안장
SPB-70471,2024-08-08 19:15:12,타이어 
SPB-50951,2024-08-08 19:16:25,타이어 
SPB-30202,2024-08-08 19:16:43,체인
SPB-40797,2024-08-08 19:17:05,체인
SPB-42602,2024-08-08 19:17:12,단말기
SPB-55738,2024-08-08 19:17:15,체인
SPB-36888,2024-08-08 19:19:53,기타 
SPB-69804,2024-08-08 19:20:56,안장
SPB-83107,2024-08-08 19:21:34,단말기
SPB-48707,2024-08-08 19:23:15,페달
SPB-55369,2024-08-08 19:24:48,페달
SPB-61756,2024-08-08 19:25:00,타이어 
SPB-44526,2024-08-08 19:26:28,체인
SPB-33178,2024-08-08 19:27:46,페달
SPB-53761,2024-08-08 19:27:48,안장
SPB-57185,2024-08-08 19:28:15,페달
SPB-39715,2024-08-08 19:28:37,체인
SPB-45553,2024-08-08 19:32:01,타이어 
SPB-42098,2024-08-08 19:32:55,페달
SPB-47614,2024-08-08 19:37:29,안장
SPB-42723,2024-08-08 19:38:44,타이어 
SPB-80804,2024-08-08 19:38:48,타이어 
SPB-50831,2024-08-08 19:39:05,체인
SPB-46840,2024-08-08 19:42:20,안장
SPB-59856,2024-08-08 19:43:07,기타 
SPB-58559,2024-08-08 19:49:25,타이어 
SPB-67085,2024-08-08 19:49:50,타이어 
SPB-40241,2024-08-08 19:51:25,페달
SPB-53915,2024-08-08 19:52:47,안장
SPB-68667,2024-08-08 19:53:19,타이어 
SPB-52821,2024-08-08 19:53:28,페달
SPB-45635,2024-08-08 19:53:36,체인
SPB-52225,2024-08-08 19:54:17,안장
SPB-43954,2024-08-08 19:54:22,기타 
SPB-62534,2024-08-08 19:55:02,체인
SPB-37590,2024-08-08 19:57:29,안장
SPB-54718,2024-08-08 20:03:49,기타 
SPB-69826,2024-08-08 20:03:51,체인
SPB-46565,2024-08-08 20:05:30,기타 
SPB-62747,2024-08-08 20:05:36,타이어 
SPB-80125,2024-08-08 20:10:19,단말기
SPB-30803,2024-08-08 20:12:54,안장
SPB-47331,2024-08-08 20:13:27,안장
SPB-57138,2024-08-08 20:14:56,안장
SPB-57914,2024-08-08 20:15:54,페달
SPB-58903,2024-08-08 20:19:23,체인
SPB-37117,2024-08-08 20:19:25,페달
SPB-51915,2024-08-08 20:21:14,타이어 
SPB-46870,2024-08-08 20:22:59,체인
SPB-31532,2024-08-08 20:24:41,기타 
SPB-31090,2024-08-08 20:25:01,기타 
SPB-63093,2024-08-08 20:26:13,타이어 
SPB-32898,2024-08-08 20:27:52,기타 
SPB-31508,2024-08-08 20:28:50,체인
SPB-65523,2024-08-08 20:31:37,타이어 
SPB-69230,2024-08-08 20:34:07,타이어 
SPB-64774,2024-08-08 20:35:03,안장
SPB-48625,2024-08-08 20:35:37,타이어 
SPB-55740,2024-08-08 20:40:02,안장
SPB-54212,2024-08-08 20:40:17,체인
SPB-38761,2024-08-08 20:42:39,타이어 
SPB-48663,2024-08-08 20:43:37,타이어 
SPB-43938,2024-08-08 20:44:19,안장
SPB-48398,2024-08-08 20:48:14,안장
SPB-44038,2024-08-08 20:48:51,안장
SPB-53677,2024-08-08 20:51:41,타이어 
SPB-48994,2024-08-08 20:52:48,기타 
SPB-36659,2024-08-08 20:52:57,단말기
SPB-55977,2024-08-08 20:56:16,타이어 
SPB-57155,2024-08-08 20:58:57,단말기
SPB-58285,2024-08-08 21:01:40,페달
SPB-44661,2024-08-08 21:03:05,체인
SPB-31972,2024-08-08 21:06:54,체인
SPB-65773,2024-08-08 21:07:33,체인
SPB-56384,2024-08-08 21:09:52,안장
SPB-32291,2024-08-08 21:13:51,타이어 
SPB-31123,2024-08-08 21:16:26,페달
SPB-39268,2024-08-08 21:22:07,페달
SPB-49141,2024-08-08 21:24:39,페달
SPB-30824,2024-08-08 21:28:10,타이어 
SPB-39387,2024-08-08 21:31:33,체인
SPB-47543,2024-08-08 21:32:42,안장
SPB-58488,2024-08-08 21:38:44,기타 
SPB-58534,2024-08-08 21:40:27,페달
SPB-52389,2024-08-08 21:42:22,페달
SPB-35130,2024-08-08 21:42:44,타이어 
SPB-38475,2024-08-08 21:42:45,체인
SPB-65041,2024-08-08 21:45:34,타이어 
SPB-36016,2024-08-08 21:46:49,기타 
SPB-41060,2024-08-08 21:46:55,기타 
SPB-50773,2024-08-08 21:47:18,체인
SPB-52342,2024-08-08 21:48:38,타이어 
SPB-48144,2024-08-08 21:49:45,안장
SPB-64320,2024-08-08 21:51:47,체인
SPB-59112,2024-08-08 21:54:36,기타 
SPB-63212,2024-08-08 21:56:13,체인
SPB-34477,2024-08-08 21:56:14,페달
SPB-44293,2024-08-08 21:59:08,체인
SPB-69945,2024-08-08 22:04:33,페달
SPB-58217,2024-08-08 22:04:39,체인
SPB-54328,2024-08-08 22:05:00,체인
SPB-69275,2024-08-08 22:06:40,단말기
SPB-66767,2024-08-08 22:06:45,타이어 
SPB-38885,2024-08-08 22:07:07,체인
SPB-65451,2024-08-08 22:10:41,타이어 
SPB-69799,2024-08-08 22:11:06,페달
SPB-65250,2024-08-08 22:13:54,타이어 
SPB-57807,2024-08-08 22:15:55,페달
SPB-45729,2024-08-08 22:16:30,페달
SPB-61506,2024-08-08 22:16:32,기타 
SPB-53631,2024-08-08 22:19:18,안장
SPB-33019,2024-08-08 22:22:31,체인
SPB-57954,2024-08-08 22:25:25,타이어 
SPB-38983,2024-08-08 22:25:44,페달
SPB-66333,2024-08-08 22:28:37,체인
SPB-30320,2024-08-08 22:36:16,기타 
SPB-69047,2024-08-08 22:36:17,기타 
SPB-60467,2024-08-08 22:36:44,기타 
SPB-64722,2024-08-08 22:39:08,단말기
SPB-34853,2024-08-08 22:42:55,타이어 
SPB-67070,2024-08-08 22:47:17,기타 
SPB-64903,2024-08-08 22:47:33,타이어 
SPB-48477,2024-08-08 22:50:28,안장
SPB-64396,2024-08-08 22:50:57,타이어 
SPB-44105,2024-08-08 22:51:08,체인
SPB-48064,2024-08-08 22:51:08,체인
SPB-45269,2024-08-08 22:54:45,체인
SPB-69717,2024-08-08 22:58:05,체인
SPB-47187,2024-08-08 23:04:12,기타 
SPB-68546,2024-08-08 23:05:26,타이어 
SPB-56834,2024-08-08 23:08:13,타이어 
SPB-31155,2024-08-08 23:09:35,타이어 
SPB-51589,2024-08-08 23:13:57,기타 
SPB-42494,2024-08-08 23:16:53,단말기
SPB-51989,2024-08-08 23:18:04,단말기
SPB-40378,2024-08-08 23:18:49,체인
SPB-50415,2024-08-08 23:22:58,기타 
SPB-54709,2024-08-08 23:23:49,페달
SPB-44238,2024-08-08 23:26:00,안장
SPB-45171,2024-08-08 23:28:39,기타 
SPB-69266,2024-08-08 23:39:32,타이어 
SPB-47116,2024-08-08 23:45:48,기타 
SPB-40425,2024-08-08 23:49:19,기타 
SPB-47832,2024-08-08 23:56:47,체인
SPB-46846,2024-08-08 23:57:31,안장
SPB-38052,2024-08-08 23:58:19,체인
SPB-36335,2024-08-08 23:58:36,타이어 
SPB-69042,2024-08-08 23:59:35,타이어 
SPB-44731,2024-08-09 00:01:36,안장
SPB-66482,2024-08-09 00:03:06,기타 
SPB-65671,2024-08-09 00:06:03,체인
SPB-69417,2024-08-09 00:11:57,체인
SPB-68664,2024-08-09 00:19:11,타이어 
SPB-40296,2024-08-09 00:47:11,체인
SPB-43043,2024-08-09 01:01:25,체인
SPB-50230,2024-08-09 01:02:22,안장
SPB-46122,2024-08-09 01:13:18,타이어 
SPB-58506,2024-08-09 01:17:49,페달
SPB-60775,2024-08-09 01:33:19,안장
SPB-40204,2024-08-09 01:42:42,체인
SPB-52601,2024-08-09 01:47:49,페달
SPB-63729,2024-08-09 02:36:56,타이어 
SPB-60503,2024-08-09 04:42:02,안장
SPB-64131,2024-08-09 05:39:31,기타 
SPB-65578,2024-08-09 05:43:36,체인
SPB-66643,2024-08-09 05:44:43,타이어 
SPB-61804,2024-08-09 05:46:38,안장
SPB-39560,2024-08-09 05:49:17,안장
SPB-46464,2024-08-09 05:52:43,기타 
SPB-69524,2024-08-09 06:23:58,기타 
SPB-65211,2024-08-09 06:34:09,기타 
SPB-36377,2024-08-09 06:46:52,체인
SPB-51908,2024-08-09 06:56:56,안장
SPB-51650,2024-08-09 06:58:42,체인
SPB-66570,2024-08-09 06:59:42,타이어 
SPB-42062,2024-08-09 07:07:06,기타 
SPB-46707,2024-08-09 07:11:12,체인
SPB-64264,2024-08-09 07:11:27,체인
SPB-31565,2024-08-09 07:11:30,타이어 
SPB-66321,2024-08-09 07:12:00,안장
SPB-34405,2024-08-09 07:13:47,기타 
SPB-65870,2024-08-09 07:14:39,타이어 
SPB-64916,2024-08-09 07:18:44,타이어 
SPB-35199,2024-08-09 07:35:05,기타 
SPB-54334,2024-08-09 07:35:55,페달
SPB-54533,2024-08-09 07:38:55,단말기
SPB-53201,2024-08-09 07:39:28,타이어 
SPB-57212,2024-08-09 07:46:43,체인
SPB-45785,2024-08-09 07:47:10,체인
SPB-48400,2024-08-09 07:47:55,체인
SPB-59626,2024-08-09 07:49:06,기타 
SPB-36232,2024-08-09 07:52:25,기타 
SPB-51370,2024-08-09 07:52:34,타이어 
SPB-44211,2024-08-09 07:52:50,타이어 
SPB-55545,2024-08-09 07:54:59,타이어 
SPB-44592,2024-08-09 07:57:08,체인
SPB-65003,2024-08-09 07:59:02,타이어 
SPB-42410,2024-08-09 07:59:19,타이어 
SPB-70385,2024-08-09 08:02:13,체인
SPB-64097,2024-08-09 08:02:49,타이어 
SPB-65006,2024-08-09 08:03:36,기타 
SPB-51330,2024-08-09 08:05:06,타이어 
SPB-30154,2024-08-09 08:05:42,기타 
SPB-51391,2024-08-09 08:05:56,타이어 
SPB-31153,2024-08-09 08:07:12,단말기
SPB-61957,2024-08-09 08:07:28,기타 
SPB-34378,2024-08-09 08:07:46,기타 
SPB-58569,2024-08-09 08:08:49,기타 
SPB-38515,2024-08-09 08:11:39,체인
SPB-60902,2024-08-09 08:14:52,타이어 
SPB-47940,2024-08-09 08:15:03,타이어 
SPB-62634,2024-08-09 08:16:23,체인
SPB-36127,2024-08-09 08:17:32,안장
SPB-38070,2024-08-09 08:18:36,기타 
SPB-60278,2024-08-09 08:19:51,체인
SPB-40754,2024-08-09 08:20:30,안장
SPB-44821,2024-08-09 08:21:42,안장
SPB-61527,2024-08-09 08:23:22,체인
SPB-47673,2024-08-09 08:23:37,기타 
SPB-44279,2024-08-09 08:23:41,안장
SPB-47493,2024-08-09 08:26:28,안장
SPB-64240,2024-08-09 08:26:58,페달
SPB-47252,2024-08-09 08:27:21,안장
SPB-50490,2024-08-09 08:27:57,체인
SPB-46013,2024-08-09 08:28:15,체인
SPB-59542,2024-08-09 08:28:31,기타 
SPB-64265,2024-08-09 08:30:21,타이어 
SPB-50222,2024-08-09 08:30:27,타이어 
SPB-53106,2024-08-09 08:31:54,체인
SPB-56448,2024-08-09 08:35:16,페달
SPB-49177,2024-08-09 08:36:02,페달
SPB-37830,2024-08-09 08:36:07,타이어 
SPB-50051,2024-08-09 08:37:41,타이어 
SPB-57275,2024-08-09 08:38:15,기타 
SPB-70332,2024-08-09 08:39:00,단말기
SPB-59577,2024-08-09 08:39:14,페달
SPB-64509,2024-08-09 08:39:47,안장
SPB-38698,2024-08-09 08:43:33,타이어 
SPB-70063,2024-08-09 08:44:17,타이어 
SPB-60872,2024-08-09 08:44:21,기타 
SPB-61144,2024-08-09 08:44:43,타이어 
SPB-48580,2024-08-09 08:45:19,단말기
SPB-51817,2024-08-09 08:45:54,안장
SPB-32749,2024-08-09 08:46:46,기타 
SPB-48519,2024-08-09 08:47:12,페달
SPB-60609,2024-08-09 08:51:14,기타 
SPB-61037,2024-08-09 08:52:23,체인
SPB-49112,2024-08-09 08:52:23,기타 
SPB-67141,2024-08-09 08:52:43,페달
SPB-52362,2024-08-09 08:55:06,타이어 
SPB-47965,2024-08-09 08:56:25,타이어 
SPB-33902,2024-08-09 08:56:58,체인
SPB-31298,2024-08-09 08:58:24,타이어 
SPB-66391,2024-08-09 08:59:15,타이어 
SPB-49177,2024-08-09 09:00:15,페달
SPB-66269,2024-08-09 09:01:06,타이어 
SPB-52922,2024-08-09 09:01:50,안장
SPB-44776,2024-08-09 09:01:54,체인
SPB-38088,2024-08-09 09:02:13,체인
SPB-47845,2024-08-09 09:02:29,타이어 
SPB-48872,2024-08-09 09:05:45,타이어 
SPB-56529,2024-08-09 09:08:27,단말기
SPB-33877,2024-08-09 09:13:23,타이어 
SPB-54596,2024-08-09 09:16:52,타이어 
SPB-59140,2024-08-09 09:17:12,페달
SPB-68355,2024-08-09 09:18:20,기타 
SPB-60997,2024-08-09 09:18:55,타이어 
SPB-35142,2024-08-09 09:20:29,타이어 
SPB-54159,2024-08-09 09:27:35,안장
SPB-69922,2024-08-09 09:31:42,체인
SPB-54727,2024-08-09 09:36:01,기타 
SPB-39620,2024-08-09 09:36:08,안장
SPB-64115,2024-08-09 09:36:33,안장
SPB-34350,2024-08-09 09:42:05,체인
SPB-50045,2024-08-09 09:42:27,체인
SPB-67837,2024-08-09 09:45:53,타이어 
SPB-52205,2024-08-09 09:47:39,페달
SPB-57737,2024-08-09 09:56:32,타이어 
SPB-63212,2024-08-09 09:56:37,체인
SPB-65499,2024-08-09 09:56:55,체인
SPB-63030,2024-08-09 09:57:38,타이어 
SPB-60551,2024-08-09 10:00:41,타이어 
SPB-56816,2024-08-09 10:02:30,기타 
SPB-40024,2024-08-09 10:02:50,체인
SPB-32833,2024-08-09 10:08:02,체인
SPB-65120,2024-08-09 10:10:45,기타 
SPB-38898,2024-08-09 10:13:31,체인
SPB-60933,2024-08-09 10:21:08,체인
SPB-43385,2024-08-09 10:23:30,안장
SPB-45470,2024-08-09 10:38:51,체인
SPB-30848,2024-08-09 10:39:31,타이어 
SPB-31047,2024-08-09 10:40:46,페달
SPB-69195,2024-08-09 10:48:00,기타 
SPB-51002,2024-08-09 10:53:57,타이어 
SPB-56239,2024-08-09 10:54:15,기타 
SPB-40856,2024-08-09 10:56:49,단말기
SPB-41654,2024-08-09 11:14:24,안장
SPB-49531,2024-08-09 11:20:16,페달
SPB-53370,2024-08-09 11:22:56,타이어 
SPB-35228,2024-08-09 11:24:16,안장
SPB-42994,2024-08-09 11:29:57,페달
SPB-32001,2024-08-09 11:32:51,타이어 
SPB-63743,2024-08-09 11:33:40,타이어 
SPB-32499,2024-08-09 11:38:42,타이어 
SPB-41196,2024-08-09 11:47:45,안장
SPB-30863,2024-08-09 11:54:10,페달
SPB-58665,2024-08-09 11:54:36,타이어 
SPB-39329,2024-08-09 11:59:40,타이어 
SPB-64468,2024-08-09 12:03:18,안장
SPB-30363,2024-08-09 12:05:20,타이어 
SPB-57512,2024-08-09 12:06:42,체인
SPB-59401,2024-08-09 12:08:33,타이어 
SPB-69488,2024-08-09 12:10:25,단말기
SPB-62946,2024-08-09 12:10:47,단말기
SPB-35046,2024-08-09 12:15:49,타이어 
SPB-31704,2024-08-09 12:21:35,페달
SPB-70372,2024-08-09 12:21:53,페달
SPB-69994,2024-08-09 12:25:30,체인
SPB-42324,2024-08-09 12:38:39,안장
SPB-64305,2024-08-09 12:39:23,기타 
SPB-58287,2024-08-09 12:44:13,페달
SPB-69902,2024-08-09 12:46:02,안장
SPB-50523,2024-08-09 12:49:39,기타 
SPB-54207,2024-08-09 12:50:33,기타 
SPB-62153,2024-08-09 12:52:00,체인
SPB-65938,2024-08-09 12:52:33,타이어 
SPB-66113,2024-08-09 13:07:14,타이어 
SPB-66970,2024-08-09 13:08:26,기타 
SPB-31704,2024-08-09 13:08:43,페달
SPB-44717,2024-08-09 13:11:35,기타 
SPB-42804,2024-08-09 13:14:30,체인
SPB-58684,2024-08-09 13:20:46,체인
SPB-32772,2024-08-09 13:21:54,체인
SPB-34763,2024-08-09 13:23:59,기타 
SPB-52566,2024-08-09 13:24:16,페달
SPB-63339,2024-08-09 13:25:10,타이어 
SPB-46582,2024-08-09 13:34:58,단말기
SPB-58807,2024-08-09 13:35:34,안장
SPB-65422,2024-08-09 13:38:14,단말기
SPB-64052,2024-08-09 13:43:30,체인
SPB-56646,2024-08-09 13:55:06,페달
SPB-46486,2024-08-09 13:56:30,안장
SPB-81023,2024-08-09 13:57:03,타이어 
SPB-54524,2024-08-09 14:01:32,기타 
SPB-30841,2024-08-09 14:05:56,체인
SPB-65078,2024-08-09 14:08:56,기타 
SPB-68750,2024-08-09 14:14:48,단말기
SPB-67673,2024-08-09 14:18:08,안장
SPB-46191,2024-08-09 14:28:02,안장
SPB-47492,2024-08-09 14:39:38,체인
SPB-48973,2024-08-09 14:46:28,타이어 
SPB-58146,2024-08-09 14:48:03,페달
SPB-37766,2024-08-09 14:58:57,타이어 
SPB-81435,2024-08-09 15:00:12,체인
SPB-67241,2024-08-09 15:05:23,체인
SPB-66786,2024-08-09 15:09:06,타이어 
SPB-35382,2024-08-09 15:13:14,기타 
SPB-63308,2024-08-09 15:19:21,타이어 
SPB-60908,2024-08-09 15:26:25,체인
SPB-43199,2024-08-09 15:32:31,체인
SPB-49193,2024-08-09 15:34:47,기타 
SPB-41772,2024-08-09 15:35:41,타이어 
SPB-69878,2024-08-09 15:38:45,체인
SPB-44270,2024-08-09 15:51:26,체인
SPB-66803,2024-08-09 15:51:56,안장
SPB-47274,2024-08-09 15:59:47,체인
SPB-31824,2024-08-09 16:11:43,기타 
SPB-53891,2024-08-09 16:11:51,타이어 
SPB-57770,2024-08-09 16:12:55,타이어 
SPB-67661,2024-08-09 16:14:59,타이어 
SPB-67663,2024-08-09 16:15:13,기타 
SPB-45038,2024-08-09 16:18:13,타이어 
SPB-55084,2024-08-09 16:18:27,타이어 
SPB-43615,2024-08-09 16:22:16,타이어 
SPB-54262,2024-08-09 16:24:02,기타 
SPB-64544,2024-08-09 16:26:56,단말기
SPB-59246,2024-08-09 16:27:33,타이어 
SPB-59845,2024-08-09 16:27:56,페달
SPB-59855,2024-08-09 16:29:21,타이어 
SPB-41914,2024-08-09 16:43:18,체인
SPB-51433,2024-08-09 16:43:38,안장
SPB-54527,2024-08-09 16:49:59,타이어 
SPB-39646,2024-08-09 16:50:54,타이어 
SPB-46098,2024-08-09 16:54:11,안장
SPB-41827,2024-08-09 16:56:30,기타 
SPB-49486,2024-08-09 16:57:33,타이어 
SPB-59657,2024-08-09 17:02:27,타이어 
SPB-32217,2024-08-09 17:05:18,페달
SPB-42667,2024-08-09 17:12:14,체인
SPB-31427,2024-08-09 17:13:57,안장
SPB-32865,2024-08-09 17:16:28,타이어 
SPB-59252,2024-08-09 17:18:03,페달
SPB-37555,2024-08-09 17:19:11,페달
SPB-51040,2024-08-09 17:21:16,타이어 
SPB-48833,2024-08-09 17:22:50,페달
SPB-39047,2024-08-09 17:23:59,기타 
SPB-64385,2024-08-09 17:24:12,안장
SPB-58040,2024-08-09 17:25:25,기타 
SPB-42187,2024-08-09 17:30:57,단말기
SPB-59334,2024-08-09 17:31:21,단말기
SPB-50685,2024-08-09 17:31:49,기타 
SPB-42725,2024-08-09 17:32:43,타이어 
SPB-39793,2024-08-09 17:33:40,타이어 
SPB-66182,2024-08-09 17:34:00,타이어 
SPB-39048,2024-08-09 17:34:57,안장
SPB-62514,2024-08-09 17:37:06,기타 
SPB-42820,2024-08-09 17:37:28,안장
SPB-67860,2024-08-09 17:39:34,체인
SPB-67421,2024-08-09 17:40:06,타이어 
SPB-52705,2024-08-09 17:41:48,페달
SPB-33731,2024-08-09 17:42:23,타이어 
SPB-53443,2024-08-09 17:42:48,단말기
SPB-31626,2024-08-09 17:43:12,기타 
SPB-61724,2024-08-09 17:44:18,안장
SPB-57737,2024-08-09 17:45:17,타이어 
SPB-56692,2024-08-09 17:46:25,기타 
SPB-69871,2024-08-09 17:46:53,페달
SPB-65513,2024-08-09 17:48:17,기타 
SPB-65853,2024-08-09 17:48:41,타이어 
SPB-36304,2024-08-09 17:55:47,페달
SPB-66066,2024-08-09 17:56:35,체인
SPB-47962,2024-08-09 17:57:42,기타 
SPB-67385,2024-08-09 17:58:04,체인
SPB-43110,2024-08-09 17:59:13,기타 
SPB-38652,2024-08-09 17:59:43,안장
SPB-65668,2024-08-09 17:59:48,페달
SPB-44562,2024-08-09 18:03:01,체인
SPB-52615,2024-08-09 18:08:33,페달
SPB-69893,2024-08-09 18:10:11,체인
SPB-44398,2024-08-09 18:10:52,체인
SPB-58447,2024-08-09 18:10:54,타이어 
SPB-38552,2024-08-09 18:11:55,타이어 
SPB-52433,2024-08-09 18:12:55,기타 
SPB-32503,2024-08-09 18:13:04,체인
SPB-64870,2024-08-09 18:15:55,안장
SPB-68128,2024-08-09 18:17:15,타이어 
SPB-60019,2024-08-09 18:17:52,기타 
SPB-32037,2024-08-09 18:18:18,타이어 
SPB-47942,2024-08-09 18:19:07,체인
SPB-37166,2024-08-09 18:20:20,타이어 
SPB-44307,2024-08-09 18:23:16,체인
SPB-54048,2024-08-09 18:23:27,기타 
SPB-67827,2024-08-09 18:23:51,페달
SPB-48931,2024-08-09 18:24:21,단말기
SPB-50503,2024-08-09 18:25:31,체인
SPB-54551,2024-08-09 18:25:44,체인
SPB-69752,2024-08-09 18:25:54,체인
SPB-58027,2024-08-09 18:27:42,페달
SPB-48639,2024-08-09 18:29:14,타이어 
SPB-34194,2024-08-09 18:29:16,기타 
SPB-69518,2024-08-09 18:30:00,체인
SPB-38176,2024-08-09 18:30:38,체인
SPB-60249,2024-08-09 18:31:37,기타 
SPB-68173,2024-08-09 18:32:00,기타 
SPB-65105,2024-08-09 18:32:03,안장
SPB-40111,2024-08-09 18:32:17,체인
SPB-52945,2024-08-09 18:33:06,타이어 
SPB-55021,2024-08-09 18:34:19,안장
SPB-43642,2024-08-09 18:35:30,기타 
SPB-54873,2024-08-09 18:38:56,타이어 
SPB-55251,2024-08-09 18:40:15,타이어 
SPB-65047,2024-08-09 18:41:44,타이어 
SPB-52981,2024-08-09 18:43:27,타이어 
SPB-53539,2024-08-09 18:43:35,페달
SPB-41220,2024-08-09 18:47:22,기타 
SPB-46897,2024-08-09 18:48:36,타이어 
SPB-57061,2024-08-09 18:53:49,페달
SPB-38777,2024-08-09 18:54:58,페달
SPB-53416,2024-08-09 18:55:14,체인
SPB-57708,2024-08-09 18:57:02,타이어 
SPB-59473,2024-08-09 18:58:46,타이어 
SPB-39654,2024-08-09 18:59:51,기타 
SPB-60529,2024-08-09 19:02:41,안장
SPB-50664,2024-08-09 19:04:02,기타 
SPB-47956,2024-08-09 19:05:14,페달
SPB-62761,2024-08-09 19:05:25,안장
SPB-50973,2024-08-09 19:11:57,타이어 
SPB-48666,2024-08-09 19:12:34,타이어 
SPB-60167,2024-08-09 19:13:21,타이어 
SPB-51202,2024-08-09 19:14:40,기타 
SPB-57421,2024-08-09 19:15:30,체인
SPB-56110,2024-08-09 19:15:57,타이어 
SPB-69251,2024-08-09 19:17:31,페달
SPB-45645,2024-08-09 19:18:06,체인
SPB-50907,2024-08-09 19:26:32,타이어 
SPB-42804,2024-08-09 19:27:30,체인
SPB-48569,2024-08-09 19:30:09,타이어 
SPB-53208,2024-08-09 19:30:23,체인
SPB-67458,2024-08-09 19:33:27,안장
SPB-45563,2024-08-09 19:35:19,페달
SPB-38111,2024-08-09 19:38:32,체인
SPB-57207,2024-08-09 19:41:54,타이어 
SPB-44680,2024-08-09 19:43:13,안장
SPB-41787,2024-08-09 19:46:46,타이어 
SPB-39801,2024-08-09 19:50:56,기타 
SPB-55737,2024-08-09 19:51:12,기타 
SPB-45066,2024-08-09 19:52:28,안장
SPB-57298,2024-08-09 19:58:14,안장
SPB-37086,2024-08-09 19:58:44,타이어 
SPB-48037,2024-08-09 19:59:53,체인
SPB-34058,2024-08-09 20:01:09,타이어 
SPB-44251,2024-08-09 20:03:58,체인
SPB-41264,2024-08-09 20:06:16,체인
SPB-58676,2024-08-09 20:06:30,기타 
SPB-64484,2024-08-09 20:06:37,안장
SPB-37264,2024-08-09 20:06:49,페달
SPB-41363,2024-08-09 20:08:36,기타 
SPB-66062,2024-08-09 20:09:45,기타 
SPB-39916,2024-08-09 20:10:32,기타 
SPB-65960,2024-08-09 20:11:11,타이어 
SPB-68037,2024-08-09 20:13:07,체인
SPB-60447,2024-08-09 20:13:43,타이어 
SPB-48570,2024-08-09 20:16:00,페달
SPB-33260,2024-08-09 20:16:32,타이어 
SPB-59637,2024-08-09 20:17:44,타이어 
SPB-66034,2024-08-09 20:20:09,기타 
SPB-63687,2024-08-09 20:22:09,체인
SPB-42721,2024-08-09 20:24:07,기타 
SPB-48166,2024-08-09 20:25:23,타이어 
SPB-62883,2024-08-09 20:35:18,페달
SPB-48715,2024-08-09 20:35:42,페달
SPB-69852,2024-08-09 20:36:02,체인
SPB-49408,2024-08-09 20:37:25,페달
SPB-67088,2024-08-09 20:37:44,단말기
SPB-66896,2024-08-09 20:38:52,체인
SPB-54871,2024-08-09 20:39:29,단말기
SPB-46902,2024-08-09 20:40:01,타이어 
SPB-45489,2024-08-09 20:40:34,체인
SPB-55327,2024-08-09 20:41:30,기타 
SPB-50642,2024-08-09 20:42:23,안장
SPB-48085,2024-08-09 20:42:33,안장
SPB-53996,2024-08-09 20:43:29,페달
SPB-31440,2024-08-09 20:45:22,기타 
SPB-31837,2024-08-09 20:48:55,기타 
SPB-57512,2024-08-09 20:49:52,타이어 
SPB-63838,2024-08-09 20:52:07,기타 
SPB-43550,2024-08-09 20:54:24,타이어 
SPB-69206,2024-08-09 20:55:13,타이어 
SPB-38140,2024-08-09 20:59:05,기타 
SPB-63322,2024-08-09 21:10:39,체인
SPB-38723,2024-08-09 21:12:13,체인
SPB-67241,2024-08-09 21:12:46,체인
SPB-51168,2024-08-09 21:12:53,체인
SPB-43055,2024-08-09 21:13:17,기타 
SPB-47751,2024-08-09 21:18:35,타이어 
SPB-51838,2024-08-09 21:20:47,체인
SPB-35074,2024-08-09 21:21:57,페달
SPB-47001,2024-08-09 21:23:40,안장
SPB-61600,2024-08-09 21:25:42,안장
SPB-45017,2024-08-09 21:26:40,체인
SPB-57887,2024-08-09 21:26:52,단말기
SPB-45671,2024-08-09 21:29:49,체인
SPB-44389,2024-08-09 21:32:36,페달
SPB-54540,2024-08-09 21:33:32,타이어 
SPB-43247,2024-08-09 21:39:12,기타 
SPB-68065,2024-08-09 21:39:24,체인
SPB-41883,2024-08-09 21:39:25,기타 
SPB-62276,2024-08-09 21:40:07,타이어 
SPB-31063,2024-08-09 21:46:10,기타 
SPB-58807,2024-08-09 21:47:28,안장
SPB-52573,2024-08-09 21:50:38,단말기
SPB-33142,2024-08-09 21:51:40,체인
SPB-45729,2024-08-09 21:52:26,체인
SPB-58996,2024-08-09 21:58:52,단말기
SPB-58124,2024-08-09 22:01:30,안장
SPB-61351,2024-08-09 22:02:26,체인
SPB-62865,2024-08-09 22:03:05,체인
SPB-49352,2024-08-09 22:03:54,페달
SPB-66481,2024-08-09 22:06:44,단말기
SPB-54682,2024-08-09 22:09:04,체인
SPB-66349,2024-08-09 22:09:05,타이어 
SPB-31584,2024-08-09 22:09:10,페달
SPB-30579,2024-08-09 22:13:06,안장
SPB-48482,2024-08-09 22:15:07,기타 
SPB-48137,2024-08-09 22:19:05,타이어 
SPB-38493,2024-08-09 22:20:57,기타 
SPB-55929,2024-08-09 22:24:15,타이어 
SPB-54013,2024-08-09 22:26:34,기타 
SPB-47049,2024-08-09 22:30:08,체인
SPB-51425,2024-08-09 22:32:13,단말기
SPB-34485,2024-08-09 22:38:46,기타 
SPB-82089,2024-08-09 22:40:26,안장
SPB-52972,2024-08-09 22:40:34,안장
SPB-58940,2024-08-09 22:45:12,단말기
SPB-54988,2024-08-09 22:45:53,안장
SPB-33140,2024-08-09 22:48:17,체인
SPB-49553,2024-08-09 22:51:08,기타 
SPB-54207,2024-08-09 22:54:44,안장
SPB-65476,2024-08-09 22:55:06,체인
SPB-54512,2024-08-09 22:57:39,기타 
SPB-37771,2024-08-09 22:58:13,체인
SPB-43905,2024-08-09 22:59:55,체인
SPB-35068,2024-08-09 23:01:20,기타 
SPB-69717,2024-08-09 23:07:21,체인
SPB-64540,2024-08-09 23:07:43,타이어 
SPB-38088,2024-08-09 23:08:14,기타 
SPB-59373,2024-08-09 23:15:11,기타 
SPB-40548,2024-08-09 23:30:00,안장
SPB-59324,2024-08-09 23:34:28,기타 
SPB-61318,2024-08-09 23:34:37,기타 
SPB-61549,2024-08-09 23:40:07,단말기
SPB-38759,2024-08-09 23:46:11,안장
SPB-40935,2024-08-09 23:53:08,체인
SPB-34918,2024-08-09 23:54:02,기타 
SPB-64249,2024-08-09 23:54:07,기타 
SPB-49448,2024-08-10 00:04:00,페달
SPB-33970,2024-08-10 00:05:38,기타 
SPB-65607,2024-08-10 00:23:06,타이어 
SPB-68387,2024-08-10 00:24:03,체인
SPB-65329,2024-08-10 00:26:49,기타 
SPB-82849,2024-08-10 00:27:25,기타 
SPB-46088,2024-08-10 00:34:44,체인
SPB-58206,2024-08-10 00:37:49,체인
SPB-38380,2024-08-10 00:53:13,체인
SPB-64967,2024-08-10 00:56:54,페달
SPB-47520,2024-08-10 01:04:42,타이어 
SPB-46084,2024-08-10 01:37:48,기타 
SPB-46346,2024-08-10 01:48:55,안장
SPB-49016,2024-08-10 01:54:32,체인
SPB-39991,2024-08-10 01:56:15,타이어 
SPB-60370,2024-08-10 01:57:35,체인
SPB-43382,2024-08-10 01:58:05,체인
SPB-57039,2024-08-10 01:58:26,타이어 
SPB-53529,2024-08-10 02:22:17,안장
SPB-52304,2024-08-10 02:34:15,안장
SPB-67629,2024-08-10 02:38:53,타이어 
SPB-54272,2024-08-10 02:44:30,타이어 
SPB-65641,2024-08-10 03:01:46,체인
SPB-43070,2024-08-10 03:12:12,안장
SPB-65178,2024-08-10 03:27:34,기타 
SPB-42415,2024-08-10 03:28:45,타이어 
SPB-69866,2024-08-10 04:45:53,기타 
SPB-39787,2024-08-10 05:52:22,단말기
SPB-62029,2024-08-10 05:56:57,안장
SPB-42985,2024-08-10 06:06:42,타이어 
SPB-55533,2024-08-10 06:15:10,타이어 
SPB-30978,2024-08-10 06:28:38,기타 
SPB-43767,2024-08-10 06:29:14,체인
SPB-63538,2024-08-10 06:37:57,기타 
SPB-41476,2024-08-10 06:55:56,체인
SPB-46545,2024-08-10 07:15:41,안장
SPB-62855,2024-08-10 07:17:12,체인
SPB-37418,2024-08-10 07:19:38,타이어 
SPB-64150,2024-08-10 07:29:47,페달
SPB-43336,2024-08-10 07:45:00,체인
SPB-65712,2024-08-10 07:54:10,기타 
SPB-66624,2024-08-10 07:57:24,타이어 
SPB-41282,2024-08-10 08:04:28,기타 
SPB-69846,2024-08-10 08:07:29,기타 
SPB-48397,2024-08-10 08:14:51,안장
SPB-38175,2024-08-10 08:33:36,체인
SPB-35311,2024-08-10 08:34:03,타이어 
SPB-45635,2024-08-10 08:36:34,체인
SPB-45784,2024-08-10 08:46:23,체인
SPB-40700,2024-08-10 08:46:45,체인
SPB-66249,2024-08-10 08:59:27,타이어 
SPB-42949,2024-08-10 09:03:02,기타 
SPB-42903,2024-08-10 09:09:18,안장
SPB-46815,2024-08-10 09:17:15,안장
SPB-47220,2024-08-10 09:24:29,타이어 
SPB-34066,2024-08-10 09:29:32,타이어 
SPB-62634,2024-08-10 09:31:43,체인
SPB-33026,2024-08-10 09:42:56,페달
SPB-59310,2024-08-10 09:43:17,기타 
SPB-36697,2024-08-10 09:46:39,안장
SPB-58074,2024-08-10 09:47:52,페달
SPB-60162,2024-08-10 09:48:40,페달
SPB-43222,2024-08-10 09:50:43,안장
SPB-65423,2024-08-10 09:50:49,체인
SPB-66385,2024-08-10 09:51:03,기타 
SPB-40667,2024-08-10 09:51:10,안장
SPB-58761,2024-08-10 09:51:30,페달
SPB-35437,2024-08-10 10:01:11,체인
SPB-65853,2024-08-10 10:03:59,타이어 
SPB-47942,2024-08-10 10:11:02,타이어 
SPB-45985,2024-08-10 10:14:07,페달
SPB-45832,2024-08-10 10:15:44,체인
SPB-68924,2024-08-10 10:20:31,기타 
SPB-37249,2024-08-10 10:29:57,타이어 
SPB-30681,2024-08-10 10:30:00,타이어 
SPB-67220,2024-08-10 10:35:35,기타 
SPB-40390,2024-08-10 10:42:49,체인
SPB-66715,2024-08-10 10:43:51,타이어 
SPB-57463,2024-08-10 10:45:48,페달
SPB-62958,2024-08-10 10:46:16,타이어 
SPB-55728,2024-08-10 10:51:40,페달
SPB-59234,2024-08-10 10:53:39,안장
SPB-41906,2024-08-10 10:53:59,체인
SPB-53802,2024-08-10 10:59:34,체인
SPB-30154,2024-08-10 11:03:05,기타 
SPB-66198,2024-08-10 11:07:18,안장
SPB-62174,2024-08-10 11:22:29,체인
SPB-55599,2024-08-10 11:22:40,페달
SPB-36689,2024-08-10 11:25:04,기타 
SPB-65893,2024-08-10 11:30:48,체인
SPB-47746,2024-08-10 11:37:00,타이어 
SPB-32471,2024-08-10 11:37:22,타이어 
SPB-45518,2024-08-10 11:37:43,체인
SPB-39122,2024-08-10 11:41:29,기타 
SPB-48055,2024-08-10 11:42:15,체인
SPB-69969,2024-08-10 11:51:04,타이어 
SPB-70005,2024-08-10 11:52:13,체인
SPB-64876,2024-08-10 11:52:28,타이어 
SPB-31206,2024-08-10 11:53:38,페달
SPB-67769,2024-08-10 11:54:29,페달
SPB-58881,2024-08-10 11:56:07,타이어 
SPB-50550,2024-08-10 12:02:05,체인
SPB-67032,2024-08-10 12:09:06,타이어 
SPB-39986,2024-08-10 12:10:44,기타 
SPB-33667,2024-08-10 12:17:22,체인
SPB-58754,2024-08-10 12:18:34,타이어 
SPB-69267,2024-08-10 12:18:45,타이어 
SPB-64608,2024-08-10 12:18:57,타이어 
SPB-65209,2024-08-10 12:30:21,타이어 
SPB-60978,2024-08-10 12:36:40,체인
SPB-56980,2024-08-10 12:38:39,안장
SPB-40991,2024-08-10 12:53:27,기타 
SPB-47118,2024-08-10 12:53:42,기타 
SPB-42334,2024-08-10 12:56:41,체인
SPB-41865,2024-08-10 13:00:56,단말기
SPB-62499,2024-08-10 13:04:35,기타 
SPB-66135,2024-08-10 13:09:45,기타 
SPB-59579,2024-08-10 13:10:36,페달
SPB-58508,2024-08-10 13:27:38,페달
SPB-37754,2024-08-10 13:29:15,체인
SPB-34485,2024-08-10 13:35:57,타이어 
SPB-65267,2024-08-10 13:39:06,타이어 
SPB-65531,2024-08-10 13:43:03,타이어 
SPB-61377,2024-08-10 13:50:07,단말기
SPB-62822,2024-08-10 13:53:34,체인
SPB-46836,2024-08-10 14:00:39,기타 
SPB-65773,2024-08-10 14:06:42,기타 
SPB-38089,2024-08-10 14:17:35,기타 
SPB-64931,2024-08-10 14:24:57,체인
SPB-40790,2024-08-10 14:25:37,단말기
SPB-58617,2024-08-10 14:27:09,타이어 
SPB-66255,2024-08-10 14:30:01,체인
SPB-59928,2024-08-10 14:35:34,타이어 
SPB-68010,2024-08-10 14:43:39,체인
SPB-53231,2024-08-10 14:46:42,타이어 
SPB-48832,2024-08-10 14:47:53,단말기
SPB-41908,2024-08-10 14:49:02,기타 
SPB-40494,2024-08-10 15:06:06,타이어 
SPB-42744,2024-08-10 15:16:18,안장
SPB-41130,2024-08-10 15:20:20,안장
SPB-39774,2024-08-10 15:20:32,타이어 
SPB-58250,2024-08-10 15:26:22,안장
SPB-64361,2024-08-10 15:26:23,타이어 
SPB-53080,2024-08-10 15:26:28,타이어 
SPB-54211,2024-08-10 15:26:54,체인
SPB-42037,2024-08-10 15:30:21,타이어 
SPB-68281,2024-08-10 15:31:09,기타 
SPB-63222,2024-08-10 15:32:02,기타 
SPB-31217,2024-08-10 15:36:35,체인
SPB-55159,2024-08-10 15:39:06,안장
SPB-66495,2024-08-10 15:40:51,타이어 
SPB-57238,2024-08-10 15:41:07,타이어 
SPB-59204,2024-08-10 15:44:15,페달
SPB-33437,2024-08-10 15:48:35,타이어 
SPB-59508,2024-08-10 15:49:16,페달
SPB-67496,2024-08-10 15:52:49,타이어 
SPB-43454,2024-08-10 15:59:59,페달
SPB-47992,2024-08-10 16:01:15,페달
SPB-49080,2024-08-10 16:01:32,타이어 
SPB-54721,2024-08-10 16:04:53,기타 
SPB-68572,2024-08-10 16:07:05,기타 
SPB-41889,2024-08-10 16:08:14,체인
SPB-70158,2024-08-10 16:09:57,체인
SPB-55892,2024-08-10 16:10:04,타이어 
SPB-59328,2024-08-10 16:15:30,페달
SPB-64829,2024-08-10 16:18:50,타이어 
SPB-55142,2024-08-10 16:30:31,안장
SPB-33794,2024-08-10 16:32:07,체인
SPB-70094,2024-08-10 16:37:53,기타 
SPB-61388,2024-08-10 16:39:59,기타 
SPB-50522,2024-08-10 16:41:57,체인
SPB-61804,2024-08-10 16:42:22,안장
SPB-47924,2024-08-10 16:48:04,체인
SPB-46347,2024-08-10 16:48:40,체인
SPB-70258,2024-08-10 16:50:01,체인
SPB-69932,2024-08-10 16:51:17,기타 
SPB-39715,2024-08-10 16:54:04,체인
SPB-56937,2024-08-10 16:56:14,체인
SPB-55428,2024-08-10 16:56:51,페달
SPB-44592,2024-08-10 17:03:26,체인
SPB-65134,2024-08-10 17:13:18,기타 
SPB-61975,2024-08-10 17:15:59,기타 
SPB-53617,2024-08-10 17:22:59,타이어 
SPB-41636,2024-08-10 17:23:08,안장
SPB-54414,2024-08-10 17:23:26,타이어 
SPB-65956,2024-08-10 17:23:54,기타 
SPB-70365,2024-08-10 17:30:28,기타 
SPB-67302,2024-08-10 17:30:38,체인
SPB-31170,2024-08-10 17:34:31,타이어 
SPB-69478,2024-08-10 17:40:48,안장
SPB-57682,2024-08-10 17:41:34,체인
SPB-38846,2024-08-10 18:02:56,체인
SPB-58568,2024-08-10 18:03:47,체인
SPB-48928,2024-08-10 18:05:21,기타 
SPB-51782,2024-08-10 18:05:27,체인
SPB-38319,2024-08-10 18:06:00,페달
SPB-54860,2024-08-10 18:06:52,기타 
SPB-41592,2024-08-10 18:13:21,체인
SPB-45026,2024-08-10 18:13:55,기타 
SPB-56688,2024-08-10 18:18:38,타이어 
SPB-39356,2024-08-10 18:22:37,체인
SPB-41068,2024-08-10 18:22:53,체인
SPB-33299,2024-08-10 18:23:32,체인
SPB-31403,2024-08-10 18:24:32,단말기
SPB-35316,2024-08-10 18:29:19,페달
SPB-57668,2024-08-10 18:30:20,페달
SPB-65006,2024-08-10 18:33:35,타이어 
SPB-53200,2024-08-10 18:36:42,안장
SPB-38142,2024-08-10 18:38:45,체인
SPB-44165,2024-08-10 18:38:52,체인
SPB-47527,2024-08-10 18:42:09,안장
SPB-30628,2024-08-10 18:42:54,타이어 
SPB-40371,2024-08-10 18:49:44,기타 
SPB-57284,2024-08-10 18:50:58,페달
SPB-66004,2024-08-10 18:56:01,타이어 
SPB-66288,2024-08-10 18:58:02,체인
SPB-58251,2024-08-10 19:00:34,단말기
SPB-53016,2024-08-10 19:02:24,체인
SPB-42280,2024-08-10 19:05:01,안장
SPB-36696,2024-08-10 19:07:26,단말기
SPB-35167,2024-08-10 19:11:56,단말기
SPB-35157,2024-08-10 19:13:07,안장
SPB-36237,2024-08-10 19:13:42,타이어 
SPB-38786,2024-08-10 19:17:05,타이어 
SPB-80139,2024-08-10 19:18:13,타이어 
SPB-47950,2024-08-10 19:19:30,페달
SPB-65856,2024-08-10 19:24:28,기타 
SPB-67210,2024-08-10 19:28:05,안장
SPB-57796,2024-08-10 19:29:19,페달
SPB-56054,2024-08-10 19:32:14,안장
SPB-70025,2024-08-10 19:34:38,체인
SPB-40378,2024-08-10 19:36:39,체인
SPB-54945,2024-08-10 19:38:31,타이어 
SPB-43686,2024-08-10 19:40:37,안장
SPB-48151,2024-08-10 19:41:01,페달
SPB-69058,2024-08-10 19:45:18,체인
SPB-55606,2024-08-10 19:46:47,타이어 
SPB-45642,2024-08-10 19:47:51,체인
SPB-40874,2024-08-10 19:50:18,기타 
SPB-44562,2024-08-10 19:52:32,체인
SPB-34040,2024-08-10 19:58:08,타이어 
SPB-30319,2024-08-10 20:01:00,단말기
SPB-54928,2024-08-10 20:01:13,기타 
SPB-34204,2024-08-10 20:05:45,기타 
SPB-64159,2024-08-10 20:05:55,체인
SPB-66355,2024-08-10 20:07:42,타이어 
SPB-31651,2024-08-10 20:18:56,페달
SPB-51794,2024-08-10 20:20:48,체인
SPB-54005,2024-08-10 20:20:48,페달
SPB-58992,2024-08-10 20:20:57,타이어 
SPB-47393,2024-08-10 20:24:21,체인
SPB-56108,2024-08-10 20:26:48,타이어 
SPB-56197,2024-08-10 20:27:43,페달
SPB-40574,2024-08-10 20:30:43,안장
SPB-42009,2024-08-10 20:34:14,기타 
SPB-51089,2024-08-10 20:36:57,안장
SPB-50558,2024-08-10 20:37:01,기타 
SPB-30539,2024-08-10 20:38:48,기타 
SPB-69407,2024-08-10 20:48:15,기타 
SPB-66516,2024-08-10 20:49:09,단말기
SPB-65127,2024-08-10 21:02:35,페달
SPB-60503,2024-08-10 21:03:48,안장
SPB-31874,2024-08-10 21:04:36,체인
SPB-60776,2024-08-10 21:06:38,체인
SPB-40036,2024-08-10 21:09:35,타이어 
SPB-64475,2024-08-10 21:10:10,타이어 
SPB-44024,2024-08-10 21:14:58,체인
SPB-42460,2024-08-10 21:15:29,체인
SPB-67003,2024-08-10 21:30:02,기타 
SPB-56448,2024-08-10 21:32:09,페달
SPB-37686,2024-08-10 21:33:02,기타 
SPB-37858,2024-08-10 21:34:17,타이어 
SPB-43933,2024-08-10 21:34:30,기타 
SPB-64484,2024-08-10 21:57:59,안장
SPB-47903,2024-08-10 22:03:13,타이어 
SPB-70254,2024-08-10 22:04:14,체인
SPB-68058,2024-08-10 22:04:37,체인
SPB-51772,2024-08-10 22:11:59,단말기
SPB-43928,2024-08-10 22:14:30,체인
SPB-54279,2024-08-10 22:16:09,기타 
SPB-55538,2024-08-10 22:17:04,안장
SPB-69204,2024-08-10 22:18:34,체인
SPB-69963,2024-08-10 22:21:38,체인
SPB-37413,2024-08-10 22:23:40,타이어 
SPB-70144,2024-08-10 22:23:59,안장
SPB-46659,2024-08-10 22:28:12,안장
SPB-63458,2024-08-10 22:34:51,체인
SPB-58255,2024-08-10 22:35:32,타이어 
SPB-52374,2024-08-10 22:36:16,페달
SPB-44530,2024-08-10 22:37:57,기타 
SPB-69943,2024-08-10 22:43:16,기타 
SPB-63774,2024-08-10 22:44:01,타이어 
SPB-59586,2024-08-10 22:48:01,페달
SPB-51410,2024-08-10 22:50:46,타이어 
SPB-61372,2024-08-10 22:58:39,타이어 
SPB-34133,2024-08-10 23:05:47,안장
SPB-48404,2024-08-10 23:07:32,체인
SPB-61934,2024-08-10 23:08:37,기타 
SPB-53510,2024-08-10 23:13:19,안장
SPB-52525,2024-08-10 23:14:51,타이어 
SPB-46959,2024-08-10 23:16:15,단말기
SPB-40742,2024-08-10 23:23:40,페달
SPB-42588,2024-08-10 23:23:45,체인
SPB-60168,2024-08-10 23:24:17,체인
SPB-67714,2024-08-10 23:33:42,타이어 
SPB-50146,2024-08-10 23:44:23,단말기
SPB-66431,2024-08-11 00:06:47,체인
SPB-47816,2024-08-11 00:10:59,페달
SPB-34005,2024-08-11 00:14:19,체인
SPB-34867,2024-08-11 00:19:58,단말기
SPB-55206,2024-08-11 00:24:01,단말기
SPB-70125,2024-08-11 00:24:35,페달
SPB-65615,2024-08-11 00:29:18,체인
SPB-54939,2024-08-11 00:35:26,기타 
SPB-48065,2024-08-11 00:42:00,페달
SPB-59441,2024-08-11 01:04:45,타이어 
SPB-46168,2024-08-11 01:20:39,체인
SPB-68227,2024-08-11 01:21:50,타이어 
SPB-58216,2024-08-11 01:30:59,기타 
SPB-66604,2024-08-11 01:43:15,체인
SPB-54153,2024-08-11 01:49:08,안장
SPB-62029,2024-08-11 02:14:58,체인
SPB-41543,2024-08-11 02:20:22,기타 
SPB-51372,2024-08-11 02:23:40,체인
SPB-69833,2024-08-11 03:08:15,체인
SPB-56755,2024-08-11 03:12:59,타이어 
SPB-33981,2024-08-11 03:28:18,기타 
SPB-43648,2024-08-11 04:43:47,페달
SPB-48822,2024-08-11 04:53:40,타이어 
SPB-43414,2024-08-11 04:56:27,페달
SPB-57901,2024-08-11 05:10:41,페달
SPB-34900,2024-08-11 05:16:19,안장
SPB-38114,2024-08-11 05:16:30,페달
SPB-45753,2024-08-11 07:09:20,타이어 
SPB-40032,2024-08-11 07:15:31,페달
SPB-56864,2024-08-11 07:26:11,안장
SPB-44869,2024-08-11 07:35:59,체인
SPB-42276,2024-08-11 07:45:52,안장
SPB-58506,2024-08-11 07:54:38,페달
SPB-52201,2024-08-11 07:56:16,기타 
SPB-67617,2024-08-11 08:00:12,체인
SPB-63335,2024-08-11 08:24:30,타이어 
SPB-47673,2024-08-11 08:25:08,기타 
SPB-65703,2024-08-11 08:27:55,타이어 
SPB-56169,2024-08-11 08:40:37,체인
SPB-43840,2024-08-11 08:46:50,기타 
SPB-51499,2024-08-11 08:48:40,타이어 
SPB-61915,2024-08-11 08:54:21,단말기
SPB-47793,2024-08-11 08:55:09,타이어 
SPB-65531,2024-08-11 08:56:10,타이어 
SPB-65642,2024-08-11 08:58:17,체인
SPB-51953,2024-08-11 09:15:33,체인
SPB-65017,2024-08-11 09:15:50,타이어 
SPB-42647,2024-08-11 09:23:33,체인
SPB-54874,2024-08-11 09:32:21,타이어 
SPB-48217,2024-08-11 09:39:13,타이어 
SPB-37912,2024-08-11 09:46:50,안장
SPB-30350,2024-08-11 09:47:13,안장
SPB-60409,2024-08-11 09:47:57,체인
SPB-67099,2024-08-11 09:48:41,체인
SPB-32700,2024-08-11 09:50:13,페달
SPB-33113,2024-08-11 09:50:48,기타 
SPB-33286,2024-08-11 09:56:43,체인
SPB-63146,2024-08-11 10:03:24,페달
SPB-39026,2024-08-11 10:03:32,체인
SPB-38112,2024-08-11 10:14:41,체인
SPB-53584,2024-08-11 10:18:29,안장
SPB-30336,2024-08-11 10:22:05,타이어 
SPB-69003,2024-08-11 10:25:07,안장
SPB-42072,2024-08-11 10:28:37,기타 
SPB-69486,2024-08-11 10:29:55,타이어 
SPB-39442,2024-08-11 10:37:39,기타 
SPB-30841,2024-08-11 10:37:42,페달
SPB-45371,2024-08-11 10:50:12,안장
SPB-65325,2024-08-11 10:50:57,체인
SPB-52403,2024-08-11 10:52:10,타이어 
SPB-45800,2024-08-11 10:52:50,안장
SPB-68044,2024-08-11 10:53:27,기타 
SPB-50927,2024-08-11 10:53:53,타이어 
SPB-41860,2024-08-11 10:58:30,안장
SPB-43220,2024-08-11 11:13:11,기타 
SPB-64897,2024-08-11 11:31:01,타이어 
SPB-54782,2024-08-11 11:32:05,페달
SPB-67757,2024-08-11 11:42:58,단말기
SPB-51383,2024-08-11 11:44:21,기타 
SPB-51345,2024-08-11 11:50:28,체인
SPB-52751,2024-08-11 11:50:37,안장
SPB-69251,2024-08-11 11:59:33,체인
SPB-66710,2024-08-11 12:00:39,기타 
SPB-70298,2024-08-11 12:10:39,안장
SPB-66420,2024-08-11 12:18:29,체인
SPB-48528,2024-08-11 12:19:54,체인
SPB-58754,2024-08-11 12:21:36,타이어 
SPB-64361,2024-08-11 12:21:43,타이어 
SPB-33466,2024-08-11 12:24:36,기타 
SPB-32779,2024-08-11 12:30:13,타이어 
SPB-42437,2024-08-11 12:44:48,타이어 
SPB-53106,2024-08-11 12:46:18,체인
SPB-57674,2024-08-11 12:48:36,체인
SPB-67615,2024-08-11 12:50:48,체인
SPB-61097,2024-08-11 12:59:09,안장
SPB-84594,2024-08-11 13:07:29,기타 
SPB-39941,2024-08-11 13:10:28,안장
SPB-49308,2024-08-11 13:11:44,기타 
SPB-39326,2024-08-11 13:14:00,타이어 
SPB-67096,2024-08-11 13:16:35,페달
SPB-57643,2024-08-11 13:29:27,안장
SPB-59465,2024-08-11 13:30:34,타이어 
SPB-61634,2024-08-11 13:48:12,체인
SPB-51046,2024-08-11 13:52:37,체인
SPB-66055,2024-08-11 13:54:02,체인
SPB-69261,2024-08-11 13:54:11,체인
SPB-57688,2024-08-11 13:54:25,기타 
SPB-60590,2024-08-11 13:56:20,기타 
SPB-54650,2024-08-11 14:05:07,타이어 
SPB-47118,2024-08-11 14:09:15,기타 
SPB-63662,2024-08-11 14:12:33,타이어 
SPB-44553,2024-08-11 14:14:09,체인
SPB-52376,2024-08-11 14:17:59,타이어 
SPB-66014,2024-08-11 14:19:14,타이어 
SPB-59885,2024-08-11 14:19:53,체인
SPB-40193,2024-08-11 14:23:38,체인
SPB-50942,2024-08-11 14:24:51,안장
SPB-63312,2024-08-11 14:27:28,단말기
SPB-48847,2024-08-11 14:27:41,체인
SPB-38943,2024-08-11 14:33:44,타이어 
SPB-44386,2024-08-11 14:40:10,기타 
SPB-53754,2024-08-11 14:49:14,안장
SPB-55758,2024-08-11 14:50:09,타이어 
SPB-68508,2024-08-11 14:51:45,타이어 
SPB-52079,2024-08-11 14:53:03,안장
SPB-40076,2024-08-11 14:57:34,안장
SPB-47363,2024-08-11 14:58:09,기타 
SPB-51265,2024-08-11 14:58:42,타이어 
SPB-68225,2024-08-11 15:01:06,타이어 
SPB-57992,2024-08-11 15:02:43,페달
SPB-34204,2024-08-11 15:03:31,기타 
SPB-38910,2024-08-11 15:05:57,체인
SPB-53663,2024-08-11 15:15:52,안장
SPB-68590,2024-08-11 15:35:38,타이어 
SPB-65445,2024-08-11 15:35:58,타이어 
SPB-46299,2024-08-11 15:37:49,체인
SPB-44183,2024-08-11 15:39:14,체인
SPB-65563,2024-08-11 15:42:49,타이어 
SPB-41524,2024-08-11 15:45:34,페달
SPB-83452,2024-08-11 15:50:15,기타 
SPB-42484,2024-08-11 15:53:11,타이어 
SPB-38734,2024-08-11 16:01:42,페달
SPB-68320,2024-08-11 16:03:07,체인
SPB-69977,2024-08-11 16:05:45,체인
SPB-42022,2024-08-11 16:19:29,체인
SPB-34458,2024-08-11 16:24:25,타이어 
SPB-69635,2024-08-11 16:33:59,체인
SPB-64931,2024-08-11 16:37:49,페달
SPB-51683,2024-08-11 16:38:42,기타 
SPB-36767,2024-08-11 16:40:09,체인
SPB-67463,2024-08-11 16:40:23,타이어 
SPB-53884,2024-08-11 16:46:12,페달
SPB-37433,2024-08-11 16:47:57,체인
SPB-40024,2024-08-11 16:55:22,체인
SPB-69997,2024-08-11 16:58:17,체인
SPB-84810,2024-08-11 17:00:53,페달
SPB-63589,2024-08-11 17:01:42,타이어 
SPB-58881,2024-08-11 17:03:00,타이어 
SPB-49159,2024-08-11 17:04:16,기타 
SPB-51496,2024-08-11 17:07:22,타이어 
SPB-54918,2024-08-11 17:09:17,체인
SPB-67129,2024-08-11 17:09:51,페달
SPB-38633,2024-08-11 17:18:41,기타 
SPB-50115,2024-08-11 17:25:01,타이어 
SPB-46637,2024-08-11 17:27:00,페달
SPB-63630,2024-08-11 17:38:46,타이어 
SPB-68388,2024-08-11 17:41:57,기타 
SPB-64282,2024-08-11 17:43:07,체인
SPB-64964,2024-08-11 17:44:24,타이어 
SPB-41852,2024-08-11 17:49:12,안장
SPB-65772,2024-08-11 17:53:03,타이어 
SPB-33647,2024-08-11 17:57:03,타이어 
SPB-53114,2024-08-11 17:59:34,기타 
SPB-64017,2024-08-11 17:59:57,기타 
SPB-47834,2024-08-11 18:00:33,타이어 
SPB-66204,2024-08-11 18:02:01,기타 
SPB-69694,2024-08-11 18:03:14,체인
SPB-61724,2024-08-11 18:03:40,안장
SPB-39102,2024-08-11 18:03:41,기타 
SPB-68162,2024-08-11 18:05:10,타이어 
SPB-58453,2024-08-11 18:09:19,페달
SPB-42816,2024-08-11 18:10:44,페달
SPB-47672,2024-08-11 18:11:39,안장
SPB-43577,2024-08-11 18:16:54,체인
SPB-37754,2024-08-11 18:17:24,체인
SPB-47531,2024-08-11 18:25:39,기타 
SPB-60923,2024-08-11 18:29:16,기타 
SPB-42433,2024-08-11 18:29:43,페달
SPB-45252,2024-08-11 18:33:14,기타 
SPB-46250,2024-08-11 18:34:43,체인
SPB-35786,2024-08-11 18:37:17,타이어 
SPB-44341,2024-08-11 18:40:58,타이어 
SPB-50889,2024-08-11 18:41:52,타이어 
SPB-38846,2024-08-11 18:47:13,체인
SPB-42920,2024-08-11 18:49:38,안장
SPB-48911,2024-08-11 18:53:41,페달
SPB-67642,2024-08-11 18:54:12,기타 
SPB-61740,2024-08-11 18:58:44,안장
SPB-57844,2024-08-11 18:59:42,기타 
SPB-39059,2024-08-11 19:00:07,페달
SPB-40882,2024-08-11 19:00:44,기타 
SPB-53023,2024-08-11 19:01:16,체인
SPB-44588,2024-08-11 19:08:20,타이어 
SPB-64501,2024-08-11 19:08:27,타이어 
SPB-47113,2024-08-11 19:10:47,기타 
SPB-70372,2024-08-11 19:11:20,체인
SPB-67452,2024-08-11 19:12:42,체인
SPB-67028,2024-08-11 19:14:08,기타 
SPB-67080,2024-08-11 19:14:51,타이어 
SPB-44839,2024-08-11 19:14:55,타이어 
SPB-35382,2024-08-11 19:16:12,체인
SPB-40119,2024-08-11 19:16:15,체인
SPB-69550,2024-08-11 19:16:33,체인
SPB-30109,2024-08-11 19:20:12,타이어 
SPB-67836,2024-08-11 19:26:04,페달
SPB-40165,2024-08-11 19:28:04,타이어 
SPB-57424,2024-08-11 19:28:48,안장
SPB-62995,2024-08-11 19:31:47,기타 
SPB-47486,2024-08-11 19:36:03,타이어 
SPB-58146,2024-08-11 19:41:02,페달
SPB-50574,2024-08-11 19:48:46,체인
SPB-61618,2024-08-11 19:50:17,체인
SPB-47903,2024-08-11 19:57:47,타이어 
SPB-43333,2024-08-11 20:01:55,안장
SPB-47537,2024-08-11 20:03:43,체인
SPB-36454,2024-08-11 20:05:04,타이어 
SPB-30720,2024-08-11 20:09:34,체인
SPB-47713,2024-08-11 20:10:05,페달
SPB-38380,2024-08-11 20:10:12,체인
SPB-46072,2024-08-11 20:13:15,체인
SPB-38417,2024-08-11 20:15:41,체인
SPB-62214,2024-08-11 20:17:41,기타 
SPB-52492,2024-08-11 20:24:09,체인
SPB-66605,2024-08-11 20:25:09,타이어 
SPB-36104,2024-08-11 20:40:22,기타 
SPB-44930,2024-08-11 20:42:14,기타 
SPB-35003,2024-08-11 20:42:21,체인
SPB-47179,2024-08-11 20:45:05,페달
SPB-68836,2024-08-11 20:46:59,타이어 
SPB-36740,2024-08-11 20:49:36,기타 
SPB-53011,2024-08-11 20:53:02,기타 
SPB-57789,2024-08-11 20:56:49,타이어 
SPB-47966,2024-08-11 21:00:30,타이어 
SPB-70094,2024-08-11 21:01:35,페달
SPB-57373,2024-08-11 21:01:51,체인
SPB-55005,2024-08-11 21:03:16,페달
SPB-35146,2024-08-11 21:12:31,체인
SPB-67852,2024-08-11 21:14:34,타이어 
SPB-47172,2024-08-11 21:19:23,안장
SPB-48163,2024-08-11 21:20:08,페달
SPB-46656,2024-08-11 21:23:58,기타 
SPB-38724,2024-08-11 21:26:51,체인
SPB-44403,2024-08-11 21:27:30,체인
SPB-68695,2024-08-11 21:30:06,기타 
SPB-34072,2024-08-11 21:34:56,체인
SPB-63540,2024-08-11 21:35:38,타이어 
SPB-50773,2024-08-11 21:39:39,체인
SPB-63728,2024-08-11 21:43:29,기타 
SPB-56339,2024-08-11 21:47:15,체인
SPB-41592,2024-08-11 21:48:22,페달
SPB-31669,2024-08-11 21:52:47,타이어 
SPB-68022,2024-08-11 21:56:56,체인
SPB-63252,2024-08-11 21:57:03,타이어 
SPB-51146,2024-08-11 22:00:16,타이어 
SPB-58830,2024-08-11 22:01:28,타이어 
SPB-38614,2024-08-11 22:02:49,체인
SPB-44182,2024-08-11 22:04:10,안장
SPB-42671,2024-08-11 22:07:12,체인
SPB-41731,2024-08-11 22:08:53,안장
SPB-66986,2024-08-11 22:14:19,체인
SPB-63232,2024-08-11 22:19:57,타이어 
SPB-42188,2024-08-11 22:21:36,체인
SPB-48037,2024-08-11 22:23:19,페달
SPB-33147,2024-08-11 22:24:05,안장
SPB-59558,2024-08-11 22:27:04,기타 
SPB-67091,2024-08-11 22:27:54,기타 
SPB-33407,2024-08-11 22:32:01,기타 
SPB-42174,2024-08-11 22:33:36,기타 
SPB-68889,2024-08-11 22:34:53,기타 
SPB-67731,2024-08-11 22:36:36,체인
SPB-58591,2024-08-11 22:37:56,기타 
SPB-36442,2024-08-11 22:38:57,체인
SPB-46982,2024-08-11 22:39:08,체인
SPB-42925,2024-08-11 22:46:12,기타 
SPB-53110,2024-08-11 22:46:27,기타 
SPB-39987,2024-08-11 22:54:45,기타 
SPB-65652,2024-08-11 22:57:35,안장
SPB-49005,2024-08-11 23:00:02,타이어 
SPB-58003,2024-08-11 23:03:19,페달
SPB-57868,2024-08-11 23:11:15,기타 
SPB-65611,2024-08-11 23:13:38,체인
SPB-41200,2024-08-11 23:15:59,체인
SPB-67415,2024-08-11 23:20:12,안장
SPB-42381,2024-08-11 23:26:44,타이어 
SPB-63534,2024-08-11 23:36:28,타이어 
SPB-57799,2024-08-11 23:43:01,페달
SPB-32459,2024-08-11 23:58:31,타이어 
SPB-64417,2024-08-12 00:05:59,안장
SPB-69356,2024-08-12 00:24:54,기타 
SPB-43796,2024-08-12 00:30:43,기타 
SPB-33942,2024-08-12 00:34:33,타이어 
SPB-36438,2024-08-12 00:44:58,타이어 
SPB-62492,2024-08-12 01:30:42,기타 
SPB-44244,2024-08-12 01:43:03,페달
SPB-41142,2024-08-12 01:45:20,체인
SPB-44307,2024-08-12 02:03:35,체인
SPB-58269,2024-08-12 02:21:04,타이어 
SPB-39902,2024-08-12 02:37:00,기타 
SPB-67507,2024-08-12 04:17:13,기타 
SPB-37001,2024-08-12 05:14:56,기타 
SPB-38175,2024-08-12 05:23:30,체인
SPB-45955,2024-08-12 05:40:34,체인
SPB-70228,2024-08-12 05:53:21,타이어 
SPB-42334,2024-08-12 05:58:46,체인
SPB-47397,2024-08-12 05:58:52,체인
SPB-39078,2024-08-12 06:12:26,기타 
SPB-40757,2024-08-12 06:12:59,체인
SPB-46145,2024-08-12 06:16:25,체인
SPB-54202,2024-08-12 06:31:15,타이어 
SPB-63800,2024-08-12 06:34:25,타이어 
SPB-40304,2024-08-12 06:36:35,안장
SPB-60908,2024-08-12 06:37:13,체인
SPB-56138,2024-08-12 06:48:07,기타 
SPB-38544,2024-08-12 06:53:46,타이어 
SPB-39693,2024-08-12 06:58:56,체인
SPB-62333,2024-08-12 06:59:30,타이어 
SPB-52403,2024-08-12 07:06:28,타이어 
SPB-69251,2024-08-12 07:08:59,기타 
SPB-46907,2024-08-12 07:09:22,안장
SPB-31138,2024-08-12 07:11:08,페달
SPB-67489,2024-08-12 07:13:11,페달
SPB-80685,2024-08-12 07:13:16,타이어 
SPB-55402,2024-08-12 07:17:58,체인
SPB-60001,2024-08-12 07:19:20,체인
SPB-61698,2024-08-12 07:22:33,안장
SPB-37690,2024-08-12 07:24:27,안장
SPB-66237,2024-08-12 07:25:37,기타 
SPB-59517,2024-08-12 07:32:26,단말기
SPB-43055,2024-08-12 07:33:17,기타 
SPB-64283,2024-08-12 07:34:41,기타 
SPB-68123,2024-08-12 07:37:35,기타 
SPB-68155,2024-08-12 07:38:04,기타 
SPB-66063,2024-08-12 07:38:51,체인
SPB-52533,2024-08-12 07:39:54,타이어 
SPB-48812,2024-08-12 07:44:12,타이어 
SPB-58927,2024-08-12 07:46:16,기타 
SPB-84680,2024-08-12 07:46:24,타이어 
SPB-35059,2024-08-12 07:48:31,체인
SPB-48377,2024-08-12 07:49:29,타이어 
SPB-46535,2024-08-12 07:50:12,기타 
SPB-69707,2024-08-12 07:50:56,체인
SPB-70065,2024-08-12 07:51:58,단말기
SPB-64963,2024-08-12 07:54:06,기타 
SPB-53143,2024-08-12 07:54:59,타이어 
SPB-64482,2024-08-12 07:55:02,기타 
SPB-69227,2024-08-12 07:56:45,체인
SPB-47316,2024-08-12 07:58:14,단말기
SPB-69185,2024-08-12 07:58:36,체인
SPB-53930,2024-08-12 08:01:29,기타 
SPB-40666,2024-08-12 08:01:49,체인
SPB-46601,2024-08-12 08:03:25,안장
SPB-55810,2024-08-12 08:07:22,타이어 
SPB-46813,2024-08-12 08:08:39,안장
SPB-61133,2024-08-12 08:11:55,체인
SPB-42838,2024-08-12 08:12:46,타이어 
SPB-30229,2024-08-12 08:13:19,기타 
SPB-37618,2024-08-12 08:13:32,체인
SPB-50050,2024-08-12 08:15:33,타이어 
SPB-68729,2024-08-12 08:16:27,기타 
SPB-56892,2024-08-12 08:17:54,타이어 
SPB-63837,2024-08-12 08:20:47,기타 
SPB-41887,2024-08-12 08:21:46,타이어 
SPB-37969,2024-08-12 08:23:02,타이어 
SPB-64128,2024-08-12 08:23:18,단말기
SPB-44289,2024-08-12 08:24:39,체인
SPB-34707,2024-08-12 08:26:34,기타 
SPB-68933,2024-08-12 08:26:55,타이어 
SPB-44859,2024-08-12 08:28:06,체인
SPB-43889,2024-08-12 08:28:30,기타 
SPB-52364,2024-08-12 08:29:12,체인
SPB-53950,2024-08-12 08:30:01,페달
SPB-65050,2024-08-12 08:30:02,타이어 
SPB-67267,2024-08-12 08:32:03,기타 
SPB-31874,2024-08-12 08:36:18,체인
SPB-45290,2024-08-12 08:36:57,체인
SPB-33794,2024-08-12 08:38:35,체인
SPB-69573,2024-08-12 08:39:02,안장
SPB-32587,2024-08-12 08:41:39,기타 
SPB-39801,2024-08-12 08:41:46,기타 
SPB-41271,2024-08-12 08:42:07,타이어 
SPB-41611,2024-08-12 08:42:21,체인
SPB-38524,2024-08-12 08:42:42,기타 
SPB-63093,2024-08-12 08:42:42,타이어 
SPB-66915,2024-08-12 08:43:57,체인
SPB-36865,2024-08-12 08:45:15,타이어 
SPB-48155,2024-08-12 08:46:10,기타 
SPB-45316,2024-08-12 08:46:12,체인
SPB-69002,2024-08-12 08:46:21,체인
SPB-62467,2024-08-12 08:46:39,안장
SPB-47096,2024-08-12 08:47:19,타이어 
SPB-40390,2024-08-12 08:47:21,체인
SPB-61350,2024-08-12 08:48:23,타이어 
SPB-35435,2024-08-12 08:49:28,체인
SPB-42177,2024-08-12 08:51:02,안장
SPB-38936,2024-08-12 08:51:11,체인
SPB-38090,2024-08-12 08:51:55,체인
SPB-41302,2024-08-12 08:52:17,단말기
SPB-70238,2024-08-12 08:54:40,기타 
SPB-39942,2024-08-12 08:55:28,체인
SPB-67353,2024-08-12 08:55:40,기타 
SPB-55332,2024-08-12 08:59:49,기타 
SPB-59335,2024-08-12 09:03:30,단말기
SPB-54211,2024-08-12 09:03:46,기타 
SPB-69858,2024-08-12 09:05:29,기타 
SPB-50946,2024-08-12 09:08:59,타이어 
SPB-69374,2024-08-12 09:11:01,체인
SPB-65818,2024-08-12 09:11:13,체인
SPB-39349,2024-08-12 09:12:28,타이어 
SPB-34313,2024-08-12 09:12:42,타이어 
SPB-66086,2024-08-12 09:13:43,기타 
SPB-47703,2024-08-12 09:15:03,페달
SPB-35018,2024-08-12 09:23:39,기타 
SPB-43928,2024-08-12 09:24:22,체인
SPB-38355,2024-08-12 09:25:01,기타 
SPB-51071,2024-08-12 09:25:04,안장
SPB-33043,2024-08-12 09:32:58,타이어 
SPB-35238,2024-08-12 09:40:34,단말기
SPB-58041,2024-08-12 09:42:55,단말기
SPB-32629,2024-08-12 09:47:04,체인
SPB-57886,2024-08-12 09:52:36,페달
SPB-70374,2024-08-12 09:53:58,체인
SPB-67203,2024-08-12 09:57:43,타이어 
SPB-57796,2024-08-12 10:01:18,페달
SPB-54005,2024-08-12 10:02:08,페달
SPB-69227,2024-08-12 10:02:43,체인
SPB-41142,2024-08-12 10:04:01,체인
SPB-63151,2024-08-12 10:07:03,체인
SPB-31549,2024-08-12 10:13:36,기타 
SPB-58747,2024-08-12 10:15:26,안장
SPB-68372,2024-08-12 10:15:31,기타 
SPB-41146,2024-08-12 10:17:47,체인
SPB-47672,2024-08-12 10:29:44,안장
SPB-30560,2024-08-12 10:44:42,기타 
SPB-57498,2024-08-12 10:45:11,체인
SPB-47375,2024-08-12 10:47:46,타이어 
SPB-53769,2024-08-12 10:52:31,타이어 
SPB-58764,2024-08-12 10:56:17,기타 
SPB-48688,2024-08-12 11:13:15,체인
SPB-50479,2024-08-12 11:16:24,타이어 
SPB-68997,2024-08-12 11:17:44,체인
SPB-35403,2024-08-12 11:29:21,타이어 
SPB-34451,2024-08-12 11:30:57,기타 
SPB-67748,2024-08-12 11:36:32,체인
SPB-46759,2024-08-12 11:38:18,타이어 
SPB-45102,2024-08-12 11:40:52,단말기
SPB-44580,2024-08-12 11:44:50,안장
SPB-59218,2024-08-12 11:45:15,단말기
SPB-39600,2024-08-12 11:47:58,안장
SPB-64526,2024-08-12 11:54:54,체인
SPB-44788,2024-08-12 11:57:34,체인
SPB-58530,2024-08-12 12:12:36,단말기
SPB-60430,2024-08-12 12:14:43,타이어 
SPB-66343,2024-08-12 12:15:05,페달
SPB-42491,2024-08-12 12:18:21,안장
SPB-31047,2024-08-12 12:19:40,페달
SPB-54323,2024-08-12 12:23:01,체인
SPB-39644,2024-08-12 12:23:31,안장
SPB-57336,2024-08-12 12:24:23,페달
SPB-54672,2024-08-12 12:32:49,안장
SPB-62634,2024-08-12 12:35:58,페달
SPB-50012,2024-08-12 12:37:21,기타 
SPB-65112,2024-08-12 12:42:32,타이어 
SPB-58112,2024-08-12 12:50:47,기타 
SPB-58030,2024-08-12 12:58:45,기타 
SPB-32047,2024-08-12 13:00:35,기타 
SPB-62842,2024-08-12 13:02:06,기타 
SPB-64817,2024-08-12 13:03:48,기타 
SPB-31255,2024-08-12 13:05:30,안장
SPB-53666,2024-08-12 13:07:40,기타 
SPB-40215,2024-08-12 13:11:43,기타 
SPB-67580,2024-08-12 13:12:56,기타 
SPB-41572,2024-08-12 13:18:49,타이어 
SPB-52056,2024-08-12 13:26:10,페달
SPB-45285,2024-08-12 13:34:29,기타 
SPB-45092,2024-08-12 13:38:24,페달
SPB-33118,2024-08-12 13:50:25,단말기
SPB-49352,2024-08-12 13:50:26,페달
SPB-33367,2024-08-12 13:55:21,페달
SPB-55754,2024-08-12 14:00:18,페달
SPB-37956,2024-08-12 14:01:42,체인
SPB-63579,2024-08-12 14:04:02,타이어 
SPB-43982,2024-08-12 14:06:57,체인
SPB-68654,2024-08-12 14:07:39,체인
SPB-84542,2024-08-12 14:26:59,기타 
SPB-56783,2024-08-12 14:27:20,타이어 
SPB-48432,2024-08-12 14:27:37,안장
SPB-68845,2024-08-12 14:32:13,체인
SPB-39185,2024-08-12 14:33:38,기타 
SPB-63643,2024-08-12 14:39:03,안장
SPB-52420,2024-08-12 14:50:31,체인
SPB-52594,2024-08-12 14:51:50,단말기
SPB-49142,2024-08-12 15:24:22,타이어 
SPB-67582,2024-08-12 15:29:05,안장
SPB-43565,2024-08-12 15:29:45,기타 
SPB-54038,2024-08-12 15:42:54,타이어 
SPB-42591,2024-08-12 15:45:07,타이어 
SPB-64727,2024-08-12 15:49:33,타이어 
SPB-37587,2024-08-12 15:52:12,타이어 
SPB-67983,2024-08-12 15:57:49,타이어 
SPB-69891,2024-08-12 15:58:14,타이어 
SPB-69821,2024-08-12 15:58:46,체인
SPB-68787,2024-08-12 16:01:18,체인
SPB-69589,2024-08-12 16:01:21,타이어 
SPB-59328,2024-08-12 16:01:38,체인
SPB-47537,2024-08-12 16:05:58,체인
SPB-48686,2024-08-12 16:09:33,체인
SPB-48895,2024-08-12 16:11:22,타이어 
SPB-63392,2024-08-12 16:19:44,체인
SPB-46074,2024-08-12 16:21:08,안장
SPB-44463,2024-08-12 16:24:21,체인
SPB-68181,2024-08-12 16:30:32,단말기
SPB-43823,2024-08-12 16:45:07,안장
SPB-57447,2024-08-12 16:50:07,타이어 
SPB-69184,2024-08-12 16:51:23,타이어 
SPB-45132,2024-08-12 16:54:02,타이어 
SPB-82089,2024-08-12 16:58:11,타이어 
SPB-48314,2024-08-12 17:02:12,타이어 
SPB-31448,2024-08-12 17:02:45,타이어 
SPB-56720,2024-08-12 17:05:58,안장
SPB-52412,2024-08-12 17:06:13,체인
SPB-41271,2024-08-12 17:07:57,기타 
SPB-60141,2024-08-12 17:08:11,페달
SPB-53461,2024-08-12 17:08:26,체인
SPB-60175,2024-08-12 17:08:27,기타 
SPB-64623,2024-08-12 17:11:44,기타 
SPB-47307,2024-08-12 17:11:49,체인
SPB-56577,2024-08-12 17:19:05,체인
SPB-32369,2024-08-12 17:22:04,페달
SPB-53823,2024-08-12 17:22:28,기타 
SPB-65806,2024-08-12 17:26:41,타이어 
SPB-40766,2024-08-12 17:29:58,체인
SPB-45781,2024-08-12 17:33:17,안장
SPB-60871,2024-08-12 17:39:01,안장
SPB-68356,2024-08-12 17:39:08,타이어 
SPB-34610,2024-08-12 17:41:57,체인
SPB-50004,2024-08-12 17:42:56,페달
SPB-65467,2024-08-12 17:43:00,타이어 
SPB-31994,2024-08-12 17:44:33,안장
SPB-46816,2024-08-12 17:45:02,체인
SPB-48457,2024-08-12 17:47:00,체인
SPB-44422,2024-08-12 17:52:57,기타 
SPB-44889,2024-08-12 17:53:26,체인
SPB-55442,2024-08-12 17:54:16,안장
SPB-65031,2024-08-12 17:57:08,기타 
SPB-44445,2024-08-12 17:59:22,타이어 
SPB-56957,2024-08-12 18:01:01,단말기
SPB-58666,2024-08-12 18:01:10,체인
SPB-30637,2024-08-12 18:07:02,타이어 
SPB-32740,2024-08-12 18:07:26,체인
SPB-68823,2024-08-12 18:07:57,기타 
SPB-68685,2024-08-12 18:08:45,단말기
SPB-67028,2024-08-12 18:10:37,안장
SPB-45852,2024-08-12 18:12:06,안장
SPB-48668,2024-08-12 18:12:42,페달
SPB-47976,2024-08-12 18:13:46,타이어 
SPB-61740,2024-08-12 18:14:15,안장
SPB-56272,2024-08-12 18:14:24,타이어 
SPB-52887,2024-08-12 18:16:09,안장
SPB-64565,2024-08-12 18:16:43,단말기
SPB-30896,2024-08-12 18:17:18,타이어 
SPB-41157,2024-08-12 18:17:36,체인
SPB-35716,2024-08-12 18:18:39,체인
SPB-51266,2024-08-12 18:19:12,체인
SPB-33493,2024-08-12 18:20:06,타이어 
SPB-47851,2024-08-12 18:22:00,타이어 
SPB-58871,2024-08-12 18:22:38,안장
SPB-33455,2024-08-12 18:22:42,기타 
SPB-67633,2024-08-12 18:22:59,타이어 
SPB-43175,2024-08-12 18:23:13,체인
SPB-84675,2024-08-12 18:23:16,기타 
SPB-30125,2024-08-12 18:23:17,체인
SPB-39080,2024-08-12 18:25:55,안장
SPB-67507,2024-08-12 18:27:17,타이어 
SPB-69216,2024-08-12 18:27:47,체인
SPB-51803,2024-08-12 18:28:42,타이어 
SPB-42831,2024-08-12 18:29:54,페달
SPB-35134,2024-08-12 18:32:56,체인
SPB-42645,2024-08-12 18:34:45,기타 
SPB-52918,2024-08-12 18:36:10,기타 
SPB-46383,2024-08-12 18:36:39,타이어 
SPB-53379,2024-08-12 18:36:41,안장
SPB-57972,2024-08-12 18:38:17,기타 
SPB-69518,2024-08-12 18:39:08,체인
SPB-32138,2024-08-12 18:39:42,기타 
SPB-66063,2024-08-12 18:40:19,타이어 
SPB-43747,2024-08-12 18:40:25,타이어 
SPB-34993,2024-08-12 18:40:37,안장
SPB-66284,2024-08-12 18:40:44,체인
SPB-33746,2024-08-12 18:40:52,체인
SPB-52978,2024-08-12 18:41:10,페달
SPB-47326,2024-08-12 18:41:18,페달
SPB-54409,2024-08-12 18:41:45,기타 
SPB-39393,2024-08-12 18:44:01,안장
SPB-63846,2024-08-12 18:46:57,안장
SPB-36036,2024-08-12 18:47:11,타이어 
SPB-30349,2024-08-12 18:47:17,기타 
SPB-65556,2024-08-12 18:47:25,타이어 
SPB-46395,2024-08-12 18:50:03,체인
SPB-33250,2024-08-12 18:50:24,안장
SPB-49026,2024-08-12 18:50:27,안장
SPB-59614,2024-08-12 18:50:33,페달
SPB-33850,2024-08-12 18:51:01,타이어 
SPB-36167,2024-08-12 18:51:27,기타 
SPB-42010,2024-08-12 18:53:28,체인
SPB-48664,2024-08-12 18:54:05,기타 
SPB-67116,2024-08-12 18:55:46,기타 
SPB-82645,2024-08-12 18:59:46,체인
SPB-49087,2024-08-12 19:02:35,체인
SPB-56760,2024-08-12 19:04:19,페달
SPB-63946,2024-08-12 19:06:21,안장
SPB-33012,2024-08-12 19:08:03,체인
SPB-53255,2024-08-12 19:08:58,타이어 
SPB-67769,2024-08-12 19:09:10,페달
SPB-32044,2024-08-12 19:09:37,안장
SPB-55937,2024-08-12 19:11:26,타이어 
SPB-59866,2024-08-12 19:14:18,타이어 
SPB-34024,2024-08-12 19:16:55,안장
SPB-66839,2024-08-12 19:19:20,타이어 
SPB-68850,2024-08-12 19:19:59,체인
SPB-30431,2024-08-12 19:21:25,기타 
SPB-58287,2024-08-12 19:21:41,페달
SPB-40487,2024-08-12 19:24:13,체인
SPB-80074,2024-08-12 19:24:49,안장
SPB-59703,2024-08-12 19:24:56,단말기
SPB-44867,2024-08-12 19:27:08,체인
SPB-32255,2024-08-12 19:27:19,타이어 
SPB-57336,2024-08-12 19:28:05,체인
SPB-58149,2024-08-12 19:28:26,페달
SPB-30399,2024-08-12 19:32:49,타이어 
SPB-58208,2024-08-12 19:34:46,단말기
SPB-54783,2024-08-12 19:35:24,기타 
SPB-31550,2024-08-12 19:36:08,체인
SPB-63094,2024-08-12 19:36:56,타이어 
SPB-36683,2024-08-12 19:37:13,안장
SPB-52515,2024-08-12 19:39:43,페달
SPB-44167,2024-08-12 19:39:56,안장
SPB-57036,2024-08-12 19:40:13,기타 
SPB-34905,2024-08-12 19:41:08,페달
SPB-63384,2024-08-12 19:41:18,기타 
SPB-42130,2024-08-12 19:42:27,안장
SPB-51625,2024-08-12 19:42:59,안장
SPB-31218,2024-08-12 19:44:13,안장
SPB-38936,2024-08-12 19:44:29,체인
SPB-35903,2024-08-12 19:52:57,페달
SPB-37084,2024-08-12 19:55:10,안장
SPB-57258,2024-08-12 19:55:16,페달
SPB-50056,2024-08-12 19:56:29,안장
SPB-39916,2024-08-12 19:58:12,타이어 
SPB-60033,2024-08-12 19:58:41,단말기
SPB-56446,2024-08-12 19:59:41,페달
SPB-70284,2024-08-12 20:00:45,안장
SPB-50202,2024-08-12 20:02:39,안장
SPB-45572,2024-08-12 20:02:54,기타 
SPB-61140,2024-08-12 20:05:14,기타 
SPB-31365,2024-08-12 20:10:40,체인
SPB-58254,2024-08-12 20:13:49,페달
SPB-63534,2024-08-12 20:15:36,타이어 
SPB-65318,2024-08-12 20:16:37,체인
SPB-51921,2024-08-12 20:18:35,체인
SPB-32200,2024-08-12 20:22:33,체인
SPB-52162,2024-08-12 20:25:17,기타 
SPB-69023,2024-08-12 20:27:57,타이어 
SPB-68603,2024-08-12 20:29:23,기타 
SPB-46743,2024-08-12 20:29:38,단말기
SPB-34817,2024-08-12 20:31:54,체인
SPB-31396,2024-08-12 20:32:49,기타 
SPB-57407,2024-08-12 20:32:52,기타 
SPB-43999,2024-08-12 20:35:48,타이어 
SPB-54500,2024-08-12 20:39:39,타이어 
SPB-45084,2024-08-12 20:40:28,기타 
SPB-60755,2024-08-12 20:41:02,체인
SPB-42903,2024-08-12 20:43:22,안장
SPB-52818,2024-08-12 20:43:58,체인
SPB-36477,2024-08-12 20:45:38,기타 
SPB-51265,2024-08-12 20:48:00,타이어 
SPB-39774,2024-08-12 20:48:11,체인
SPB-58754,2024-08-12 20:48:22,체인
SPB-64361,2024-08-12 20:48:29,페달
SPB-32090,2024-08-12 20:48:45,기타 
SPB-69736,2024-08-12 20:48:58,체인
SPB-40766,2024-08-12 20:49:47,기타 
SPB-50189,2024-08-12 20:57:48,기타 
SPB-62640,2024-08-12 20:58:05,안장
SPB-34989,2024-08-12 20:58:15,체인
SPB-31132,2024-08-12 21:00:15,체인
SPB-41187,2024-08-12 21:00:56,기타 
SPB-49537,2024-08-12 21:02:26,기타 
SPB-37954,2024-08-12 21:04:00,타이어 
SPB-82261,2024-08-12 21:04:14,타이어 
SPB-68580,2024-08-12 21:08:37,타이어 
SPB-36448,2024-08-12 21:08:50,페달
SPB-36810,2024-08-12 21:09:28,기타 
SPB-34893,2024-08-12 21:10:09,타이어 
SPB-34725,2024-08-12 21:10:39,안장
SPB-43577,2024-08-12 21:11:19,체인
SPB-69561,2024-08-12 21:14:36,안장
SPB-51078,2024-08-12 21:18:01,체인
SPB-39210,2024-08-12 21:18:49,단말기
SPB-50466,2024-08-12 21:21:46,기타 
SPB-60133,2024-08-12 21:22:08,페달
SPB-41086,2024-08-12 21:23:28,안장
SPB-63221,2024-08-12 21:27:24,타이어 
SPB-45136,2024-08-12 21:35:32,단말기
SPB-55456,2024-08-12 21:40:51,안장
SPB-66876,2024-08-12 21:43:01,체인
SPB-61470,2024-08-12 21:45:37,단말기
SPB-54795,2024-08-12 21:46:20,페달
SPB-42932,2024-08-12 21:46:54,체인
SPB-51013,2024-08-12 21:47:27,타이어 
SPB-61941,2024-08-12 21:47:29,안장
SPB-69251,2024-08-12 21:48:27,페달
SPB-66139,2024-08-12 21:53:10,체인
SPB-30854,2024-08-12 21:53:24,타이어 
SPB-48936,2024-08-12 21:56:22,체인
SPB-50184,2024-08-12 21:56:23,체인
SPB-51919,2024-08-12 21:58:21,체인
SPB-49448,2024-08-12 21:59:56,체인
SPB-66423,2024-08-12 22:01:18,타이어 
SPB-40778,2024-08-12 22:01:57,체인
SPB-66108,2024-08-12 22:02:25,타이어 
SPB-30136,2024-08-12 22:03:40,타이어 
SPB-56629,2024-08-12 22:04:50,타이어 
SPB-49416,2024-08-12 22:06:10,타이어 
SPB-48483,2024-08-12 22:07:30,페달
SPB-50433,2024-08-12 22:08:18,체인
SPB-67937,2024-08-12 22:08:36,페달
SPB-43643,2024-08-12 22:12:16,체인
SPB-51108,2024-08-12 22:14:45,기타 
SPB-69332,2024-08-12 22:15:22,체인
SPB-38725,2024-08-12 22:16:55,기타 
SPB-45408,2024-08-12 22:20:57,기타 
SPB-66785,2024-08-12 22:21:35,기타 
SPB-50438,2024-08-12 22:22:21,타이어 
SPB-69532,2024-08-12 22:22:52,체인
SPB-40910,2024-08-12 22:24:18,기타 
SPB-52791,2024-08-12 22:28:27,체인
SPB-49513,2024-08-12 22:31:14,체인
SPB-48170,2024-08-12 22:31:18,페달
SPB-69787,2024-08-12 22:35:27,체인
SPB-35388,2024-08-12 22:39:16,체인
SPB-66595,2024-08-12 22:43:03,기타 
SPB-64034,2024-08-12 22:43:14,타이어 
SPB-52880,2024-08-12 22:43:33,기타 
SPB-30680,2024-08-12 22:46:45,체인
SPB-56792,2024-08-12 22:48:22,타이어 
SPB-42460,2024-08-12 22:59:16,체인
SPB-56774,2024-08-12 23:10:50,타이어 
SPB-30829,2024-08-12 23:11:31,기타 
SPB-46346,2024-08-12 23:16:24,안장
SPB-38783,2024-08-12 23:18:17,타이어 
SPB-41606,2024-08-12 23:18:19,기타 
SPB-47632,2024-08-12 23:19:40,체인
SPB-49378,2024-08-12 23:25:55,페달
SPB-45367,2024-08-12 23:26:19,타이어 
SPB-41660,2024-08-12 23:39:37,페달
SPB-32305,2024-08-12 23:44:56,기타 
SPB-36884,2024-08-12 23:48:55,타이어 
SPB-59690,2024-08-12 23:53:55,타이어 
SPB-48862,2024-08-12 23:58:37,단말기
SPB-44992,2024-08-13 00:09:54,단말기
SPB-61419,2024-08-13 00:13:43,타이어 
SPB-47338,2024-08-13 00:25:44,기타 
SPB-55132,2024-08-13 00:38:08,안장
SPB-56348,2024-08-13 00:55:12,페달
SPB-52900,2024-08-13 01:01:21,단말기
SPB-44378,2024-08-13 01:03:05,체인
SPB-51315,2024-08-13 01:08:42,페달
SPB-40700,2024-08-13 01:16:36,체인
SPB-53753,2024-08-13 01:31:15,단말기
SPB-56716,2024-08-13 01:32:01,타이어 
SPB-40676,2024-08-13 01:35:24,기타 
SPB-54767,2024-08-13 02:13:47,체인
SPB-83561,2024-08-13 02:19:43,안장
SPB-60982,2024-08-13 03:12:50,단말기
SPB-62952,2024-08-13 03:30:07,타이어 
SPB-45626,2024-08-13 04:54:40,타이어 
SPB-54040,2024-08-13 05:07:46,기타 
SPB-57552,2024-08-13 05:31:04,타이어 
SPB-53680,2024-08-13 05:43:30,기타 
SPB-69700,2024-08-13 05:51:38,기타 
SPB-52620,2024-08-13 05:52:26,기타 
SPB-36815,2024-08-13 05:53:17,기타 
SPB-67475,2024-08-13 05:54:47,기타 
SPB-33265,2024-08-13 05:58:10,타이어 
SPB-31863,2024-08-13 06:00:08,안장
SPB-65754,2024-08-13 06:00:24,체인
SPB-67004,2024-08-13 06:04:09,페달
SPB-33807,2024-08-13 06:10:41,기타 
SPB-56613,2024-08-13 06:13:44,기타 
SPB-53076,2024-08-13 06:19:36,기타 
SPB-64707,2024-08-13 06:21:35,타이어 
SPB-32312,2024-08-13 06:21:53,기타 
SPB-34239,2024-08-13 06:22:38,타이어 
SPB-36657,2024-08-13 06:23:26,기타 
SPB-32309,2024-08-13 06:25:35,타이어 
SPB-56161,2024-08-13 06:26:17,기타 
SPB-55667,2024-08-13 06:27:52,페달
SPB-39278,2024-08-13 06:30:25,타이어 
SPB-70112,2024-08-13 06:45:55,체인
SPB-63077,2024-08-13 06:46:37,기타 
SPB-58474,2024-08-13 06:47:13,기타 
SPB-67458,2024-08-13 06:50:35,안장
SPB-53865,2024-08-13 06:53:36,체인
SPB-60509,2024-08-13 06:58:04,기타 
SPB-37488,2024-08-13 06:58:45,타이어 
SPB-65693,2024-08-13 07:03:31,기타 
SPB-57124,2024-08-13 07:03:34,안장
SPB-44448,2024-08-13 07:03:46,체인
SPB-42591,2024-08-13 07:08:57,타이어 
SPB-30110,2024-08-13 07:11:27,타이어 
SPB-68986,2024-08-13 07:12:28,기타 
SPB-30755,2024-08-13 07:16:13,기타 
SPB-35131,2024-08-13 07:17:19,타이어 
SPB-62596,2024-08-13 07:19:38,체인
SPB-61687,2024-08-13 07:23:31,페달
SPB-42174,2024-08-13 07:32:30,체인
SPB-56534,2024-08-13 07:34:44,타이어 
SPB-52868,2024-08-13 07:42:35,타이어 
SPB-46177,2024-08-13 07:42:58,기타 
SPB-39662,2024-08-13 07:44:17,안장
SPB-44544,2024-08-13 07:44:25,페달
SPB-34375,2024-08-13 07:46:10,체인
SPB-59733,2024-08-13 07:47:15,체인
SPB-51664,2024-08-13 07:48:07,페달
SPB-51423,2024-08-13 07:49:46,단말기
SPB-39653,2024-08-13 07:50:33,체인
SPB-65006,2024-08-13 07:51:31,기타 
SPB-31464,2024-08-13 07:52:37,체인
SPB-32391,2024-08-13 07:54:09,타이어 
SPB-43135,2024-08-13 07:54:19,체인
SPB-51777,2024-08-13 07:54:20,기타 
SPB-50509,2024-08-13 07:54:59,기타 
SPB-33255,2024-08-13 07:56:22,단말기
SPB-58167,2024-08-13 07:59:09,페달
SPB-66384,2024-08-13 08:02:48,기타 
SPB-39511,2024-08-13 08:02:50,안장
SPB-36885,2024-08-13 08:05:07,타이어 
SPB-44553,2024-08-13 08:05:18,체인
SPB-34313,2024-08-13 08:05:34,기타 
SPB-66658,2024-08-13 08:05:54,기타 
SPB-46242,2024-08-13 08:06:28,타이어 
SPB-52495,2024-08-13 08:06:29,타이어 
SPB-53569,2024-08-13 08:08:53,페달
SPB-30957,2024-08-13 08:10:32,기타 
SPB-51823,2024-08-13 08:10:43,기타 
SPB-66861,2024-08-13 08:14:37,체인
SPB-66544,2024-08-13 08:14:47,체인
SPB-53070,2024-08-13 08:16:08,기타 
SPB-49300,2024-08-13 08:16:20,기타 
SPB-46574,2024-08-13 08:16:31,기타 
SPB-43335,2024-08-13 08:16:34,타이어 
SPB-65074,2024-08-13 08:19:28,체인
SPB-38359,2024-08-13 08:24:58,체인
SPB-54851,2024-08-13 08:26:30,기타 
SPB-51237,2024-08-13 08:26:45,기타 
SPB-40304,2024-08-13 08:30:11,안장
SPB-40894,2024-08-13 08:30:47,체인
SPB-46571,2024-08-13 08:34:20,체인
SPB-32285,2024-08-13 08:34:52,타이어 
SPB-45395,2024-08-13 08:36:11,체인
SPB-36415,2024-08-13 08:38:06,체인
SPB-38037,2024-08-13 08:40:14,체인
SPB-37921,2024-08-13 08:40:27,기타 
SPB-34811,2024-08-13 08:41:37,안장
SPB-64609,2024-08-13 08:41:51,기타 
SPB-59550,2024-08-13 08:42:40,페달
SPB-59488,2024-08-13 08:43:17,기타 
SPB-56448,2024-08-13 08:43:28,페달
SPB-32205,2024-08-13 08:44:05,체인
SPB-30844,2024-08-13 08:44:18,체인
SPB-37610,2024-08-13 08:44:49,타이어 
SPB-33931,2024-08-13 08:44:53,페달
SPB-51023,2024-08-13 08:46:53,체인
SPB-51816,2024-08-13 08:46:59,타이어 
SPB-53930,2024-08-13 08:47:43,기타 
SPB-48626,2024-08-13 08:50:01,안장
SPB-41232,2024-08-13 08:50:34,타이어 
SPB-45924,2024-08-13 08:53:37,기타 
SPB-47293,2024-08-13 08:53:45,기타 
SPB-62178,2024-08-13 08:56:28,체인
SPB-48953,2024-08-13 08:57:03,페달
SPB-57095,2024-08-13 08:57:28,체인
SPB-45342,2024-08-13 08:59:38,페달
SPB-38497,2024-08-13 09:00:15,기타 
SPB-30275,2024-08-13 09:00:18,단말기
SPB-41693,2024-08-13 09:02:57,페달
SPB-57293,2024-08-13 09:05:13,타이어 
SPB-69756,2024-08-13 09:06:56,기타 
SPB-55738,2024-08-13 09:15:12,페달
SPB-47700,2024-08-13 09:16:12,페달
SPB-64051,2024-08-13 09:22:39,안장
SPB-69842,2024-08-13 09:23:19,기타 
SPB-39971,2024-08-13 09:23:59,단말기
SPB-67743,2024-08-13 09:24:13,타이어 
SPB-38695,2024-08-13 09:30:28,타이어 
SPB-37676,2024-08-13 09:30:30,안장
SPB-83559,2024-08-13 09:34:26,안장
SPB-45815,2024-08-13 09:35:46,안장
SPB-45993,2024-08-13 09:36:15,체인
SPB-57698,2024-08-13 09:38:54,기타 
SPB-48454,2024-08-13 09:42:39,타이어 
SPB-47872,2024-08-13 09:43:18,기타 
SPB-56614,2024-08-13 09:43:24,안장
SPB-49412,2024-08-13 09:43:41,타이어 
SPB-37537,2024-08-13 09:45:02,타이어 
SPB-38950,2024-08-13 09:45:16,안장
SPB-60073,2024-08-13 09:46:32,기타 
SPB-56887,2024-08-13 09:46:55,기타 
SPB-43043,2024-08-13 09:47:47,체인
SPB-68125,2024-08-13 09:47:49,기타 
SPB-37765,2024-08-13 09:51:26,체인
SPB-46370,2024-08-13 09:53:23,체인
SPB-54007,2024-08-13 09:54:09,페달
SPB-35712,2024-08-13 09:54:55,기타 
SPB-42710,2024-08-13 10:05:15,안장
SPB-33996,2024-08-13 10:09:10,타이어 
SPB-44991,2024-08-13 10:09:26,기타 
SPB-37931,2024-08-13 10:09:46,체인
SPB-63485,2024-08-13 10:11:14,기타 
SPB-69717,2024-08-13 10:12:41,체인
SPB-61304,2024-08-13 10:15:09,기타 
SPB-55690,2024-08-13 10:21:15,안장
SPB-34424,2024-08-13 10:26:11,타이어 
SPB-68554,2024-08-13 10:36:08,타이어 
SPB-45553,2024-08-13 10:40:32,타이어 
SPB-42936,2024-08-13 10:41:47,기타 
SPB-65074,2024-08-13 10:42:38,타이어 
SPB-65525,2024-08-13 10:46:05,기타 
SPB-33826,2024-08-13 11:00:01,기타 
SPB-58349,2024-08-13 11:02:58,안장
SPB-56457,2024-08-13 11:03:22,기타 
SPB-43672,2024-08-13 11:03:34,체인
SPB-42120,2024-08-13 11:08:03,기타 
SPB-33887,2024-08-13 11:16:53,타이어 
SPB-54537,2024-08-13 11:18:18,타이어 
SPB-55960,2024-08-13 11:40:28,기타 
SPB-67981,2024-08-13 11:41:33,체인
SPB-53382,2024-08-13 11:51:37,타이어 
SPB-66062,2024-08-13 11:52:37,타이어 
SPB-50024,2024-08-13 11:54:09,타이어 
SPB-41120,2024-08-13 11:59:26,기타 
SPB-63274,2024-08-13 12:00:27,기타 
SPB-48533,2024-08-13 12:01:35,기타 
SPB-60553,2024-08-13 12:01:54,체인
SPB-68721,2024-08-13 12:02:47,타이어 
SPB-69133,2024-08-13 12:04:47,기타 
SPB-40698,2024-08-13 12:05:54,기타 
SPB-51205,2024-08-13 12:08:07,체인
SPB-35779,2024-08-13 12:10:50,타이어 
SPB-62944,2024-08-13 12:14:01,안장
SPB-52048,2024-08-13 12:14:40,단말기
SPB-65613,2024-08-13 12:16:57,안장
SPB-48217,2024-08-13 12:23:38,타이어 
SPB-61600,2024-08-13 12:25:26,체인
SPB-45060,2024-08-13 12:30:49,체인
SPB-38122,2024-08-13 12:32:12,안장
SPB-42048,2024-08-13 12:33:00,단말기
SPB-68212,2024-08-13 12:35:06,기타 
SPB-64350,2024-08-13 12:43:06,체인
SPB-66140,2024-08-13 12:43:20,체인
SPB-53295,2024-08-13 12:53:24,기타 
SPB-31440,2024-08-13 12:57:54,타이어 
SPB-64576,2024-08-13 13:03:50,타이어 
SPB-35451,2024-08-13 13:07:15,안장
SPB-53976,2024-08-13 13:15:46,기타 
SPB-67735,2024-08-13 13:23:33,타이어 
SPB-65026,2024-08-13 13:29:43,체인
SPB-48148,2024-08-13 13:36:19,타이어 
SPB-66714,2024-08-13 13:40:36,기타 
SPB-55133,2024-08-13 13:44:33,체인
SPB-56958,2024-08-13 13:48:16,단말기
SPB-69490,2024-08-13 13:48:42,체인
SPB-34510,2024-08-13 13:52:25,기타 
SPB-32801,2024-08-13 13:57:04,페달
SPB-53941,2024-08-13 14:01:53,체인
SPB-60323,2024-08-13 14:14:21,타이어 
SPB-51563,2024-08-13 14:15:41,기타 
SPB-63000,2024-08-13 14:17:53,안장
SPB-56577,2024-08-13 14:35:45,체인
SPB-69503,2024-08-13 14:45:26,기타 
SPB-51822,2024-08-13 14:51:31,기타 
SPB-62870,2024-08-13 15:01:54,페달
SPB-62953,2024-08-13 15:22:25,타이어 
SPB-49455,2024-08-13 15:23:44,타이어 
SPB-45448,2024-08-13 15:27:39,안장
SPB-43071,2024-08-13 15:34:25,체인
SPB-32579,2024-08-13 15:38:16,타이어 
SPB-52398,2024-08-13 15:40:22,체인
SPB-35092,2024-08-13 15:49:21,체인
SPB-56070,2024-08-13 15:53:13,기타 
SPB-69792,2024-08-13 15:56:49,체인
SPB-65026,2024-08-13 15:57:49,체인
SPB-60470,2024-08-13 16:09:23,체인
SPB-53095,2024-08-13 16:09:30,안장
SPB-57634,2024-08-13 16:10:07,단말기
SPB-69391,2024-08-13 16:12:45,기타 
SPB-64557,2024-08-13 16:25:00,안장
SPB-55667,2024-08-13 16:37:01,페달
SPB-41178,2024-08-13 16:38:02,체인
SPB-31865,2024-08-13 16:41:22,안장
SPB-33350,2024-08-13 16:42:50,기타 
SPB-68621,2024-08-13 16:44:24,타이어 
SPB-65184,2024-08-13 16:50:18,안장
SPB-37811,2024-08-13 16:54:18,안장
SPB-57152,2024-08-13 16:56:22,기타 
SPB-45723,2024-08-13 17:03:22,페달
SPB-56756,2024-08-13 17:06:08,체인
SPB-67785,2024-08-13 17:06:15,기타 
SPB-56225,2024-08-13 17:06:27,체인
SPB-30488,2024-08-13 17:07:21,안장
SPB-34676,2024-08-13 17:09:15,체인
SPB-64473,2024-08-13 17:09:15,타이어 
SPB-62356,2024-08-13 17:09:32,체인
SPB-53705,2024-08-13 17:09:57,안장
SPB-33478,2024-08-13 17:10:11,체인
SPB-38611,2024-08-13 17:12:35,체인
SPB-58617,2024-08-13 17:19:34,타이어 
SPB-44252,2024-08-13 17:24:08,체인
SPB-58499,2024-08-13 17:25:13,타이어 
SPB-60658,2024-08-13 17:25:18,체인
SPB-63211,2024-08-13 17:25:39,페달
SPB-66870,2024-08-13 17:33:50,타이어 
SPB-31743,2024-08-13 17:33:59,체인
SPB-58497,2024-08-13 17:36:05,페달
SPB-68032,2024-08-13 17:36:12,타이어 
SPB-39375,2024-08-13 17:40:03,체인
SPB-41962,2024-08-13 17:40:25,타이어 
SPB-66067,2024-08-13 17:40:34,기타 
SPB-36606,2024-08-13 17:41:26,안장
SPB-69997,2024-08-13 17:44:39,체인
SPB-59826,2024-08-13 17:45:56,단말기
SPB-43055,2024-08-13 17:48:02,체인
SPB-66969,2024-08-13 17:48:08,타이어 
SPB-48745,2024-08-13 17:48:55,기타 
SPB-32330,2024-08-13 17:49:37,타이어 
SPB-65521,2024-08-13 17:51:52,체인
SPB-30991,2024-08-13 17:52:04,체인
SPB-44832,2024-08-13 17:54:12,기타 
SPB-65255,2024-08-13 17:55:53,기타 
SPB-67755,2024-08-13 17:58:46,기타 
SPB-70062,2024-08-13 17:58:51,체인
SPB-55999,2024-08-13 17:58:56,타이어 
SPB-66660,2024-08-13 18:00:29,체인
SPB-30006,2024-08-13 18:02:24,체인
SPB-69383,2024-08-13 18:03:13,타이어 
SPB-53438,2024-08-13 18:04:53,기타 
SPB-70131,2024-08-13 18:05:33,안장
SPB-64240,2024-08-13 18:06:25,페달
SPB-55026,2024-08-13 18:07:04,안장
SPB-63575,2024-08-13 18:07:44,안장
SPB-66154,2024-08-13 18:07:52,페달
SPB-41660,2024-08-13 18:08:44,페달
SPB-47248,2024-08-13 18:10:39,체인
SPB-63808,2024-08-13 18:13:04,기타 
SPB-36583,2024-08-13 18:13:06,페달
SPB-48549,2024-08-13 18:14:03,페달
SPB-33357,2024-08-13 18:14:04,기타 
SPB-58733,2024-08-13 18:14:46,페달
SPB-61496,2024-08-13 18:17:45,기타 
SPB-67213,2024-08-13 18:23:06,체인
SPB-36943,2024-08-13 18:24:19,타이어 
SPB-56754,2024-08-13 18:27:43,안장
SPB-42734,2024-08-13 18:28:24,타이어 
SPB-50818,2024-08-13 18:28:48,페달
SPB-34600,2024-08-13 18:28:55,체인
SPB-62776,2024-08-13 18:29:15,체인
SPB-67654,2024-08-13 18:31:22,기타 
SPB-69551,2024-08-13 18:31:45,체인
SPB-53532,2024-08-13 18:32:18,기타 
SPB-51830,2024-08-13 18:33:09,기타 
SPB-61633,2024-08-13 18:35:10,체인
SPB-59705,2024-08-13 18:35:47,체인
SPB-47179,2024-08-13 18:36:02,안장
SPB-40067,2024-08-13 18:36:36,안장
SPB-57478,2024-08-13 18:38:01,페달
SPB-35564,2024-08-13 18:41:32,안장
SPB-69869,2024-08-13 18:43:13,기타 
SPB-69012,2024-08-13 18:43:59,체인
SPB-32140,2024-08-13 18:44:43,체인
SPB-60045,2024-08-13 18:45:01,타이어 
SPB-66522,2024-08-13 18:47:48,타이어 
SPB-30465,2024-08-13 18:49:04,기타 
SPB-47942,2024-08-13 18:50:28,체인
SPB-46932,2024-08-13 18:51:04,체인
SPB-80398,2024-08-13 18:53:38,기타 
SPB-34254,2024-08-13 18:54:30,체인
SPB-64620,2024-08-13 18:55:30,타이어 
SPB-40496,2024-08-13 18:57:23,기타 
SPB-31357,2024-08-13 18:57:58,페달
SPB-70236,2024-08-13 18:58:02,안장
SPB-45665,2024-08-13 18:58:21,기타 
SPB-61617,2024-08-13 18:58:58,타이어 
SPB-55749,2024-08-13 19:01:00,체인
SPB-39861,2024-08-13 19:01:31,페달
SPB-50892,2024-08-13 19:06:02,단말기
SPB-39209,2024-08-13 19:08:45,안장
SPB-32696,2024-08-13 19:09:01,페달
SPB-46313,2024-08-13 19:09:45,기타 
SPB-45484,2024-08-13 19:11:53,체인
SPB-56996,2024-08-13 19:13:17,타이어 
SPB-45645,2024-08-13 19:17:59,체인
SPB-35331,2024-08-13 19:18:59,기타 
SPB-52519,2024-08-13 19:20:18,단말기
SPB-64786,2024-08-13 19:21:03,단말기
SPB-44137,2024-08-13 19:22:07,타이어 
SPB-63148,2024-08-13 19:26:02,기타 
SPB-50094,2024-08-13 19:28:31,체인
SPB-41650,2024-08-13 19:29:47,페달
SPB-69108,2024-08-13 19:31:27,체인
SPB-42147,2024-08-13 19:31:54,체인
SPB-43589,2024-08-13 19:32:32,기타 
SPB-38891,2024-08-13 19:33:34,안장
SPB-45770,2024-08-13 19:34:37,타이어 
SPB-67286,2024-08-13 19:37:42,타이어 
SPB-66405,2024-08-13 19:38:22,타이어 
SPB-64617,2024-08-13 19:38:37,타이어 
SPB-35098,2024-08-13 19:45:21,안장
SPB-51528,2024-08-13 19:45:50,안장
SPB-38175,2024-08-13 19:47:51,체인
SPB-37746,2024-08-13 19:48:37,기타 
SPB-42098,2024-08-13 19:50:59,페달
SPB-61976,2024-08-13 19:51:16,페달
SPB-55077,2024-08-13 19:52:08,기타 
SPB-33503,2024-08-13 19:53:12,페달
SPB-36357,2024-08-13 19:55:57,기타 
SPB-58568,2024-08-13 19:56:03,체인
SPB-59522,2024-08-13 19:57:31,타이어 
SPB-39384,2024-08-13 20:01:18,기타 
SPB-40766,2024-08-13 20:03:32,타이어 
SPB-64602,2024-08-13 20:04:52,기타 
SPB-51447,2024-08-13 20:05:15,타이어 
SPB-43731,2024-08-13 20:07:07,타이어 
SPB-65845,2024-08-13 20:10:20,타이어 
SPB-57329,2024-08-13 20:11:33,기타 
SPB-57529,2024-08-13 20:12:37,타이어 
SPB-55818,2024-08-13 20:13:24,타이어 
SPB-68702,2024-08-13 20:13:29,타이어 
SPB-51794,2024-08-13 20:13:48,페달
SPB-33126,2024-08-13 20:14:17,체인
SPB-61660,2024-08-13 20:16:16,체인
SPB-39264,2024-08-13 20:16:47,기타 
SPB-43881,2024-08-13 20:18:30,안장
SPB-40411,2024-08-13 20:20:19,안장
SPB-47539,2024-08-13 20:21:49,페달
SPB-41155,2024-08-13 20:24:34,기타 
SPB-48309,2024-08-13 20:26:41,타이어 
SPB-62746,2024-08-13 20:31:32,타이어 
SPB-30099,2024-08-13 20:33:10,타이어 
SPB-39670,2024-08-13 20:37:23,안장
SPB-70369,2024-08-13 20:37:45,체인
SPB-69297,2024-08-13 20:38:44,타이어 
SPB-45710,2024-08-13 20:39:19,안장
SPB-65617,2024-08-13 20:40:44,안장
SPB-66707,2024-08-13 20:42:53,타이어 
SPB-53895,2024-08-13 20:45:03,페달
SPB-33322,2024-08-13 20:45:58,안장
SPB-30185,2024-08-13 20:47:22,타이어 
SPB-45019,2024-08-13 20:49:31,기타 
SPB-40271,2024-08-13 20:52:00,타이어 
SPB-42232,2024-08-13 20:52:58,안장
SPB-69383,2024-08-13 20:55:13,타이어 
SPB-50543,2024-08-13 20:55:47,체인
SPB-42153,2024-08-13 20:59:52,안장
SPB-50534,2024-08-13 21:04:36,기타 
SPB-56016,2024-08-13 21:07:13,타이어 
SPB-56188,2024-08-13 21:13:02,페달
SPB-65335,2024-08-13 21:17:24,기타 
SPB-44778,2024-08-13 21:18:29,체인
SPB-59885,2024-08-13 21:18:51,타이어 
SPB-50281,2024-08-13 21:19:27,체인
SPB-57693,2024-08-13 21:20:27,타이어 
SPB-31918,2024-08-13 21:21:04,안장
SPB-53456,2024-08-13 21:21:18,타이어 
SPB-60147,2024-08-13 21:23:56,타이어 
SPB-60119,2024-08-13 21:24:40,체인
SPB-52395,2024-08-13 21:25:44,타이어 
SPB-42882,2024-08-13 21:29:10,체인
SPB-42532,2024-08-13 21:29:28,체인
SPB-70152,2024-08-13 21:31:59,기타 
SPB-69852,2024-08-13 21:33:37,체인
SPB-58053,2024-08-13 21:38:12,타이어 
SPB-68578,2024-08-13 21:46:03,기타 
SPB-50264,2024-08-13 21:49:41,타이어 
SPB-58940,2024-08-13 21:50:43,단말기
SPB-45707,2024-08-13 21:58:02,타이어 
SPB-68225,2024-08-13 21:59:43,타이어 
SPB-50522,2024-08-13 22:00:16,체인
SPB-59380,2024-08-13 22:02:34,페달
SPB-61500,2024-08-13 22:03:03,안장
SPB-33919,2024-08-13 22:03:14,기타 
SPB-69821,2024-08-13 22:04:52,체인
SPB-40808,2024-08-13 22:08:48,안장
SPB-52780,2024-08-13 22:09:31,페달
SPB-59596,2024-08-13 22:10:10,페달
SPB-69731,2024-08-13 22:13:57,체인
SPB-67784,2024-08-13 22:14:40,단말기
SPB-43140,2024-08-13 22:14:50,안장
SPB-41059,2024-08-13 22:17:53,체인
SPB-66821,2024-08-13 22:18:46,타이어 
SPB-49044,2024-08-13 22:25:15,타이어 
SPB-44405,2024-08-13 22:34:47,타이어 
SPB-68532,2024-08-13 22:35:29,단말기
SPB-56341,2024-08-13 22:39:40,페달
SPB-47817,2024-08-13 22:44:21,기타 
SPB-57858,2024-08-13 22:46:55,기타 
SPB-60614,2024-08-13 22:57:49,페달
SPB-43173,2024-08-13 23:01:58,체인
SPB-62866,2024-08-13 23:03:20,기타 
SPB-68314,2024-08-13 23:03:36,기타 
SPB-69457,2024-08-13 23:05:15,체인
SPB-40147,2024-08-13 23:12:28,기타 
SPB-36658,2024-08-13 23:21:02,타이어 
SPB-36067,2024-08-13 23:21:23,단말기
SPB-59962,2024-08-13 23:27:40,기타 
SPB-65736,2024-08-13 23:32:51,기타 
SPB-34758,2024-08-13 23:34:44,페달
SPB-37298,2024-08-13 23:46:08,안장
SPB-66288,2024-08-13 23:57:08,페달
SPB-50773,2024-08-13 23:58:07,체인
SPB-69756,2024-08-14 00:00:55,기타 
SPB-61962,2024-08-14 00:02:17,기타 
SPB-51265,2024-08-14 00:18:34,타이어 
SPB-66992,2024-08-14 00:26:02,타이어 
SPB-40048,2024-08-14 00:30:00,기타 
SPB-37689,2024-08-14 00:41:02,기타 
SPB-39774,2024-08-14 01:03:17,타이어 
SPB-58754,2024-08-14 01:03:26,페달
SPB-64361,2024-08-14 01:03:31,타이어 
SPB-57918,2024-08-14 01:09:28,기타 
SPB-54137,2024-08-14 01:44:04,기타 
SPB-56848,2024-08-14 02:03:17,타이어 
SPB-43594,2024-08-14 02:31:14,타이어 
SPB-63932,2024-08-14 03:19:01,타이어 
SPB-69230,2024-08-14 03:47:47,기타 
SPB-54284,2024-08-14 04:01:12,기타 
SPB-50714,2024-08-14 04:02:08,기타 
SPB-54040,2024-08-14 04:03:07,기타 
SPB-53458,2024-08-14 04:04:15,기타 
SPB-63040,2024-08-14 04:05:22,기타 
SPB-53783,2024-08-14 04:06:30,기타 
SPB-38231,2024-08-14 04:19:19,체인
SPB-55691,2024-08-14 05:27:36,타이어 
SPB-59133,2024-08-14 05:35:40,기타 
SPB-58247,2024-08-14 05:41:59,기타 
SPB-33512,2024-08-14 05:50:50,타이어 
SPB-48463,2024-08-14 05:55:54,타이어 
SPB-55016,2024-08-14 06:01:58,체인
SPB-60629,2024-08-14 06:09:26,타이어 
SPB-59712,2024-08-14 06:13:28,타이어 
SPB-42957,2024-08-14 06:17:07,기타 
SPB-35398,2024-08-14 06:17:55,기타 
SPB-41995,2024-08-14 06:25:01,체인
SPB-57558,2024-08-14 06:26:34,체인
SPB-36744,2024-08-14 06:30:24,안장
SPB-52084,2024-08-14 06:36:34,타이어 
SPB-67650,2024-08-14 06:43:00,타이어 
SPB-44324,2024-08-14 06:45:47,안장
SPB-35157,2024-08-14 06:46:51,안장
SPB-80159,2024-08-14 06:54:38,기타 
SPB-32538,2024-08-14 06:56:54,타이어 
SPB-38775,2024-08-14 06:57:29,체인
SPB-63190,2024-08-14 06:57:32,타이어 
SPB-65397,2024-08-14 07:01:55,타이어 
SPB-38936,2024-08-14 07:04:00,체인
SPB-47129,2024-08-14 07:07:46,안장
SPB-55853,2024-08-14 07:11:43,타이어 
SPB-30129,2024-08-14 07:13:33,타이어 
SPB-67147,2024-08-14 07:14:51,타이어 
SPB-41937,2024-08-14 07:15:01,안장
SPB-36428,2024-08-14 07:18:15,안장
SPB-39348,2024-08-14 07:20:07,타이어 
SPB-66877,2024-08-14 07:20:48,타이어 
SPB-44584,2024-08-14 07:23:49,체인
SPB-70162,2024-08-14 07:24:22,타이어 
SPB-68830,2024-08-14 07:24:48,단말기
SPB-54335,2024-08-14 07:26:01,기타 
SPB-62476,2024-08-14 07:26:35,안장
SPB-65470,2024-08-14 07:32:45,체인
SPB-31703,2024-08-14 07:34:13,체인
SPB-46929,2024-08-14 07:35:53,안장
SPB-41732,2024-08-14 07:41:00,체인
SPB-49063,2024-08-14 07:43:56,체인
SPB-63094,2024-08-14 07:44:52,타이어 
SPB-34082,2024-08-14 07:46:37,타이어 
SPB-60338,2024-08-14 07:47:16,기타 
SPB-48641,2024-08-14 07:47:23,안장
SPB-66508,2024-08-14 07:50:50,타이어 
SPB-39715,2024-08-14 07:56:25,체인
SPB-83224,2024-08-14 07:57:41,체인
SPB-65476,2024-08-14 07:58:10,기타 
SPB-70012,2024-08-14 08:00:02,체인
SPB-33743,2024-08-14 08:09:21,체인
SPB-42451,2024-08-14 08:10:02,안장
SPB-51646,2024-08-14 08:10:19,체인
SPB-62555,2024-08-14 08:10:42,체인
SPB-30447,2024-08-14 08:11:53,기타 
SPB-56488,2024-08-14 08:11:57,기타 
SPB-67350,2024-08-14 08:12:25,기타 
SPB-60161,2024-08-14 08:15:33,타이어 
SPB-44562,2024-08-14 08:16:03,타이어 
SPB-52419,2024-08-14 08:17:47,타이어 
SPB-33448,2024-08-14 08:18:13,기타 
SPB-36146,2024-08-14 08:19:36,타이어 
SPB-33644,2024-08-14 08:20:13,타이어 
SPB-42750,2024-08-14 08:21:39,타이어 
SPB-63374,2024-08-14 08:21:54,체인
SPB-57212,2024-08-14 08:22:53,기타 
SPB-64656,2024-08-14 08:25:16,기타 
SPB-62596,2024-08-14 08:26:21,체인
SPB-57665,2024-08-14 08:27:27,기타 
SPB-40201,2024-08-14 08:27:32,타이어 
SPB-38534,2024-08-14 08:28:49,기타 
SPB-56584,2024-08-14 08:28:56,타이어 
SPB-31102,2024-08-14 08:30:00,타이어 
SPB-47351,2024-08-14 08:30:36,기타 
SPB-84870,2024-08-14 08:31:45,체인
SPB-48570,2024-08-14 08:32:16,페달
SPB-33587,2024-08-14 08:33:17,타이어 
SPB-37432,2024-08-14 08:33:45,기타 
SPB-68224,2024-08-14 08:34:28,체인
SPB-39954,2024-08-14 08:34:32,체인
SPB-64995,2024-08-14 08:35:33,체인
SPB-58262,2024-08-14 08:36:39,안장
SPB-31590,2024-08-14 08:36:57,타이어 
SPB-53215,2024-08-14 08:37:07,체인
SPB-34277,2024-08-14 08:39:10,기타 
SPB-53023,2024-08-14 08:40:26,기타 
SPB-53289,2024-08-14 08:41:29,타이어 
SPB-38689,2024-08-14 08:43:33,체인
SPB-69928,2024-08-14 08:43:52,체인
SPB-52639,2024-08-14 08:44:06,체인
SPB-66990,2024-08-14 08:44:37,타이어 
SPB-60341,2024-08-14 08:45:33,안장
SPB-60563,2024-08-14 08:47:22,기타 
SPB-45489,2024-08-14 08:47:25,체인
SPB-61985,2024-08-14 08:49:26,안장
SPB-52936,2024-08-14 08:50:34,타이어 
SPB-32896,2024-08-14 08:51:11,타이어 
SPB-55822,2024-08-14 08:52:08,기타 
SPB-57880,2024-08-14 08:53:03,안장
SPB-36374,2024-08-14 08:53:16,체인
SPB-54847,2024-08-14 08:56:42,체인
SPB-69300,2024-08-14 08:57:14,체인
SPB-69782,2024-08-14 08:57:39,체인
SPB-53477,2024-08-14 08:58:06,체인
SPB-48481,2024-08-14 08:58:22,기타 
SPB-67067,2024-08-14 08:58:44,기타 
SPB-34704,2024-08-14 08:59:28,타이어 
SPB-44208,2024-08-14 08:59:39,체인
SPB-47913,2024-08-14 09:00:44,타이어 
SPB-53820,2024-08-14 09:06:16,타이어 
SPB-47914,2024-08-14 09:09:48,타이어 
SPB-30022,2024-08-14 09:10:22,체인
SPB-68670,2024-08-14 09:10:25,타이어 
SPB-54778,2024-08-14 09:14:03,타이어 
SPB-65155,2024-08-14 09:14:22,타이어 
SPB-58117,2024-08-14 09:18:51,기타 
SPB-55542,2024-08-14 09:18:59,안장
SPB-67452,2024-08-14 09:19:05,체인
SPB-67317,2024-08-14 09:19:39,타이어 
SPB-39280,2024-08-14 09:20:15,타이어 
SPB-48015,2024-08-14 09:22:18,체인
SPB-51966,2024-08-14 09:29:05,타이어 
SPB-67109,2024-08-14 09:30:15,타이어 
SPB-51186,2024-08-14 09:35:04,안장
SPB-30874,2024-08-14 09:36:30,체인
SPB-63975,2024-08-14 09:41:15,기타 
SPB-68315,2024-08-14 09:42:38,기타 
SPB-43146,2024-08-14 09:48:40,기타 
SPB-39125,2024-08-14 09:49:12,안장
SPB-81766,2024-08-14 09:49:40,기타 
SPB-48209,2024-08-14 09:52:54,타이어 
SPB-59690,2024-08-14 09:56:20,체인
SPB-69185,2024-08-14 10:02:53,체인
SPB-48005,2024-08-14 10:04:24,타이어 
SPB-56340,2024-08-14 10:14:22,체인
SPB-64071,2024-08-14 10:14:49,타이어 
SPB-69451,2024-08-14 10:15:09,체인
SPB-33286,2024-08-14 10:20:24,기타 
SPB-42500,2024-08-14 10:21:28,안장
SPB-55757,2024-08-14 10:24:43,타이어 
SPB-53859,2024-08-14 10:24:56,기타 
SPB-65761,2024-08-14 10:36:37,안장
SPB-68547,2024-08-14 10:39:40,기타 
SPB-55501,2024-08-14 10:54:56,기타 
SPB-32910,2024-08-14 11:05:13,안장
SPB-34093,2024-08-14 11:06:04,페달
SPB-84256,2024-08-14 11:08:38,타이어 
SPB-52868,2024-08-14 11:09:00,타이어 
SPB-70304,2024-08-14 11:09:14,체인
SPB-60121,2024-08-14 11:10:13,타이어 
SPB-54602,2024-08-14 11:10:54,페달
SPB-55591,2024-08-14 11:13:50,체인
SPB-56147,2024-08-14 11:16:27,체인
SPB-37777,2024-08-14 11:19:06,체인
SPB-54752,2024-08-14 11:21:29,안장
SPB-51387,2024-08-14 11:23:38,안장
SPB-35066,2024-08-14 11:39:41,체인
SPB-44832,2024-08-14 11:42:50,기타 
SPB-54756,2024-08-14 11:44:24,안장
SPB-50353,2024-08-14 11:53:36,타이어 
SPB-50773,2024-08-14 11:59:10,체인
SPB-57878,2024-08-14 12:07:49,타이어 
SPB-69656,2024-08-14 12:20:02,체인
SPB-70182,2024-08-14 12:21:39,체인
SPB-65154,2024-08-14 12:23:57,기타 
SPB-61249,2024-08-14 12:26:24,안장
SPB-34865,2024-08-14 12:32:08,타이어 
SPB-68307,2024-08-14 12:47:52,기타 
SPB-48877,2024-08-14 12:49:37,체인
SPB-38932,2024-08-14 12:57:01,기타 
SPB-55667,2024-08-14 12:57:07,페달
SPB-46917,2024-08-14 12:58:21,타이어 
SPB-62294,2024-08-14 13:11:26,단말기
SPB-56975,2024-08-14 13:21:31,단말기
SPB-50936,2024-08-14 13:22:19,타이어 
SPB-60037,2024-08-14 13:22:20,타이어 
SPB-50698,2024-08-14 13:30:26,안장
SPB-42252,2024-08-14 13:34:37,단말기
SPB-56356,2024-08-14 13:35:02,페달
SPB-66941,2024-08-14 13:35:39,타이어 
SPB-38231,2024-08-14 13:36:39,체인
SPB-62972,2024-08-14 13:56:02,페달
SPB-42238,2024-08-14 13:58:05,체인
SPB-64367,2024-08-14 14:09:43,타이어 
SPB-43938,2024-08-14 14:17:56,기타 
SPB-35365,2024-08-14 14:23:49,타이어 
SPB-60112,2024-08-14 14:24:50,안장
SPB-60244,2024-08-14 14:25:42,안장
SPB-70155,2024-08-14 14:29:15,안장
SPB-65963,2024-08-14 14:33:08,기타 
SPB-70134,2024-08-14 14:34:19,단말기
SPB-66339,2024-08-14 14:40:00,타이어 
SPB-30268,2024-08-14 14:42:10,안장
SPB-43680,2024-08-14 15:02:31,안장
SPB-51046,2024-08-14 15:07:27,타이어 
SPB-66481,2024-08-14 15:09:21,기타 
SPB-68750,2024-08-14 15:15:57,체인
SPB-67670,2024-08-14 15:16:27,안장
SPB-44894,2024-08-14 15:19:49,체인
SPB-41178,2024-08-14 15:25:52,체인
SPB-47038,2024-08-14 15:26:27,체인
SPB-45394,2024-08-14 15:31:43,체인
SPB-51482,2024-08-14 15:35:41,기타 
SPB-56417,2024-08-14 15:38:45,체인
SPB-55740,2024-08-14 15:39:06,안장
SPB-31446,2024-08-14 15:39:07,안장
SPB-41137,2024-08-14 15:41:54,단말기
SPB-61630,2024-08-14 15:44:04,체인
SPB-70378,2024-08-14 15:47:19,체인
SPB-41133,2024-08-14 15:49:39,타이어 
SPB-50807,2024-08-14 15:50:31,기타 
SPB-53655,2024-08-14 15:58:40,타이어 
SPB-48803,2024-08-14 16:03:28,기타 
SPB-53957,2024-08-14 16:05:16,타이어 
SPB-50733,2024-08-14 16:06:47,타이어 
SPB-57929,2024-08-14 16:07:10,타이어 
SPB-45394,2024-08-14 16:09:09,기타 
SPB-30309,2024-08-14 16:17:05,타이어 
SPB-58478,2024-08-14 16:19:11,단말기
SPB-44256,2024-08-14 16:20:51,체인
SPB-62117,2024-08-14 16:24:16,체인
SPB-32749,2024-08-14 16:24:47,타이어 
SPB-69915,2024-08-14 16:28:14,체인
SPB-35461,2024-08-14 16:31:22,체인
SPB-51548,2024-08-14 16:33:26,기타 
SPB-36805,2024-08-14 16:37:21,기타 
SPB-64270,2024-08-14 16:38:15,기타 
SPB-42882,2024-08-14 16:38:45,페달
SPB-48055,2024-08-14 16:39:17,페달
SPB-31459,2024-08-14 16:39:59,타이어 
SPB-45477,2024-08-14 16:49:46,페달
SPB-53831,2024-08-14 16:50:11,타이어 
SPB-51794,2024-08-14 16:55:01,페달
SPB-67037,2024-08-14 16:59:07,페달
SPB-43373,2024-08-14 17:02:49,단말기
SPB-69937,2024-08-14 17:07:53,안장
SPB-64159,2024-08-14 17:10:02,타이어 
SPB-42390,2024-08-14 17:10:04,페달
SPB-52195,2024-08-14 17:10:12,페달
SPB-47016,2024-08-14 17:11:13,안장
SPB-45338,2024-08-14 17:11:49,타이어 
SPB-67065,2024-08-14 17:12:41,체인
SPB-53023,2024-08-14 17:13:47,체인
SPB-46717,2024-08-14 17:16:58,타이어 
SPB-69518,2024-08-14 17:18:14,체인
SPB-37941,2024-08-14 17:18:25,안장
SPB-40139,2024-08-14 17:20:19,안장
SPB-53166,2024-08-14 17:22:20,타이어 
SPB-60895,2024-08-14 17:22:54,타이어 
SPB-62474,2024-08-14 17:23:36,체인
SPB-36559,2024-08-14 17:25:07,페달
SPB-43785,2024-08-14 17:25:07,기타 
SPB-48063,2024-08-14 17:25:37,기타 
SPB-39048,2024-08-14 17:27:43,체인
SPB-64344,2024-08-14 17:32:22,기타 
SPB-45176,2024-08-14 17:33:19,기타 
SPB-39222,2024-08-14 17:33:32,기타 
SPB-40155,2024-08-14 17:38:43,기타 
SPB-62247,2024-08-14 17:41:47,체인
SPB-66857,2024-08-14 17:44:39,체인
SPB-63859,2024-08-14 17:47:08,타이어 
SPB-69515,2024-08-14 17:50:17,타이어 
SPB-58287,2024-08-14 17:52:05,페달
SPB-52420,2024-08-14 17:57:51,단말기
SPB-43601,2024-08-14 17:58:53,페달
SPB-59926,2024-08-14 18:00:26,안장
SPB-66815,2024-08-14 18:01:15,체인
SPB-50558,2024-08-14 18:02:15,단말기
SPB-58370,2024-08-14 18:07:12,기타 
SPB-39064,2024-08-14 18:09:04,기타 
SPB-62861,2024-08-14 18:09:51,타이어 
SPB-40974,2024-08-14 18:10:02,안장
SPB-67250,2024-08-14 18:14:43,타이어 
SPB-34189,2024-08-14 18:15:39,페달
SPB-35382,2024-08-14 18:15:41,페달
SPB-38280,2024-08-14 18:16:10,안장
SPB-54728,2024-08-14 18:16:14,단말기
SPB-60613,2024-08-14 18:22:55,타이어 
SPB-54675,2024-08-14 18:24:55,기타 
SPB-67635,2024-08-14 18:25:49,안장
SPB-50903,2024-08-14 18:26:12,체인
SPB-68886,2024-08-14 18:26:17,단말기
SPB-31941,2024-08-14 18:27:55,페달
SPB-53316,2024-08-14 18:29:12,타이어 
SPB-64379,2024-08-14 18:36:44,기타 
SPB-52509,2024-08-14 18:37:16,기타 
SPB-33682,2024-08-14 18:39:05,타이어 
SPB-60755,2024-08-14 18:39:41,타이어 
SPB-55407,2024-08-14 18:41:11,체인
SPB-57108,2024-08-14 18:41:26,체인
SPB-45557,2024-08-14 18:44:18,기타 
SPB-44282,2024-08-14 18:44:35,단말기
SPB-46374,2024-08-14 18:44:47,안장
SPB-30353,2024-08-14 18:47:26,타이어 
SPB-66550,2024-08-14 18:47:51,체인
SPB-31312,2024-08-14 18:48:09,타이어 
SPB-37431,2024-08-14 18:48:16,기타 
SPB-40303,2024-08-14 18:49:31,체인
SPB-39645,2024-08-14 18:51:31,기타 
SPB-54513,2024-08-14 18:53:53,페달
SPB-47091,2024-08-14 18:54:15,타이어 
SPB-45338,2024-08-14 18:54:18,타이어 
SPB-52856,2024-08-14 18:54:58,타이어 
SPB-62949,2024-08-14 18:55:06,기타 
SPB-44207,2024-08-14 19:02:00,타이어 
SPB-42857,2024-08-14 19:02:54,안장
SPB-70383,2024-08-14 19:03:09,체인
SPB-70356,2024-08-14 19:03:12,단말기
SPB-37078,2024-08-14 19:04:14,타이어 
SPB-33637,2024-08-14 19:06:40,타이어 
SPB-60168,2024-08-14 19:07:00,체인
SPB-44106,2024-08-14 19:07:15,기타 
SPB-59826,2024-08-14 19:07:57,타이어 
SPB-69610,2024-08-14 19:10:08,체인
SPB-34551,2024-08-14 19:10:14,체인
SPB-34688,2024-08-14 19:11:59,페달
SPB-39715,2024-08-14 19:14:50,체인
SPB-64452,2024-08-14 19:22:10,단말기
SPB-42682,2024-08-14 19:25:06,체인
SPB-64902,2024-08-14 19:25:39,타이어 
SPB-42838,2024-08-14 19:28:49,체인
SPB-42684,2024-08-14 19:31:30,기타 
SPB-69321,2024-08-14 19:32:22,타이어 
SPB-41445,2024-08-14 19:32:55,타이어 
SPB-52968,2024-08-14 19:39:05,타이어 
SPB-81018,2024-08-14 19:40:24,체인
SPB-59736,2024-08-14 19:41:18,기타 
SPB-58673,2024-08-14 19:42:32,기타 
SPB-41049,2024-08-14 19:44:41,안장
SPB-70485,2024-08-14 19:45:23,기타 
SPB-55005,2024-08-14 19:45:54,체인
SPB-70038,2024-08-14 19:48:12,체인
SPB-31737,2024-08-14 19:49:02,타이어 
SPB-66575,2024-08-14 19:52:12,타이어 
SPB-59476,2024-08-14 19:54:57,페달
SPB-56494,2024-08-14 19:55:49,페달
SPB-52999,2024-08-14 19:56:41,기타 
SPB-48806,2024-08-14 19:57:49,타이어 
SPB-58523,2024-08-14 19:58:30,체인
SPB-67345,2024-08-14 20:02:15,타이어 
SPB-67136,2024-08-14 20:02:30,기타 
SPB-31570,2024-08-14 20:05:52,타이어 
SPB-53874,2024-08-14 20:07:37,페달
SPB-67518,2024-08-14 20:07:51,단말기
SPB-37097,2024-08-14 20:08:18,타이어 
SPB-56150,2024-08-14 20:10:47,페달
SPB-46874,2024-08-14 20:11:19,기타 
SPB-64220,2024-08-14 20:12:06,체인
SPB-59078,2024-08-14 20:14:26,기타 
SPB-30080,2024-08-14 20:14:57,타이어 
SPB-38938,2024-08-14 20:15:32,타이어 
SPB-47635,2024-08-14 20:15:45,기타 
SPB-39811,2024-08-14 20:15:51,체인
SPB-66365,2024-08-14 20:17:31,타이어 
SPB-47054,2024-08-14 20:18:32,안장
SPB-45671,2024-08-14 20:19:05,체인
SPB-42746,2024-08-14 20:25:11,체인
SPB-31710,2024-08-14 20:26:32,단말기
SPB-43345,2024-08-14 20:26:50,단말기
SPB-45463,2024-08-14 20:33:25,안장
SPB-64269,2024-08-14 20:34:09,기타 
SPB-66922,2024-08-14 20:34:09,단말기
SPB-64995,2024-08-14 20:34:28,기타 
SPB-65423,2024-08-14 20:41:42,페달
SPB-54033,2024-08-14 20:42:18,안장
SPB-35894,2024-08-14 20:43:07,기타 
SPB-36098,2024-08-14 20:45:36,체인
SPB-46961,2024-08-14 20:51:06,안장
SPB-70383,2024-08-14 20:56:22,타이어 
SPB-66670,2024-08-14 21:07:58,타이어 
SPB-41357,2024-08-14 21:08:59,체인
SPB-34375,2024-08-14 21:10:06,페달
SPB-37570,2024-08-14 21:16:40,타이어 
SPB-61369,2024-08-14 21:16:50,체인
SPB-40537,2024-08-14 21:17:02,체인
SPB-62698,2024-08-14 21:19:36,안장
SPB-54847,2024-08-14 21:20:30,타이어 
SPB-64588,2024-08-14 21:21:08,기타 
SPB-67621,2024-08-14 21:24:01,기타 
SPB-36017,2024-08-14 21:26:07,기타 
SPB-42257,2024-08-14 21:31:05,체인
SPB-63260,2024-08-14 21:31:19,타이어 
SPB-42101,2024-08-14 21:34:10,체인
SPB-53950,2024-08-14 21:36:28,페달
SPB-67736,2024-08-14 21:36:32,타이어 
SPB-70049,2024-08-14 21:39:13,기타 
SPB-44196,2024-08-14 21:40:38,단말기
SPB-50590,2024-08-14 21:43:17,타이어 
SPB-32804,2024-08-14 21:43:49,기타 
SPB-69528,2024-08-14 21:46:17,타이어 
SPB-61151,2024-08-14 21:47:36,체인
SPB-55588,2024-08-14 21:55:25,타이어 
SPB-42035,2024-08-14 21:56:54,체인
SPB-66516,2024-08-14 22:02:56,타이어 
SPB-59087,2024-08-14 22:03:09,타이어 
SPB-57829,2024-08-14 22:05:18,페달
SPB-59640,2024-08-14 22:06:24,단말기
SPB-83163,2024-08-14 22:07:00,기타 
SPB-32111,2024-08-14 22:09:27,타이어 
SPB-42337,2024-08-14 22:13:57,페달
SPB-60717,2024-08-14 22:18:11,체인
SPB-66745,2024-08-14 22:18:53,타이어 
SPB-32405,2024-08-14 22:26:06,안장
SPB-39534,2024-08-14 22:27:37,안장
SPB-69399,2024-08-14 22:28:00,체인
SPB-31523,2024-08-14 22:28:43,타이어 
SPB-59440,2024-08-14 22:30:53,기타 
SPB-55832,2024-08-14 22:31:13,기타 
SPB-62884,2024-08-14 22:34:38,체인
SPB-58692,2024-08-14 22:40:55,체인
SPB-51892,2024-08-14 22:49:35,안장
SPB-40664,2024-08-14 22:50:45,체인
SPB-69894,2024-08-14 22:53:24,체인
SPB-56776,2024-08-14 22:54:53,안장
SPB-64827,2024-08-14 23:10:08,기타 
SPB-44894,2024-08-14 23:13:56,체인
SPB-46150,2024-08-14 23:34:07,페달
SPB-45966,2024-08-14 23:45:44,기타 
SPB-33544,2024-08-14 23:50:47,타이어 
SPB-62513,2024-08-14 23:53:13,체인
SPB-48820,2024-08-15 00:03:50,페달
SPB-47161,2024-08-15 00:10:18,타이어 
SPB-62633,2024-08-15 00:10:30,기타 
SPB-38508,2024-08-15 00:27:06,체인
SPB-54530,2024-08-15 00:57:33,단말기
SPB-82821,2024-08-15 01:25:49,단말기
SPB-30716,2024-08-15 01:27:59,페달
SPB-53491,2024-08-15 01:29:34,페달
SPB-42047,2024-08-15 01:44:08,타이어 
SPB-57082,2024-08-15 01:52:11,기타 
SPB-64166,2024-08-15 03:27:07,기타 
SPB-31137,2024-08-15 04:32:07,안장
SPB-66464,2024-08-15 04:46:29,페달
SPB-38689,2024-08-15 05:48:11,체인
SPB-42428,2024-08-15 05:51:03,기타 
SPB-68709,2024-08-15 05:55:46,기타 
SPB-31689,2024-08-15 06:16:06,타이어 
SPB-56667,2024-08-15 06:29:18,타이어 
SPB-64300,2024-08-15 06:53:01,타이어 
SPB-50575,2024-08-15 06:54:35,안장
SPB-59962,2024-08-15 07:12:00,페달
SPB-37775,2024-08-15 07:23:29,체인
SPB-47077,2024-08-15 07:25:25,체인
SPB-44022,2024-08-15 07:29:40,단말기
SPB-34024,2024-08-15 07:30:56,안장
SPB-68548,2024-08-15 07:35:52,타이어 
SPB-35499,2024-08-15 07:37:54,기타 
SPB-47341,2024-08-15 07:41:40,체인
SPB-50614,2024-08-15 07:51:48,페달
SPB-66922,2024-08-15 07:52:19,기타 
SPB-54890,2024-08-15 08:00:08,기타 
SPB-45410,2024-08-15 08:06:25,타이어 
SPB-67758,2024-08-15 08:14:06,체인
SPB-69566,2024-08-15 08:23:33,페달
SPB-45224,2024-08-15 08:24:27,체인
SPB-47858,2024-08-15 08:27:57,체인
SPB-31651,2024-08-15 08:46:18,페달
SPB-42576,2024-08-15 08:49:50,기타 
SPB-68521,2024-08-15 08:50:50,기타 
SPB-46395,2024-08-15 09:10:23,체인
SPB-54325,2024-08-15 09:12:40,체인
SPB-61552,2024-08-15 09:25:48,타이어 
SPB-65191,2024-08-15 09:43:35,타이어 
SPB-68547,2024-08-15 09:44:19,페달
SPB-32186,2024-08-15 09:45:30,안장
SPB-42867,2024-08-15 09:49:03,타이어 
SPB-45786,2024-08-15 09:55:14,페달
SPB-30519,2024-08-15 09:57:23,타이어 
SPB-56135,2024-08-15 09:57:50,페달
SPB-33316,2024-08-15 10:01:09,기타 
SPB-56727,2024-08-15 10:09:07,타이어 
SPB-44882,2024-08-15 10:14:27,타이어 
SPB-66726,2024-08-15 10:16:51,안장
SPB-33015,2024-08-15 10:17:40,타이어 
SPB-42408,2024-08-15 10:18:06,안장
SPB-51057,2024-08-15 10:19:01,기타 
SPB-47936,2024-08-15 10:23:59,페달
SPB-65807,2024-08-15 10:29:09,기타 
SPB-66611,2024-08-15 10:30:57,체인
SPB-44178,2024-08-15 10:36:30,체인
SPB-69324,2024-08-15 10:37:33,단말기
SPB-58228,2024-08-15 10:44:01,타이어 
SPB-52217,2024-08-15 10:46:53,체인
SPB-67275,2024-08-15 10:47:55,안장
SPB-31531,2024-08-15 10:48:30,타이어 
SPB-58507,2024-08-15 10:48:51,단말기
SPB-43896,2024-08-15 11:01:42,타이어 
SPB-46408,2024-08-15 11:13:11,안장
SPB-55738,2024-08-15 11:17:36,체인
SPB-54955,2024-08-15 11:18:13,타이어 
SPB-34778,2024-08-15 11:24:10,안장
SPB-66938,2024-08-15 11:27:49,안장
SPB-66178,2024-08-15 11:31:27,기타 
SPB-62385,2024-08-15 11:34:12,체인
SPB-67090,2024-08-15 11:36:24,안장
SPB-43394,2024-08-15 11:38:13,체인
SPB-41057,2024-08-15 11:44:51,단말기
SPB-35699,2024-08-15 11:55:22,체인
SPB-51265,2024-08-15 11:58:41,타이어 
SPB-39774,2024-08-15 11:58:46,타이어 
SPB-58754,2024-08-15 11:58:54,타이어 
SPB-64361,2024-08-15 11:59:00,타이어 
SPB-52665,2024-08-15 12:03:47,페달
SPB-50444,2024-08-15 12:12:51,기타 
SPB-33326,2024-08-15 12:15:39,체인
SPB-61546,2024-08-15 12:17:16,안장
SPB-69973,2024-08-15 12:19:13,타이어 
SPB-67662,2024-08-15 12:22:17,체인
SPB-32939,2024-08-15 12:23:21,타이어 
SPB-31123,2024-08-15 12:30:11,페달
SPB-57143,2024-08-15 12:31:26,기타 
SPB-34182,2024-08-15 12:40:49,체인
SPB-36412,2024-08-15 12:48:55,안장
SPB-41280,2024-08-15 12:49:30,체인
SPB-56726,2024-08-15 12:52:58,타이어 
SPB-48382,2024-08-15 13:02:21,단말기
SPB-49450,2024-08-15 13:06:32,타이어 
SPB-55599,2024-08-15 13:14:32,페달
SPB-57240,2024-08-15 13:35:48,체인
SPB-60443,2024-08-15 13:39:00,안장
SPB-61439,2024-08-15 13:46:08,체인
SPB-52086,2024-08-15 13:46:28,단말기
SPB-41638,2024-08-15 13:51:54,타이어 
SPB-34160,2024-08-15 13:54:51,안장
SPB-53543,2024-08-15 14:06:02,체인
SPB-34326,2024-08-15 14:14:56,페달
SPB-43035,2024-08-15 14:19:26,체인
SPB-39852,2024-08-15 14:21:53,타이어 
SPB-60139,2024-08-15 14:26:52,체인
SPB-31910,2024-08-15 14:32:24,타이어 
SPB-59936,2024-08-15 14:38:35,타이어 
SPB-45584,2024-08-15 14:50:18,체인
SPB-51086,2024-08-15 14:51:22,기타 
SPB-31435,2024-08-15 14:58:58,체인
SPB-50895,2024-08-15 14:59:05,안장
SPB-52798,2024-08-15 14:59:26,기타 
SPB-48125,2024-08-15 15:04:21,기타 
SPB-67659,2024-08-15 15:06:20,타이어 
SPB-57182,2024-08-15 15:19:07,안장
SPB-44108,2024-08-15 15:20:52,체인
SPB-64927,2024-08-15 15:23:29,타이어 
SPB-67738,2024-08-15 15:31:46,기타 
SPB-38152,2024-08-15 15:41:46,타이어 
SPB-61315,2024-08-15 15:47:37,안장
SPB-45724,2024-08-15 15:48:29,안장
SPB-50639,2024-08-15 15:50:28,페달
SPB-63075,2024-08-15 16:09:40,안장
SPB-57978,2024-08-15 16:22:45,타이어 
SPB-30665,2024-08-15 16:23:18,타이어 
SPB-41038,2024-08-15 16:23:56,타이어 
SPB-64995,2024-08-15 16:28:14,체인
SPB-52475,2024-08-15 16:33:35,타이어 
SPB-44506,2024-08-15 16:44:58,기타 
SPB-35163,2024-08-15 16:47:21,체인
SPB-39674,2024-08-15 16:47:23,체인
SPB-61013,2024-08-15 16:47:35,체인
SPB-40809,2024-08-15 16:47:37,체인
SPB-62870,2024-08-15 16:54:17,페달
SPB-30132,2024-08-15 17:01:00,타이어 
SPB-48884,2024-08-15 17:05:53,안장
SPB-33308,2024-08-15 17:14:05,기타 
SPB-63368,2024-08-15 17:14:18,체인
SPB-80029,2024-08-15 17:15:38,기타 
SPB-53898,2024-08-15 17:16:46,체인
SPB-65326,2024-08-15 17:20:06,체인
SPB-38441,2024-08-15 17:20:52,기타 
SPB-69193,2024-08-15 17:21:54,페달
SPB-50260,2024-08-15 17:22:08,페달
SPB-47874,2024-08-15 17:30:05,체인
SPB-51510,2024-08-15 17:32:24,기타 
SPB-37014,2024-08-15 17:40:41,타이어 
SPB-84182,2024-08-15 17:41:04,기타 
SPB-55307,2024-08-15 17:41:59,타이어 
SPB-67054,2024-08-15 17:46:38,타이어 
SPB-51163,2024-08-15 17:47:49,기타 
SPB-40212,2024-08-15 17:48:07,기타 
SPB-45502,2024-08-15 17:48:33,기타 
SPB-59560,2024-08-15 17:51:52,타이어 
SPB-37718,2024-08-15 17:53:06,체인
SPB-45810,2024-08-15 17:53:32,타이어 
SPB-51860,2024-08-15 17:54:27,기타 
SPB-44405,2024-08-15 18:00:17,체인
SPB-54156,2024-08-15 18:01:37,기타 
SPB-58991,2024-08-15 18:03:00,안장
SPB-51725,2024-08-15 18:03:11,타이어 
SPB-48438,2024-08-15 18:03:48,타이어 
SPB-42973,2024-08-15 18:03:49,기타 
SPB-55822,2024-08-15 18:05:12,타이어 
SPB-61308,2024-08-15 18:06:31,체인
SPB-38504,2024-08-15 18:07:55,체인
SPB-35164,2024-08-15 18:11:57,체인
SPB-50419,2024-08-15 18:14:30,페달
SPB-43785,2024-08-15 18:15:12,기타 
SPB-70332,2024-08-15 18:15:48,기타 
SPB-46467,2024-08-15 18:18:34,타이어 
SPB-51676,2024-08-15 18:24:40,타이어 
SPB-32692,2024-08-15 18:25:05,안장
SPB-37394,2024-08-15 18:26:03,기타 
SPB-57958,2024-08-15 18:26:43,기타 
SPB-49539,2024-08-15 18:31:11,페달
SPB-70123,2024-08-15 18:32:47,체인
SPB-56308,2024-08-15 18:35:33,단말기
SPB-70405,2024-08-15 18:41:24,타이어 
SPB-39393,2024-08-15 18:41:53,안장
SPB-39677,2024-08-15 18:44:36,기타 
SPB-41965,2024-08-15 18:48:59,체인
SPB-51664,2024-08-15 18:50:17,페달
SPB-45048,2024-08-15 18:50:44,기타 
SPB-64972,2024-08-15 18:51:13,단말기
SPB-45587,2024-08-15 18:54:59,기타 
SPB-69082,2024-08-15 19:05:19,기타 
SPB-68501,2024-08-15 19:18:25,타이어 
SPB-50603,2024-08-15 19:19:13,타이어 
SPB-44915,2024-08-15 19:22:20,체인
SPB-42053,2024-08-15 19:23:01,체인
SPB-68472,2024-08-15 19:23:41,체인
SPB-34016,2024-08-15 19:24:47,타이어 
SPB-68618,2024-08-15 19:26:46,체인
SPB-67218,2024-08-15 19:28:12,기타 
SPB-51640,2024-08-15 19:34:54,타이어 
SPB-54262,2024-08-15 19:34:55,안장
SPB-69276,2024-08-15 19:37:12,타이어 
SPB-50480,2024-08-15 19:44:30,타이어 
SPB-56738,2024-08-15 19:47:20,타이어 
SPB-59413,2024-08-15 19:49:08,체인
SPB-36306,2024-08-15 19:53:40,기타 
SPB-50403,2024-08-15 19:53:44,타이어 
SPB-44050,2024-08-15 19:55:50,기타 
SPB-55474,2024-08-15 19:58:58,기타 
SPB-47428,2024-08-15 20:10:40,체인
SPB-68234,2024-08-15 20:13:47,페달
SPB-58526,2024-08-15 20:16:19,타이어 
SPB-65407,2024-08-15 20:18:29,체인
SPB-50995,2024-08-15 20:19:56,기타 
SPB-69099,2024-08-15 20:20:26,기타 
SPB-43727,2024-08-15 20:23:30,페달
SPB-55687,2024-08-15 20:36:09,체인
SPB-47679,2024-08-15 20:37:09,체인
SPB-37775,2024-08-15 20:39:10,체인
SPB-66203,2024-08-15 20:39:19,타이어 
SPB-53981,2024-08-15 20:40:46,체인
SPB-32620,2024-08-15 20:41:15,타이어 
SPB-68452,2024-08-15 20:55:29,체인
SPB-54430,2024-08-15 20:57:19,기타 
SPB-57963,2024-08-15 20:57:28,단말기
SPB-84640,2024-08-15 21:09:36,타이어 
SPB-57239,2024-08-15 21:13:54,타이어 
SPB-42124,2024-08-15 21:16:23,안장
SPB-42616,2024-08-15 21:18:12,체인
SPB-56577,2024-08-15 21:23:19,체인
SPB-32328,2024-08-15 21:23:35,안장
SPB-61133,2024-08-15 21:23:45,체인
SPB-62513,2024-08-15 21:24:46,체인
SPB-65189,2024-08-15 21:26:45,페달
SPB-39774,2024-08-15 21:28:05,체인
SPB-58754,2024-08-15 21:28:13,체인
SPB-31082,2024-08-15 21:30:24,기타 
SPB-45557,2024-08-15 21:33:55,체인
SPB-56265,2024-08-15 21:34:05,기타 
SPB-43354,2024-08-15 21:37:44,기타 
SPB-83810,2024-08-15 21:38:24,기타 
SPB-47248,2024-08-15 21:39:11,체인
SPB-82235,2024-08-15 21:40:16,기타 
SPB-38634,2024-08-15 21:40:55,기타 
SPB-42000,2024-08-15 21:41:30,체인
SPB-57475,2024-08-15 21:42:39,체인
SPB-53095,2024-08-15 21:43:30,안장
SPB-46924,2024-08-15 21:51:16,안장
SPB-30796,2024-08-15 21:52:18,타이어 
SPB-56749,2024-08-15 21:52:42,기타 
SPB-41699,2024-08-15 21:53:48,안장
SPB-65985,2024-08-15 21:54:14,타이어 
SPB-52987,2024-08-15 21:54:55,기타 
SPB-35848,2024-08-15 21:56:03,페달
SPB-69792,2024-08-15 21:59:41,체인
SPB-65469,2024-08-15 22:01:17,페달
SPB-50881,2024-08-15 22:03:20,타이어 
SPB-34569,2024-08-15 22:03:49,체인
SPB-49463,2024-08-15 22:04:33,타이어 
SPB-44165,2024-08-15 22:05:15,체인
SPB-33268,2024-08-15 22:08:52,안장
SPB-58520,2024-08-15 22:09:18,페달
SPB-66850,2024-08-15 22:10:29,기타 
SPB-44177,2024-08-15 22:11:26,체인
SPB-30684,2024-08-15 22:12:54,체인
SPB-63822,2024-08-15 22:14:26,페달
SPB-45492,2024-08-15 22:15:15,안장
SPB-37625,2024-08-15 22:17:04,체인
SPB-70012,2024-08-15 22:18:13,체인
SPB-59870,2024-08-15 22:18:52,기타 
SPB-33710,2024-08-15 22:24:42,안장
SPB-56384,2024-08-15 22:32:11,기타 
SPB-68383,2024-08-15 22:34:06,체인
SPB-57791,2024-08-15 22:52:35,기타 
SPB-60319,2024-08-15 22:52:45,체인
SPB-69985,2024-08-15 23:02:04,체인
SPB-69447,2024-08-15 23:02:53,기타 
SPB-36818,2024-08-15 23:03:14,타이어 
SPB-65762,2024-08-15 23:07:45,타이어 
SPB-50314,2024-08-15 23:14:32,타이어 
SPB-44289,2024-08-15 23:16:47,체인
SPB-68432,2024-08-15 23:22:47,체인
SPB-53065,2024-08-15 23:22:59,기타 
SPB-65327,2024-08-15 23:25:21,기타 
SPB-63146,2024-08-15 23:26:00,타이어 
SPB-68266,2024-08-15 23:28:08,타이어 
SPB-34703,2024-08-15 23:30:59,타이어 
SPB-44688,2024-08-15 23:33:13,안장
SPB-38901,2024-08-15 23:36:12,체인
SPB-55466,2024-08-15 23:41:40,기타 
SPB-41022,2024-08-15 23:43:24,페달
SPB-63448,2024-08-15 23:49:21,페달
SPB-58145,2024-08-15 23:56:26,기타 
SPB-34828,2024-08-16 00:01:35,체인
SPB-47872,2024-08-16 00:05:05,체인
SPB-38257,2024-08-16 00:13:02,체인
SPB-62036,2024-08-16 00:35:38,안장
SPB-35164,2024-08-16 00:36:19,체인
SPB-41889,2024-08-16 00:42:38,체인
SPB-62055,2024-08-16 01:01:40,타이어 
SPB-51379,2024-08-16 01:02:43,기타 
SPB-63546,2024-08-16 01:08:46,안장
SPB-67187,2024-08-16 01:26:33,단말기
SPB-69918,2024-08-16 01:28:20,체인
SPB-65486,2024-08-16 01:31:57,타이어 
SPB-63085,2024-08-16 02:11:58,타이어 
SPB-39402,2024-08-16 02:12:40,체인
SPB-63551,2024-08-16 02:13:03,안장
SPB-48877,2024-08-16 02:23:45,체인
SPB-64174,2024-08-16 02:45:11,타이어 
SPB-54611,2024-08-16 02:56:12,타이어 
SPB-69518,2024-08-16 03:22:46,체인
SPB-51931,2024-08-16 03:29:37,기타 
SPB-66913,2024-08-16 03:41:26,체인
SPB-43862,2024-08-16 03:57:19,체인
SPB-52941,2024-08-16 04:16:02,안장
SPB-54317,2024-08-16 04:22:11,체인
SPB-59689,2024-08-16 04:38:39,페달
SPB-64476,2024-08-16 05:12:57,타이어 
SPB-58870,2024-08-16 05:22:49,기타 
SPB-56647,2024-08-16 05:23:48,타이어 
SPB-43715,2024-08-16 05:38:38,체인
SPB-66870,2024-08-16 05:42:13,기타 
SPB-64140,2024-08-16 05:42:48,타이어 
SPB-57867,2024-08-16 05:46:13,체인
SPB-48662,2024-08-16 05:50:34,타이어 
SPB-51415,2024-08-16 05:50:54,체인
SPB-35966,2024-08-16 06:02:28,체인
SPB-67037,2024-08-16 06:12:25,페달
SPB-69007,2024-08-16 06:20:26,안장
SPB-59488,2024-08-16 06:21:46,타이어 
SPB-59988,2024-08-16 06:28:00,타이어 
SPB-62980,2024-08-16 06:32:34,페달
SPB-51177,2024-08-16 06:34:55,기타 
SPB-65627,2024-08-16 06:36:58,타이어 
SPB-65768,2024-08-16 06:39:40,기타 
SPB-67841,2024-08-16 06:41:58,타이어 
SPB-34369,2024-08-16 06:46:09,단말기
SPB-30720,2024-08-16 06:47:01,페달
SPB-66514,2024-08-16 06:50:28,기타 
SPB-49209,2024-08-16 06:51:13,안장
SPB-43901,2024-08-16 06:54:29,체인
SPB-67298,2024-08-16 06:56:46,안장
SPB-48961,2024-08-16 06:59:31,페달
SPB-52925,2024-08-16 07:09:41,페달
SPB-63466,2024-08-16 07:11:06,타이어 
SPB-69876,2024-08-16 07:11:22,타이어 
SPB-67259,2024-08-16 07:11:42,타이어 
SPB-42113,2024-08-16 07:11:59,페달
SPB-38058,2024-08-16 07:23:17,기타 
SPB-56106,2024-08-16 07:25:33,단말기
SPB-67788,2024-08-16 07:26:02,체인
SPB-50815,2024-08-16 07:29:17,기타 
SPB-48499,2024-08-16 07:31:35,체인
SPB-48705,2024-08-16 07:32:26,타이어 
SPB-34815,2024-08-16 07:33:00,타이어 
SPB-65065,2024-08-16 07:33:02,체인
SPB-70289,2024-08-16 07:35:52,체인
SPB-40003,2024-08-16 07:36:41,페달
SPB-63793,2024-08-16 07:36:45,타이어 
SPB-53789,2024-08-16 07:36:47,타이어 
SPB-65502,2024-08-16 07:37:00,안장
SPB-49030,2024-08-16 07:41:25,기타 
SPB-57231,2024-08-16 07:42:15,타이어 
SPB-40735,2024-08-16 07:42:42,단말기
SPB-43880,2024-08-16 07:48:17,체인
SPB-39201,2024-08-16 07:48:33,체인
SPB-67212,2024-08-16 07:50:48,타이어 
SPB-32165,2024-08-16 07:52:59,안장
SPB-56674,2024-08-16 07:53:17,안장
SPB-48927,2024-08-16 07:57:07,타이어 
SPB-35446,2024-08-16 07:57:53,안장
SPB-33413,2024-08-16 07:57:54,타이어 
SPB-54135,2024-08-16 07:59:24,단말기
SPB-63577,2024-08-16 08:00:05,단말기
SPB-56514,2024-08-16 08:00:11,기타 
SPB-68576,2024-08-16 08:00:17,체인
SPB-69091,2024-08-16 08:02:39,체인
SPB-57340,2024-08-16 08:03:19,페달
SPB-52457,2024-08-16 08:03:22,기타 
SPB-34338,2024-08-16 08:05:50,체인
SPB-42948,2024-08-16 08:10:32,기타 
SPB-57559,2024-08-16 08:15:19,페달
SPB-55703,2024-08-16 08:18:40,기타 
SPB-38146,2024-08-16 08:19:39,타이어 
SPB-48906,2024-08-16 08:20:37,안장
SPB-54975,2024-08-16 08:21:36,타이어 
SPB-64027,2024-08-16 08:21:56,기타 
SPB-42286,2024-08-16 08:23:13,안장
SPB-35698,2024-08-16 08:26:20,기타 
SPB-66451,2024-08-16 08:33:41,타이어 
SPB-67547,2024-08-16 08:34:15,타이어 
SPB-30373,2024-08-16 08:35:25,기타 
SPB-43300,2024-08-16 08:38:16,페달
SPB-42822,2024-08-16 08:41:18,체인
SPB-48237,2024-08-16 08:41:32,체인
SPB-33226,2024-08-16 08:41:53,타이어 
SPB-30607,2024-08-16 08:42:53,체인
SPB-61405,2024-08-16 08:45:56,기타 
SPB-45325,2024-08-16 08:46:07,타이어 
SPB-52597,2024-08-16 08:47:16,타이어 
SPB-40264,2024-08-16 08:48:36,타이어 
SPB-55714,2024-08-16 08:49:21,타이어 
SPB-67775,2024-08-16 08:50:37,기타 
SPB-50403,2024-08-16 08:51:18,타이어 
SPB-64406,2024-08-16 08:51:28,기타 
SPB-66593,2024-08-16 08:51:49,기타 
SPB-51310,2024-08-16 08:52:44,페달
SPB-32492,2024-08-16 08:53:13,타이어 
SPB-46088,2024-08-16 08:53:25,안장
SPB-38271,2024-08-16 08:53:31,타이어 
SPB-57932,2024-08-16 08:53:50,안장
SPB-56296,2024-08-16 08:54:29,페달
SPB-34830,2024-08-16 08:55:04,체인
SPB-44592,2024-08-16 08:55:10,체인
SPB-58591,2024-08-16 08:57:17,기타 
SPB-60965,2024-08-16 09:00:52,체인
SPB-50094,2024-08-16 09:01:29,체인
SPB-60505,2024-08-16 09:03:16,타이어 
SPB-67827,2024-08-16 09:04:55,페달
SPB-38587,2024-08-16 09:05:42,타이어 
SPB-41389,2024-08-16 09:08:15,안장
SPB-51922,2024-08-16 09:12:11,페달
SPB-30184,2024-08-16 09:21:53,페달
SPB-70379,2024-08-16 09:22:08,체인
SPB-40833,2024-08-16 09:28:08,기타 
SPB-46198,2024-08-16 09:31:02,타이어 
SPB-63863,2024-08-16 09:34:00,타이어 
SPB-58506,2024-08-16 09:40:57,페달
SPB-65606,2024-08-16 09:45:09,타이어 
SPB-44444,2024-08-16 09:46:02,타이어 
SPB-31892,2024-08-16 09:54:21,기타 
SPB-44350,2024-08-16 09:56:20,안장
SPB-68234,2024-08-16 09:59:07,페달
SPB-69517,2024-08-16 10:01:28,체인
SPB-69197,2024-08-16 10:22:56,기타 
SPB-41060,2024-08-16 10:25:02,기타 
SPB-51310,2024-08-16 10:29:13,페달
SPB-43577,2024-08-16 10:31:46,체인
SPB-80482,2024-08-16 10:34:33,체인
SPB-44029,2024-08-16 10:38:41,체인
SPB-44227,2024-08-16 10:40:27,타이어 
SPB-65287,2024-08-16 10:42:52,타이어 
SPB-48725,2024-08-16 10:51:22,안장
SPB-43152,2024-08-16 10:53:08,안장
SPB-44717,2024-08-16 10:53:53,기타 
SPB-39394,2024-08-16 10:57:37,체인
SPB-69545,2024-08-16 11:07:08,체인
SPB-44160,2024-08-16 11:09:19,페달
SPB-44640,2024-08-16 11:11:03,타이어 
SPB-32886,2024-08-16 11:17:03,타이어 
SPB-67458,2024-08-16 11:18:00,안장
SPB-50796,2024-08-16 11:22:42,체인
SPB-52455,2024-08-16 11:29:40,페달
SPB-55234,2024-08-16 11:44:05,단말기
SPB-46135,2024-08-16 11:47:02,기타 
SPB-53862,2024-08-16 11:48:53,페달
SPB-50647,2024-08-16 11:51:06,페달
SPB-63195,2024-08-16 12:16:06,페달
SPB-52507,2024-08-16 12:16:45,체인
SPB-64837,2024-08-16 12:21:38,타이어 
SPB-66720,2024-08-16 12:26:10,타이어 
SPB-53568,2024-08-16 12:31:54,기타 
SPB-53884,2024-08-16 12:38:54,기타 
SPB-30981,2024-08-16 12:43:46,안장
SPB-51440,2024-08-16 12:47:52,기타 
SPB-37767,2024-08-16 12:50:23,타이어 
SPB-40526,2024-08-16 12:54:00,체인
SPB-31098,2024-08-16 12:56:26,기타 
SPB-47918,2024-08-16 13:03:41,타이어 
SPB-39882,2024-08-16 13:12:03,체인
SPB-67754,2024-08-16 13:14:21,타이어 
SPB-69312,2024-08-16 13:15:58,단말기
SPB-52742,2024-08-16 13:22:50,체인
SPB-61401,2024-08-16 13:26:09,체인
SPB-34779,2024-08-16 13:26:21,안장
SPB-59721,2024-08-16 13:27:16,페달
SPB-51332,2024-08-16 13:32:18,페달
SPB-31254,2024-08-16 13:32:31,타이어 
SPB-58463,2024-08-16 13:37:29,페달
SPB-44261,2024-08-16 13:39:34,체인
SPB-34463,2024-08-16 13:42:01,페달
SPB-58889,2024-08-16 13:46:36,타이어 
SPB-58427,2024-08-16 13:47:05,타이어 
SPB-31972,2024-08-16 13:47:41,체인
SPB-66077,2024-08-16 13:48:02,기타 
SPB-55674,2024-08-16 13:51:04,기타 
SPB-41019,2024-08-16 13:54:55,타이어 
SPB-40177,2024-08-16 14:00:06,타이어 
SPB-48953,2024-08-16 14:02:55,페달
SPB-48952,2024-08-16 14:10:37,단말기
SPB-43948,2024-08-16 14:11:37,체인
SPB-54938,2024-08-16 14:17:27,기타 
SPB-70483,2024-08-16 14:18:22,타이어 
SPB-44903,2024-08-16 14:19:10,안장
SPB-66893,2024-08-16 14:23:48,체인
SPB-68778,2024-08-16 14:26:49,타이어 
SPB-44158,2024-08-16 14:27:31,기타 
SPB-31240,2024-08-16 14:52:52,안장
SPB-62634,2024-08-16 14:56:33,체인
SPB-59211,2024-08-16 15:07:28,기타 
SPB-45264,2024-08-16 15:33:48,기타 
SPB-37166,2024-08-16 15:34:19,기타 
SPB-48501,2024-08-16 15:36:21,타이어 
SPB-46503,2024-08-16 15:41:53,타이어 
SPB-64672,2024-08-16 15:43:57,타이어 
SPB-54876,2024-08-16 15:46:55,타이어 
SPB-46140,2024-08-16 15:49:22,단말기
SPB-41057,2024-08-16 15:52:04,타이어 
SPB-59891,2024-08-16 15:54:33,타이어 
SPB-57630,2024-08-16 15:56:17,페달
SPB-41756,2024-08-16 16:00:15,체인
SPB-44910,2024-08-16 16:02:34,페달
SPB-64962,2024-08-16 16:03:18,페달
SPB-66923,2024-08-16 16:07:22,타이어 
SPB-67539,2024-08-16 16:08:36,체인
SPB-64246,2024-08-16 16:08:54,타이어 
SPB-64089,2024-08-16 16:14:45,기타 
SPB-46364,2024-08-16 16:14:46,페달
SPB-65239,2024-08-16 16:16:44,체인
SPB-47570,2024-08-16 16:19:00,체인
SPB-51311,2024-08-16 16:22:47,타이어 
SPB-60410,2024-08-16 16:28:35,안장
SPB-57187,2024-08-16 16:28:49,페달
SPB-58253,2024-08-16 16:28:53,체인
SPB-57308,2024-08-16 16:38:25,체인
SPB-33099,2024-08-16 16:39:30,체인
SPB-50060,2024-08-16 16:41:02,체인
SPB-64625,2024-08-16 16:44:17,기타 
SPB-31132,2024-08-16 16:48:34,타이어 
SPB-42994,2024-08-16 16:52:31,체인
SPB-64181,2024-08-16 16:57:07,타이어 
SPB-46598,2024-08-16 16:59:24,타이어 
SPB-68985,2024-08-16 16:59:41,타이어 
SPB-57428,2024-08-16 17:02:54,기타 
SPB-67089,2024-08-16 17:05:46,타이어 
SPB-38090,2024-08-16 17:08:37,체인
SPB-69518,2024-08-16 17:08:58,체인
SPB-37629,2024-08-16 17:09:42,기타 
SPB-62301,2024-08-16 17:11:44,기타 
SPB-42028,2024-08-16 17:12:21,체인
SPB-64283,2024-08-16 17:12:56,타이어 
SPB-34514,2024-08-16 17:16:27,타이어 
SPB-30243,2024-08-16 17:16:38,기타 
SPB-67186,2024-08-16 17:21:29,타이어 
SPB-62178,2024-08-16 17:23:41,기타 
SPB-81185,2024-08-16 17:25:28,기타 
SPB-49150,2024-08-16 17:28:12,타이어 
SPB-49029,2024-08-16 17:28:47,안장
SPB-42909,2024-08-16 17:28:58,안장
SPB-64967,2024-08-16 17:32:23,타이어 
SPB-61660,2024-08-16 17:32:54,체인
SPB-56522,2024-08-16 17:32:57,페달
SPB-65951,2024-08-16 17:33:26,기타 
SPB-52084,2024-08-16 17:33:40,타이어 
SPB-55714,2024-08-16 17:35:12,타이어 
SPB-43440,2024-08-16 17:35:15,기타 
SPB-59521,2024-08-16 17:35:55,타이어 
SPB-51447,2024-08-16 17:38:31,타이어 
SPB-35747,2024-08-16 17:38:53,체인
SPB-30844,2024-08-16 17:44:32,타이어 
SPB-36290,2024-08-16 17:44:54,체인
SPB-70129,2024-08-16 17:47:05,체인
SPB-43134,2024-08-16 17:49:01,기타 
SPB-35069,2024-08-16 17:54:07,체인
SPB-67878,2024-08-16 17:55:01,체인
SPB-41631,2024-08-16 17:55:37,체인
SPB-48887,2024-08-16 17:55:37,기타 
SPB-35325,2024-08-16 17:55:48,타이어 
SPB-42002,2024-08-16 18:04:32,타이어 
SPB-68404,2024-08-16 18:05:11,기타 
SPB-58106,2024-08-16 18:05:26,타이어 
SPB-59800,2024-08-16 18:07:51,페달
SPB-46958,2024-08-16 18:08:01,안장
SPB-61031,2024-08-16 18:08:06,타이어 
SPB-55329,2024-08-16 18:08:48,체인
SPB-51267,2024-08-16 18:08:51,기타 
SPB-32903,2024-08-16 18:13:35,타이어 
SPB-68320,2024-08-16 18:14:22,페달
SPB-42735,2024-08-16 18:14:49,타이어 
SPB-53789,2024-08-16 18:15:34,타이어 
SPB-43817,2024-08-16 18:16:02,기타 
SPB-65013,2024-08-16 18:16:27,체인
SPB-45729,2024-08-16 18:16:29,기타 
SPB-50252,2024-08-16 18:16:50,기타 
SPB-61079,2024-08-16 18:16:51,체인
SPB-44331,2024-08-16 18:18:14,타이어 
SPB-61519,2024-08-16 18:19:39,페달
SPB-59252,2024-08-16 18:19:46,체인
SPB-51759,2024-08-16 18:21:01,타이어 
SPB-57727,2024-08-16 18:21:26,기타 
SPB-53240,2024-08-16 18:22:04,타이어 
SPB-62596,2024-08-16 18:22:09,기타 
SPB-33580,2024-08-16 18:22:29,안장
SPB-40487,2024-08-16 18:22:30,체인
SPB-31917,2024-08-16 18:25:01,체인
SPB-53543,2024-08-16 18:25:09,페달
SPB-54895,2024-08-16 18:25:48,안장
SPB-63125,2024-08-16 18:25:49,안장
SPB-54674,2024-08-16 18:26:26,페달
SPB-51086,2024-08-16 18:27:25,타이어 
SPB-64854,2024-08-16 18:29:03,체인
SPB-52352,2024-08-16 18:29:22,안장
SPB-62926,2024-08-16 18:30:26,기타 
SPB-50989,2024-08-16 18:30:29,안장
SPB-52565,2024-08-16 18:30:43,안장
SPB-53014,2024-08-16 18:30:44,기타 
SPB-54533,2024-08-16 18:30:45,페달
SPB-43264,2024-08-16 18:30:56,안장
SPB-64449,2024-08-16 18:31:10,타이어 
SPB-39990,2024-08-16 18:35:36,페달
SPB-69488,2024-08-16 18:35:51,타이어 
SPB-51227,2024-08-16 18:36:52,타이어 
SPB-48727,2024-08-16 18:40:13,체인
SPB-41908,2024-08-16 18:41:13,기타 
SPB-35353,2024-08-16 18:41:36,체인
SPB-63580,2024-08-16 18:42:54,타이어 
SPB-59927,2024-08-16 18:43:08,기타 
SPB-45018,2024-08-16 18:43:10,타이어 
SPB-54250,2024-08-16 18:43:41,페달
SPB-64224,2024-08-16 18:44:13,단말기
SPB-57405,2024-08-16 18:45:31,체인
SPB-48111,2024-08-16 18:45:59,기타 
SPB-61586,2024-08-16 18:47:16,기타 
SPB-64952,2024-08-16 18:47:29,타이어 
SPB-59756,2024-08-16 18:47:31,안장
SPB-55091,2024-08-16 18:48:20,타이어 
SPB-34592,2024-08-16 18:50:34,타이어 
SPB-46127,2024-08-16 18:50:47,기타 
SPB-31695,2024-08-16 18:51:12,타이어 
SPB-68145,2024-08-16 18:52:23,체인
SPB-57336,2024-08-16 18:57:06,페달
SPB-67782,2024-08-16 18:58:03,타이어 
SPB-62000,2024-08-16 18:58:38,단말기
SPB-56753,2024-08-16 18:58:59,체인
SPB-55894,2024-08-16 19:00:11,타이어 
SPB-37702,2024-08-16 19:00:40,타이어 
SPB-30828,2024-08-16 19:06:02,페달
SPB-33733,2024-08-16 19:06:37,기타 
SPB-38524,2024-08-16 19:06:46,체인
SPB-62692,2024-08-16 19:07:19,단말기
SPB-48449,2024-08-16 19:10:51,체인
SPB-63931,2024-08-16 19:10:58,기타 
SPB-32754,2024-08-16 19:12:28,타이어 
SPB-37202,2024-08-16 19:13:20,타이어 
SPB-45061,2024-08-16 19:13:48,타이어 
SPB-69816,2024-08-16 19:15:07,안장
SPB-48666,2024-08-16 19:15:35,안장
SPB-30991,2024-08-16 19:15:51,체인
SPB-62581,2024-08-16 19:17:27,안장
SPB-30968,2024-08-16 19:17:40,안장
SPB-62959,2024-08-16 19:18:02,안장
SPB-70123,2024-08-16 19:24:42,체인
SPB-46199,2024-08-16 19:26:04,체인
SPB-63644,2024-08-16 19:27:00,기타 
SPB-60697,2024-08-16 19:28:17,타이어 
SPB-59307,2024-08-16 19:30:04,기타 
SPB-58568,2024-08-16 19:31:06,체인
SPB-66827,2024-08-16 19:31:40,타이어 
SPB-70004,2024-08-16 19:32:01,기타 
SPB-57649,2024-08-16 19:33:06,단말기
SPB-53098,2024-08-16 19:34:23,타이어 
SPB-46464,2024-08-16 19:35:13,체인
SPB-37587,2024-08-16 19:36:24,체인
SPB-47705,2024-08-16 19:37:28,체인
SPB-51616,2024-08-16 19:39:19,타이어 
SPB-46117,2024-08-16 19:43:42,기타 
SPB-43928,2024-08-16 19:48:11,체인
SPB-58378,2024-08-16 19:49:04,페달
SPB-40729,2024-08-16 19:54:38,체인
SPB-70017,2024-08-16 19:54:54,타이어 
SPB-30018,2024-08-16 19:56:34,기타 
SPB-32688,2024-08-16 20:01:37,페달
SPB-52665,2024-08-16 20:06:19,페달
SPB-51029,2024-08-16 20:07:38,기타 
SPB-70462,2024-08-16 20:09:43,기타 
SPB-46039,2024-08-16 20:10:19,기타 
SPB-32749,2024-08-16 20:11:12,타이어 
SPB-54105,2024-08-16 20:11:57,타이어 
SPB-37629,2024-08-16 20:13:18,페달
SPB-41927,2024-08-16 20:14:46,기타 
SPB-34396,2024-08-16 20:15:01,안장
SPB-45572,2024-08-16 20:15:04,기타 
SPB-70346,2024-08-16 20:15:21,페달
SPB-67343,2024-08-16 20:15:23,안장
SPB-68932,2024-08-16 20:19:20,기타 
SPB-68613,2024-08-16 20:25:46,타이어 
SPB-46115,2024-08-16 20:27:18,기타 
SPB-55449,2024-08-16 20:27:24,체인
SPB-69804,2024-08-16 20:32:29,타이어 
SPB-56493,2024-08-16 20:32:50,체인
SPB-51953,2024-08-16 20:36:30,페달
SPB-52699,2024-08-16 20:36:42,페달
SPB-35624,2024-08-16 20:37:42,타이어 
SPB-55221,2024-08-16 20:40:08,타이어 
SPB-61246,2024-08-16 20:42:38,체인
SPB-70324,2024-08-16 20:47:02,타이어 
SPB-34846,2024-08-16 20:52:11,체인
SPB-52561,2024-08-16 20:59:28,타이어 
SPB-52186,2024-08-16 20:59:32,단말기
SPB-57431,2024-08-16 21:01:28,타이어 
SPB-30080,2024-08-16 21:01:41,타이어 
SPB-59305,2024-08-16 21:04:37,타이어 
SPB-34244,2024-08-16 21:06:14,기타 
SPB-56577,2024-08-16 21:06:22,체인
SPB-33778,2024-08-16 21:07:03,페달
SPB-40158,2024-08-16 21:07:46,타이어 
SPB-54483,2024-08-16 21:14:36,타이어 
SPB-48751,2024-08-16 21:17:34,타이어 
SPB-64641,2024-08-16 21:17:59,기타 
SPB-69490,2024-08-16 21:20:49,체인
SPB-40974,2024-08-16 21:21:47,안장
SPB-30412,2024-08-16 21:22:48,기타 
SPB-57948,2024-08-16 21:25:59,기타 
SPB-40848,2024-08-16 21:31:12,체인
SPB-58073,2024-08-16 21:35:10,기타 
SPB-43118,2024-08-16 21:36:32,체인
SPB-30079,2024-08-16 21:37:46,기타 
SPB-63323,2024-08-16 21:38:54,타이어 
SPB-62024,2024-08-16 21:39:39,체인
SPB-44641,2024-08-16 21:39:40,안장
SPB-65326,2024-08-16 21:39:58,체인
SPB-42882,2024-08-16 21:40:03,체인
SPB-46052,2024-08-16 21:42:37,안장
SPB-32076,2024-08-16 21:47:25,안장
SPB-56220,2024-08-16 21:48:39,체인
SPB-35071,2024-08-16 21:50:50,페달
SPB-48091,2024-08-16 21:51:36,타이어 
SPB-54031,2024-08-16 21:51:43,타이어 
SPB-46554,2024-08-16 21:53:24,타이어 
SPB-34854,2024-08-16 21:53:48,안장
SPB-38718,2024-08-16 21:54:08,타이어 
SPB-38617,2024-08-16 21:58:06,안장
SPB-31857,2024-08-16 21:59:40,체인
SPB-60722,2024-08-16 22:00:52,안장
SPB-59775,2024-08-16 22:02:37,안장
SPB-67096,2024-08-16 22:03:13,체인
SPB-68203,2024-08-16 22:03:41,기타 
SPB-52427,2024-08-16 22:05:42,타이어 
SPB-32070,2024-08-16 22:06:25,페달
SPB-61268,2024-08-16 22:06:39,기타 
SPB-55020,2024-08-16 22:10:19,페달
SPB-32545,2024-08-16 22:10:40,타이어 
SPB-41256,2024-08-16 22:12:56,안장
SPB-52016,2024-08-16 22:13:18,기타 
SPB-62284,2024-08-16 22:17:03,체인
SPB-67682,2024-08-16 22:18:02,타이어 
SPB-42837,2024-08-16 22:22:16,기타 
SPB-60274,2024-08-16 22:23:06,타이어 
SPB-54633,2024-08-16 22:25:06,체인
SPB-63807,2024-08-16 22:26:11,페달
SPB-57035,2024-08-16 22:28:40,타이어 
SPB-41408,2024-08-16 22:28:51,페달
SPB-48109,2024-08-16 22:29:41,페달
SPB-57001,2024-08-16 22:31:19,체인
SPB-42147,2024-08-16 22:33:39,체인
SPB-32883,2024-08-16 22:33:46,체인
SPB-58563,2024-08-16 22:36:19,페달
SPB-57721,2024-08-16 22:37:48,페달
SPB-60711,2024-08-16 22:40:28,체인
SPB-65158,2024-08-16 22:41:26,안장
SPB-69912,2024-08-16 22:48:47,체인
SPB-32434,2024-08-16 22:55:57,페달
SPB-56198,2024-08-16 23:01:01,체인
SPB-51589,2024-08-16 23:09:43,기타 
SPB-41407,2024-08-16 23:11:22,체인
SPB-61959,2024-08-16 23:11:49,기타 
SPB-38773,2024-08-16 23:14:03,체인
SPB-44175,2024-08-16 23:14:05,기타 
SPB-82685,2024-08-16 23:16:47,타이어 
SPB-45366,2024-08-16 23:19:52,체인
SPB-33308,2024-08-16 23:29:50,기타 
SPB-31453,2024-08-16 23:31:20,타이어 
SPB-42994,2024-08-16 23:35:50,체인
SPB-46299,2024-08-16 23:55:53,체인
SPB-65128,2024-08-17 00:00:19,타이어 
SPB-30958,2024-08-17 00:27:26,타이어 
SPB-51922,2024-08-17 00:30:19,페달
SPB-65273,2024-08-17 00:41:40,타이어 
SPB-32875,2024-08-17 00:45:17,페달
SPB-59803,2024-08-17 00:54:23,체인
SPB-59409,2024-08-17 00:58:16,기타 
SPB-67554,2024-08-17 01:11:45,기타 
SPB-64758,2024-08-17 01:21:28,단말기
SPB-54872,2024-08-17 01:22:46,안장
SPB-51306,2024-08-17 01:38:45,페달
SPB-53626,2024-08-17 01:51:03,타이어 
SPB-65136,2024-08-17 02:46:42,체인
SPB-68459,2024-08-17 03:20:33,타이어 
SPB-33758,2024-08-17 04:08:16,타이어 
SPB-58176,2024-08-17 04:25:52,타이어 
SPB-54871,2024-08-17 05:22:47,기타 
SPB-66384,2024-08-17 05:26:52,타이어 
SPB-59788,2024-08-17 05:27:21,타이어 
SPB-59616,2024-08-17 05:53:00,타이어 
SPB-60047,2024-08-17 05:58:21,타이어 
SPB-38775,2024-08-17 06:13:18,체인
SPB-46778,2024-08-17 06:36:53,페달
SPB-51047,2024-08-17 06:44:30,체인
SPB-56166,2024-08-17 07:03:18,체인
SPB-53050,2024-08-17 07:37:54,단말기
SPB-34828,2024-08-17 07:39:21,페달
SPB-44242,2024-08-17 08:09:28,체인
SPB-69582,2024-08-17 08:13:47,기타 
SPB-51206,2024-08-17 08:19:14,페달
SPB-41530,2024-08-17 08:31:02,체인
SPB-58453,2024-08-17 08:34:58,페달
SPB-40278,2024-08-17 08:40:56,안장
SPB-37338,2024-08-17 08:45:28,타이어 
SPB-58815,2024-08-17 08:45:33,체인
SPB-54138,2024-08-17 08:47:35,체인
SPB-69190,2024-08-17 09:19:35,기타 
SPB-49527,2024-08-17 09:21:42,기타 
SPB-32787,2024-08-17 09:28:33,체인
SPB-62450,2024-08-17 09:35:05,안장
SPB-39435,2024-08-17 09:35:09,안장
SPB-41543,2024-08-17 09:51:02,체인
SPB-35013,2024-08-17 09:55:43,페달
SPB-60569,2024-08-17 10:00:40,타이어 
SPB-67109,2024-08-17 10:04:27,타이어 
SPB-70456,2024-08-17 10:08:28,기타 
SPB-53256,2024-08-17 10:10:36,안장
SPB-44377,2024-08-17 10:11:16,타이어 
SPB-68452,2024-08-17 10:29:35,체인
SPB-60081,2024-08-17 10:30:33,타이어 
SPB-66561,2024-08-17 10:33:25,타이어 
SPB-36990,2024-08-17 10:33:38,타이어 
SPB-60372,2024-08-17 10:36:22,페달
SPB-70318,2024-08-17 10:42:37,기타 
SPB-67444,2024-08-17 10:43:59,페달
SPB-46208,2024-08-17 10:44:24,안장
SPB-42830,2024-08-17 10:46:23,타이어 
SPB-45620,2024-08-17 10:52:16,안장
SPB-69681,2024-08-17 10:57:26,안장
SPB-65548,2024-08-17 11:01:35,기타 
SPB-67758,2024-08-17 11:06:01,타이어 
SPB-58482,2024-08-17 11:11:11,체인
SPB-54229,2024-08-17 11:12:35,기타 
SPB-46582,2024-08-17 11:14:53,타이어 
SPB-55739,2024-08-17 11:17:01,페달
SPB-64026,2024-08-17 11:17:54,타이어 
SPB-69505,2024-08-17 11:22:26,체인
SPB-65816,2024-08-17 11:23:48,기타 
SPB-61930,2024-08-17 11:29:01,안장
SPB-54447,2024-08-17 11:40:37,타이어 
SPB-65860,2024-08-17 11:43:28,체인
SPB-45837,2024-08-17 11:50:18,기타 
SPB-47372,2024-08-17 11:52:44,안장
SPB-40542,2024-08-17 11:52:50,체인
SPB-68363,2024-08-17 11:53:46,체인
SPB-57235,2024-08-17 11:59:07,타이어 
SPB-69559,2024-08-17 12:02:00,기타 
SPB-57470,2024-08-17 12:17:07,페달
SPB-41022,2024-08-17 12:26:38,체인
SPB-67268,2024-08-17 12:29:23,체인
SPB-36700,2024-08-17 12:30:03,타이어 
SPB-43793,2024-08-17 12:31:17,체인
SPB-47550,2024-08-17 12:33:21,체인
SPB-41810,2024-08-17 12:38:37,안장
SPB-50479,2024-08-17 12:39:10,타이어 
SPB-66981,2024-08-17 12:43:48,타이어 
SPB-46982,2024-08-17 12:49:32,체인
SPB-37231,2024-08-17 12:50:05,타이어 
SPB-64008,2024-08-17 12:54:56,단말기
SPB-58161,2024-08-17 13:04:46,체인
SPB-66584,2024-08-17 13:06:04,체인
SPB-39627,2024-08-17 13:06:12,체인
SPB-48651,2024-08-17 13:06:30,체인
SPB-42588,2024-08-17 13:13:08,체인
SPB-38281,2024-08-17 13:16:17,안장
SPB-34039,2024-08-17 13:17:33,체인
SPB-67185,2024-08-17 13:19:35,타이어 
SPB-44405,2024-08-17 13:26:39,체인
SPB-44108,2024-08-17 13:29:01,체인
SPB-44706,2024-08-17 13:31:13,체인
SPB-41157,2024-08-17 13:37:43,체인
SPB-55971,2024-08-17 13:54:42,타이어 
SPB-69694,2024-08-17 13:55:52,체인
SPB-57991,2024-08-17 14:00:12,타이어 
SPB-60982,2024-08-17 14:00:43,체인
SPB-66435,2024-08-17 14:02:19,타이어 
SPB-52420,2024-08-17 14:03:02,페달
SPB-64248,2024-08-17 14:04:29,기타 
SPB-47436,2024-08-17 14:09:56,타이어 
SPB-69634,2024-08-17 14:10:18,타이어 
SPB-42954,2024-08-17 14:10:25,체인
SPB-38869,2024-08-17 14:18:07,체인
SPB-46735,2024-08-17 14:22:46,체인
SPB-31182,2024-08-17 14:24:30,타이어 
SPB-65291,2024-08-17 14:28:19,타이어 
SPB-60006,2024-08-17 14:28:38,체인
SPB-41040,2024-08-17 14:28:50,체인
SPB-60168,2024-08-17 14:30:21,페달
SPB-31938,2024-08-17 14:32:54,타이어 
SPB-49221,2024-08-17 14:36:01,페달
SPB-83530,2024-08-17 14:36:04,타이어 
SPB-63782,2024-08-17 14:37:17,기타 
SPB-44293,2024-08-17 14:37:59,체인
SPB-53855,2024-08-17 14:42:22,타이어 
SPB-38037,2024-08-17 14:44:20,타이어 
SPB-52392,2024-08-17 14:46:58,기타 
SPB-51620,2024-08-17 14:50:54,안장
SPB-53726,2024-08-17 14:53:03,체인
SPB-37865,2024-08-17 14:55:03,기타 
SPB-69649,2024-08-17 15:00:21,체인
SPB-55575,2024-08-17 15:02:13,안장
SPB-68372,2024-08-17 15:04:04,기타 
SPB-51051,2024-08-17 15:11:34,타이어 
SPB-43394,2024-08-17 15:12:23,체인
SPB-51289,2024-08-17 15:21:04,타이어 
SPB-48927,2024-08-17 15:23:52,타이어 
SPB-35350,2024-08-17 15:31:32,기타 
SPB-43987,2024-08-17 15:33:02,체인
SPB-65923,2024-08-17 15:34:56,타이어 
SPB-65903,2024-08-17 15:37:41,타이어 
SPB-67189,2024-08-17 15:46:42,타이어 
SPB-69443,2024-08-17 15:48:31,체인
SPB-69995,2024-08-17 15:48:52,안장
SPB-65932,2024-08-17 15:54:52,페달
SPB-63982,2024-08-17 15:59:14,페달
SPB-54351,2024-08-17 16:04:44,안장
SPB-37775,2024-08-17 16:09:21,체인
SPB-56825,2024-08-17 16:13:16,기타 
SPB-69074,2024-08-17 16:13:46,타이어 
SPB-44249,2024-08-17 16:16:39,체인
SPB-67742,2024-08-17 16:20:35,타이어 
SPB-62216,2024-08-17 16:20:42,타이어 
SPB-34751,2024-08-17 16:20:42,안장
SPB-39376,2024-08-17 16:24:04,체인
SPB-42260,2024-08-17 16:24:06,타이어 
SPB-41367,2024-08-17 16:24:28,안장
SPB-48686,2024-08-17 16:37:58,타이어 
SPB-57475,2024-08-17 16:38:40,체인
SPB-56778,2024-08-17 16:38:48,체인
SPB-42696,2024-08-17 16:45:50,체인
SPB-66736,2024-08-17 16:49:11,타이어 
SPB-57602,2024-08-17 17:02:13,체인
SPB-64591,2024-08-17 17:05:09,타이어 
SPB-41177,2024-08-17 17:10:14,안장
SPB-65672,2024-08-17 17:10:15,기타 
SPB-48427,2024-08-17 17:11:53,체인
SPB-35332,2024-08-17 17:17:26,타이어 
SPB-38176,2024-08-17 17:21:02,체인
SPB-30957,2024-08-17 17:23:22,기타 
SPB-35654,2024-08-17 17:23:41,타이어 
SPB-41681,2024-08-17 17:23:58,체인
SPB-67725,2024-08-17 17:24:29,타이어 
SPB-60516,2024-08-17 17:38:36,기타 
SPB-39098,2024-08-17 17:43:49,타이어 
SPB-41959,2024-08-17 17:44:02,타이어 
SPB-39476,2024-08-17 17:47:44,기타 
SPB-37244,2024-08-17 17:48:45,체인
SPB-65236,2024-08-17 17:54:21,기타 
SPB-63035,2024-08-17 18:03:53,체인
SPB-63993,2024-08-17 18:04:25,타이어 
SPB-63641,2024-08-17 18:07:39,타이어 
SPB-41433,2024-08-17 18:10:59,안장
SPB-38574,2024-08-17 18:11:39,체인
SPB-43009,2024-08-17 18:11:42,체인
SPB-37013,2024-08-17 18:13:00,기타 
SPB-48285,2024-08-17 18:13:32,단말기
SPB-64832,2024-08-17 18:17:21,안장
SPB-47086,2024-08-17 18:17:22,안장
SPB-63189,2024-08-17 18:18:25,타이어 
SPB-50880,2024-08-17 18:19:59,타이어 
SPB-62880,2024-08-17 18:20:02,타이어 
SPB-64608,2024-08-17 18:20:49,타이어 
SPB-48736,2024-08-17 18:26:18,단말기
SPB-32868,2024-08-17 18:31:49,타이어 
SPB-51586,2024-08-17 18:36:41,기타 
SPB-44752,2024-08-17 18:39:10,페달
SPB-31042,2024-08-17 18:42:17,기타 
SPB-70020,2024-08-17 18:43:54,체인
SPB-42162,2024-08-17 18:47:42,기타 
SPB-55832,2024-08-17 18:58:50,페달
SPB-44883,2024-08-17 19:04:34,체인
SPB-38345,2024-08-17 19:06:08,체인
SPB-44045,2024-08-17 19:12:41,타이어 
SPB-40925,2024-08-17 19:12:54,기타 
SPB-60982,2024-08-17 19:16:10,체인
SPB-63420,2024-08-17 19:19:53,기타 
SPB-31440,2024-08-17 19:20:05,기타 
SPB-39247,2024-08-17 19:24:36,타이어 
SPB-59803,2024-08-17 19:30:10,체인
SPB-32736,2024-08-17 19:32:11,기타 
SPB-70272,2024-08-17 19:32:31,체인
SPB-65764,2024-08-17 19:34:12,타이어 
SPB-57373,2024-08-17 19:38:04,체인
SPB-50608,2024-08-17 19:40:46,기타 
SPB-69383,2024-08-17 19:42:10,타이어 
SPB-45136,2024-08-17 19:46:38,단말기
SPB-63407,2024-08-17 19:52:48,기타 
SPB-65045,2024-08-17 19:55:30,체인
SPB-56673,2024-08-17 19:55:31,페달
SPB-43654,2024-08-17 20:02:44,기타 
SPB-66231,2024-08-17 20:05:35,타이어 
SPB-39852,2024-08-17 20:05:41,타이어 
SPB-39774,2024-08-17 20:05:49,페달
SPB-38248,2024-08-17 20:05:54,타이어 
SPB-50403,2024-08-17 20:06:34,타이어 
SPB-46565,2024-08-17 20:06:50,기타 
SPB-54426,2024-08-17 20:07:55,체인
SPB-46682,2024-08-17 20:10:41,체인
SPB-57635,2024-08-17 20:11:21,타이어 
SPB-69251,2024-08-17 20:12:29,체인
SPB-52479,2024-08-17 20:13:57,기타 
SPB-55409,2024-08-17 20:14:03,체인
SPB-69189,2024-08-17 20:14:45,체인
SPB-37148,2024-08-17 20:19:12,안장
SPB-37811,2024-08-17 20:21:07,안장
SPB-40424,2024-08-17 20:23:11,안장
SPB-54211,2024-08-17 20:24:54,체인
SPB-31909,2024-08-17 20:36:34,체인
SPB-70333,2024-08-17 20:42:32,기타 
SPB-65954,2024-08-17 20:48:09,타이어 
SPB-39679,2024-08-17 20:50:49,체인
SPB-32352,2024-08-17 20:52:58,페달
SPB-52184,2024-08-17 20:55:48,페달
SPB-63707,2024-08-17 21:00:36,기타 
SPB-67168,2024-08-17 21:01:17,안장
SPB-38283,2024-08-17 21:06:04,기타 
SPB-69195,2024-08-17 21:07:34,기타 
SPB-31775,2024-08-17 21:08:52,타이어 
SPB-50056,2024-08-17 21:12:24,안장
SPB-49235,2024-08-17 21:14:59,단말기
SPB-68947,2024-08-17 21:16:37,체인
SPB-48355,2024-08-17 21:21:38,기타 
SPB-61439,2024-08-17 21:23:13,기타 
SPB-67014,2024-08-17 21:23:41,타이어 
SPB-57834,2024-08-17 21:24:50,체인
SPB-69557,2024-08-17 21:25:14,안장
SPB-57506,2024-08-17 21:28:28,기타 
SPB-52257,2024-08-17 21:28:35,기타 
SPB-41092,2024-08-17 21:29:08,체인
SPB-34430,2024-08-17 21:32:41,체인
SPB-50257,2024-08-17 21:35:48,체인
SPB-69771,2024-08-17 21:35:50,타이어 
SPB-48099,2024-08-17 21:37:44,체인
SPB-33035,2024-08-17 21:39:18,체인
SPB-62672,2024-08-17 21:42:51,체인
SPB-66497,2024-08-17 21:44:41,체인
SPB-31653,2024-08-17 21:46:57,기타 
SPB-64130,2024-08-17 21:50:38,타이어 
SPB-51544,2024-08-17 21:58:21,체인
SPB-59932,2024-08-17 21:58:53,체인
SPB-38048,2024-08-17 22:00:42,기타 
SPB-41727,2024-08-17 22:09:31,체인
SPB-57456,2024-08-17 22:12:14,타이어 
SPB-30328,2024-08-17 22:13:03,단말기
SPB-56200,2024-08-17 22:21:34,타이어 
SPB-40825,2024-08-17 22:22:29,체인
SPB-41594,2024-08-17 22:23:47,체인
SPB-34692,2024-08-17 22:26:57,안장
SPB-56778,2024-08-17 22:29:49,페달
SPB-47231,2024-08-17 22:34:36,체인
SPB-32729,2024-08-17 22:37:32,기타 
SPB-64928,2024-08-17 22:38:56,안장
SPB-48000,2024-08-17 22:39:24,안장
SPB-40123,2024-08-17 22:46:49,기타 
SPB-32141,2024-08-17 22:46:57,기타 
SPB-50074,2024-08-17 22:48:24,안장
SPB-38895,2024-08-17 22:49:49,안장
SPB-84719,2024-08-17 22:50:37,타이어 
SPB-69315,2024-08-17 22:53:13,체인
SPB-43176,2024-08-17 22:56:43,안장
SPB-69336,2024-08-17 22:58:21,안장
SPB-47839,2024-08-17 23:05:34,타이어 
SPB-54973,2024-08-17 23:06:57,타이어 
SPB-36111,2024-08-17 23:07:57,기타 
SPB-39719,2024-08-17 23:11:49,기타 
SPB-57240,2024-08-17 23:11:53,체인
SPB-59806,2024-08-17 23:18:59,체인
SPB-52814,2024-08-17 23:20:19,페달
SPB-38609,2024-08-17 23:23:04,체인
SPB-52313,2024-08-17 23:35:43,안장
SPB-47297,2024-08-17 23:39:36,기타 
SPB-56426,2024-08-17 23:40:21,안장
SPB-40406,2024-08-17 23:41:18,안장
SPB-65065,2024-08-17 23:58:25,체인
SPB-33627,2024-08-18 00:10:59,기타 
SPB-31958,2024-08-18 00:12:41,기타 
SPB-40974,2024-08-18 00:27:19,안장
SPB-49412,2024-08-18 00:28:21,페달
SPB-43979,2024-08-18 00:44:59,체인
SPB-42724,2024-08-18 00:46:16,타이어 
SPB-52782,2024-08-18 00:47:13,기타 
SPB-31916,2024-08-18 01:05:35,기타 
SPB-64025,2024-08-18 01:08:16,타이어 
SPB-58529,2024-08-18 01:11:06,체인
SPB-48343,2024-08-18 01:35:32,단말기
SPB-43624,2024-08-18 01:51:40,체인
SPB-58446,2024-08-18 01:57:35,타이어 
SPB-53902,2024-08-18 02:28:27,타이어 
SPB-80864,2024-08-18 02:32:50,기타 
SPB-58691,2024-08-18 04:13:34,기타 
SPB-39291,2024-08-18 05:18:46,체인
SPB-58009,2024-08-18 05:24:04,체인
SPB-50625,2024-08-18 05:31:21,타이어 
SPB-43528,2024-08-18 05:49:09,체인
SPB-65053,2024-08-18 06:05:43,기타 
SPB-66460,2024-08-18 06:18:27,타이어 
SPB-58939,2024-08-18 06:33:12,타이어 
SPB-68262,2024-08-18 06:38:13,체인
SPB-64177,2024-08-18 06:40:40,안장
SPB-54836,2024-08-18 06:42:06,타이어 
SPB-59855,2024-08-18 06:42:35,타이어 
SPB-53946,2024-08-18 06:45:46,단말기
SPB-81182,2024-08-18 06:55:04,페달
SPB-46994,2024-08-18 06:55:51,기타 
SPB-61535,2024-08-18 07:15:49,타이어 
SPB-35302,2024-08-18 07:25:24,체인
SPB-54463,2024-08-18 07:31:18,기타 
SPB-62997,2024-08-18 07:33:51,타이어 
SPB-67986,2024-08-18 07:38:17,체인
SPB-39118,2024-08-18 07:38:31,기타 
SPB-48207,2024-08-18 07:45:05,기타 
SPB-30496,2024-08-18 07:50:50,기타 
SPB-42676,2024-08-18 07:51:59,타이어 
SPB-57820,2024-08-18 07:58:29,기타 
SPB-39126,2024-08-18 08:11:23,타이어 
SPB-40388,2024-08-18 08:14:53,타이어 
SPB-65157,2024-08-18 08:37:55,체인
SPB-61575,2024-08-18 08:44:58,타이어 
SPB-52047,2024-08-18 09:06:02,페달
SPB-50083,2024-08-18 09:10:32,안장
SPB-69413,2024-08-18 09:12:29,체인
SPB-51108,2024-08-18 09:13:23,체인
SPB-66737,2024-08-18 09:18:33,기타 
SPB-53232,2024-08-18 09:18:43,체인
SPB-64363,2024-08-18 09:26:20,타이어 
SPB-50565,2024-08-18 09:36:38,타이어 
SPB-31063,2024-08-18 09:50:28,타이어 
SPB-44293,2024-08-18 10:01:29,체인
SPB-65261,2024-08-18 10:02:25,기타 
SPB-66654,2024-08-18 10:02:29,안장
SPB-63603,2024-08-18 10:06:39,기타 
SPB-51905,2024-08-18 10:07:27,타이어 
SPB-43539,2024-08-18 10:07:54,기타 
SPB-34774,2024-08-18 10:18:30,타이어 
SPB-55808,2024-08-18 10:40:42,타이어 
SPB-50895,2024-08-18 10:54:55,안장
SPB-50616,2024-08-18 11:05:40,페달
SPB-39554,2024-08-18 11:06:30,안장
SPB-58358,2024-08-18 11:07:04,타이어 
SPB-36573,2024-08-18 11:10:49,안장
SPB-42616,2024-08-18 11:30:34,타이어 
SPB-68421,2024-08-18 11:31:49,타이어 
SPB-52535,2024-08-18 11:33:00,체인
SPB-61480,2024-08-18 11:39:57,체인
SPB-43510,2024-08-18 11:42:49,체인
SPB-46227,2024-08-18 11:48:38,체인
SPB-67089,2024-08-18 11:54:04,기타 
SPB-60643,2024-08-18 11:55:30,페달
SPB-61546,2024-08-18 12:01:10,안장
SPB-37607,2024-08-18 12:05:18,단말기
SPB-32301,2024-08-18 12:15:03,타이어 
SPB-33924,2024-08-18 12:23:46,타이어 
SPB-43369,2024-08-18 12:24:48,기타 
SPB-67486,2024-08-18 12:25:11,타이어 
SPB-30428,2024-08-18 12:29:41,타이어 
SPB-35227,2024-08-18 12:35:24,기타 
SPB-54077,2024-08-18 12:38:44,기타 
SPB-35708,2024-08-18 12:46:18,타이어 
SPB-50558,2024-08-18 12:49:38,체인
SPB-62500,2024-08-18 12:56:25,타이어 
SPB-66658,2024-08-18 12:57:33,타이어 
SPB-44794,2024-08-18 12:59:39,안장
SPB-39749,2024-08-18 13:02:57,체인
SPB-52932,2024-08-18 13:09:00,타이어 
SPB-54878,2024-08-18 13:25:19,기타 
SPB-42290,2024-08-18 13:28:06,체인
SPB-63949,2024-08-18 13:28:09,타이어 
SPB-62223,2024-08-18 13:36:32,타이어 
SPB-61265,2024-08-18 13:38:13,체인
SPB-64945,2024-08-18 13:38:44,체인
SPB-36368,2024-08-18 13:49:37,타이어 
SPB-58728,2024-08-18 13:54:43,타이어 
SPB-42898,2024-08-18 14:01:01,기타 
SPB-37676,2024-08-18 14:06:30,기타 
SPB-30702,2024-08-18 14:10:03,타이어 
SPB-65397,2024-08-18 14:10:19,타이어 
SPB-62988,2024-08-18 14:11:52,체인
SPB-66231,2024-08-18 14:14:44,타이어 
SPB-34350,2024-08-18 14:15:40,페달
SPB-30306,2024-08-18 14:20:19,단말기
SPB-41026,2024-08-18 14:26:06,기타 
SPB-40016,2024-08-18 14:27:47,기타 
SPB-39286,2024-08-18 14:28:18,타이어 
SPB-52028,2024-08-18 14:34:38,타이어 
SPB-44160,2024-08-18 14:42:00,체인
SPB-69878,2024-08-18 14:42:57,체인
SPB-66885,2024-08-18 14:44:44,체인
SPB-40066,2024-08-18 14:45:37,체인
SPB-69418,2024-08-18 14:50:51,체인
SPB-65905,2024-08-18 14:52:59,타이어 
SPB-61179,2024-08-18 14:53:58,타이어 
SPB-49008,2024-08-18 14:54:27,타이어 
SPB-58257,2024-08-18 15:13:44,타이어 
SPB-44397,2024-08-18 15:13:54,체인
SPB-50391,2024-08-18 15:17:09,타이어 
SPB-69909,2024-08-18 15:31:27,체인
SPB-63800,2024-08-18 15:39:59,타이어 
SPB-67077,2024-08-18 15:40:37,체인
SPB-38887,2024-08-18 15:47:33,체인
SPB-65613,2024-08-18 15:49:25,타이어 
SPB-52375,2024-08-18 15:57:18,페달
SPB-64774,2024-08-18 15:57:30,기타 
SPB-41125,2024-08-18 15:59:27,타이어 
SPB-33290,2024-08-18 16:00:06,체인
SPB-66577,2024-08-18 16:02:49,기타 
SPB-60530,2024-08-18 16:07:24,기타 
SPB-34420,2024-08-18 16:12:38,타이어 
SPB-46598,2024-08-18 16:13:48,타이어 
SPB-60617,2024-08-18 16:20:29,안장
SPB-69251,2024-08-18 16:24:00,기타 
SPB-48065,2024-08-18 16:24:51,체인
SPB-65567,2024-08-18 16:24:53,타이어 
SPB-54709,2024-08-18 16:27:31,페달
SPB-45194,2024-08-18 16:36:19,타이어 
SPB-36662,2024-08-18 16:41:56,안장
SPB-38804,2024-08-18 16:43:16,체인
SPB-67850,2024-08-18 16:49:18,체인
SPB-63556,2024-08-18 16:51:41,타이어 
SPB-40641,2024-08-18 16:59:26,타이어 
SPB-57917,2024-08-18 17:05:46,단말기
SPB-34291,2024-08-18 17:09:10,타이어 
SPB-51258,2024-08-18 17:09:41,페달
SPB-38959,2024-08-18 17:09:49,체인
SPB-55508,2024-08-18 17:11:01,페달
SPB-45998,2024-08-18 17:11:51,타이어 
SPB-32122,2024-08-18 17:12:52,타이어 
SPB-51165,2024-08-18 17:18:32,기타 
SPB-43512,2024-08-18 17:18:48,기타 
SPB-62003,2024-08-18 17:19:54,타이어 
SPB-31990,2024-08-18 17:20:22,타이어 
SPB-38865,2024-08-18 17:20:35,기타 
SPB-60350,2024-08-18 17:23:43,안장
SPB-50276,2024-08-18 17:24:01,페달
SPB-31941,2024-08-18 17:25:29,체인
SPB-66910,2024-08-18 17:25:38,타이어 
SPB-43438,2024-08-18 17:28:51,안장
SPB-38521,2024-08-18 17:32:15,안장
SPB-54105,2024-08-18 17:33:44,타이어 
SPB-42790,2024-08-18 17:36:56,체인
SPB-44245,2024-08-18 17:39:02,단말기
SPB-41854,2024-08-18 17:39:59,체인
SPB-66178,2024-08-18 17:40:25,기타 
SPB-30837,2024-08-18 17:40:35,체인
SPB-45876,2024-08-18 17:42:49,체인
SPB-66420,2024-08-18 17:47:11,체인
SPB-37112,2024-08-18 17:47:54,타이어 
SPB-63122,2024-08-18 17:49:11,타이어 
SPB-30944,2024-08-18 17:51:01,기타 
SPB-39774,2024-08-18 17:53:10,타이어 
SPB-42837,2024-08-18 17:55:44,체인
SPB-40558,2024-08-18 17:56:23,타이어 
SPB-42150,2024-08-18 17:58:24,타이어 
SPB-61422,2024-08-18 17:58:24,타이어 
SPB-69516,2024-08-18 18:01:15,타이어 
SPB-58014,2024-08-18 18:03:08,페달
SPB-58410,2024-08-18 18:03:49,체인
SPB-68410,2024-08-18 18:03:58,체인
SPB-41801,2024-08-18 18:08:54,체인
SPB-55826,2024-08-18 18:15:35,타이어 
SPB-54727,2024-08-18 18:15:37,페달
SPB-64043,2024-08-18 18:23:07,타이어 
SPB-51387,2024-08-18 18:25:39,안장
SPB-68459,2024-08-18 18:26:52,체인
SPB-67006,2024-08-18 18:27:18,기타 
SPB-35009,2024-08-18 18:31:10,체인
SPB-40889,2024-08-18 18:31:45,체인
SPB-57631,2024-08-18 18:32:03,기타 
SPB-66274,2024-08-18 18:32:58,기타 
SPB-36109,2024-08-18 18:33:32,타이어 
SPB-34018,2024-08-18 18:34:49,기타 
SPB-56891,2024-08-18 18:36:09,타이어 
SPB-54916,2024-08-18 18:36:43,기타 
SPB-58664,2024-08-18 18:39:25,페달
SPB-42669,2024-08-18 18:41:09,타이어 
SPB-36552,2024-08-18 18:42:19,안장
SPB-57973,2024-08-18 18:42:33,타이어 
SPB-47341,2024-08-18 18:43:18,체인
SPB-57575,2024-08-18 18:43:42,안장
SPB-58396,2024-08-18 18:46:10,기타 
SPB-58618,2024-08-18 18:47:12,기타 
SPB-65404,2024-08-18 18:48:03,체인
SPB-40974,2024-08-18 18:50:01,안장
SPB-59404,2024-08-18 18:52:13,페달
SPB-46988,2024-08-18 18:53:38,타이어 
SPB-33949,2024-08-18 19:00:09,타이어 
SPB-37580,2024-08-18 19:06:03,기타 
SPB-40935,2024-08-18 19:07:13,기타 
SPB-48397,2024-08-18 19:08:09,기타 
SPB-34439,2024-08-18 19:10:01,타이어 
SPB-35249,2024-08-18 19:10:57,체인
SPB-64959,2024-08-18 19:12:21,안장
SPB-67243,2024-08-18 19:15:10,타이어 
SPB-51838,2024-08-18 19:24:17,기타 
SPB-38909,2024-08-18 19:24:59,안장
SPB-31396,2024-08-18 19:26:14,체인
SPB-57003,2024-08-18 19:26:50,타이어 
SPB-54386,2024-08-18 19:32:22,페달
SPB-50745,2024-08-18 19:39:48,타이어 
SPB-47038,2024-08-18 19:40:47,체인
SPB-38893,2024-08-18 19:42:30,체인
SPB-54025,2024-08-18 19:43:18,기타 
SPB-65998,2024-08-18 19:43:54,기타 
SPB-64521,2024-08-18 19:45:12,타이어 
SPB-34143,2024-08-18 19:47:51,기타 
SPB-69763,2024-08-18 19:54:37,체인
SPB-33758,2024-08-18 19:54:52,체인
SPB-41728,2024-08-18 19:58:18,체인
SPB-56455,2024-08-18 20:02:22,기타 
SPB-69406,2024-08-18 20:02:45,체인
SPB-59235,2024-08-18 20:08:46,페달
SPB-41975,2024-08-18 20:08:52,체인
SPB-44766,2024-08-18 20:10:38,기타 
SPB-47443,2024-08-18 20:13:53,타이어 
SPB-56043,2024-08-18 20:14:14,타이어 
SPB-42176,2024-08-18 20:14:19,타이어 
SPB-31537,2024-08-18 20:20:17,안장
SPB-32563,2024-08-18 20:35:22,타이어 
SPB-49322,2024-08-18 20:40:47,타이어 
SPB-31679,2024-08-18 20:49:38,타이어 
SPB-35793,2024-08-18 20:57:33,체인
SPB-53130,2024-08-18 21:00:23,기타 
SPB-43939,2024-08-18 21:07:14,체인
SPB-64954,2024-08-18 21:11:00,기타 
SPB-66785,2024-08-18 21:12:34,기타 
SPB-39132,2024-08-18 21:18:33,타이어 
SPB-32019,2024-08-18 21:22:42,기타 
SPB-48040,2024-08-18 21:38:26,페달
SPB-63136,2024-08-18 21:38:30,타이어 
SPB-63032,2024-08-18 21:40:36,안장
SPB-45888,2024-08-18 21:43:04,안장
SPB-63306,2024-08-18 21:47:59,체인
SPB-81434,2024-08-18 21:57:48,타이어 
SPB-60791,2024-08-18 22:02:43,체인
SPB-69656,2024-08-18 22:10:48,페달
SPB-42412,2024-08-18 22:11:26,안장
SPB-57630,2024-08-18 22:12:07,페달
SPB-56969,2024-08-18 22:22:42,페달
SPB-34350,2024-08-18 22:23:05,페달
SPB-66275,2024-08-18 22:23:28,타이어 
SPB-50971,2024-08-18 22:23:28,페달
SPB-30533,2024-08-18 22:28:58,기타 
SPB-68784,2024-08-18 22:30:17,기타 
SPB-54046,2024-08-18 22:34:26,안장
SPB-33338,2024-08-18 22:37:52,기타 
SPB-48865,2024-08-18 22:38:35,타이어 
SPB-66231,2024-08-18 22:38:55,타이어 
SPB-39774,2024-08-18 22:39:06,타이어 
SPB-33012,2024-08-18 22:53:34,체인
SPB-62943,2024-08-18 22:53:40,페달
SPB-36980,2024-08-18 23:01:34,단말기
SPB-38682,2024-08-18 23:02:59,기타 
SPB-31573,2024-08-18 23:08:20,타이어 
SPB-50781,2024-08-18 23:09:27,페달
SPB-43004,2024-08-18 23:12:15,체인
SPB-42919,2024-08-18 23:19:49,기타 
SPB-56943,2024-08-18 23:21:12,타이어 
SPB-69915,2024-08-18 23:28:51,체인
SPB-31892,2024-08-18 23:30:57,안장
SPB-37200,2024-08-18 23:31:26,타이어 
SPB-41240,2024-08-18 23:38:42,체인
SPB-58506,2024-08-18 23:48:24,페달
SPB-54728,2024-08-18 23:51:05,페달
SPB-31341,2024-08-19 00:03:11,단말기
SPB-32991,2024-08-19 00:03:13,타이어 
SPB-32652,2024-08-19 00:03:16,타이어 
SPB-46526,2024-08-19 00:28:27,기타 
SPB-66458,2024-08-19 00:34:53,타이어 
SPB-69794,2024-08-19 00:35:37,기타 
SPB-39368,2024-08-19 01:01:06,체인
SPB-83973,2024-08-19 01:18:11,체인
SPB-41915,2024-08-19 01:19:59,체인
SPB-33705,2024-08-19 01:47:59,타이어 
SPB-58026,2024-08-19 02:13:02,타이어 
SPB-40418,2024-08-19 02:15:05,타이어 
SPB-37465,2024-08-19 02:27:02,페달
SPB-46839,2024-08-19 04:37:51,기타 
SPB-68372,2024-08-19 04:42:08,기타 
SPB-47700,2024-08-19 04:50:42,페달
SPB-67398,2024-08-19 05:17:08,체인
SPB-41015,2024-08-19 05:31:27,타이어 
SPB-63458,2024-08-19 05:38:02,타이어 
SPB-61949,2024-08-19 05:49:53,기타 
SPB-32210,2024-08-19 05:54:19,타이어 
SPB-53273,2024-08-19 05:56:43,타이어 
SPB-69892,2024-08-19 06:07:32,체인
SPB-41728,2024-08-19 06:08:15,체인
SPB-30319,2024-08-19 06:08:50,타이어 
SPB-50143,2024-08-19 06:10:44,기타 
SPB-66386,2024-08-19 06:18:28,기타 
SPB-65423,2024-08-19 06:21:50,체인
SPB-44403,2024-08-19 06:29:16,체인
SPB-39402,2024-08-19 06:29:22,체인
SPB-50831,2024-08-19 06:31:58,체인
SPB-50334,2024-08-19 06:36:30,단말기
SPB-70138,2024-08-19 06:39:24,타이어 
SPB-47897,2024-08-19 06:43:05,타이어 
SPB-67803,2024-08-19 06:43:46,기타 
SPB-49447,2024-08-19 06:44:41,체인
SPB-67218,2024-08-19 06:51:14,타이어 
SPB-39363,2024-08-19 06:59:20,체인
SPB-59437,2024-08-19 07:01:47,체인
SPB-68256,2024-08-19 07:05:18,기타 
SPB-43668,2024-08-19 07:06:38,체인
SPB-39887,2024-08-19 07:06:54,체인
SPB-54633,2024-08-19 07:08:51,타이어 
SPB-35078,2024-08-19 07:13:16,타이어 
SPB-67024,2024-08-19 07:17:44,기타 
SPB-46870,2024-08-19 07:23:36,체인
SPB-65347,2024-08-19 07:25:25,페달
SPB-70020,2024-08-19 07:26:59,체인
SPB-69217,2024-08-19 07:31:37,기타 
SPB-64057,2024-08-19 07:31:56,체인
SPB-59836,2024-08-19 07:31:57,안장
SPB-68524,2024-08-19 07:32:05,타이어 
SPB-61280,2024-08-19 07:33:39,타이어 
SPB-45052,2024-08-19 07:34:06,체인
SPB-49066,2024-08-19 07:34:49,체인
SPB-31702,2024-08-19 07:34:50,타이어 
SPB-48718,2024-08-19 07:34:53,기타 
SPB-69067,2024-08-19 07:35:19,기타 
SPB-30351,2024-08-19 07:37:59,기타 
SPB-81595,2024-08-19 07:38:12,안장
SPB-40869,2024-08-19 07:39:15,안장
SPB-55656,2024-08-19 07:39:20,체인
SPB-37072,2024-08-19 07:39:48,타이어 
SPB-52595,2024-08-19 07:41:32,페달
SPB-47041,2024-08-19 07:41:39,기타 
SPB-36621,2024-08-19 07:41:47,타이어 
SPB-53477,2024-08-19 07:42:30,체인
SPB-54896,2024-08-19 07:42:41,단말기
SPB-69850,2024-08-19 07:44:20,체인
SPB-68092,2024-08-19 07:47:05,체인
SPB-60409,2024-08-19 07:47:50,체인
SPB-55048,2024-08-19 07:53:31,타이어 
SPB-31896,2024-08-19 07:55:03,기타 
SPB-31068,2024-08-19 07:55:09,페달
SPB-46373,2024-08-19 07:57:41,기타 
SPB-48444,2024-08-19 07:58:11,페달
SPB-66613,2024-08-19 07:59:11,타이어 
SPB-44655,2024-08-19 08:01:56,체인
SPB-39807,2024-08-19 08:03:07,기타 
SPB-54835,2024-08-19 08:03:12,기타 
SPB-64224,2024-08-19 08:03:31,기타 
SPB-41257,2024-08-19 08:05:41,체인
SPB-63315,2024-08-19 08:10:24,기타 
SPB-38963,2024-08-19 08:10:55,기타 
SPB-45969,2024-08-19 08:11:15,체인
SPB-42742,2024-08-19 08:11:30,체인
SPB-70445,2024-08-19 08:11:49,기타 
SPB-34860,2024-08-19 08:12:16,안장
SPB-70078,2024-08-19 08:12:27,안장
SPB-37837,2024-08-19 08:12:31,안장
SPB-50723,2024-08-19 08:12:35,페달
SPB-66531,2024-08-19 08:12:37,기타 
SPB-40691,2024-08-19 08:13:47,기타 
SPB-39232,2024-08-19 08:14:09,안장
SPB-55505,2024-08-19 08:14:23,기타 
SPB-44243,2024-08-19 08:14:34,타이어 
SPB-52217,2024-08-19 08:15:15,타이어 
SPB-44299,2024-08-19 08:15:15,체인
SPB-58694,2024-08-19 08:16:21,타이어 
SPB-35176,2024-08-19 08:17:28,안장
SPB-31969,2024-08-19 08:17:38,체인
SPB-67172,2024-08-19 08:17:46,기타 
SPB-67459,2024-08-19 08:18:34,체인
SPB-46287,2024-08-19 08:22:48,안장
SPB-44620,2024-08-19 08:23:31,타이어 
SPB-34301,2024-08-19 08:23:37,체인
SPB-81937,2024-08-19 08:23:54,타이어 
SPB-32692,2024-08-19 08:24:01,안장
SPB-37031,2024-08-19 08:25:28,타이어 
SPB-45326,2024-08-19 08:26:18,페달
SPB-52019,2024-08-19 08:27:32,체인
SPB-56702,2024-08-19 08:27:33,체인
SPB-45293,2024-08-19 08:27:53,안장
SPB-65775,2024-08-19 08:28:08,타이어 
SPB-38332,2024-08-19 08:30:51,체인
SPB-30424,2024-08-19 08:31:15,타이어 
SPB-66363,2024-08-19 08:35:46,타이어 
SPB-35716,2024-08-19 08:37:09,페달
SPB-53045,2024-08-19 08:38:08,페달
SPB-35047,2024-08-19 08:38:12,기타 
SPB-53143,2024-08-19 08:39:39,체인
SPB-65158,2024-08-19 08:40:29,안장
SPB-58178,2024-08-19 08:40:35,안장
SPB-83985,2024-08-19 08:42:21,타이어 
SPB-40816,2024-08-19 08:43:06,안장
SPB-60582,2024-08-19 08:43:08,체인
SPB-55413,2024-08-19 08:43:12,타이어 
SPB-64894,2024-08-19 08:44:36,기타 
SPB-62990,2024-08-19 08:45:21,타이어 
SPB-44478,2024-08-19 08:45:49,타이어 
SPB-32696,2024-08-19 08:46:06,페달
SPB-51600,2024-08-19 08:46:43,기타 
SPB-64513,2024-08-19 08:47:55,타이어 
SPB-42665,2024-08-19 08:48:03,페달
SPB-40535,2024-08-19 08:49:28,체인
SPB-58250,2024-08-19 08:50:08,안장
SPB-31416,2024-08-19 08:50:09,기타 
SPB-53933,2024-08-19 08:51:59,페달
SPB-31703,2024-08-19 08:52:02,체인
SPB-63373,2024-08-19 08:52:14,페달
SPB-35246,2024-08-19 08:52:35,체인
SPB-44276,2024-08-19 08:54:06,체인
SPB-48574,2024-08-19 08:54:20,체인
SPB-57200,2024-08-19 08:56:17,기타 
SPB-45924,2024-08-19 08:56:26,타이어 
SPB-31610,2024-08-19 08:59:39,페달
SPB-35429,2024-08-19 09:00:04,기타 
SPB-69513,2024-08-19 09:02:26,기타 
SPB-65447,2024-08-19 09:03:49,기타 
SPB-62822,2024-08-19 09:05:03,체인
SPB-49147,2024-08-19 09:05:52,페달
SPB-56924,2024-08-19 09:10:27,안장
SPB-67445,2024-08-19 09:13:09,타이어 
SPB-54322,2024-08-19 09:13:52,타이어 
SPB-57883,2024-08-19 09:14:37,체인
SPB-65924,2024-08-19 09:16:21,체인
SPB-40559,2024-08-19 09:16:30,기타 
SPB-63845,2024-08-19 09:18:28,타이어 
SPB-39325,2024-08-19 09:21:29,안장
SPB-33086,2024-08-19 09:21:45,기타 
SPB-52705,2024-08-19 09:22:12,체인
SPB-37356,2024-08-19 09:22:21,기타 
SPB-45365,2024-08-19 09:22:29,체인
SPB-58647,2024-08-19 09:22:35,페달
SPB-31591,2024-08-19 09:23:50,타이어 
SPB-34765,2024-08-19 09:24:33,체인
SPB-35058,2024-08-19 09:27:05,페달
SPB-48251,2024-08-19 09:28:48,페달
SPB-63447,2024-08-19 09:31:28,체인
SPB-48570,2024-08-19 09:38:24,페달
SPB-53557,2024-08-19 09:43:08,타이어 
SPB-59818,2024-08-19 09:43:12,체인
SPB-52138,2024-08-19 09:43:18,타이어 
SPB-34209,2024-08-19 09:48:24,타이어 
SPB-45682,2024-08-19 09:50:26,안장
SPB-31173,2024-08-19 09:54:01,타이어 
SPB-64436,2024-08-19 09:59:11,기타 
SPB-57007,2024-08-19 10:01:29,체인
SPB-63357,2024-08-19 10:05:43,체인
SPB-55022,2024-08-19 10:10:24,기타 
SPB-55821,2024-08-19 10:11:48,기타 
SPB-57220,2024-08-19 10:13:15,페달
SPB-58963,2024-08-19 10:14:11,기타 
SPB-34545,2024-08-19 10:17:16,타이어 
SPB-61610,2024-08-19 10:17:46,타이어 
SPB-65631,2024-08-19 10:20:04,타이어 
SPB-37277,2024-08-19 10:30:18,안장
SPB-63636,2024-08-19 10:37:02,타이어 
SPB-49107,2024-08-19 10:45:00,기타 
SPB-65341,2024-08-19 10:45:57,타이어 
SPB-53187,2024-08-19 10:50:47,타이어 
SPB-50881,2024-08-19 10:54:05,타이어 
SPB-36694,2024-08-19 10:54:21,타이어 
SPB-30915,2024-08-19 10:59:25,기타 
SPB-57764,2024-08-19 10:59:29,기타 
SPB-56105,2024-08-19 11:01:24,페달
SPB-62200,2024-08-19 11:07:26,체인
SPB-59310,2024-08-19 11:10:13,체인
SPB-39772,2024-08-19 11:10:18,체인
SPB-59298,2024-08-19 11:10:46,기타 
SPB-48658,2024-08-19 11:11:22,타이어 
SPB-30936,2024-08-19 11:18:31,타이어 
SPB-64332,2024-08-19 11:27:29,안장
SPB-38601,2024-08-19 11:39:22,안장
SPB-31427,2024-08-19 11:43:42,안장
SPB-58134,2024-08-19 11:44:49,체인
SPB-65142,2024-08-19 12:00:51,타이어 
SPB-51085,2024-08-19 12:13:55,페달
SPB-42436,2024-08-19 12:16:29,체인
SPB-53570,2024-08-19 12:17:02,타이어 
SPB-39782,2024-08-19 12:19:36,체인
SPB-51364,2024-08-19 12:26:34,타이어 
SPB-65936,2024-08-19 12:29:36,타이어 
SPB-60872,2024-08-19 12:39:31,타이어 
SPB-54482,2024-08-19 12:39:44,타이어 
SPB-69251,2024-08-19 12:40:46,체인
SPB-84547,2024-08-19 12:41:17,기타 
SPB-33733,2024-08-19 12:44:55,기타 
SPB-50397,2024-08-19 12:50:38,페달
SPB-44734,2024-08-19 12:51:32,체인
SPB-57488,2024-08-19 12:55:14,안장
SPB-51265,2024-08-19 12:55:43,체인
SPB-38869,2024-08-19 12:55:43,체인
SPB-67199,2024-08-19 12:58:46,체인
SPB-66817,2024-08-19 13:00:22,타이어 
SPB-38290,2024-08-19 13:02:14,체인
SPB-52390,2024-08-19 13:04:35,체인
SPB-58999,2024-08-19 13:10:33,기타 
SPB-50825,2024-08-19 13:14:38,타이어 
SPB-61022,2024-08-19 13:14:43,안장
SPB-30959,2024-08-19 13:17:33,타이어 
SPB-34313,2024-08-19 13:18:33,체인
SPB-40638,2024-08-19 13:24:14,기타 
SPB-68410,2024-08-19 13:30:58,체인
SPB-51767,2024-08-19 13:33:33,체인
SPB-65028,2024-08-19 13:36:56,기타 
SPB-52190,2024-08-19 13:46:58,타이어 
SPB-64757,2024-08-19 13:47:24,안장
SPB-53766,2024-08-19 13:57:12,안장
SPB-69947,2024-08-19 13:59:58,체인
SPB-32483,2024-08-19 14:00:48,타이어 
SPB-62910,2024-08-19 14:01:00,안장
SPB-51618,2024-08-19 14:04:30,단말기
SPB-57209,2024-08-19 14:05:09,페달
SPB-53469,2024-08-19 14:06:35,타이어 
SPB-43694,2024-08-19 14:09:03,타이어 
SPB-69683,2024-08-19 14:12:21,체인
SPB-47685,2024-08-19 14:14:16,단말기
SPB-60565,2024-08-19 14:15:10,기타 
SPB-42385,2024-08-19 14:21:53,안장
SPB-35983,2024-08-19 14:38:03,페달
SPB-36957,2024-08-19 14:48:52,페달
SPB-60178,2024-08-19 14:58:50,안장
SPB-70244,2024-08-19 15:04:45,타이어 
SPB-31167,2024-08-19 15:05:29,기타 
SPB-31463,2024-08-19 15:06:05,체인
SPB-42987,2024-08-19 15:06:43,타이어 
SPB-70283,2024-08-19 15:08:00,기타 
SPB-45132,2024-08-19 15:15:56,체인
SPB-53798,2024-08-19 15:26:24,타이어 
SPB-67103,2024-08-19 15:40:35,체인
SPB-38768,2024-08-19 15:42:06,안장
SPB-65728,2024-08-19 15:43:19,단말기
SPB-67474,2024-08-19 15:47:10,페달
SPB-56026,2024-08-19 15:48:16,타이어 
SPB-54784,2024-08-19 15:49:02,안장
SPB-66508,2024-08-19 15:50:22,타이어 
SPB-50892,2024-08-19 15:50:25,기타 
SPB-41817,2024-08-19 15:53:27,체인
SPB-45217,2024-08-19 16:08:55,체인
SPB-48595,2024-08-19 16:12:30,체인
SPB-50779,2024-08-19 16:13:29,체인
SPB-66231,2024-08-19 16:15:08,체인
SPB-67573,2024-08-19 16:21:02,타이어 
SPB-35001,2024-08-19 16:21:05,기타 
SPB-60078,2024-08-19 16:25:25,타이어 
SPB-51909,2024-08-19 16:26:56,기타 
SPB-32212,2024-08-19 16:31:03,기타 
SPB-54248,2024-08-19 16:38:13,페달
SPB-50781,2024-08-19 16:39:19,페달
SPB-41476,2024-08-19 16:39:33,체인
SPB-59340,2024-08-19 16:50:51,기타 
SPB-58666,2024-08-19 16:51:20,기타 
SPB-63407,2024-08-19 16:52:57,타이어 
SPB-54219,2024-08-19 16:53:50,기타 
SPB-47672,2024-08-19 16:54:09,타이어 
SPB-35143,2024-08-19 16:56:23,기타 
SPB-55889,2024-08-19 16:58:44,페달
SPB-54254,2024-08-19 16:58:48,페달
SPB-59877,2024-08-19 17:04:09,기타 
SPB-31891,2024-08-19 17:08:37,단말기
SPB-38718,2024-08-19 17:13:08,기타 
SPB-52285,2024-08-19 17:13:47,타이어 
SPB-46630,2024-08-19 17:14:36,안장
SPB-59050,2024-08-19 17:16:06,체인
SPB-35474,2024-08-19 17:16:43,기타 
SPB-70388,2024-08-19 17:18:17,체인
SPB-48884,2024-08-19 17:19:16,안장
SPB-50417,2024-08-19 17:19:36,단말기
SPB-35699,2024-08-19 17:21:39,체인
SPB-41638,2024-08-19 17:24:10,체인
SPB-31948,2024-08-19 17:24:30,타이어 
SPB-52112,2024-08-19 17:24:45,기타 
SPB-68855,2024-08-19 17:25:25,단말기
SPB-32521,2024-08-19 17:25:30,체인
SPB-49134,2024-08-19 17:30:24,타이어 
SPB-30237,2024-08-19 17:32:17,페달
SPB-65402,2024-08-19 17:32:31,안장
SPB-45840,2024-08-19 17:33:51,안장
SPB-59931,2024-08-19 17:34:42,타이어 
SPB-43198,2024-08-19 17:37:52,기타 
SPB-46299,2024-08-19 17:39:26,체인
SPB-62876,2024-08-19 17:40:29,체인
SPB-36749,2024-08-19 17:42:44,안장
SPB-69997,2024-08-19 17:42:56,체인
SPB-34083,2024-08-19 17:44:14,타이어 
SPB-43679,2024-08-19 17:47:30,안장
SPB-45410,2024-08-19 17:47:41,타이어 
SPB-48714,2024-08-19 17:53:17,안장
SPB-48334,2024-08-19 17:55:35,체인
SPB-58470,2024-08-19 18:01:05,안장
SPB-60487,2024-08-19 18:03:29,체인
SPB-60032,2024-08-19 18:03:32,안장
SPB-65378,2024-08-19 18:08:26,기타 
SPB-54007,2024-08-19 18:12:33,페달
SPB-33392,2024-08-19 18:12:46,페달
SPB-61681,2024-08-19 18:13:42,기타 
SPB-54112,2024-08-19 18:13:50,체인
SPB-45446,2024-08-19 18:15:07,체인
SPB-58159,2024-08-19 18:15:08,체인
SPB-32018,2024-08-19 18:15:29,기타 
SPB-51599,2024-08-19 18:16:48,타이어 
SPB-37376,2024-08-19 18:17:03,타이어 
SPB-37445,2024-08-19 18:17:30,타이어 
SPB-57014,2024-08-19 18:18:59,안장
SPB-47746,2024-08-19 18:19:11,체인
SPB-67632,2024-08-19 18:19:49,타이어 
SPB-34156,2024-08-19 18:20:35,타이어 
SPB-42201,2024-08-19 18:20:37,기타 
SPB-40390,2024-08-19 18:20:49,체인
SPB-37718,2024-08-19 18:21:02,페달
SPB-57885,2024-08-19 18:21:37,페달
SPB-43079,2024-08-19 18:21:59,안장
SPB-47684,2024-08-19 18:22:07,체인
SPB-39716,2024-08-19 18:22:24,체인
SPB-56576,2024-08-19 18:22:33,타이어 
SPB-66420,2024-08-19 18:22:42,체인
SPB-58452,2024-08-19 18:25:23,기타 
SPB-50772,2024-08-19 18:25:33,페달
SPB-40066,2024-08-19 18:30:07,체인
SPB-57636,2024-08-19 18:30:10,페달
SPB-68803,2024-08-19 18:31:45,안장
SPB-54309,2024-08-19 18:32:30,타이어 
SPB-59680,2024-08-19 18:32:38,기타 
SPB-50390,2024-08-19 18:35:18,타이어 
SPB-46141,2024-08-19 18:37:07,체인
SPB-64043,2024-08-19 18:38:21,타이어 
SPB-60758,2024-08-19 18:38:34,안장
SPB-46244,2024-08-19 18:38:37,안장
SPB-47523,2024-08-19 18:39:18,타이어 
SPB-35030,2024-08-19 18:40:22,기타 
SPB-38175,2024-08-19 18:41:01,체인
SPB-55243,2024-08-19 18:41:11,타이어 
SPB-48087,2024-08-19 18:42:38,기타 
SPB-66086,2024-08-19 18:42:43,타이어 
SPB-69736,2024-08-19 18:43:13,체인
SPB-53819,2024-08-19 18:43:28,페달
SPB-70063,2024-08-19 18:44:04,체인
SPB-44609,2024-08-19 18:44:11,타이어 
SPB-39323,2024-08-19 18:45:52,타이어 
SPB-31281,2024-08-19 18:47:59,페달
SPB-44415,2024-08-19 18:48:10,안장
SPB-69484,2024-08-19 18:52:01,기타 
SPB-63649,2024-08-19 18:52:34,타이어 
SPB-68731,2024-08-19 18:55:45,타이어 
SPB-50240,2024-08-19 18:56:13,타이어 
SPB-40215,2024-08-19 18:56:40,체인
SPB-69297,2024-08-19 18:56:50,안장
SPB-47486,2024-08-19 18:57:48,안장
SPB-67741,2024-08-19 18:58:48,단말기
SPB-61658,2024-08-19 19:03:16,타이어 
SPB-66559,2024-08-19 19:03:16,기타 
SPB-59923,2024-08-19 19:05:29,체인
SPB-48412,2024-08-19 19:06:02,체인
SPB-56883,2024-08-19 19:06:20,기타 
SPB-35066,2024-08-19 19:07:01,체인
SPB-69620,2024-08-19 19:08:13,안장
SPB-59593,2024-08-19 19:08:43,기타 
SPB-58941,2024-08-19 19:08:51,체인
SPB-55139,2024-08-19 19:10:17,체인
SPB-63998,2024-08-19 19:10:25,기타 
SPB-44662,2024-08-19 19:13:32,안장
SPB-60547,2024-08-19 19:13:52,타이어 
SPB-43704,2024-08-19 19:14:08,기타 
SPB-39374,2024-08-19 19:16:13,체인
SPB-58146,2024-08-19 19:18:21,체인
SPB-56080,2024-08-19 19:19:02,기타 
SPB-69542,2024-08-19 19:19:04,타이어 
SPB-69417,2024-08-19 19:21:27,기타 
SPB-69027,2024-08-19 19:21:47,체인
SPB-46231,2024-08-19 19:22:10,안장
SPB-70213,2024-08-19 19:22:53,체인
SPB-35435,2024-08-19 19:23:47,체인
SPB-35058,2024-08-19 19:24:26,체인
SPB-42118,2024-08-19 19:25:31,체인
SPB-48007,2024-08-19 19:25:44,타이어 
SPB-47903,2024-08-19 19:25:47,타이어 
SPB-58602,2024-08-19 19:27:03,기타 
SPB-56996,2024-08-19 19:27:08,안장
SPB-46642,2024-08-19 19:29:24,안장
SPB-44964,2024-08-19 19:29:46,단말기
SPB-64995,2024-08-19 19:29:59,체인
SPB-70300,2024-08-19 19:31:43,타이어 
SPB-67291,2024-08-19 19:31:50,기타 
SPB-47950,2024-08-19 19:32:23,페달
SPB-70314,2024-08-19 19:34:46,체인
SPB-62681,2024-08-19 19:34:53,타이어 
SPB-38359,2024-08-19 19:37:22,체인
SPB-54465,2024-08-19 19:40:31,기타 
SPB-68289,2024-08-19 19:43:02,기타 
SPB-30320,2024-08-19 19:43:35,기타 
SPB-67709,2024-08-19 19:44:08,기타 
SPB-67402,2024-08-19 19:45:38,체인
SPB-48040,2024-08-19 19:47:03,체인
SPB-58843,2024-08-19 19:47:20,기타 
SPB-53610,2024-08-19 19:49:46,페달
SPB-38425,2024-08-19 19:50:28,단말기
SPB-68794,2024-08-19 19:52:17,기타 
SPB-56702,2024-08-19 19:54:18,체인
SPB-63963,2024-08-19 19:57:13,타이어 
SPB-58047,2024-08-19 19:59:20,체인
SPB-47489,2024-08-19 20:00:29,페달
SPB-84659,2024-08-19 20:02:48,타이어 
SPB-55801,2024-08-19 20:03:35,페달
SPB-44600,2024-08-19 20:03:53,안장
SPB-30273,2024-08-19 20:08:00,페달
SPB-37570,2024-08-19 20:10:56,페달
SPB-62981,2024-08-19 20:14:33,기타 
SPB-54068,2024-08-19 20:15:40,기타 
SPB-30672,2024-08-19 20:20:14,페달
SPB-49023,2024-08-19 20:21:40,체인
SPB-54930,2024-08-19 20:22:04,체인
SPB-59967,2024-08-19 20:22:32,페달
SPB-46813,2024-08-19 20:23:31,안장
SPB-69001,2024-08-19 20:24:35,타이어 
SPB-55071,2024-08-19 20:24:56,체인
SPB-30423,2024-08-19 20:30:07,체인
SPB-30902,2024-08-19 20:31:03,안장
SPB-62996,2024-08-19 20:31:28,페달
SPB-48888,2024-08-19 20:32:14,타이어 
SPB-57007,2024-08-19 20:32:32,페달
SPB-50333,2024-08-19 20:36:47,기타 
SPB-52108,2024-08-19 20:37:22,단말기
SPB-70283,2024-08-19 20:37:34,타이어 
SPB-49558,2024-08-19 20:39:34,안장
SPB-31978,2024-08-19 20:40:13,기타 
SPB-30620,2024-08-19 20:42:45,타이어 
SPB-47451,2024-08-19 20:43:33,체인
SPB-53933,2024-08-19 20:49:09,체인
SPB-49323,2024-08-19 20:52:03,타이어 
SPB-45693,2024-08-19 20:52:06,체인
SPB-44154,2024-08-19 20:52:44,타이어 
SPB-52084,2024-08-19 20:53:51,타이어 
SPB-66559,2024-08-19 20:54:19,기타 
SPB-80125,2024-08-19 20:57:54,기타 
SPB-46353,2024-08-19 20:58:43,기타 
SPB-36548,2024-08-19 20:59:02,타이어 
SPB-35615,2024-08-19 21:00:17,체인
SPB-41946,2024-08-19 21:02:43,체인
SPB-50165,2024-08-19 21:02:55,기타 
SPB-64093,2024-08-19 21:04:57,기타 
SPB-36383,2024-08-19 21:07:13,기타 
SPB-31814,2024-08-19 21:08:04,체인
SPB-43669,2024-08-19 21:08:13,기타 
SPB-69779,2024-08-19 21:09:19,체인
SPB-50350,2024-08-19 21:10:09,페달
SPB-64099,2024-08-19 21:10:33,타이어 
SPB-38704,2024-08-19 21:11:19,타이어 
SPB-40484,2024-08-19 21:15:18,체인
SPB-36507,2024-08-19 21:16:21,타이어 
SPB-61280,2024-08-19 21:18:33,체인
SPB-62261,2024-08-19 21:23:19,체인
SPB-41638,2024-08-19 21:24:32,페달
SPB-40974,2024-08-19 21:25:17,안장
SPB-42930,2024-08-19 21:25:53,체인
SPB-67803,2024-08-19 21:30:23,기타 
SPB-55998,2024-08-19 21:32:55,체인
SPB-46310,2024-08-19 21:33:00,체인
SPB-57886,2024-08-19 21:38:05,페달
SPB-32951,2024-08-19 21:43:09,타이어 
SPB-64888,2024-08-19 21:45:47,기타 
SPB-53554,2024-08-19 21:48:31,기타 
SPB-40675,2024-08-19 21:48:45,체인
SPB-55851,2024-08-19 21:49:18,기타 
SPB-41839,2024-08-19 21:49:35,체인
SPB-33585,2024-08-19 21:49:42,타이어 
SPB-62072,2024-08-19 21:51:33,타이어 
SPB-34828,2024-08-19 21:54:39,체인
SPB-65944,2024-08-19 21:56:29,기타 
SPB-32766,2024-08-19 21:56:47,단말기
SPB-60920,2024-08-19 21:58:01,기타 
SPB-35983,2024-08-19 21:58:03,페달
SPB-41391,2024-08-19 22:03:04,체인
SPB-69211,2024-08-19 22:07:40,타이어 
SPB-59266,2024-08-19 22:09:14,페달
SPB-46144,2024-08-19 22:10:20,타이어 
SPB-58812,2024-08-19 22:11:07,페달
SPB-34803,2024-08-19 22:13:03,체인
SPB-55820,2024-08-19 22:13:57,안장
SPB-56280,2024-08-19 22:15:10,타이어 
SPB-53231,2024-08-19 22:16:54,안장
SPB-53402,2024-08-19 22:20:02,타이어 
SPB-39892,2024-08-19 22:20:30,페달
SPB-66488,2024-08-19 22:21:20,타이어 
SPB-58886,2024-08-19 22:22:40,타이어 
SPB-58112,2024-08-19 22:25:01,페달
SPB-36038,2024-08-19 22:32:08,체인
SPB-49030,2024-08-19 22:32:27,기타 
SPB-44249,2024-08-19 22:33:44,체인
SPB-47080,2024-08-19 22:34:15,안장
SPB-41393,2024-08-19 22:34:34,체인
SPB-66177,2024-08-19 22:35:37,기타 
SPB-59691,2024-08-19 22:42:07,단말기
SPB-48893,2024-08-19 22:44:46,페달
SPB-59207,2024-08-19 22:46:09,안장
SPB-61010,2024-08-19 22:47:27,기타 
SPB-46231,2024-08-19 22:47:33,안장
SPB-47980,2024-08-19 22:51:46,체인
SPB-53132,2024-08-19 22:52:22,체인
SPB-47087,2024-08-19 22:54:18,안장
SPB-55334,2024-08-19 23:00:07,타이어 
SPB-66404,2024-08-19 23:03:13,체인
SPB-68709,2024-08-19 23:05:50,체인
SPB-38578,2024-08-19 23:07:44,체인
SPB-45228,2024-08-19 23:09:37,체인
SPB-84721,2024-08-19 23:17:20,타이어 
SPB-47378,2024-08-19 23:28:19,기타 
SPB-30719,2024-08-19 23:28:39,타이어 
SPB-58128,2024-08-19 23:30:30,안장
SPB-43565,2024-08-19 23:31:39,체인
SPB-31091,2024-08-19 23:31:53,타이어 
SPB-48641,2024-08-19 23:32:06,타이어 
SPB-64645,2024-08-19 23:34:21,체인
SPB-42025,2024-08-19 23:37:38,체인
SPB-57945,2024-08-19 23:41:08,타이어 
SPB-40924,2024-08-19 23:41:57,기타 
SPB-38455,2024-08-19 23:49:11,타이어 
SPB-39201,2024-08-19 23:50:35,체인
SPB-66363,2024-08-19 23:51:52,타이어 
SPB-59239,2024-08-19 23:55:26,기타 
SPB-40111,2024-08-20 00:00:07,체인
SPB-58853,2024-08-20 00:14:52,타이어 
SPB-47479,2024-08-20 00:24:59,기타 
SPB-53601,2024-08-20 00:40:21,페달
SPB-34211,2024-08-20 00:43:32,체인
SPB-62958,2024-08-20 00:53:10,체인
SPB-47376,2024-08-20 00:59:50,체인
SPB-60068,2024-08-20 01:00:39,기타 
SPB-68891,2024-08-20 01:01:46,기타 
SPB-84475,2024-08-20 01:01:58,체인
SPB-32110,2024-08-20 01:02:06,기타 
SPB-83917,2024-08-20 01:14:31,페달
SPB-63629,2024-08-20 01:20:04,타이어 
SPB-54773,2024-08-20 01:41:25,타이어 
SPB-46188,2024-08-20 01:44:50,체인
SPB-32186,2024-08-20 01:50:50,페달
SPB-47231,2024-08-20 01:56:45,체인
SPB-52891,2024-08-20 02:09:01,타이어 
SPB-52664,2024-08-20 02:47:18,기타 
SPB-48142,2024-08-20 02:58:36,타이어 
SPB-46537,2024-08-20 02:59:30,타이어 
SPB-52396,2024-08-20 03:50:56,체인
SPB-33674,2024-08-20 03:59:54,체인
SPB-68554,2024-08-20 04:05:56,타이어 
SPB-81672,2024-08-20 04:06:00,타이어 
SPB-30940,2024-08-20 04:38:02,기타 
SPB-37470,2024-08-20 05:56:46,기타 
SPB-69324,2024-08-20 06:21:04,타이어 
SPB-67474,2024-08-20 06:26:01,체인
SPB-33974,2024-08-20 06:42:46,체인
SPB-48337,2024-08-20 06:43:07,기타 
SPB-38519,2024-08-20 06:44:35,안장
SPB-46897,2024-08-20 06:50:10,타이어 
SPB-60293,2024-08-20 06:55:38,안장
SPB-63945,2024-08-20 06:56:38,타이어 
SPB-33820,2024-08-20 06:58:26,타이어 
SPB-34153,2024-08-20 06:59:32,안장
SPB-41310,2024-08-20 07:00:32,안장
SPB-62718,2024-08-20 07:01:01,타이어 
SPB-44407,2024-08-20 07:02:26,체인
SPB-54316,2024-08-20 07:05:29,타이어 
SPB-47431,2024-08-20 07:13:36,타이어 
SPB-48348,2024-08-20 07:14:45,타이어 
SPB-64521,2024-08-20 07:15:27,타이어 
SPB-30191,2024-08-20 07:18:36,타이어 
SPB-51609,2024-08-20 07:21:20,체인
SPB-50097,2024-08-20 07:24:23,타이어 
SPB-55500,2024-08-20 07:24:44,타이어 
SPB-59570,2024-08-20 07:25:44,타이어 
SPB-34430,2024-08-20 07:26:55,체인
SPB-53461,2024-08-20 07:29:55,안장
SPB-65558,2024-08-20 07:29:56,타이어 
SPB-60527,2024-08-20 07:33:01,안장
SPB-48476,2024-08-20 07:33:24,타이어 
SPB-67994,2024-08-20 07:34:20,기타 
SPB-54289,2024-08-20 07:37:45,타이어 
SPB-47622,2024-08-20 07:41:58,타이어 
SPB-68671,2024-08-20 07:45:01,타이어 
SPB-30268,2024-08-20 07:45:40,기타 
SPB-60095,2024-08-20 07:47:45,안장
SPB-67645,2024-08-20 07:48:07,타이어 
SPB-32630,2024-08-20 07:49:17,단말기
SPB-51503,2024-08-20 07:49:46,타이어 
SPB-62206,2024-08-20 07:49:56,타이어 
SPB-66644,2024-08-20 07:50:59,기타 
SPB-39274,2024-08-20 07:51:43,안장
SPB-48961,2024-08-20 07:52:18,체인
SPB-64389,2024-08-20 07:54:40,기타 
SPB-59093,2024-08-20 07:56:47,페달
SPB-66007,2024-08-20 07:57:05,기타 
SPB-60977,2024-08-20 07:59:23,체인
SPB-67949,2024-08-20 07:59:30,기타 
SPB-40383,2024-08-20 07:59:54,단말기
SPB-67412,2024-08-20 08:02:01,체인
SPB-58822,2024-08-20 08:03:16,안장
SPB-41884,2024-08-20 08:03:45,안장
SPB-60525,2024-08-20 08:04:44,기타 
SPB-41439,2024-08-20 08:06:25,체인
SPB-51839,2024-08-20 08:06:42,타이어 
SPB-38645,2024-08-20 08:07:28,체인
SPB-63429,2024-08-20 08:08:00,타이어 
SPB-46862,2024-08-20 08:08:58,체인
SPB-68850,2024-08-20 08:12:13,기타 
SPB-30336,2024-08-20 08:12:27,타이어 
SPB-38078,2024-08-20 08:13:44,안장
SPB-69571,2024-08-20 08:15:25,기타 
SPB-45789,2024-08-20 08:15:26,타이어 
SPB-66955,2024-08-20 08:17:26,안장
SPB-58476,2024-08-20 08:20:05,페달
SPB-33436,2024-08-20 08:20:54,타이어 
SPB-34974,2024-08-20 08:21:32,페달
SPB-52699,2024-08-20 08:21:37,타이어 
SPB-32983,2024-08-20 08:22:23,안장
SPB-53921,2024-08-20 08:24:26,기타 
SPB-61461,2024-08-20 08:25:13,체인
SPB-56783,2024-08-20 08:26:11,타이어 
SPB-47271,2024-08-20 08:26:20,안장
SPB-45190,2024-08-20 08:26:37,타이어 
SPB-45742,2024-08-20 08:28:58,안장
SPB-48735,2024-08-20 08:29:21,기타 
SPB-32758,2024-08-20 08:30:53,기타 
SPB-57670,2024-08-20 08:34:16,단말기
SPB-53448,2024-08-20 08:35:04,페달
SPB-32967,2024-08-20 08:35:43,타이어 
SPB-69431,2024-08-20 08:35:48,단말기
SPB-30115,2024-08-20 08:36:01,타이어 
SPB-48765,2024-08-20 08:37:14,체인
SPB-41391,2024-08-20 08:38:34,체인
SPB-47341,2024-08-20 08:39:29,체인
SPB-45800,2024-08-20 08:39:32,안장
SPB-46543,2024-08-20 08:40:00,타이어 
SPB-39939,2024-08-20 08:40:03,기타 
SPB-40857,2024-08-20 08:40:13,안장
SPB-32965,2024-08-20 08:41:58,타이어 
SPB-55188,2024-08-20 08:42:03,타이어 
SPB-55246,2024-08-20 08:43:14,기타 
SPB-66043,2024-08-20 08:45:07,타이어 
SPB-81917,2024-08-20 08:45:58,페달
SPB-68748,2024-08-20 08:46:31,체인
SPB-47126,2024-08-20 08:46:36,안장
SPB-70120,2024-08-20 08:48:27,체인
SPB-36346,2024-08-20 08:49:38,타이어 
SPB-57792,2024-08-20 08:50:11,타이어 
SPB-65661,2024-08-20 08:51:20,타이어 
SPB-33758,2024-08-20 08:53:05,페달
SPB-40230,2024-08-20 08:53:51,타이어 
SPB-59811,2024-08-20 08:56:43,안장
SPB-39982,2024-08-20 08:57:20,페달
SPB-80129,2024-08-20 08:59:11,타이어 
SPB-43821,2024-08-20 09:00:07,타이어 
SPB-49258,2024-08-20 09:00:54,타이어 
SPB-37844,2024-08-20 09:02:24,타이어 
SPB-39026,2024-08-20 09:04:00,체인
SPB-36912,2024-08-20 09:04:24,기타 
SPB-55960,2024-08-20 09:04:38,기타 
SPB-53898,2024-08-20 09:04:58,타이어 
SPB-60188,2024-08-20 09:08:30,기타 
SPB-66184,2024-08-20 09:09:10,체인
SPB-36020,2024-08-20 09:10:36,안장
SPB-53074,2024-08-20 09:13:44,타이어 
SPB-60034,2024-08-20 09:13:51,타이어 
SPB-38245,2024-08-20 09:15:57,기타 
SPB-56649,2024-08-20 09:17:29,기타 
SPB-35364,2024-08-20 09:17:48,기타 
SPB-34299,2024-08-20 09:18:43,타이어 
SPB-63484,2024-08-20 09:19:08,타이어 
SPB-42550,2024-08-20 09:22:02,안장
SPB-33334,2024-08-20 09:24:29,안장
SPB-40443,2024-08-20 09:24:29,타이어 
SPB-69251,2024-08-20 09:25:26,체인
SPB-57055,2024-08-20 09:27:24,안장
SPB-39294,2024-08-20 09:32:14,체인
SPB-36210,2024-08-20 09:35:27,타이어 
SPB-31704,2024-08-20 09:35:28,페달
SPB-39715,2024-08-20 09:37:29,체인
SPB-57865,2024-08-20 09:37:54,페달
SPB-61081,2024-08-20 09:39:44,타이어 
SPB-58971,2024-08-20 09:41:17,페달
SPB-33763,2024-08-20 09:41:32,타이어 
SPB-69883,2024-08-20 09:42:10,페달
SPB-45290,2024-08-20 09:47:27,페달
SPB-61613,2024-08-20 09:49:30,안장
SPB-56006,2024-08-20 09:55:03,페달
SPB-42125,2024-08-20 09:59:31,타이어 
SPB-48892,2024-08-20 10:01:57,체인
SPB-43170,2024-08-20 10:09:16,단말기
SPB-39887,2024-08-20 10:10:10,체인
SPB-54747,2024-08-20 10:12:42,기타 
SPB-63037,2024-08-20 10:13:18,기타 
SPB-66158,2024-08-20 10:21:05,타이어 
SPB-33119,2024-08-20 10:22:20,체인
SPB-53177,2024-08-20 10:24:17,체인
SPB-48688,2024-08-20 10:24:23,안장
SPB-36391,2024-08-20 10:28:43,안장
SPB-39432,2024-08-20 10:31:11,페달
SPB-39801,2024-08-20 10:31:39,페달
SPB-57212,2024-08-20 10:37:20,체인
SPB-67291,2024-08-20 10:40:20,기타 
SPB-83467,2024-08-20 10:40:39,단말기
SPB-51127,2024-08-20 10:40:43,체인
SPB-55171,2024-08-20 10:43:45,체인
SPB-37605,2024-08-20 10:51:41,안장
SPB-58953,2024-08-20 10:57:10,타이어 
SPB-82974,2024-08-20 10:58:35,타이어 
SPB-62783,2024-08-20 10:58:36,안장
SPB-54965,2024-08-20 10:59:04,타이어 
SPB-39832,2024-08-20 11:01:28,타이어 
SPB-48391,2024-08-20 11:03:28,체인
SPB-48457,2024-08-20 11:14:57,체인
SPB-38954,2024-08-20 11:16:51,타이어 
SPB-69920,2024-08-20 11:17:59,기타 
SPB-64696,2024-08-20 11:21:42,타이어 
SPB-37527,2024-08-20 11:28:25,기타 
SPB-61292,2024-08-20 11:30:51,기타 
SPB-39135,2024-08-20 11:43:34,기타 
SPB-57658,2024-08-20 11:43:43,타이어 
SPB-47005,2024-08-20 11:46:39,체인
SPB-33797,2024-08-20 11:47:07,체인
SPB-44295,2024-08-20 11:55:57,타이어 
SPB-63862,2024-08-20 12:12:26,체인
SPB-68372,2024-08-20 12:13:28,기타 
SPB-43849,2024-08-20 12:19:58,기타 
SPB-67012,2024-08-20 12:34:09,타이어 
SPB-41809,2024-08-20 12:34:38,단말기
SPB-41638,2024-08-20 12:35:04,체인
SPB-35903,2024-08-20 12:35:19,체인
SPB-62119,2024-08-20 12:49:42,타이어 
SPB-30985,2024-08-20 12:50:57,타이어 
SPB-57207,2024-08-20 12:53:39,기타 
SPB-65802,2024-08-20 12:54:55,타이어 
SPB-46787,2024-08-20 12:55:07,안장
SPB-43506,2024-08-20 12:55:44,체인
SPB-38808,2024-08-20 12:58:22,단말기
SPB-59043,2024-08-20 12:58:34,기타 
SPB-30874,2024-08-20 13:01:58,체인
SPB-50926,2024-08-20 13:07:42,안장
SPB-39119,2024-08-20 13:07:52,타이어 
SPB-47341,2024-08-20 13:08:40,체인
SPB-61145,2024-08-20 13:21:21,타이어 
SPB-61889,2024-08-20 13:28:20,안장
SPB-63765,2024-08-20 13:33:01,체인
SPB-60817,2024-08-20 13:33:50,체인
SPB-44584,2024-08-20 13:40:06,페달
SPB-69293,2024-08-20 13:42:36,기타 
SPB-48820,2024-08-20 13:46:08,체인
SPB-50557,2024-08-20 13:48:11,타이어 
SPB-49412,2024-08-20 13:48:11,페달
SPB-52145,2024-08-20 13:48:44,페달
SPB-41806,2024-08-20 13:49:13,체인
SPB-56383,2024-08-20 13:52:06,기타 
SPB-41056,2024-08-20 13:59:14,페달
SPB-54785,2024-08-20 14:01:26,페달
SPB-66997,2024-08-20 14:03:59,단말기
SPB-62200,2024-08-20 14:04:39,체인
SPB-33431,2024-08-20 14:05:15,타이어 
SPB-30817,2024-08-20 14:12:18,기타 
SPB-46517,2024-08-20 14:14:31,체인
SPB-63521,2024-08-20 14:21:11,체인
SPB-65524,2024-08-20 14:29:28,기타 
SPB-33472,2024-08-20 14:40:25,타이어 
SPB-69532,2024-08-20 14:49:16,체인
SPB-45877,2024-08-20 14:58:44,안장
SPB-52346,2024-08-20 14:59:51,기타 
SPB-82882,2024-08-20 15:13:49,기타 
SPB-39317,2024-08-20 15:15:24,안장
SPB-44423,2024-08-20 15:21:55,페달
SPB-61588,2024-08-20 15:24:28,안장
SPB-45442,2024-08-20 15:25:42,기타 
SPB-38796,2024-08-20 15:27:48,페달
SPB-69114,2024-08-20 15:30:39,기타 
SPB-52523,2024-08-20 15:41:12,타이어 
SPB-46972,2024-08-20 15:42:10,안장
SPB-60803,2024-08-20 15:52:27,안장
SPB-52452,2024-08-20 15:52:31,타이어 
SPB-43069,2024-08-20 15:59:59,타이어 
SPB-84595,2024-08-20 16:04:27,단말기
SPB-38840,2024-08-20 16:12:19,단말기
SPB-58085,2024-08-20 16:12:28,체인
SPB-50665,2024-08-20 16:14:57,기타 
SPB-56963,2024-08-20 16:16:29,타이어 
SPB-36346,2024-08-20 16:16:45,타이어 
SPB-42006,2024-08-20 16:21:12,페달
SPB-47720,2024-08-20 16:26:09,체인
SPB-57961,2024-08-20 16:27:02,체인
SPB-31320,2024-08-20 16:28:28,기타 
SPB-67893,2024-08-20 16:33:20,기타 
SPB-63743,2024-08-20 16:38:05,체인
SPB-57492,2024-08-20 16:49:39,체인
SPB-60724,2024-08-20 16:51:56,페달
SPB-37803,2024-08-20 16:52:33,안장
SPB-67808,2024-08-20 16:53:45,기타 
SPB-56804,2024-08-20 16:54:52,기타 
SPB-47888,2024-08-20 16:55:10,기타 
SPB-41923,2024-08-20 17:01:05,안장
SPB-33849,2024-08-20 17:08:46,안장
SPB-44673,2024-08-20 17:11:34,기타 
SPB-48147,2024-08-20 17:11:35,기타 
SPB-51484,2024-08-20 17:11:52,타이어 
SPB-46654,2024-08-20 17:13:53,타이어 
SPB-64391,2024-08-20 17:18:42,체인
SPB-69466,2024-08-20 17:22:36,기타 
SPB-65723,2024-08-20 17:30:50,타이어 
SPB-31450,2024-08-20 17:33:12,안장
SPB-38942,2024-08-20 17:33:40,체인
SPB-35208,2024-08-20 17:34:57,안장
SPB-49007,2024-08-20 17:36:15,단말기
SPB-32777,2024-08-20 17:36:31,타이어 
SPB-41660,2024-08-20 17:37:21,안장
SPB-64705,2024-08-20 17:38:23,체인
SPB-51519,2024-08-20 17:38:35,페달
SPB-56334,2024-08-20 17:39:17,페달
SPB-66046,2024-08-20 17:42:19,체인
SPB-47116,2024-08-20 17:42:50,체인
SPB-36792,2024-08-20 17:43:44,체인
SPB-39189,2024-08-20 17:44:12,안장
SPB-45827,2024-08-20 17:45:54,타이어 
SPB-39681,2024-08-20 17:47:17,기타 
SPB-66594,2024-08-20 17:47:36,단말기
SPB-38355,2024-08-20 17:53:56,타이어 
SPB-52432,2024-08-20 17:54:12,타이어 
SPB-69327,2024-08-20 17:55:03,기타 
SPB-53241,2024-08-20 17:55:36,타이어 
SPB-38453,2024-08-20 17:56:42,체인
SPB-63889,2024-08-20 17:58:00,기타 
SPB-31493,2024-08-20 17:58:04,타이어 
SPB-40814,2024-08-20 17:58:32,기타 
SPB-68325,2024-08-20 17:59:01,기타 
SPB-51953,2024-08-20 17:59:03,안장
SPB-64487,2024-08-20 17:59:28,체인
SPB-53299,2024-08-20 17:59:30,타이어 
SPB-43538,2024-08-20 18:01:14,기타 
SPB-70308,2024-08-20 18:02:31,단말기
SPB-66693,2024-08-20 18:05:32,단말기
SPB-65593,2024-08-20 18:08:04,체인
SPB-50210,2024-08-20 18:08:24,타이어 
SPB-66540,2024-08-20 18:08:29,기타 
SPB-69367,2024-08-20 18:08:45,체인
SPB-64490,2024-08-20 18:09:30,타이어 
SPB-57374,2024-08-20 18:12:23,안장
SPB-54801,2024-08-20 18:12:39,페달
SPB-54953,2024-08-20 18:14:40,체인
SPB-39294,2024-08-20 18:14:56,체인
SPB-54258,2024-08-20 18:16:40,단말기
SPB-67168,2024-08-20 18:18:07,안장
SPB-68145,2024-08-20 18:19:18,기타 
SPB-43451,2024-08-20 18:20:29,체인
SPB-46530,2024-08-20 18:20:38,타이어 
SPB-45895,2024-08-20 18:22:25,체인
SPB-47326,2024-08-20 18:25:00,페달
SPB-40809,2024-08-20 18:26:06,체인
SPB-45033,2024-08-20 18:30:54,안장
SPB-34934,2024-08-20 18:31:25,단말기
SPB-39586,2024-08-20 18:31:31,안장
SPB-63395,2024-08-20 18:32:32,타이어 
SPB-63253,2024-08-20 18:32:39,타이어 
SPB-48655,2024-08-20 18:33:04,체인
SPB-84818,2024-08-20 18:33:10,타이어 
SPB-80649,2024-08-20 18:33:16,타이어 
SPB-46476,2024-08-20 18:33:53,체인
SPB-47707,2024-08-20 18:34:01,타이어 
SPB-44584,2024-08-20 18:34:37,체인
SPB-52319,2024-08-20 18:34:52,체인
SPB-57044,2024-08-20 18:35:09,안장
SPB-81830,2024-08-20 18:35:28,단말기
SPB-47502,2024-08-20 18:35:28,타이어 
SPB-33692,2024-08-20 18:35:57,안장
SPB-66629,2024-08-20 18:36:06,기타 
SPB-34285,2024-08-20 18:37:07,페달
SPB-65470,2024-08-20 18:37:38,단말기
SPB-54032,2024-08-20 18:37:40,체인
SPB-39511,2024-08-20 18:37:52,안장
SPB-37117,2024-08-20 18:38:06,페달
SPB-68771,2024-08-20 18:40:00,타이어 
SPB-43696,2024-08-20 18:40:52,타이어 
SPB-65412,2024-08-20 18:41:46,기타 
SPB-51206,2024-08-20 18:42:06,페달
SPB-43558,2024-08-20 18:42:10,체인
SPB-42987,2024-08-20 18:42:11,체인
SPB-55239,2024-08-20 18:42:17,타이어 
SPB-66231,2024-08-20 18:42:23,단말기
SPB-67441,2024-08-20 18:42:53,타이어 
SPB-67121,2024-08-20 18:43:41,체인
SPB-39260,2024-08-20 18:44:46,체인
SPB-30931,2024-08-20 18:45:21,타이어 
SPB-41174,2024-08-20 18:47:40,체인
SPB-59140,2024-08-20 18:49:21,타이어 
SPB-64585,2024-08-20 18:49:48,타이어 
SPB-61401,2024-08-20 18:50:07,체인
SPB-39620,2024-08-20 18:52:26,타이어 
SPB-41012,2024-08-20 18:52:43,안장
SPB-34164,2024-08-20 18:54:45,페달
SPB-67179,2024-08-20 18:57:40,기타 
SPB-65636,2024-08-20 18:57:56,기타 
SPB-35225,2024-08-20 18:58:19,체인
SPB-52116,2024-08-20 18:58:24,체인
SPB-52661,2024-08-20 18:58:28,타이어 
SPB-69565,2024-08-20 19:05:29,체인
SPB-52692,2024-08-20 19:06:19,체인
SPB-54341,2024-08-20 19:06:32,기타 
SPB-54944,2024-08-20 19:06:41,타이어 
SPB-56767,2024-08-20 19:07:05,기타 
SPB-34761,2024-08-20 19:08:02,체인
SPB-59142,2024-08-20 19:08:16,기타 
SPB-33878,2024-08-20 19:09:14,체인
SPB-56073,2024-08-20 19:09:36,타이어 
SPB-34111,2024-08-20 19:09:37,타이어 
SPB-62070,2024-08-20 19:10:46,체인
SPB-48173,2024-08-20 19:11:17,단말기
SPB-36385,2024-08-20 19:13:37,타이어 
SPB-58119,2024-08-20 19:14:03,기타 
SPB-61465,2024-08-20 19:14:56,체인
SPB-56607,2024-08-20 19:14:56,체인
SPB-39031,2024-08-20 19:16:32,안장
SPB-67234,2024-08-20 19:16:47,타이어 
SPB-54785,2024-08-20 19:17:39,페달
SPB-43480,2024-08-20 19:19:43,기타 
SPB-42515,2024-08-20 19:21:37,단말기
SPB-34820,2024-08-20 19:22:55,타이어 
SPB-47435,2024-08-20 19:23:57,기타 
SPB-64462,2024-08-20 19:24:53,타이어 
SPB-69500,2024-08-20 19:26:32,안장
SPB-34856,2024-08-20 19:27:37,체인
SPB-44120,2024-08-20 19:29:58,안장
SPB-62124,2024-08-20 19:32:24,타이어 
SPB-54537,2024-08-20 19:33:05,기타 
SPB-55820,2024-08-20 19:33:31,안장
SPB-67975,2024-08-20 19:34:04,기타 
SPB-34488,2024-08-20 19:34:19,기타 
SPB-66507,2024-08-20 19:35:17,단말기
SPB-53657,2024-08-20 19:40:55,페달
SPB-69635,2024-08-20 19:41:23,페달
SPB-66656,2024-08-20 19:43:35,타이어 
SPB-46676,2024-08-20 19:56:51,타이어 
SPB-55750,2024-08-20 19:57:32,기타 
SPB-43944,2024-08-20 19:57:54,안장
SPB-45724,2024-08-20 19:59:59,안장
SPB-31081,2024-08-20 20:00:14,페달
SPB-39807,2024-08-20 20:00:54,기타 
SPB-69014,2024-08-20 20:00:57,타이어 
SPB-48277,2024-08-20 20:02:02,기타 
SPB-34805,2024-08-20 20:03:09,안장
SPB-65380,2024-08-20 20:04:52,타이어 
SPB-62450,2024-08-20 20:05:29,안장
SPB-37329,2024-08-20 20:05:52,타이어 
SPB-56756,2024-08-20 20:08:22,기타 
SPB-53246,2024-08-20 20:10:11,단말기
SPB-52808,2024-08-20 20:10:50,타이어 
SPB-40350,2024-08-20 20:12:38,기타 
SPB-42196,2024-08-20 20:13:51,페달
SPB-65476,2024-08-20 20:14:36,체인
SPB-53110,2024-08-20 20:15:05,체인
SPB-52352,2024-08-20 20:15:06,안장
SPB-60942,2024-08-20 20:16:40,안장
SPB-57682,2024-08-20 20:19:27,체인
SPB-70045,2024-08-20 20:22:44,체인
SPB-41854,2024-08-20 20:23:16,체인
SPB-63277,2024-08-20 20:27:12,기타 
SPB-63024,2024-08-20 20:27:34,단말기
SPB-58274,2024-08-20 20:28:52,타이어 
SPB-69769,2024-08-20 20:29:30,체인
SPB-66241,2024-08-20 20:31:48,타이어 
SPB-58253,2024-08-20 20:32:38,페달
SPB-35300,2024-08-20 20:37:22,체인
SPB-37010,2024-08-20 20:39:42,체인
SPB-58708,2024-08-20 20:42:57,기타 
SPB-53029,2024-08-20 20:43:04,안장
SPB-61728,2024-08-20 20:44:21,기타 
SPB-45816,2024-08-20 20:45:10,기타 
SPB-57022,2024-08-20 20:45:28,체인
SPB-59065,2024-08-20 20:45:49,페달
SPB-56904,2024-08-20 20:49:26,타이어 
SPB-57034,2024-08-20 20:52:26,안장
SPB-56454,2024-08-20 20:53:19,페달
SPB-65148,2024-08-20 20:56:56,기타 
SPB-42011,2024-08-20 20:58:13,타이어 
SPB-57153,2024-08-20 21:05:36,단말기
SPB-36121,2024-08-20 21:10:37,체인
SPB-55179,2024-08-20 21:11:58,기타 
SPB-39290,2024-08-20 21:12:44,안장
SPB-67574,2024-08-20 21:15:16,기타 
SPB-62970,2024-08-20 21:18:34,안장
SPB-68381,2024-08-20 21:20:26,기타 
SPB-39368,2024-08-20 21:21:11,안장
SPB-67144,2024-08-20 21:22:15,기타 
SPB-64379,2024-08-20 21:22:24,기타 
SPB-66527,2024-08-20 21:22:44,체인
SPB-43797,2024-08-20 21:23:06,체인
SPB-31042,2024-08-20 21:23:41,기타 
SPB-82170,2024-08-20 21:25:49,기타 
SPB-68139,2024-08-20 21:28:46,타이어 
SPB-34730,2024-08-20 21:30:58,안장
SPB-62887,2024-08-20 21:31:02,체인
SPB-57417,2024-08-20 21:32:15,안장
SPB-55689,2024-08-20 21:36:38,타이어 
SPB-48655,2024-08-20 21:37:18,페달
SPB-30106,2024-08-20 21:40:01,타이어 
SPB-52760,2024-08-20 21:40:17,기타 
SPB-58125,2024-08-20 21:40:56,기타 
SPB-42218,2024-08-20 21:42:26,타이어 
SPB-53514,2024-08-20 21:43:49,기타 
SPB-46022,2024-08-20 21:47:01,기타 
SPB-50499,2024-08-20 21:51:37,페달
SPB-68045,2024-08-20 21:52:16,기타 
SPB-68830,2024-08-20 21:55:36,페달
SPB-48022,2024-08-20 22:02:27,기타 
SPB-80613,2024-08-20 22:04:25,안장
SPB-64831,2024-08-20 22:06:35,안장
SPB-47063,2024-08-20 22:06:47,기타 
SPB-59538,2024-08-20 22:07:47,페달
SPB-84815,2024-08-20 22:13:30,타이어 
SPB-45955,2024-08-20 22:16:30,체인
SPB-55932,2024-08-20 22:17:07,타이어 
SPB-34905,2024-08-20 22:18:01,페달
SPB-51274,2024-08-20 22:21:10,타이어 
SPB-46803,2024-08-20 22:21:28,기타 
SPB-51039,2024-08-20 22:22:01,페달
SPB-48125,2024-08-20 22:22:01,타이어 
SPB-51947,2024-08-20 22:22:02,기타 
SPB-40668,2024-08-20 22:22:51,안장
SPB-68717,2024-08-20 22:26:16,타이어 
SPB-63488,2024-08-20 22:29:24,기타 
SPB-49151,2024-08-20 22:29:35,타이어 
SPB-45767,2024-08-20 22:30:35,기타 
SPB-51104,2024-08-20 22:35:19,안장
SPB-54953,2024-08-20 22:35:44,타이어 
SPB-44115,2024-08-20 22:39:37,타이어 
SPB-43935,2024-08-20 22:43:56,체인
SPB-45787,2024-08-20 22:50:31,타이어 
SPB-65483,2024-08-20 22:50:51,타이어 
SPB-38504,2024-08-20 22:51:42,체인
SPB-48669,2024-08-20 22:54:38,타이어 
SPB-56221,2024-08-20 22:56:13,체인
SPB-62473,2024-08-20 22:57:51,기타 
SPB-56695,2024-08-20 23:00:46,기타 
SPB-39698,2024-08-20 23:16:47,페달
SPB-61886,2024-08-20 23:23:17,페달
SPB-51604,2024-08-20 23:23:20,기타 
SPB-32639,2024-08-20 23:26:46,기타 
SPB-56700,2024-08-20 23:27:17,타이어 
SPB-36491,2024-08-20 23:28:13,기타 
SPB-43391,2024-08-20 23:48:03,타이어 
SPB-55136,2024-08-20 23:53:11,타이어 
SPB-30896,2024-08-20 23:59:25,기타 
SPB-60153,2024-08-21 00:06:37,기타 
SPB-31281,2024-08-21 00:06:54,페달
SPB-38355,2024-08-21 00:07:35,기타 
SPB-69981,2024-08-21 00:09:06,체인
SPB-58026,2024-08-21 00:15:30,타이어 
SPB-44702,2024-08-21 00:22:17,단말기
SPB-49201,2024-08-21 00:27:24,타이어 
SPB-35699,2024-08-21 00:31:30,체인
SPB-52887,2024-08-21 00:35:24,타이어 
SPB-48682,2024-08-21 00:49:06,타이어 
SPB-63724,2024-08-21 00:53:16,타이어 
SPB-61613,2024-08-21 01:01:07,안장
SPB-44517,2024-08-21 01:03:08,체인
SPB-38491,2024-08-21 01:04:23,체인
SPB-62856,2024-08-21 01:16:54,단말기
SPB-60255,2024-08-21 04:40:18,타이어 
SPB-52846,2024-08-21 05:29:43,타이어 
SPB-54093,2024-08-21 05:37:52,체인
SPB-65886,2024-08-21 08:15:46,안장
SPB-65817,2024-08-21 10:59:31,타이어 
SPB-43508,2024-08-21 10:59:51,타이어 
SPB-55612,2024-08-21 11:04:50,안장
SPB-38890,2024-08-21 11:08:56,기타 
SPB-46069,2024-08-21 11:26:06,체인
SPB-51793,2024-08-21 11:37:55,기타 
SPB-37079,2024-08-21 11:39:20,체인
SPB-40092,2024-08-21 12:05:38,안장
SPB-53701,2024-08-21 12:46:30,페달
SPB-69462,2024-08-21 12:59:41,안장
SPB-40034,2024-08-21 13:09:03,타이어 
SPB-68610,2024-08-21 13:17:27,페달
SPB-32719,2024-08-21 13:27:27,페달
SPB-54241,2024-08-21 13:29:37,안장
SPB-30836,2024-08-21 13:32:38,타이어 
SPB-54522,2024-08-21 13:37:54,타이어 
SPB-32303,2024-08-21 13:43:12,체인
SPB-53494,2024-08-21 13:45:30,기타 
SPB-53666,2024-08-21 13:55:13,타이어 
SPB-38258,2024-08-21 14:07:58,단말기
SPB-33477,2024-08-21 14:08:13,타이어 
SPB-54919,2024-08-21 14:44:17,기타 
SPB-45776,2024-08-21 14:47:25,안장
SPB-69861,2024-08-21 14:50:20,타이어 
SPB-62329,2024-08-21 15:08:23,타이어 
SPB-41513,2024-08-21 15:15:02,체인
SPB-43239,2024-08-21 15:19:46,타이어 
SPB-60139,2024-08-21 15:21:44,타이어 
SPB-57525,2024-08-21 15:23:14,페달
SPB-64590,2024-08-21 15:26:57,체인
SPB-38310,2024-08-21 15:28:29,체인
SPB-66138,2024-08-21 15:39:11,안장
SPB-61084,2024-08-21 15:41:59,기타 
SPB-66300,2024-08-21 15:42:26,체인
SPB-48146,2024-08-21 15:48:34,안장
SPB-38534,2024-08-21 15:49:46,기타 
SPB-52403,2024-08-21 15:56:34,단말기
SPB-54528,2024-08-21 16:17:45,타이어 
SPB-59729,2024-08-21 16:22:51,안장
SPB-43569,2024-08-21 16:47:44,안장
SPB-50781,2024-08-21 16:54:58,페달
SPB-60173,2024-08-21 16:57:31,타이어 
SPB-31240,2024-08-21 16:58:13,안장
SPB-32709,2024-08-21 16:59:33,페달
SPB-53724,2024-08-21 17:02:19,타이어 
SPB-54846,2024-08-21 17:03:09,타이어 
SPB-61720,2024-08-21 17:06:12,안장
SPB-35007,2024-08-21 17:09:04,타이어 
SPB-60420,2024-08-21 17:10:08,타이어 
SPB-39477,2024-08-21 17:10:17,타이어 
SPB-68057,2024-08-21 17:13:31,체인
SPB-66649,2024-08-21 17:14:20,타이어 
SPB-32839,2024-08-21 17:14:31,타이어 
SPB-69027,2024-08-21 17:22:34,타이어 
SPB-67158,2024-08-21 17:26:53,타이어 
SPB-50616,2024-08-21 17:27:10,단말기
SPB-54681,2024-08-21 17:35:26,기타 
SPB-42544,2024-08-21 17:37:51,기타 
SPB-47717,2024-08-21 17:38:43,기타 
SPB-67292,2024-08-21 17:40:05,안장
SPB-66515,2024-08-21 17:40:32,단말기
SPB-44613,2024-08-21 17:40:35,단말기
SPB-34569,2024-08-21 17:41:27,체인
SPB-38577,2024-08-21 17:45:32,안장
SPB-54901,2024-08-21 17:51:56,기타 
SPB-36099,2024-08-21 17:52:21,안장
SPB-54953,2024-08-21 17:53:37,타이어 
SPB-42987,2024-08-21 17:53:43,타이어 
SPB-66231,2024-08-21 17:53:52,타이어 
SPB-53492,2024-08-21 18:00:18,타이어 
SPB-35321,2024-08-21 18:01:08,안장
SPB-62589,2024-08-21 18:06:08,체인
SPB-36598,2024-08-21 18:06:17,페달
SPB-55471,2024-08-21 18:08:32,타이어 
SPB-39126,2024-08-21 18:08:34,타이어 
SPB-45775,2024-08-21 18:08:54,타이어 
SPB-62074,2024-08-21 18:09:45,기타 
SPB-51162,2024-08-21 18:11:09,단말기
SPB-43768,2024-08-21 18:12:03,체인
SPB-41817,2024-08-21 18:12:14,기타 
SPB-47795,2024-08-21 18:12:59,타이어 
SPB-61458,2024-08-21 18:13:16,타이어 
SPB-42487,2024-08-21 18:14:16,페달
SPB-34298,2024-08-21 18:15:19,타이어 
SPB-67343,2024-08-21 18:15:40,안장
SPB-41836,2024-08-21 18:15:42,체인
SPB-38766,2024-08-21 18:15:44,안장
SPB-61208,2024-08-21 18:16:02,체인
SPB-63464,2024-08-21 18:16:09,타이어 
SPB-69075,2024-08-21 18:16:57,기타 
SPB-65878,2024-08-21 18:17:02,타이어 
SPB-48695,2024-08-21 18:17:42,타이어 
SPB-62027,2024-08-21 18:19:44,타이어 
SPB-36888,2024-08-21 18:21:35,타이어 
SPB-51219,2024-08-21 18:21:51,체인
SPB-46334,2024-08-21 18:22:03,기타 
SPB-38931,2024-08-21 18:22:10,체인
SPB-37784,2024-08-21 18:25:18,페달
SPB-69781,2024-08-21 18:29:04,타이어 
SPB-38885,2024-08-21 18:29:54,체인
SPB-60422,2024-08-21 18:29:59,타이어 
SPB-42020,2024-08-21 18:32:39,안장
SPB-58146,2024-08-21 18:34:56,페달
SPB-40186,2024-08-21 18:37:28,체인
SPB-83985,2024-08-21 18:38:15,타이어 
SPB-52440,2024-08-21 18:39:28,체인
SPB-30185,2024-08-21 18:41:26,단말기
SPB-51426,2024-08-21 18:41:57,체인
SPB-37375,2024-08-21 18:42:55,타이어 
SPB-45908,2024-08-21 18:42:59,체인
SPB-34238,2024-08-21 18:44:56,기타 
SPB-40724,2024-08-21 18:45:36,안장
SPB-57740,2024-08-21 18:48:55,체인
SPB-46913,2024-08-21 18:49:36,타이어 
SPB-48628,2024-08-21 18:50:42,체인
SPB-32130,2024-08-21 18:51:00,안장
SPB-33770,2024-08-21 18:51:05,페달
SPB-47268,2024-08-21 18:53:40,안장
SPB-61094,2024-08-21 18:55:36,타이어 
SPB-49199,2024-08-21 19:00:28,타이어 
SPB-35178,2024-08-21 19:00:32,기타 
SPB-48729,2024-08-21 19:00:35,타이어 
SPB-65672,2024-08-21 19:00:44,기타 
SPB-51227,2024-08-21 19:02:22,페달
SPB-65500,2024-08-21 19:05:27,안장
SPB-53879,2024-08-21 19:06:13,타이어 
SPB-53749,2024-08-21 19:09:08,타이어 
SPB-49268,2024-08-21 19:13:02,기타 
SPB-56279,2024-08-21 19:14:15,타이어 
SPB-57308,2024-08-21 19:14:50,안장
SPB-54674,2024-08-21 19:17:18,페달
SPB-63322,2024-08-21 19:18:33,타이어 
SPB-40718,2024-08-21 19:19:49,안장
SPB-61245,2024-08-21 19:27:20,타이어 
SPB-59131,2024-08-21 19:27:51,타이어 
SPB-44029,2024-08-21 19:34:24,타이어 
SPB-53637,2024-08-21 19:34:49,안장
SPB-36545,2024-08-21 19:40:51,기타 
SPB-59877,2024-08-21 19:45:50,타이어 
SPB-30759,2024-08-21 19:51:04,체인
SPB-51443,2024-08-21 19:51:52,기타 
SPB-50732,2024-08-21 19:52:10,타이어 
SPB-61543,2024-08-21 19:53:54,타이어 
SPB-47700,2024-08-21 19:54:51,페달
SPB-42817,2024-08-21 19:54:55,안장
SPB-66581,2024-08-21 19:54:57,타이어 
SPB-50957,2024-08-21 19:55:26,타이어 
SPB-41960,2024-08-21 19:59:44,안장
SPB-35316,2024-08-21 20:00:01,페달
SPB-47435,2024-08-21 20:00:40,기타 
SPB-59834,2024-08-21 20:03:58,단말기
SPB-42973,2024-08-21 20:12:19,기타 
SPB-67109,2024-08-21 20:12:21,타이어 
SPB-31847,2024-08-21 20:16:54,체인
SPB-60936,2024-08-21 20:18:02,기타 
SPB-57404,2024-08-21 20:19:49,타이어 
SPB-32443,2024-08-21 20:23:18,타이어 
SPB-62565,2024-08-21 20:27:41,기타 
SPB-52923,2024-08-21 20:46:19,페달
SPB-51761,2024-08-21 20:46:21,타이어 
SPB-53845,2024-08-21 21:02:19,타이어 
SPB-34421,2024-08-21 21:04:20,타이어 
SPB-32025,2024-08-21 21:19:40,기타 
SPB-70493,2024-08-21 21:19:59,안장
SPB-42523,2024-08-21 21:25:04,타이어 
SPB-41236,2024-08-21 21:25:38,기타 
SPB-33555,2024-08-21 21:29:12,체인
SPB-48287,2024-08-21 21:31:54,기타 
SPB-61382,2024-08-21 21:32:13,페달
SPB-50866,2024-08-21 21:34:55,체인
SPB-62921,2024-08-21 21:37:46,페달
SPB-41397,2024-08-21 21:41:56,안장
SPB-50122,2024-08-21 21:46:57,기타 
SPB-50756,2024-08-21 21:47:26,체인
SPB-51455,2024-08-21 21:50:23,안장
SPB-69638,2024-08-21 22:01:45,기타 
SPB-30024,2024-08-21 22:04:15,타이어 
SPB-66573,2024-08-21 22:06:44,타이어 
SPB-55796,2024-08-21 22:07:00,타이어 
SPB-46572,2024-08-21 22:07:29,안장
SPB-39900,2024-08-21 22:08:49,안장
SPB-39286,2024-08-21 22:13:38,안장
SPB-67096,2024-08-21 22:20:39,체인
SPB-31534,2024-08-21 22:26:22,페달
SPB-34972,2024-08-21 22:26:25,페달
SPB-37720,2024-08-21 22:27:20,체인
SPB-48158,2024-08-21 22:27:30,안장
SPB-51381,2024-08-21 22:30:08,페달
SPB-48713,2024-08-21 22:31:11,기타 
SPB-69347,2024-08-21 22:32:33,기타 
SPB-47926,2024-08-21 22:39:12,단말기
SPB-65593,2024-08-21 22:39:39,체인
SPB-30320,2024-08-21 22:41:57,체인
SPB-57652,2024-08-21 22:51:51,기타 
SPB-65100,2024-08-21 22:52:08,단말기
SPB-69064,2024-08-21 22:52:32,기타 
SPB-55552,2024-08-21 22:57:03,안장
SPB-53326,2024-08-21 22:58:27,기타 
SPB-38427,2024-08-21 23:15:06,체인
SPB-43360,2024-08-21 23:33:39,기타 
SPB-42790,2024-08-21 23:42:11,페달
SPB-54088,2024-08-21 23:47:27,체인
SPB-40561,2024-08-21 23:51:44,체인
SPB-80288,2024-08-22 00:07:37,타이어 
SPB-56006,2024-08-22 00:16:18,체인
SPB-52943,2024-08-22 00:22:39,기타 
SPB-56856,2024-08-22 00:45:34,기타 
SPB-48261,2024-08-22 00:53:28,타이어 
SPB-66081,2024-08-22 01:03:44,체인
SPB-50490,2024-08-22 01:04:27,체인
SPB-36129,2024-08-22 01:22:42,체인
SPB-39438,2024-08-22 01:23:20,안장
SPB-58506,2024-08-22 01:24:25,기타 
SPB-51141,2024-08-22 01:46:04,단말기
SPB-35342,2024-08-22 03:03:46,체인
SPB-37808,2024-08-22 03:08:40,체인
SPB-39655,2024-08-22 03:31:43,타이어 
SPB-50949,2024-08-22 03:34:06,타이어 
SPB-53181,2024-08-22 04:04:03,기타 
SPB-60828,2024-08-22 04:07:24,체인
SPB-43822,2024-08-22 04:18:39,페달
SPB-41476,2024-08-22 05:08:40,체인
SPB-33471,2024-08-22 05:21:33,타이어 
SPB-64091,2024-08-22 05:38:55,페달
SPB-66771,2024-08-22 06:12:11,기타 
SPB-32986,2024-08-22 06:12:44,타이어 
SPB-49193,2024-08-22 06:20:50,페달
SPB-67234,2024-08-22 06:23:38,타이어 
SPB-52083,2024-08-22 06:27:59,기타 
SPB-61638,2024-08-22 06:32:09,타이어 
SPB-44584,2024-08-22 06:35:19,체인
SPB-69915,2024-08-22 06:37:34,체인
SPB-36570,2024-08-22 06:49:27,기타 
SPB-62126,2024-08-22 06:52:09,체인
SPB-45968,2024-08-22 06:52:23,안장
SPB-66235,2024-08-22 06:58:20,기타 
SPB-56607,2024-08-22 07:00:10,타이어 
SPB-46674,2024-08-22 07:01:04,체인
SPB-82472,2024-08-22 07:08:50,안장
SPB-57890,2024-08-22 07:16:57,기타 
SPB-63210,2024-08-22 07:22:56,타이어 
SPB-41739,2024-08-22 07:28:08,기타 
SPB-41289,2024-08-22 07:32:34,타이어 
SPB-67473,2024-08-22 07:37:26,기타 
SPB-43580,2024-08-22 07:37:27,단말기
SPB-69505,2024-08-22 07:41:56,체인
SPB-53490,2024-08-22 07:42:11,기타 
SPB-40691,2024-08-22 07:45:12,기타 
SPB-48695,2024-08-22 07:45:48,타이어 
SPB-59518,2024-08-22 07:47:24,타이어 
SPB-41838,2024-08-22 07:51:27,안장
SPB-51652,2024-08-22 07:52:47,타이어 
SPB-56177,2024-08-22 07:53:08,기타 
SPB-49322,2024-08-22 07:53:09,타이어 
SPB-30759,2024-08-22 07:55:06,체인
SPB-59081,2024-08-22 07:56:06,단말기
SPB-55403,2024-08-22 07:57:58,기타 
SPB-59571,2024-08-22 07:57:58,안장
SPB-44078,2024-08-22 07:59:43,체인
SPB-58243,2024-08-22 07:59:45,타이어 
SPB-59538,2024-08-22 08:01:23,페달
SPB-30070,2024-08-22 08:05:14,단말기
SPB-50500,2024-08-22 08:07:25,타이어 
SPB-45494,2024-08-22 08:08:14,타이어 
SPB-49127,2024-08-22 08:09:09,체인
SPB-43552,2024-08-22 08:09:23,체인
SPB-50838,2024-08-22 08:10:40,페달
SPB-36150,2024-08-22 08:11:34,안장
SPB-50525,2024-08-22 08:12:53,타이어 
SPB-62871,2024-08-22 08:14:04,타이어 
SPB-32483,2024-08-22 08:14:20,기타 
SPB-64261,2024-08-22 08:15:11,기타 
SPB-57593,2024-08-22 08:15:35,페달
SPB-35901,2024-08-22 08:17:58,체인
SPB-84645,2024-08-22 08:18:10,단말기
SPB-30543,2024-08-22 08:18:50,타이어 
SPB-40817,2024-08-22 08:21:13,안장
SPB-60977,2024-08-22 08:21:33,체인
SPB-40387,2024-08-22 08:22:24,기타 
SPB-54099,2024-08-22 08:22:55,안장
SPB-42616,2024-08-22 08:23:45,체인
SPB-58271,2024-08-22 08:26:31,안장
SPB-81503,2024-08-22 08:30:04,체인
SPB-32236,2024-08-22 08:31:39,기타 
SPB-40050,2024-08-22 08:31:43,기타 
SPB-39562,2024-08-22 08:34:22,기타 
SPB-56491,2024-08-22 08:34:25,타이어 
SPB-67224,2024-08-22 08:34:32,안장
SPB-60957,2024-08-22 08:34:50,체인
SPB-67821,2024-08-22 08:36:32,기타 
SPB-53675,2024-08-22 08:37:16,기타 
SPB-48414,2024-08-22 08:38:01,단말기
SPB-36415,2024-08-22 08:38:26,기타 
SPB-59065,2024-08-22 08:38:52,체인
SPB-58286,2024-08-22 08:39:52,페달
SPB-45274,2024-08-22 08:40:06,안장
SPB-50536,2024-08-22 08:41:37,페달
SPB-37210,2024-08-22 08:42:29,안장
SPB-63777,2024-08-22 08:43:39,타이어 
SPB-67642,2024-08-22 08:44:31,타이어 
SPB-36192,2024-08-22 08:44:33,기타 
SPB-59614,2024-08-22 08:45:36,페달
SPB-48056,2024-08-22 08:45:59,안장
SPB-44902,2024-08-22 08:46:24,체인
SPB-31460,2024-08-22 08:48:56,페달
SPB-57811,2024-08-22 08:51:15,타이어 
SPB-37099,2024-08-22 08:51:47,체인
SPB-52271,2024-08-22 08:51:52,페달
SPB-39460,2024-08-22 08:53:50,기타 
SPB-56257,2024-08-22 08:54:45,기타 
SPB-58769,2024-08-22 08:57:26,기타 
SPB-49096,2024-08-22 09:01:30,타이어 
SPB-52240,2024-08-22 09:02:06,기타 
SPB-47377,2024-08-22 09:04:18,안장
SPB-33939,2024-08-22 09:09:29,기타 
SPB-60223,2024-08-22 09:09:31,기타 
SPB-68405,2024-08-22 09:10:33,타이어 
SPB-61192,2024-08-22 09:13:58,기타 
SPB-61950,2024-08-22 09:14:38,타이어 
SPB-57959,2024-08-22 09:16:45,기타 
SPB-65996,2024-08-22 09:29:13,타이어 
SPB-39768,2024-08-22 09:42:59,체인
SPB-66493,2024-08-22 09:44:06,기타 
SPB-43457,2024-08-22 09:45:13,기타 
SPB-30234,2024-08-22 09:47:47,페달
SPB-69044,2024-08-22 09:55:18,타이어 
SPB-42300,2024-08-22 09:56:38,기타 
SPB-81642,2024-08-22 09:58:00,타이어 
SPB-45661,2024-08-22 09:58:17,안장
SPB-83116,2024-08-22 09:59:55,체인
SPB-56577,2024-08-22 10:02:03,체인
SPB-57312,2024-08-22 10:04:04,페달
SPB-60682,2024-08-22 10:08:55,체인
SPB-40114,2024-08-22 10:20:44,안장
SPB-58751,2024-08-22 10:29:18,기타 
SPB-62634,2024-08-22 10:30:45,체인
SPB-60080,2024-08-22 10:39:13,페달
SPB-46243,2024-08-22 10:44:55,단말기
SPB-41623,2024-08-22 10:53:27,기타 
SPB-41233,2024-08-22 11:00:26,체인
SPB-35728,2024-08-22 11:04:32,타이어 
SPB-61351,2024-08-22 11:08:59,타이어 
SPB-53108,2024-08-22 11:15:57,기타 
SPB-50621,2024-08-22 11:24:47,페달
SPB-38263,2024-08-22 11:28:31,타이어 
SPB-52621,2024-08-22 11:42:51,타이어 
SPB-37413,2024-08-22 11:43:01,단말기
SPB-41847,2024-08-22 11:48:23,안장
SPB-52318,2024-08-22 11:49:34,타이어 
SPB-57811,2024-08-22 12:07:11,타이어 
SPB-80806,2024-08-22 12:18:05,타이어 
SPB-31225,2024-08-22 12:19:38,타이어 
SPB-61854,2024-08-22 12:34:36,타이어 
SPB-56005,2024-08-22 12:43:10,안장
SPB-56101,2024-08-22 12:48:08,기타 
SPB-53204,2024-08-22 12:48:09,안장
SPB-42192,2024-08-22 12:49:38,기타 
SPB-33806,2024-08-22 12:51:14,타이어 
SPB-49043,2024-08-22 12:55:00,타이어 
SPB-38798,2024-08-22 13:00:20,기타 
SPB-57797,2024-08-22 13:09:27,타이어 
SPB-67143,2024-08-22 13:10:02,체인
SPB-55320,2024-08-22 13:46:09,기타 
SPB-49051,2024-08-22 14:03:01,기타 
SPB-41592,2024-08-22 14:52:15,페달
SPB-69865,2024-08-22 14:57:00,타이어 
SPB-58935,2024-08-22 15:12:12,페달
SPB-44544,2024-08-22 15:14:12,기타 
SPB-62654,2024-08-22 15:19:26,기타 
SPB-50102,2024-08-22 15:32:31,단말기
SPB-40115,2024-08-22 15:42:04,타이어 
SPB-31098,2024-08-22 15:56:42,기타 
SPB-49073,2024-08-22 15:58:22,안장
SPB-62147,2024-08-22 16:21:46,타이어 
SPB-48626,2024-08-22 16:21:46,안장
SPB-53504,2024-08-22 16:23:35,안장
SPB-53023,2024-08-22 16:40:20,체인
SPB-66275,2024-08-22 16:44:01,단말기
SPB-48177,2024-08-22 17:00:17,기타 
SPB-58940,2024-08-22 17:05:37,기타 
SPB-53368,2024-08-22 17:11:14,타이어 
SPB-55162,2024-08-22 17:13:12,기타 
SPB-64792,2024-08-22 17:13:55,안장
SPB-31081,2024-08-22 17:17:03,페달
SPB-30842,2024-08-22 17:18:28,타이어 
SPB-47248,2024-08-22 17:22:27,체인
SPB-35050,2024-08-22 17:27:25,안장
SPB-50660,2024-08-22 17:28:40,기타 
SPB-57403,2024-08-22 17:28:51,페달
SPB-46931,2024-08-22 17:32:47,체인
SPB-51260,2024-08-22 17:35:27,타이어 
SPB-48290,2024-08-22 17:40:01,체인
SPB-39321,2024-08-22 17:42:53,체인
SPB-55595,2024-08-22 17:44:48,안장
SPB-50336,2024-08-22 17:45:13,단말기
SPB-52658,2024-08-22 17:47:08,타이어 
SPB-69709,2024-08-22 17:51:29,체인
SPB-66755,2024-08-22 17:53:29,타이어 
SPB-48176,2024-08-22 17:55:28,타이어 
SPB-59201,2024-08-22 17:55:46,타이어 
SPB-36129,2024-08-22 17:55:52,타이어 
SPB-54953,2024-08-22 17:55:59,타이어 
SPB-35708,2024-08-22 17:56:09,타이어 
SPB-59247,2024-08-22 17:57:14,페달
SPB-52363,2024-08-22 17:58:24,단말기
SPB-48961,2024-08-22 17:59:21,체인
SPB-58998,2024-08-22 17:59:35,페달
SPB-37712,2024-08-22 18:00:45,체인
SPB-66258,2024-08-22 18:02:22,단말기
SPB-30208,2024-08-22 18:03:16,기타 
SPB-81615,2024-08-22 18:04:14,기타 
SPB-35627,2024-08-22 18:04:32,단말기
SPB-69462,2024-08-22 18:05:18,안장
SPB-82832,2024-08-22 18:06:22,기타 
SPB-84842,2024-08-22 18:08:52,기타 
SPB-68360,2024-08-22 18:09:43,타이어 
SPB-66113,2024-08-22 18:10:09,기타 
SPB-44449,2024-08-22 18:10:45,기타 
SPB-64705,2024-08-22 18:11:17,체인
SPB-58725,2024-08-22 18:12:38,체인
SPB-80500,2024-08-22 18:13:18,타이어 
SPB-39244,2024-08-22 18:14:31,기타 
SPB-39299,2024-08-22 18:16:18,타이어 
SPB-55383,2024-08-22 18:16:55,타이어 
SPB-61861,2024-08-22 18:16:57,기타 
SPB-44653,2024-08-22 18:18:11,체인
SPB-59579,2024-08-22 18:19:38,페달
SPB-59121,2024-08-22 18:21:51,안장
SPB-50039,2024-08-22 18:23:41,타이어 
SPB-62124,2024-08-22 18:24:04,체인
SPB-31125,2024-08-22 18:24:30,체인
SPB-32402,2024-08-22 18:24:36,체인
SPB-63957,2024-08-22 18:24:57,타이어 
SPB-52521,2024-08-22 18:25:04,체인
SPB-32801,2024-08-22 18:25:33,페달
SPB-56166,2024-08-22 18:27:46,페달
SPB-65872,2024-08-22 18:27:57,타이어 
SPB-56494,2024-08-22 18:29:43,페달
SPB-81480,2024-08-22 18:29:48,안장
SPB-41801,2024-08-22 18:32:58,체인
SPB-32521,2024-08-22 18:33:54,체인
SPB-69582,2024-08-22 18:34:06,체인
SPB-60426,2024-08-22 18:39:42,타이어 
SPB-42114,2024-08-22 18:39:47,기타 
SPB-52239,2024-08-22 18:40:07,타이어 
SPB-69855,2024-08-22 18:40:37,타이어 
SPB-69012,2024-08-22 18:40:54,페달
SPB-30189,2024-08-22 18:41:39,타이어 
SPB-30151,2024-08-22 18:43:54,기타 
SPB-55969,2024-08-22 18:44:16,타이어 
SPB-64197,2024-08-22 18:45:05,기타 
SPB-50963,2024-08-22 18:49:50,페달
SPB-63641,2024-08-22 18:50:28,타이어 
SPB-47534,2024-08-22 18:50:38,안장
SPB-70253,2024-08-22 18:51:25,안장
SPB-68623,2024-08-22 18:51:29,기타 
SPB-58727,2024-08-22 18:51:57,타이어 
SPB-31550,2024-08-22 18:53:28,기타 
SPB-61033,2024-08-22 18:55:17,기타 
SPB-57248,2024-08-22 18:56:41,타이어 
SPB-47713,2024-08-22 18:56:52,페달
SPB-45240,2024-08-22 18:58:36,페달
SPB-65711,2024-08-22 18:58:45,타이어 
SPB-63850,2024-08-22 19:00:01,기타 
SPB-62800,2024-08-22 19:01:43,타이어 
SPB-49373,2024-08-22 19:02:55,기타 
SPB-80497,2024-08-22 19:04:01,타이어 
SPB-60984,2024-08-22 19:04:31,페달
SPB-46045,2024-08-22 19:07:16,기타 
SPB-41051,2024-08-22 19:08:30,안장
SPB-56031,2024-08-22 19:08:45,페달
SPB-63266,2024-08-22 19:11:54,타이어 
SPB-47980,2024-08-22 19:13:06,타이어 
SPB-47231,2024-08-22 19:13:51,체인
SPB-67071,2024-08-22 19:13:56,타이어 
SPB-51380,2024-08-22 19:14:07,페달
SPB-58372,2024-08-22 19:14:09,기타 
SPB-62993,2024-08-22 19:16:18,체인
SPB-36071,2024-08-22 19:17:39,체인
SPB-60919,2024-08-22 19:18:17,기타 
SPB-30488,2024-08-22 19:18:33,페달
SPB-65034,2024-08-22 19:19:41,기타 
SPB-63285,2024-08-22 19:23:39,타이어 
SPB-51194,2024-08-22 19:24:16,기타 
SPB-43715,2024-08-22 19:30:23,체인
SPB-60370,2024-08-22 19:31:19,타이어 
SPB-68193,2024-08-22 19:31:26,체인
SPB-43376,2024-08-22 19:31:44,타이어 
SPB-48397,2024-08-22 19:33:53,안장
SPB-38176,2024-08-22 19:35:13,체인
SPB-46140,2024-08-22 19:35:46,안장
SPB-31287,2024-08-22 19:36:39,타이어 
SPB-34144,2024-08-22 19:40:25,체인
SPB-52699,2024-08-22 19:41:22,타이어 
SPB-46115,2024-08-22 19:42:18,페달
SPB-69266,2024-08-22 19:45:16,타이어 
SPB-54159,2024-08-22 19:45:35,기타 
SPB-70020,2024-08-22 19:50:37,체인
SPB-53095,2024-08-22 19:54:58,체인
SPB-56685,2024-08-22 19:59:20,기타 
SPB-68787,2024-08-22 19:59:43,체인
SPB-51258,2024-08-22 19:59:59,페달
SPB-44444,2024-08-22 20:00:26,체인
SPB-34869,2024-08-22 20:00:55,안장
SPB-57641,2024-08-22 20:03:00,체인
SPB-46183,2024-08-22 20:03:52,타이어 
SPB-41278,2024-08-22 20:06:25,타이어 
SPB-55710,2024-08-22 20:07:12,체인
SPB-53554,2024-08-22 20:09:16,체인
SPB-56483,2024-08-22 20:12:29,기타 
SPB-37153,2024-08-22 20:17:18,타이어 
SPB-66997,2024-08-22 20:17:22,기타 
SPB-50015,2024-08-22 20:17:50,기타 
SPB-48832,2024-08-22 20:18:53,기타 
SPB-32083,2024-08-22 20:26:31,타이어 
SPB-69861,2024-08-22 20:29:03,타이어 
SPB-55703,2024-08-22 20:29:18,체인
SPB-32077,2024-08-22 20:30:02,기타 
SPB-57523,2024-08-22 20:30:52,기타 
SPB-39247,2024-08-22 20:31:33,기타 
SPB-46653,2024-08-22 20:37:13,페달
SPB-53108,2024-08-22 20:43:37,타이어 
SPB-31519,2024-08-22 20:49:14,안장
SPB-52723,2024-08-22 20:52:38,타이어 
SPB-30717,2024-08-22 20:53:45,타이어 
SPB-55623,2024-08-22 21:05:24,기타 
SPB-62706,2024-08-22 21:05:24,안장
SPB-59559,2024-08-22 21:08:29,페달
SPB-54342,2024-08-22 21:10:55,페달
SPB-47318,2024-08-22 21:13:12,체인
SPB-50570,2024-08-22 21:18:18,기타 
SPB-69511,2024-08-22 21:19:50,기타 
SPB-65210,2024-08-22 21:27:53,체인
SPB-65192,2024-08-22 21:31:44,타이어 
SPB-56492,2024-08-22 21:33:48,페달
SPB-43142,2024-08-22 21:37:09,기타 
SPB-51933,2024-08-22 21:41:13,체인
SPB-49412,2024-08-22 21:43:56,체인
SPB-37088,2024-08-22 21:44:32,안장
SPB-39187,2024-08-22 21:45:59,안장
SPB-60835,2024-08-22 21:46:23,기타 
SPB-48682,2024-08-22 21:48:23,기타 
SPB-58008,2024-08-22 21:55:20,기타 
SPB-38574,2024-08-22 22:16:33,체인
SPB-42987,2024-08-22 22:17:34,단말기
SPB-36129,2024-08-22 22:17:42,체인
SPB-33870,2024-08-22 22:21:48,체인
SPB-34167,2024-08-22 22:25:31,타이어 
SPB-67897,2024-08-22 22:25:38,타이어 
SPB-66990,2024-08-22 22:27:56,기타 
SPB-56630,2024-08-22 22:28:21,페달
SPB-68793,2024-08-22 22:39:56,기타 
SPB-61314,2024-08-22 22:40:53,타이어 
SPB-50158,2024-08-22 22:42:00,체인
SPB-32374,2024-08-22 22:42:51,체인
SPB-66887,2024-08-22 22:48:15,타이어 
SPB-53147,2024-08-22 22:49:42,페달
SPB-32768,2024-08-22 23:07:41,기타 
SPB-62050,2024-08-22 23:08:29,체인
SPB-54184,2024-08-22 23:09:51,타이어 
SPB-58274,2024-08-22 23:09:51,타이어 
SPB-46282,2024-08-22 23:14:37,기타 
SPB-40477,2024-08-22 23:20:39,타이어 
SPB-41818,2024-08-22 23:26:30,기타 
SPB-67658,2024-08-22 23:31:51,체인
SPB-41290,2024-08-22 23:55:09,체인
SPB-46815,2024-08-22 23:57:20,타이어 
SPB-39010,2024-08-23 00:11:44,타이어 
SPB-33119,2024-08-23 00:16:04,체인
SPB-51395,2024-08-23 00:26:39,타이어 
SPB-46165,2024-08-23 00:54:04,단말기
SPB-38724,2024-08-23 01:15:55,기타 
SPB-31190,2024-08-23 01:53:10,기타 
SPB-52756,2024-08-23 01:54:52,기타 
SPB-41940,2024-08-23 02:02:12,페달
SPB-34150,2024-08-23 02:05:40,체인
SPB-31071,2024-08-23 02:06:09,타이어 
SPB-68119,2024-08-23 02:07:33,타이어 
SPB-30535,2024-08-23 02:07:48,타이어 
SPB-41681,2024-08-23 02:44:47,타이어 
SPB-65840,2024-08-23 02:53:03,타이어 
SPB-46191,2024-08-23 03:02:44,타이어 
SPB-31102,2024-08-23 03:20:44,타이어 
SPB-54505,2024-08-23 04:23:02,페달
SPB-62000,2024-08-23 04:39:03,페달
SPB-69952,2024-08-23 04:48:12,타이어 
SPB-67165,2024-08-23 05:00:28,체인
SPB-39164,2024-08-23 05:05:06,체인
SPB-68576,2024-08-23 05:06:05,체인
SPB-44160,2024-08-23 05:06:48,체인
SPB-38931,2024-08-23 05:07:13,타이어 
SPB-55170,2024-08-23 05:14:03,단말기
SPB-62270,2024-08-23 05:18:15,페달
SPB-47502,2024-08-23 05:21:12,타이어 
SPB-83018,2024-08-23 05:21:24,타이어 
SPB-69994,2024-08-23 05:33:49,체인
SPB-37263,2024-08-23 06:23:02,기타 
SPB-69709,2024-08-23 06:27:08,체인
SPB-52102,2024-08-23 06:27:35,타이어 
SPB-63156,2024-08-23 06:29:07,체인
SPB-56551,2024-08-23 06:30:49,타이어 
SPB-32473,2024-08-23 06:36:12,타이어 
SPB-66125,2024-08-23 06:36:33,타이어 
SPB-34157,2024-08-23 06:40:14,체인
SPB-47143,2024-08-23 06:40:44,타이어 
SPB-58105,2024-08-23 06:41:02,타이어 
SPB-42281,2024-08-23 06:45:21,체인
SPB-41954,2024-08-23 06:49:45,기타 
SPB-66601,2024-08-23 07:01:18,기타 
SPB-62848,2024-08-23 07:10:24,타이어 
SPB-62334,2024-08-23 07:15:27,페달
SPB-38732,2024-08-23 07:27:57,기타 
SPB-60819,2024-08-23 07:28:39,체인
SPB-32196,2024-08-23 07:32:56,기타 
SPB-62193,2024-08-23 07:35:39,체인
SPB-54617,2024-08-23 07:37:00,체인
SPB-62147,2024-08-23 07:38:59,타이어 
SPB-55728,2024-08-23 07:40:11,체인
SPB-33091,2024-08-23 07:41:48,기타 
SPB-57762,2024-08-23 07:42:30,페달
SPB-69370,2024-08-23 07:48:23,타이어 
SPB-38348,2024-08-23 07:52:40,안장
SPB-37899,2024-08-23 07:53:33,체인
SPB-65845,2024-08-23 07:54:38,타이어 
SPB-45156,2024-08-23 07:55:44,안장
SPB-70005,2024-08-23 07:58:05,체인
SPB-61625,2024-08-23 07:59:25,타이어 
SPB-32188,2024-08-23 08:04:35,기타 
SPB-43148,2024-08-23 08:05:41,체인
SPB-58025,2024-08-23 08:05:48,타이어 
SPB-67161,2024-08-23 08:07:17,타이어 
SPB-59976,2024-08-23 08:10:10,기타 
SPB-39418,2024-08-23 08:11:08,기타 
SPB-67597,2024-08-23 08:11:44,기타 
SPB-70095,2024-08-23 08:11:51,타이어 
SPB-46385,2024-08-23 08:12:58,안장
SPB-68729,2024-08-23 08:14:32,기타 
SPB-46789,2024-08-23 08:16:26,체인
SPB-42905,2024-08-23 08:16:35,체인
SPB-81825,2024-08-23 08:19:23,타이어 
SPB-64137,2024-08-23 08:19:25,체인
SPB-32279,2024-08-23 08:20:22,페달
SPB-67036,2024-08-23 08:20:28,타이어 
SPB-70060,2024-08-23 08:21:30,체인
SPB-46516,2024-08-23 08:24:47,타이어 
SPB-55909,2024-08-23 08:25:07,기타 
SPB-64779,2024-08-23 08:26:22,페달
SPB-48215,2024-08-23 08:29:18,타이어 
SPB-54583,2024-08-23 08:33:13,단말기
SPB-48485,2024-08-23 08:33:54,페달
SPB-61434,2024-08-23 08:36:17,안장
SPB-69714,2024-08-23 08:37:46,페달
SPB-44930,2024-08-23 08:40:43,체인
SPB-68233,2024-08-23 08:42:51,타이어 
SPB-37582,2024-08-23 08:43:04,타이어 
SPB-66654,2024-08-23 08:43:10,안장
SPB-50318,2024-08-23 08:43:28,단말기
SPB-38040,2024-08-23 08:43:39,타이어 
SPB-68624,2024-08-23 08:45:11,체인
SPB-43862,2024-08-23 08:45:23,체인
SPB-53747,2024-08-23 08:45:51,기타 
SPB-30694,2024-08-23 08:47:10,안장
SPB-36987,2024-08-23 08:49:26,안장
SPB-31650,2024-08-23 08:49:31,타이어 
SPB-64667,2024-08-23 08:49:51,안장
SPB-62474,2024-08-23 08:50:37,체인
SPB-48358,2024-08-23 08:50:38,타이어 
SPB-54441,2024-08-23 08:52:41,체인
SPB-33559,2024-08-23 08:53:29,기타 
SPB-31790,2024-08-23 08:53:33,타이어 
SPB-53803,2024-08-23 08:54:01,타이어 
SPB-65803,2024-08-23 08:57:55,기타 
SPB-66376,2024-08-23 09:00:23,타이어 
SPB-54464,2024-08-23 09:02:29,체인
SPB-69076,2024-08-23 09:06:27,체인
SPB-42464,2024-08-23 09:07:58,타이어 
SPB-31941,2024-08-23 09:11:55,체인
SPB-58166,2024-08-23 09:14:04,체인
SPB-42515,2024-08-23 09:19:17,타이어 
SPB-62378,2024-08-23 09:23:26,안장
SPB-60139,2024-08-23 09:23:54,타이어 
SPB-69721,2024-08-23 09:26:07,체인
SPB-56962,2024-08-23 09:32:56,기타 
SPB-54968,2024-08-23 09:36:11,체인
SPB-54674,2024-08-23 09:38:33,페달
SPB-67933,2024-08-23 09:39:55,체인
SPB-31171,2024-08-23 09:45:54,타이어 
SPB-32081,2024-08-23 09:46:43,타이어 
SPB-49251,2024-08-23 09:46:52,페달
SPB-42363,2024-08-23 09:47:54,타이어 
SPB-68057,2024-08-23 09:56:19,체인
SPB-39337,2024-08-23 10:11:39,타이어 
SPB-59372,2024-08-23 10:13:21,타이어 
SPB-53384,2024-08-23 10:14:06,타이어 
SPB-51343,2024-08-23 10:20:57,기타 
SPB-53567,2024-08-23 10:21:09,안장
SPB-66437,2024-08-23 10:28:42,타이어 
SPB-59357,2024-08-23 10:39:00,기타 
SPB-56353,2024-08-23 10:39:33,타이어 
SPB-65816,2024-08-23 10:44:21,기타 
SPB-48157,2024-08-23 10:44:39,단말기
SPB-84454,2024-08-23 10:51:20,체인
SPB-61327,2024-08-23 10:59:46,체인
SPB-59118,2024-08-23 11:10:07,체인
SPB-52412,2024-08-23 11:12:48,체인
SPB-55974,2024-08-23 11:20:55,기타 
SPB-41305,2024-08-23 11:23:53,타이어 
SPB-47440,2024-08-23 11:24:55,기타 
SPB-69493,2024-08-23 11:25:31,기타 
SPB-69282,2024-08-23 11:32:27,기타 
SPB-44414,2024-08-23 11:38:39,체인
SPB-54293,2024-08-23 11:39:13,페달
SPB-57538,2024-08-23 11:41:25,페달
SPB-43644,2024-08-23 11:47:58,타이어 
SPB-66011,2024-08-23 11:52:15,타이어 
SPB-59065,2024-08-23 12:06:08,페달
SPB-32226,2024-08-23 12:08:05,체인
SPB-51544,2024-08-23 12:08:31,체인
SPB-64166,2024-08-23 12:18:33,타이어 
SPB-39553,2024-08-23 12:25:45,타이어 
SPB-68127,2024-08-23 12:26:03,기타 
SPB-54211,2024-08-23 12:26:30,페달
SPB-50112,2024-08-23 12:27:03,체인
SPB-53091,2024-08-23 12:28:58,타이어 
SPB-68333,2024-08-23 12:40:21,기타 
SPB-64364,2024-08-23 12:45:51,타이어 
SPB-41067,2024-08-23 12:46:29,단말기
SPB-50503,2024-08-23 12:48:57,기타 
SPB-31603,2024-08-23 12:51:54,타이어 
SPB-33581,2024-08-23 12:52:02,기타 
SPB-55682,2024-08-23 12:52:09,안장
SPB-69678,2024-08-23 12:55:58,체인
SPB-45668,2024-08-23 12:58:38,타이어 
SPB-58933,2024-08-23 12:58:58,체인
SPB-52375,2024-08-23 13:00:35,페달
SPB-65346,2024-08-23 13:06:00,타이어 
SPB-63907,2024-08-23 13:08:03,타이어 
SPB-62679,2024-08-23 13:10:32,체인
SPB-36257,2024-08-23 13:10:37,페달
SPB-64537,2024-08-23 13:14:02,단말기
SPB-58442,2024-08-23 13:17:36,타이어 
SPB-46035,2024-08-23 13:23:50,타이어 
SPB-65194,2024-08-23 13:24:10,타이어 
SPB-65273,2024-08-23 13:26:07,안장
SPB-35386,2024-08-23 13:35:24,안장
SPB-30222,2024-08-23 13:43:16,페달
SPB-41438,2024-08-23 13:43:29,안장
SPB-44293,2024-08-23 13:45:57,체인
SPB-33758,2024-08-23 13:51:26,페달
SPB-52585,2024-08-23 13:54:05,기타 
SPB-56427,2024-08-23 14:03:11,페달
SPB-46732,2024-08-23 14:08:36,체인
SPB-32516,2024-08-23 14:09:34,기타 
SPB-59957,2024-08-23 14:15:30,타이어 
SPB-69914,2024-08-23 14:16:19,체인
SPB-45804,2024-08-23 14:19:57,기타 
SPB-42524,2024-08-23 14:35:32,타이어 
SPB-68476,2024-08-23 14:35:41,안장
SPB-54815,2024-08-23 14:36:21,체인
SPB-53806,2024-08-23 14:41:26,단말기
SPB-56523,2024-08-23 14:43:00,체인
SPB-52266,2024-08-23 14:45:18,페달
SPB-66566,2024-08-23 14:48:40,기타 
SPB-62885,2024-08-23 14:49:29,타이어 
SPB-31405,2024-08-23 14:51:16,안장
SPB-52825,2024-08-23 14:55:25,안장
SPB-62030,2024-08-23 15:03:36,기타 
SPB-64216,2024-08-23 15:06:47,타이어 
SPB-39464,2024-08-23 15:09:21,기타 
SPB-56500,2024-08-23 15:10:29,안장
SPB-70063,2024-08-23 15:10:29,페달
SPB-58004,2024-08-23 15:20:27,페달
SPB-69915,2024-08-23 15:20:56,체인
SPB-56895,2024-08-23 15:21:47,타이어 
SPB-49262,2024-08-23 15:28:08,기타 
SPB-67159,2024-08-23 15:31:02,타이어 
SPB-59370,2024-08-23 15:33:27,페달
SPB-45365,2024-08-23 15:33:49,체인
SPB-37409,2024-08-23 15:40:21,기타 
SPB-30512,2024-08-23 15:45:25,안장
SPB-35114,2024-08-23 15:45:27,기타 
SPB-44592,2024-08-23 15:50:00,체인
SPB-51484,2024-08-23 15:57:25,페달
SPB-64961,2024-08-23 15:58:36,단말기
SPB-81717,2024-08-23 16:01:58,단말기
SPB-83572,2024-08-23 16:02:47,안장
SPB-40720,2024-08-23 16:03:54,안장
SPB-61279,2024-08-23 16:09:38,타이어 
SPB-58345,2024-08-23 16:10:34,체인
SPB-47189,2024-08-23 16:13:47,기타 
SPB-39536,2024-08-23 16:15:32,체인
SPB-41723,2024-08-23 16:18:44,기타 
SPB-61404,2024-08-23 16:20:16,체인
SPB-65006,2024-08-23 16:20:17,타이어 
SPB-57911,2024-08-23 16:20:56,타이어 
SPB-31757,2024-08-23 16:21:22,페달
SPB-37059,2024-08-23 16:22:11,타이어 
SPB-43531,2024-08-23 16:22:47,기타 
SPB-60058,2024-08-23 16:23:00,기타 
SPB-60992,2024-08-23 16:23:03,타이어 
SPB-66869,2024-08-23 16:24:20,타이어 
SPB-50935,2024-08-23 16:40:52,타이어 
SPB-48788,2024-08-23 16:42:28,체인
SPB-80651,2024-08-23 16:43:25,타이어 
SPB-44513,2024-08-23 16:44:57,타이어 
SPB-47065,2024-08-23 16:49:07,단말기
SPB-53108,2024-08-23 16:49:41,타이어 
SPB-50199,2024-08-23 16:52:49,타이어 
SPB-68532,2024-08-23 16:54:39,기타 
SPB-48926,2024-08-23 16:58:00,체인
SPB-38034,2024-08-23 16:58:26,체인
SPB-46630,2024-08-23 16:59:12,기타 
SPB-67607,2024-08-23 17:04:07,체인
SPB-84012,2024-08-23 17:08:08,타이어 
SPB-43193,2024-08-23 17:08:35,타이어 
SPB-48675,2024-08-23 17:09:22,타이어 
SPB-56559,2024-08-23 17:09:38,페달
SPB-53665,2024-08-23 17:10:53,체인
SPB-35069,2024-08-23 17:12:17,타이어 
SPB-55326,2024-08-23 17:12:26,체인
SPB-33035,2024-08-23 17:12:56,안장
SPB-82165,2024-08-23 17:13:05,타이어 
SPB-57537,2024-08-23 17:13:43,체인
SPB-31285,2024-08-23 17:14:24,단말기
SPB-42685,2024-08-23 17:14:27,기타 
SPB-66939,2024-08-23 17:18:44,기타 
SPB-51563,2024-08-23 17:19:32,페달
SPB-44693,2024-08-23 17:21:41,타이어 
SPB-70362,2024-08-23 17:21:50,체인
SPB-70120,2024-08-23 17:24:39,체인
SPB-59606,2024-08-23 17:26:29,체인
SPB-68742,2024-08-23 17:29:11,타이어 
SPB-62960,2024-08-23 17:29:24,기타 
SPB-51455,2024-08-23 17:31:53,안장
SPB-56299,2024-08-23 17:33:21,페달
SPB-47428,2024-08-23 17:35:36,페달
SPB-66815,2024-08-23 17:38:22,기타 
SPB-67467,2024-08-23 17:39:01,기타 
SPB-33095,2024-08-23 17:42:36,기타 
SPB-39908,2024-08-23 17:43:19,페달
SPB-39484,2024-08-23 17:44:50,기타 
SPB-31139,2024-08-23 17:45:24,단말기
SPB-51012,2024-08-23 17:48:08,타이어 
SPB-53652,2024-08-23 17:48:41,타이어 
SPB-67494,2024-08-23 17:49:39,체인
SPB-48535,2024-08-23 17:52:56,체인
SPB-40231,2024-08-23 17:53:52,안장
SPB-54989,2024-08-23 18:00:05,타이어 
SPB-69826,2024-08-23 18:00:28,체인
SPB-41858,2024-08-23 18:01:14,체인
SPB-70293,2024-08-23 18:01:36,체인
SPB-59808,2024-08-23 18:02:49,체인
SPB-66645,2024-08-23 18:03:18,단말기
SPB-48392,2024-08-23 18:03:42,단말기
SPB-57610,2024-08-23 18:04:00,페달
SPB-35349,2024-08-23 18:05:41,기타 
SPB-61984,2024-08-23 18:06:05,체인
SPB-80904,2024-08-23 18:07:03,타이어 
SPB-33747,2024-08-23 18:07:22,체인
SPB-64393,2024-08-23 18:12:00,타이어 
SPB-48527,2024-08-23 18:12:43,체인
SPB-59705,2024-08-23 18:12:56,페달
SPB-61220,2024-08-23 18:13:43,안장
SPB-31738,2024-08-23 18:14:01,기타 
SPB-70171,2024-08-23 18:14:19,타이어 
SPB-45829,2024-08-23 18:14:57,기타 
SPB-55191,2024-08-23 18:14:58,타이어 
SPB-41817,2024-08-23 18:15:02,체인
SPB-55413,2024-08-23 18:16:47,기타 
SPB-81941,2024-08-23 18:17:48,타이어 
SPB-69520,2024-08-23 18:19:31,체인
SPB-46911,2024-08-23 18:19:39,기타 
SPB-63873,2024-08-23 18:21:20,타이어 
SPB-45256,2024-08-23 18:22:41,체인
SPB-62738,2024-08-23 18:22:50,체인
SPB-55504,2024-08-23 18:23:01,타이어 
SPB-34842,2024-08-23 18:23:07,타이어 
SPB-61954,2024-08-23 18:23:55,기타 
SPB-69849,2024-08-23 18:24:18,체인
SPB-60653,2024-08-23 18:25:54,기타 
SPB-40815,2024-08-23 18:27:15,체인
SPB-64546,2024-08-23 18:28:41,기타 
SPB-45855,2024-08-23 18:29:07,체인
SPB-60392,2024-08-23 18:29:24,타이어 
SPB-67457,2024-08-23 18:30:33,타이어 
SPB-45876,2024-08-23 18:30:52,체인
SPB-65714,2024-08-23 18:31:04,페달
SPB-32696,2024-08-23 18:31:30,페달
SPB-46570,2024-08-23 18:31:41,기타 
SPB-66398,2024-08-23 18:31:50,단말기
SPB-32400,2024-08-23 18:32:08,타이어 
SPB-57635,2024-08-23 18:32:12,체인
SPB-59246,2024-08-23 18:32:38,기타 
SPB-41594,2024-08-23 18:34:03,체인
SPB-39492,2024-08-23 18:34:07,타이어 
SPB-45382,2024-08-23 18:34:08,기타 
SPB-35421,2024-08-23 18:36:08,페달
SPB-52518,2024-08-23 18:37:05,페달
SPB-69076,2024-08-23 18:38:21,체인
SPB-51239,2024-08-23 18:39:43,체인
SPB-50223,2024-08-23 18:42:07,안장
SPB-40859,2024-08-23 18:43:05,안장
SPB-56370,2024-08-23 18:43:47,타이어 
SPB-45817,2024-08-23 18:45:17,안장
SPB-36369,2024-08-23 18:46:28,안장
SPB-31461,2024-08-23 18:46:42,기타 
SPB-70314,2024-08-23 18:46:53,타이어 
SPB-33391,2024-08-23 18:48:10,기타 
SPB-35342,2024-08-23 18:48:25,체인
SPB-43134,2024-08-23 18:51:07,안장
SPB-60843,2024-08-23 18:52:08,안장
SPB-62494,2024-08-23 18:52:34,체인
SPB-30648,2024-08-23 18:53:56,안장
SPB-45088,2024-08-23 18:55:51,기타 
SPB-35154,2024-08-23 18:57:29,기타 
SPB-30124,2024-08-23 18:59:16,기타 
SPB-50650,2024-08-23 19:00:11,페달
SPB-65746,2024-08-23 19:00:28,타이어 
SPB-57554,2024-08-23 19:00:48,타이어 
SPB-47926,2024-08-23 19:01:15,체인
SPB-57621,2024-08-23 19:03:35,단말기
SPB-39623,2024-08-23 19:06:23,기타 
SPB-67162,2024-08-23 19:06:40,타이어 
SPB-64743,2024-08-23 19:10:36,타이어 
SPB-34555,2024-08-23 19:11:20,안장
SPB-41469,2024-08-23 19:12:18,기타 
SPB-38012,2024-08-23 19:12:26,페달
SPB-38572,2024-08-23 19:12:38,체인
SPB-53204,2024-08-23 19:14:45,안장
SPB-62605,2024-08-23 19:16:05,체인
SPB-60867,2024-08-23 19:17:57,안장
SPB-60845,2024-08-23 19:22:58,안장
SPB-53562,2024-08-23 19:24:22,기타 
SPB-49557,2024-08-23 19:24:50,기타 
SPB-56677,2024-08-23 19:27:23,체인
SPB-32139,2024-08-23 19:29:30,기타 
SPB-48097,2024-08-23 19:29:35,체인
SPB-55005,2024-08-23 19:30:10,체인
SPB-31806,2024-08-23 19:30:13,체인
SPB-41576,2024-08-23 19:30:13,안장
SPB-30872,2024-08-23 19:32:49,기타 
SPB-55281,2024-08-23 19:38:05,체인
SPB-30767,2024-08-23 19:39:50,타이어 
SPB-50302,2024-08-23 19:40:37,페달
SPB-54560,2024-08-23 19:42:53,기타 
SPB-47012,2024-08-23 19:45:18,타이어 
SPB-34227,2024-08-23 19:46:23,타이어 
SPB-48827,2024-08-23 19:46:49,페달
SPB-83480,2024-08-23 19:47:27,체인
SPB-52640,2024-08-23 19:51:36,체인
SPB-54679,2024-08-23 19:52:51,단말기
SPB-55913,2024-08-23 19:56:50,기타 
SPB-63873,2024-08-23 19:58:24,타이어 
SPB-56403,2024-08-23 19:59:06,타이어 
SPB-61451,2024-08-23 19:59:33,타이어 
SPB-35212,2024-08-23 20:01:14,안장
SPB-49088,2024-08-23 20:01:34,체인
SPB-41247,2024-08-23 20:02:12,안장
SPB-67596,2024-08-23 20:04:35,기타 
SPB-65589,2024-08-23 20:05:00,단말기
SPB-35328,2024-08-23 20:05:42,안장
SPB-64070,2024-08-23 20:07:32,기타 
SPB-63042,2024-08-23 20:08:02,기타 
SPB-54153,2024-08-23 20:08:54,페달
SPB-60347,2024-08-23 20:11:49,타이어 
SPB-32143,2024-08-23 20:12:03,타이어 
SPB-63315,2024-08-23 20:12:37,타이어 
SPB-41037,2024-08-23 20:12:57,타이어 
SPB-63445,2024-08-23 20:13:45,타이어 
SPB-60774,2024-08-23 20:15:05,단말기
SPB-66884,2024-08-23 20:16:34,타이어 
SPB-84290,2024-08-23 20:18:18,타이어 
SPB-47489,2024-08-23 20:19:38,체인
SPB-61757,2024-08-23 20:21:40,체인
SPB-39100,2024-08-23 20:22:34,타이어 
SPB-32083,2024-08-23 20:24:05,타이어 
SPB-52471,2024-08-23 20:25:44,안장
SPB-41310,2024-08-23 20:26:10,안장
SPB-83168,2024-08-23 20:27:20,체인
SPB-59957,2024-08-23 20:28:58,체인
SPB-59307,2024-08-23 20:29:07,체인
SPB-69622,2024-08-23 20:30:39,체인
SPB-67737,2024-08-23 20:31:09,안장
SPB-47005,2024-08-23 20:37:54,체인
SPB-55863,2024-08-23 20:38:09,기타 
SPB-55018,2024-08-23 20:40:00,체인
SPB-69023,2024-08-23 20:40:59,타이어 
SPB-69289,2024-08-23 20:41:17,체인
SPB-43050,2024-08-23 20:41:33,체인
SPB-57490,2024-08-23 20:42:30,안장
SPB-80577,2024-08-23 20:43:05,기타 
SPB-49012,2024-08-23 20:43:13,안장
SPB-54588,2024-08-23 20:44:03,기타 
SPB-44252,2024-08-23 20:45:35,체인
SPB-50984,2024-08-23 20:45:54,타이어 
SPB-58894,2024-08-23 20:48:49,안장
SPB-60803,2024-08-23 20:54:49,단말기
SPB-67208,2024-08-23 20:55:54,체인
SPB-70499,2024-08-23 21:00:26,기타 
SPB-58418,2024-08-23 21:01:01,타이어 
SPB-58997,2024-08-23 21:07:12,기타 
SPB-46612,2024-08-23 21:09:10,페달
SPB-52750,2024-08-23 21:09:58,단말기
SPB-51089,2024-08-23 21:16:55,안장
SPB-64005,2024-08-23 21:19:29,타이어 
SPB-51301,2024-08-23 21:20:44,체인
SPB-38807,2024-08-23 21:22:40,안장
SPB-53496,2024-08-23 21:22:56,기타 
SPB-37665,2024-08-23 21:28:10,기타 
SPB-51341,2024-08-23 21:28:45,타이어 
SPB-47393,2024-08-23 21:29:22,타이어 
SPB-59803,2024-08-23 21:32:25,페달
SPB-63586,2024-08-23 21:33:30,기타 
SPB-63114,2024-08-23 21:35:44,기타 
SPB-48640,2024-08-23 21:37:13,단말기
SPB-33450,2024-08-23 21:37:19,체인
SPB-43161,2024-08-23 21:39:33,안장
SPB-44930,2024-08-23 21:39:41,체인
SPB-52020,2024-08-23 21:40:04,타이어 
SPB-32761,2024-08-23 21:41:36,타이어 
SPB-48454,2024-08-23 21:42:37,안장
SPB-40192,2024-08-23 21:43:52,타이어 
SPB-65168,2024-08-23 21:44:54,기타 
SPB-39540,2024-08-23 21:45:16,안장
SPB-46057,2024-08-23 21:48:00,기타 
SPB-52194,2024-08-23 21:48:09,타이어 
SPB-37305,2024-08-23 21:48:16,타이어 
SPB-58307,2024-08-23 21:48:21,타이어 
SPB-60259,2024-08-23 21:49:27,기타 
SPB-48878,2024-08-23 21:53:15,타이어 
SPB-67854,2024-08-23 21:54:02,타이어 
SPB-68388,2024-08-23 21:54:38,체인
SPB-62831,2024-08-23 21:59:33,안장
SPB-65157,2024-08-23 22:05:13,체인
SPB-43525,2024-08-23 22:05:21,체인
SPB-35951,2024-08-23 22:06:59,체인
SPB-66784,2024-08-23 22:07:43,타이어 
SPB-30208,2024-08-23 22:08:19,타이어 
SPB-39567,2024-08-23 22:09:14,안장
SPB-48444,2024-08-23 22:09:19,안장
SPB-53005,2024-08-23 22:09:21,기타 
SPB-38377,2024-08-23 22:11:14,안장
SPB-68821,2024-08-23 22:12:35,타이어 
SPB-54087,2024-08-23 22:15:22,기타 
SPB-55052,2024-08-23 22:15:33,단말기
SPB-33600,2024-08-23 22:17:57,타이어 
SPB-41801,2024-08-23 22:18:52,체인
SPB-61551,2024-08-23 22:19:40,안장
SPB-41499,2024-08-23 22:20:41,체인
SPB-66404,2024-08-23 22:20:52,체인
SPB-40970,2024-08-23 22:21:04,타이어 
SPB-52099,2024-08-23 22:22:54,타이어 
SPB-58871,2024-08-23 22:23:43,안장
SPB-68737,2024-08-23 22:26:46,체인
SPB-55074,2024-08-23 22:29:16,타이어 
SPB-47367,2024-08-23 22:36:21,기타 
SPB-33764,2024-08-23 22:36:42,페달
SPB-57694,2024-08-23 22:36:58,타이어 
SPB-40939,2024-08-23 22:37:06,타이어 
SPB-48544,2024-08-23 22:44:15,타이어 
SPB-51305,2024-08-23 22:45:24,단말기
SPB-35246,2024-08-23 22:47:19,체인
SPB-64917,2024-08-23 22:48:39,타이어 
SPB-64392,2024-08-23 22:50:26,안장
SPB-51958,2024-08-23 22:50:57,기타 
SPB-70429,2024-08-23 22:51:26,기타 
SPB-53114,2024-08-23 22:55:43,체인
SPB-42039,2024-08-23 22:56:09,기타 
SPB-49265,2024-08-23 22:58:01,페달
SPB-60005,2024-08-23 23:03:42,페달
SPB-52414,2024-08-23 23:03:43,체인
SPB-32462,2024-08-23 23:05:27,기타 
SPB-69174,2024-08-23 23:11:33,체인
SPB-34357,2024-08-23 23:17:03,안장
SPB-35132,2024-08-23 23:18:31,안장
SPB-39308,2024-08-23 23:18:55,기타 
SPB-82685,2024-08-23 23:20:14,타이어 
SPB-42266,2024-08-23 23:20:17,타이어 
SPB-56559,2024-08-23 23:21:28,페달
SPB-37960,2024-08-23 23:21:58,기타 
SPB-68554,2024-08-23 23:25:51,타이어 
SPB-58834,2024-08-23 23:27:05,페달
SPB-58648,2024-08-23 23:28:24,타이어 
SPB-56282,2024-08-23 23:33:12,타이어 
SPB-42579,2024-08-23 23:35:10,체인
SPB-69332,2024-08-23 23:48:46,체인
SPB-32328,2024-08-23 23:52:06,페달
SPB-42682,2024-08-23 23:57:44,안장
SPB-51201,2024-08-24 00:00:10,안장
SPB-44592,2024-08-24 00:00:38,체인
SPB-48304,2024-08-24 00:00:52,기타 
SPB-56031,2024-08-24 00:05:19,체인
SPB-54001,2024-08-24 00:05:44,기타 
SPB-63567,2024-08-24 00:11:06,타이어 
SPB-44070,2024-08-24 00:16:39,페달
SPB-58818,2024-08-24 00:18:30,기타 
SPB-33639,2024-08-24 00:19:39,타이어 
SPB-48427,2024-08-24 00:28:48,체인
SPB-40076,2024-08-24 00:30:19,안장
SPB-50809,2024-08-24 00:30:28,기타 
SPB-45937,2024-08-24 00:31:44,체인
SPB-40484,2024-08-24 00:39:35,체인
SPB-66589,2024-08-24 00:48:34,타이어 
SPB-30423,2024-08-24 00:59:02,타이어 
SPB-35812,2024-08-24 01:06:46,단말기
SPB-65619,2024-08-24 01:10:33,타이어 
SPB-62334,2024-08-24 01:16:57,페달
SPB-67349,2024-08-24 01:24:24,체인
SPB-45858,2024-08-24 01:35:53,안장
SPB-46074,2024-08-24 01:57:48,안장
SPB-63176,2024-08-24 02:11:17,타이어 
SPB-47637,2024-08-24 02:26:19,체인
SPB-47040,2024-08-24 02:29:47,안장
SPB-64618,2024-08-24 02:33:55,타이어 
SPB-70174,2024-08-24 02:44:54,타이어 
SPB-31319,2024-08-24 02:53:59,단말기
SPB-52184,2024-08-24 03:05:04,페달
SPB-62416,2024-08-24 03:28:27,기타 
SPB-57867,2024-08-24 03:28:32,타이어 
SPB-44213,2024-08-24 04:37:55,체인
SPB-41179,2024-08-24 04:44:50,체인
SPB-84067,2024-08-24 04:55:01,타이어 
SPB-59452,2024-08-24 05:07:53,페달
SPB-58736,2024-08-24 05:26:30,기타 
SPB-43905,2024-08-24 05:40:09,체인
SPB-46095,2024-08-24 05:46:46,체인
SPB-48959,2024-08-24 06:03:11,타이어 
SPB-40944,2024-08-24 06:05:37,안장
SPB-38578,2024-08-24 06:17:20,타이어 
SPB-31577,2024-08-24 06:19:52,기타 
SPB-36582,2024-08-24 06:32:17,안장
SPB-67531,2024-08-24 06:34:07,기타 
SPB-43394,2024-08-24 06:58:01,체인
SPB-34267,2024-08-24 07:17:48,안장
SPB-65189,2024-08-24 07:36:53,체인
SPB-32326,2024-08-24 08:08:50,타이어 
SPB-42178,2024-08-24 08:13:09,타이어 
SPB-30230,2024-08-24 08:15:32,타이어 
SPB-31703,2024-08-24 08:17:21,체인
SPB-31159,2024-08-24 08:21:55,안장
SPB-50170,2024-08-24 08:22:30,기타 
SPB-37899,2024-08-24 08:26:19,체인
SPB-65350,2024-08-24 08:29:16,타이어 
SPB-32070,2024-08-24 08:36:20,타이어 
SPB-52453,2024-08-24 08:37:52,타이어 
SPB-63333,2024-08-24 08:38:19,타이어 
SPB-61913,2024-08-24 08:39:41,타이어 
SPB-33338,2024-08-24 08:45:00,체인
SPB-31704,2024-08-24 08:45:31,체인
SPB-59296,2024-08-24 08:46:22,타이어 
SPB-41193,2024-08-24 08:48:57,안장
SPB-35068,2024-08-24 08:49:20,타이어 
SPB-40624,2024-08-24 09:04:35,타이어 
SPB-51176,2024-08-24 09:05:09,단말기
SPB-48567,2024-08-24 09:08:24,체인
SPB-67139,2024-08-24 09:09:39,타이어 
SPB-45671,2024-08-24 09:11:35,체인
SPB-47576,2024-08-24 09:12:59,체인
SPB-55427,2024-08-24 09:21:42,타이어 
SPB-66359,2024-08-24 09:34:06,체인
SPB-61171,2024-08-24 09:36:21,페달
SPB-44329,2024-08-24 09:45:10,기타 
SPB-31860,2024-08-24 09:46:41,기타 
SPB-52827,2024-08-24 09:48:45,기타 
SPB-51687,2024-08-24 09:54:53,기타 
SPB-45343,2024-08-24 09:57:23,안장
SPB-44129,2024-08-24 09:57:23,안장
SPB-40487,2024-08-24 09:58:46,체인
SPB-70123,2024-08-24 09:59:56,체인
SPB-34961,2024-08-24 10:01:07,기타 
SPB-40913,2024-08-24 10:01:10,기타 
SPB-55092,2024-08-24 10:01:24,기타 
SPB-51592,2024-08-24 10:01:33,타이어 
SPB-38481,2024-08-24 10:01:47,안장
SPB-51375,2024-08-24 10:08:35,타이어 
SPB-69909,2024-08-24 10:08:50,체인
SPB-53188,2024-08-24 10:10:16,기타 
SPB-48788,2024-08-24 10:11:07,체인
SPB-45463,2024-08-24 10:19:33,안장
SPB-52880,2024-08-24 10:22:15,타이어 
SPB-80206,2024-08-24 10:29:34,체인
SPB-68882,2024-08-24 10:33:32,페달
SPB-38160,2024-08-24 10:34:31,체인
SPB-50142,2024-08-24 10:34:56,안장
SPB-42136,2024-08-24 10:37:42,체인
SPB-45113,2024-08-24 10:38:58,타이어 
SPB-33508,2024-08-24 10:44:39,기타 
SPB-39732,2024-08-24 10:50:44,체인
SPB-56965,2024-08-24 10:56:42,페달
SPB-47733,2024-08-24 11:00:15,타이어 
SPB-53511,2024-08-24 11:07:51,기타 
SPB-69577,2024-08-24 11:17:10,타이어 
SPB-45424,2024-08-24 11:19:13,타이어 
SPB-51346,2024-08-24 11:19:49,페달
SPB-41010,2024-08-24 11:30:17,체인
SPB-69709,2024-08-24 11:40:40,체인
SPB-53557,2024-08-24 11:43:22,단말기
SPB-70417,2024-08-24 11:46:52,단말기
SPB-31872,2024-08-24 11:49:41,타이어 
SPB-56441,2024-08-24 11:51:18,체인
SPB-46116,2024-08-24 11:57:40,기타 
SPB-44869,2024-08-24 12:17:44,체인
SPB-43031,2024-08-24 12:17:54,체인
SPB-66535,2024-08-24 12:21:48,타이어 
SPB-64705,2024-08-24 12:26:15,타이어 
SPB-68634,2024-08-24 12:28:26,기타 
SPB-65947,2024-08-24 12:32:45,기타 
SPB-41820,2024-08-24 12:35:19,기타 
SPB-40261,2024-08-24 12:42:57,타이어 
SPB-70283,2024-08-24 12:51:26,기타 
SPB-41183,2024-08-24 12:52:47,체인
SPB-40111,2024-08-24 12:59:20,체인
SPB-69146,2024-08-24 13:02:20,단말기
SPB-38090,2024-08-24 13:02:52,체인
SPB-61765,2024-08-24 13:03:53,기타 
SPB-45984,2024-08-24 13:04:17,타이어 
SPB-39403,2024-08-24 13:08:33,기타 
SPB-38945,2024-08-24 13:13:58,타이어 
SPB-58246,2024-08-24 13:28:26,체인
SPB-44271,2024-08-24 13:28:48,체인
SPB-66175,2024-08-24 13:31:29,단말기
SPB-62634,2024-08-24 13:37:27,체인
SPB-40994,2024-08-24 13:39:36,페달
SPB-67061,2024-08-24 13:57:54,체인
SPB-62729,2024-08-24 14:01:46,안장
SPB-57811,2024-08-24 14:04:32,기타 
SPB-64083,2024-08-24 14:09:01,기타 
SPB-58450,2024-08-24 14:11:05,타이어 
SPB-62579,2024-08-24 14:13:19,타이어 
SPB-50309,2024-08-24 14:30:27,페달
SPB-48933,2024-08-24 14:53:35,기타 
SPB-42222,2024-08-24 14:59:28,페달
SPB-47509,2024-08-24 15:00:50,체인
SPB-36615,2024-08-24 15:07:13,타이어 
SPB-43369,2024-08-24 15:07:34,기타 
SPB-55047,2024-08-24 15:11:09,타이어 
SPB-65819,2024-08-24 15:12:24,타이어 
SPB-63115,2024-08-24 15:13:06,타이어 
SPB-66800,2024-08-24 15:18:32,체인
SPB-68608,2024-08-24 15:21:51,타이어 
SPB-68614,2024-08-24 15:27:01,단말기
SPB-44553,2024-08-24 15:28:49,체인
SPB-68735,2024-08-24 15:31:01,기타 
SPB-60048,2024-08-24 15:34:49,기타 
SPB-67612,2024-08-24 15:39:13,타이어 
SPB-37408,2024-08-24 15:43:16,체인
SPB-45219,2024-08-24 15:45:11,페달
SPB-61921,2024-08-24 15:51:10,체인
SPB-43044,2024-08-24 15:54:14,타이어 
SPB-44592,2024-08-24 15:57:32,체인
SPB-40992,2024-08-24 15:59:18,기타 
SPB-62247,2024-08-24 16:03:56,체인
SPB-52854,2024-08-24 16:05:01,단말기
SPB-43411,2024-08-24 16:05:29,기타 
SPB-69508,2024-08-24 16:05:34,안장
SPB-43296,2024-08-24 16:11:07,타이어 
SPB-34016,2024-08-24 16:14:10,페달
SPB-47997,2024-08-24 16:15:35,타이어 
SPB-55136,2024-08-24 16:17:13,타이어 
SPB-36003,2024-08-24 16:24:29,체인
SPB-37555,2024-08-24 16:25:03,페달
SPB-63196,2024-08-24 16:29:29,타이어 
SPB-32486,2024-08-24 16:37:46,체인
SPB-70281,2024-08-24 16:39:06,체인
SPB-43900,2024-08-24 16:44:09,체인
SPB-63324,2024-08-24 16:44:12,체인
SPB-66553,2024-08-24 16:44:24,기타 
SPB-32783,2024-08-24 16:45:41,타이어 
SPB-54007,2024-08-24 16:46:32,페달
SPB-52869,2024-08-24 16:46:48,기타 
SPB-56139,2024-08-24 16:47:29,타이어 
SPB-59570,2024-08-24 16:52:35,타이어 
SPB-46726,2024-08-24 16:57:04,안장
SPB-47505,2024-08-24 16:57:34,타이어 
SPB-34433,2024-08-24 16:57:45,단말기
SPB-60390,2024-08-24 16:58:24,안장
SPB-63535,2024-08-24 16:59:35,기타 
SPB-48807,2024-08-24 17:08:01,기타 
SPB-49406,2024-08-24 17:09:30,타이어 
SPB-39500,2024-08-24 17:09:51,페달
SPB-83298,2024-08-24 17:18:04,체인
SPB-44444,2024-08-24 17:18:12,체인
SPB-66838,2024-08-24 17:19:23,기타 
SPB-58797,2024-08-24 17:31:39,기타 
SPB-61365,2024-08-24 17:33:07,체인
SPB-32557,2024-08-24 17:38:40,페달
SPB-49362,2024-08-24 17:50:37,타이어 
SPB-39621,2024-08-24 17:51:36,타이어 
SPB-54591,2024-08-24 17:59:01,타이어 
SPB-69193,2024-08-24 18:02:55,기타 
SPB-51373,2024-08-24 18:03:01,단말기
SPB-35069,2024-08-24 18:03:21,체인
SPB-65855,2024-08-24 18:11:41,기타 
SPB-44778,2024-08-24 18:18:01,체인
SPB-63036,2024-08-24 18:19:59,타이어 
SPB-37118,2024-08-24 18:21:17,기타 
SPB-34915,2024-08-24 18:23:41,타이어 
SPB-59369,2024-08-24 18:24:12,안장
SPB-58978,2024-08-24 18:28:08,기타 
SPB-64710,2024-08-24 18:32:28,기타 
SPB-50735,2024-08-24 18:44:01,기타 
SPB-50746,2024-08-24 18:50:43,기타 
SPB-58046,2024-08-24 18:52:22,타이어 
SPB-51025,2024-08-24 19:03:32,기타 
SPB-43020,2024-08-24 19:10:08,체인
SPB-56962,2024-08-24 19:10:40,기타 
SPB-52375,2024-08-24 19:11:50,체인
SPB-66776,2024-08-24 19:21:43,타이어 
SPB-38731,2024-08-24 19:21:51,타이어 
SPB-40837,2024-08-24 19:25:07,체인
SPB-63166,2024-08-24 19:29:07,타이어 
SPB-38287,2024-08-24 19:32:18,기타 
SPB-51695,2024-08-24 19:32:34,기타 
SPB-38171,2024-08-24 19:34:40,안장
SPB-36987,2024-08-24 19:35:11,타이어 
SPB-32761,2024-08-24 19:45:53,체인
SPB-50738,2024-08-24 19:52:00,타이어 
SPB-46759,2024-08-24 19:55:31,안장
SPB-61740,2024-08-24 19:55:43,안장
SPB-56397,2024-08-24 19:56:07,체인
SPB-70333,2024-08-24 20:02:49,타이어 
SPB-35337,2024-08-24 20:04:29,페달
SPB-64670,2024-08-24 20:05:58,기타 
SPB-41678,2024-08-24 20:06:50,안장
SPB-52733,2024-08-24 20:11:20,기타 
SPB-47984,2024-08-24 20:15:04,기타 
SPB-56777,2024-08-24 20:15:30,안장
SPB-59448,2024-08-24 20:18:58,기타 
SPB-51197,2024-08-24 20:23:23,체인
SPB-55783,2024-08-24 20:24:45,기타 
SPB-58075,2024-08-24 20:24:48,안장
SPB-84500,2024-08-24 20:36:59,기타 
SPB-57843,2024-08-24 20:41:10,타이어 
SPB-69012,2024-08-24 20:42:29,체인
SPB-47882,2024-08-24 20:43:35,타이어 
SPB-42624,2024-08-24 20:52:19,체인
SPB-40082,2024-08-24 20:52:35,단말기
SPB-64115,2024-08-24 20:54:38,체인
SPB-49168,2024-08-24 20:54:42,페달
SPB-64171,2024-08-24 21:00:53,체인
SPB-43378,2024-08-24 21:03:37,안장
SPB-66406,2024-08-24 21:04:22,타이어 
SPB-70034,2024-08-24 21:06:22,기타 
SPB-56304,2024-08-24 21:07:58,타이어 
SPB-57758,2024-08-24 21:09:45,페달
SPB-47525,2024-08-24 21:09:46,페달
SPB-40411,2024-08-24 21:10:02,안장
SPB-31477,2024-08-24 21:15:33,타이어 
SPB-47757,2024-08-24 21:23:00,기타 
SPB-52780,2024-08-24 21:25:58,페달
SPB-67311,2024-08-24 21:31:10,기타 
SPB-36317,2024-08-24 21:35:04,기타 
SPB-53605,2024-08-24 21:35:49,타이어 
SPB-65172,2024-08-24 21:37:25,기타 
SPB-46538,2024-08-24 21:37:49,안장
SPB-59067,2024-08-24 21:42:29,안장
SPB-65930,2024-08-24 21:45:31,체인
SPB-36129,2024-08-24 21:45:45,체인
SPB-42987,2024-08-24 21:46:02,체인
SPB-50610,2024-08-24 21:46:38,체인
SPB-55353,2024-08-24 21:47:03,체인
SPB-62910,2024-08-24 21:47:30,안장
SPB-66071,2024-08-24 21:51:10,타이어 
SPB-51180,2024-08-24 21:56:04,페달
SPB-67063,2024-08-24 21:56:28,타이어 
SPB-70324,2024-08-24 21:59:54,체인
SPB-57229,2024-08-24 22:03:20,안장
SPB-67356,2024-08-24 22:03:56,체인
SPB-35042,2024-08-24 22:09:13,체인
SPB-63399,2024-08-24 22:09:34,타이어 
SPB-69034,2024-08-24 22:10:38,체인
SPB-69711,2024-08-24 22:10:48,체인
SPB-70235,2024-08-24 22:11:45,기타 
SPB-56672,2024-08-24 22:14:35,타이어 
SPB-30759,2024-08-24 22:17:06,페달
SPB-53516,2024-08-24 22:18:18,타이어 
SPB-66136,2024-08-24 22:26:31,체인
SPB-35533,2024-08-24 22:27:05,타이어 
SPB-66447,2024-08-24 22:29:34,체인
SPB-59956,2024-08-24 22:38:00,페달
SPB-57486,2024-08-24 22:40:03,체인
SPB-69826,2024-08-24 22:49:43,페달
SPB-30066,2024-08-24 22:51:04,체인
SPB-31584,2024-08-24 22:51:59,체인
SPB-46890,2024-08-24 22:52:04,체인
SPB-69925,2024-08-24 22:58:35,타이어 
SPB-53084,2024-08-24 23:09:23,페달
SPB-59643,2024-08-24 23:12:56,기타 
SPB-64695,2024-08-24 23:13:06,체인
SPB-58792,2024-08-24 23:32:55,체인
SPB-36605,2024-08-24 23:38:11,안장
SPB-41886,2024-08-24 23:40:43,체인
SPB-70487,2024-08-24 23:53:27,기타 
SPB-69735,2024-08-24 23:59:24,체인
SPB-54756,2024-08-25 00:03:05,체인
SPB-45994,2024-08-25 00:08:25,체인
SPB-68756,2024-08-25 00:09:50,기타 
SPB-57926,2024-08-25 00:39:57,타이어 
SPB-58226,2024-08-25 00:55:07,단말기
SPB-54973,2024-08-25 01:20:29,타이어 
SPB-65871,2024-08-25 01:37:22,타이어 
SPB-45766,2024-08-25 02:15:08,페달
SPB-65361,2024-08-25 02:26:03,타이어 
SPB-59341,2024-08-25 02:31:52,체인
SPB-43302,2024-08-25 02:45:29,체인
SPB-57707,2024-08-25 02:46:26,단말기
SPB-41900,2024-08-25 03:27:16,기타 
SPB-58646,2024-08-25 03:35:23,타이어 
SPB-38631,2024-08-25 03:35:41,타이어 
SPB-46800,2024-08-25 03:55:34,안장
SPB-40393,2024-08-25 04:05:16,기타 
SPB-37777,2024-08-25 04:08:43,체인
SPB-59190,2024-08-25 04:13:11,타이어 
SPB-63509,2024-08-25 04:23:37,체인
SPB-56462,2024-08-25 04:24:40,기타 
SPB-44240,2024-08-25 04:42:38,페달
SPB-61395,2024-08-25 05:12:15,타이어 
SPB-48122,2024-08-25 05:18:26,기타 
SPB-64861,2024-08-25 05:34:01,기타 
SPB-48713,2024-08-25 05:38:11,기타 
SPB-52799,2024-08-25 05:58:15,기타 
SPB-30242,2024-08-25 05:59:55,안장
SPB-31419,2024-08-25 06:16:45,타이어 
SPB-59743,2024-08-25 06:33:13,기타 
SPB-36981,2024-08-25 06:33:46,체인
SPB-67765,2024-08-25 06:44:12,안장
SPB-60487,2024-08-25 06:45:59,체인
SPB-45579,2024-08-25 06:52:49,안장
SPB-33263,2024-08-25 07:01:04,페달
SPB-54490,2024-08-25 07:08:42,타이어 
SPB-67096,2024-08-25 07:11:05,체인
SPB-50459,2024-08-25 07:13:09,타이어 
SPB-41806,2024-08-25 07:26:33,체인
SPB-81459,2024-08-25 07:37:05,안장
SPB-58543,2024-08-25 07:49:42,타이어 
SPB-37026,2024-08-25 07:57:22,타이어 
SPB-64769,2024-08-25 08:07:50,페달
SPB-30184,2024-08-25 08:10:59,페달
SPB-56571,2024-08-25 08:14:43,타이어 
SPB-65259,2024-08-25 08:16:19,체인
SPB-50112,2024-08-25 08:27:42,페달
SPB-68496,2024-08-25 08:32:13,타이어 
SPB-34390,2024-08-25 08:33:59,안장
SPB-30883,2024-08-25 08:46:53,타이어 
SPB-32499,2024-08-25 08:53:17,타이어 
SPB-41831,2024-08-25 08:53:37,체인
SPB-69517,2024-08-25 08:53:57,체인
SPB-65247,2024-08-25 08:58:56,기타 
SPB-59958,2024-08-25 09:05:30,타이어 
SPB-54836,2024-08-25 09:06:37,타이어 
SPB-69544,2024-08-25 09:17:14,기타 
SPB-58319,2024-08-25 09:18:36,체인
SPB-41162,2024-08-25 09:26:19,타이어 
SPB-43011,2024-08-25 09:26:55,체인
SPB-70394,2024-08-25 09:34:50,체인
SPB-62692,2024-08-25 09:35:35,기타 
SPB-44618,2024-08-25 09:47:55,기타 
SPB-62848,2024-08-25 10:01:26,기타 
SPB-69191,2024-08-25 10:02:36,타이어 
SPB-46085,2024-08-25 10:16:59,기타 
SPB-62796,2024-08-25 10:20:22,기타 
SPB-63505,2024-08-25 10:28:57,기타 
SPB-69874,2024-08-25 10:31:29,체인
SPB-59776,2024-08-25 10:37:14,타이어 
SPB-31469,2024-08-25 10:41:23,안장
SPB-35304,2024-08-25 10:46:01,타이어 
SPB-61072,2024-08-25 10:48:34,체인
SPB-59550,2024-08-25 10:52:14,체인
SPB-67507,2024-08-25 10:52:15,페달
SPB-46493,2024-08-25 10:55:49,안장
SPB-82783,2024-08-25 11:02:19,기타 
SPB-63551,2024-08-25 11:11:25,타이어 
SPB-65045,2024-08-25 11:18:27,체인
SPB-42561,2024-08-25 11:23:44,타이어 
SPB-65109,2024-08-25 11:26:00,타이어 
SPB-55715,2024-08-25 11:26:47,타이어 
SPB-40983,2024-08-25 11:29:48,체인
SPB-45608,2024-08-25 11:33:13,안장
SPB-58938,2024-08-25 11:35:12,타이어 
SPB-67707,2024-08-25 11:38:52,타이어 
SPB-46522,2024-08-25 11:38:59,기타 
SPB-45104,2024-08-25 11:46:05,체인
SPB-41582,2024-08-25 11:56:11,기타 
SPB-53515,2024-08-25 12:00:58,안장
SPB-32688,2024-08-25 12:02:06,기타 
SPB-70034,2024-08-25 12:02:56,기타 
SPB-63792,2024-08-25 12:03:34,타이어 
SPB-53965,2024-08-25 12:12:09,타이어 
SPB-42464,2024-08-25 12:19:11,타이어 
SPB-38858,2024-08-25 12:20:58,기타 
SPB-39168,2024-08-25 12:21:10,안장
SPB-68916,2024-08-25 12:28:56,타이어 
SPB-61957,2024-08-25 12:33:23,타이어 
SPB-53080,2024-08-25 12:35:35,체인
SPB-64187,2024-08-25 12:41:33,기타 
SPB-50650,2024-08-25 12:42:01,페달
SPB-67902,2024-08-25 12:46:45,타이어 
SPB-62970,2024-08-25 12:51:48,기타 
SPB-36900,2024-08-25 13:02:31,체인
SPB-59121,2024-08-25 13:13:44,안장
SPB-55007,2024-08-25 13:14:34,단말기
SPB-63311,2024-08-25 13:16:56,타이어 
SPB-30992,2024-08-25 13:22:41,안장
SPB-62792,2024-08-25 13:28:15,타이어 
SPB-44278,2024-08-25 13:31:32,타이어 
SPB-66154,2024-08-25 13:32:43,체인
SPB-69569,2024-08-25 13:33:01,타이어 
SPB-56684,2024-08-25 13:43:47,기타 
SPB-61949,2024-08-25 13:48:33,타이어 
SPB-48690,2024-08-25 13:49:57,타이어 
SPB-56271,2024-08-25 13:58:29,페달
SPB-57408,2024-08-25 13:59:17,페달
SPB-66127,2024-08-25 14:00:23,타이어 
SPB-62988,2024-08-25 14:03:29,페달
SPB-58677,2024-08-25 14:03:40,기타 
SPB-64535,2024-08-25 14:05:12,기타 
SPB-63044,2024-08-25 14:10:29,체인
SPB-70010,2024-08-25 14:12:10,체인
SPB-32777,2024-08-25 14:14:56,타이어 
SPB-30721,2024-08-25 14:21:33,타이어 
SPB-58351,2024-08-25 14:26:10,타이어 
SPB-60631,2024-08-25 14:32:14,체인
SPB-61495,2024-08-25 14:42:25,기타 
SPB-56618,2024-08-25 14:45:34,타이어 
SPB-46680,2024-08-25 14:51:35,단말기
SPB-44865,2024-08-25 14:52:14,단말기
SPB-66757,2024-08-25 14:53:23,기타 
SPB-53571,2024-08-25 15:03:26,타이어 
SPB-43864,2024-08-25 15:03:28,안장
SPB-53630,2024-08-25 15:06:28,기타 
SPB-39584,2024-08-25 15:08:17,타이어 
SPB-41660,2024-08-25 15:09:22,체인
SPB-48749,2024-08-25 15:10:08,기타 
SPB-67682,2024-08-25 15:14:32,타이어 
SPB-32718,2024-08-25 15:15:03,페달
SPB-68599,2024-08-25 15:18:39,타이어 
SPB-67712,2024-08-25 15:25:06,타이어 
SPB-65488,2024-08-25 15:35:24,타이어 
SPB-44228,2024-08-25 15:35:28,안장
SPB-67334,2024-08-25 15:44:44,타이어 
SPB-66732,2024-08-25 15:49:11,체인
SPB-43508,2024-08-25 15:50:41,타이어 
SPB-54049,2024-08-25 15:53:30,타이어 
SPB-52609,2024-08-25 15:55:13,단말기
SPB-55179,2024-08-25 15:58:42,타이어 
SPB-48373,2024-08-25 16:04:49,체인
SPB-61630,2024-08-25 16:21:00,페달
SPB-66611,2024-08-25 16:22:45,기타 
SPB-64861,2024-08-25 16:23:33,타이어 
SPB-57144,2024-08-25 16:32:13,페달
SPB-58595,2024-08-25 16:33:43,타이어 
SPB-65930,2024-08-25 16:35:26,타이어 
SPB-59201,2024-08-25 16:35:32,타이어 
SPB-36129,2024-08-25 16:35:41,타이어 
SPB-42421,2024-08-25 16:39:51,페달
SPB-34559,2024-08-25 16:41:15,체인
SPB-64894,2024-08-25 16:52:57,타이어 
SPB-36549,2024-08-25 17:03:46,체인
SPB-38166,2024-08-25 17:07:08,안장
SPB-69381,2024-08-25 17:08:55,타이어 
SPB-59315,2024-08-25 17:09:40,페달
SPB-70171,2024-08-25 17:10:43,타이어 
SPB-65498,2024-08-25 17:11:02,타이어 
SPB-65146,2024-08-25 17:14:43,체인
SPB-43813,2024-08-25 17:15:02,타이어 
SPB-63872,2024-08-25 17:16:13,타이어 
SPB-53523,2024-08-25 17:18:12,페달
SPB-44292,2024-08-25 17:21:59,기타 
SPB-52734,2024-08-25 17:22:33,타이어 
SPB-51373,2024-08-25 17:22:58,페달
SPB-44589,2024-08-25 17:24:04,체인
SPB-50950,2024-08-25 17:29:04,체인
SPB-58246,2024-08-25 17:33:12,체인
SPB-39671,2024-08-25 17:36:06,체인
SPB-67938,2024-08-25 17:37:08,체인
SPB-67661,2024-08-25 17:37:14,타이어 
SPB-51591,2024-08-25 17:38:10,페달
SPB-69976,2024-08-25 17:42:29,체인
SPB-58736,2024-08-25 17:55:26,타이어 
SPB-44917,2024-08-25 17:55:33,기타 
SPB-38759,2024-08-25 18:03:50,안장
SPB-44526,2024-08-25 18:04:03,체인
SPB-62134,2024-08-25 18:06:22,안장
SPB-56551,2024-08-25 18:08:54,타이어 
SPB-66979,2024-08-25 18:14:04,타이어 
SPB-34478,2024-08-25 18:17:03,체인
SPB-53071,2024-08-25 18:21:20,페달
SPB-65971,2024-08-25 18:21:44,체인
SPB-61100,2024-08-25 18:21:59,타이어 
SPB-33673,2024-08-25 18:25:32,기타 
SPB-57332,2024-08-25 18:26:54,안장
SPB-52111,2024-08-25 18:28:20,안장
SPB-52240,2024-08-25 18:29:06,체인
SPB-66227,2024-08-25 18:32:12,기타 
SPB-44237,2024-08-25 18:34:59,타이어 
SPB-46467,2024-08-25 18:35:52,기타 
SPB-53542,2024-08-25 18:39:45,페달
SPB-64607,2024-08-25 18:39:51,타이어 
SPB-40278,2024-08-25 18:51:07,안장
SPB-41492,2024-08-25 18:58:09,체인
SPB-41180,2024-08-25 18:58:39,타이어 
SPB-47924,2024-08-25 18:59:43,체인
SPB-32504,2024-08-25 19:00:40,기타 
SPB-44517,2024-08-25 19:02:38,체인
SPB-57844,2024-08-25 19:17:44,체인
SPB-46931,2024-08-25 19:18:58,체인
SPB-54709,2024-08-25 19:23:10,페달
SPB-39748,2024-08-25 19:23:11,안장
SPB-30740,2024-08-25 19:23:32,단말기
SPB-39846,2024-08-25 19:33:10,체인
SPB-46064,2024-08-25 19:39:33,체인
SPB-59553,2024-08-25 19:41:11,페달
SPB-54182,2024-08-25 19:41:21,기타 
SPB-47531,2024-08-25 19:42:13,체인
SPB-32191,2024-08-25 19:45:36,안장
SPB-56504,2024-08-25 19:47:18,안장
SPB-48299,2024-08-25 19:49:10,단말기
SPB-57682,2024-08-25 19:49:33,체인
SPB-56434,2024-08-25 19:52:40,기타 
SPB-52390,2024-08-25 19:56:11,체인
SPB-59794,2024-08-25 19:59:45,기타 
SPB-60787,2024-08-25 20:00:06,체인
SPB-66115,2024-08-25 20:07:25,기타 
SPB-46485,2024-08-25 20:09:34,기타 
SPB-66800,2024-08-25 20:14:10,체인
SPB-82048,2024-08-25 20:15:32,기타 
SPB-40864,2024-08-25 20:16:03,안장
SPB-39932,2024-08-25 20:17:19,페달
SPB-57562,2024-08-25 20:19:41,체인
SPB-40248,2024-08-25 20:19:43,타이어 
SPB-67516,2024-08-25 20:20:08,안장
SPB-47890,2024-08-25 20:26:10,타이어 
SPB-61599,2024-08-25 20:27:45,페달
SPB-65380,2024-08-25 20:29:54,단말기
SPB-65433,2024-08-25 20:30:48,기타 
SPB-38337,2024-08-25 20:33:41,기타 
SPB-57972,2024-08-25 20:35:14,기타 
SPB-31997,2024-08-25 20:42:51,체인
SPB-64865,2024-08-25 20:42:59,체인
SPB-42144,2024-08-25 20:43:07,타이어 
SPB-55770,2024-08-25 20:48:28,체인
SPB-67158,2024-08-25 20:51:13,안장
SPB-60664,2024-08-25 20:52:43,단말기
SPB-33651,2024-08-25 20:52:49,타이어 
SPB-63795,2024-08-25 20:53:02,단말기
SPB-58552,2024-08-25 20:54:36,페달
SPB-68099,2024-08-25 20:55:12,기타 
SPB-34132,2024-08-25 20:56:49,타이어 
SPB-35338,2024-08-25 20:59:59,안장
SPB-31743,2024-08-25 21:00:25,타이어 
SPB-65256,2024-08-25 21:01:44,타이어 
SPB-65087,2024-08-25 21:02:35,단말기
SPB-64045,2024-08-25 21:05:11,타이어 
SPB-49143,2024-08-25 21:06:33,기타 
SPB-50658,2024-08-25 21:15:34,체인
SPB-56480,2024-08-25 21:18:35,안장
SPB-65586,2024-08-25 21:20:38,타이어 
SPB-67408,2024-08-25 21:21:12,타이어 
SPB-60237,2024-08-25 21:23:58,안장
SPB-43744,2024-08-25 21:24:30,기타 
SPB-50911,2024-08-25 21:27:08,기타 
SPB-47295,2024-08-25 21:27:18,체인
SPB-46071,2024-08-25 21:28:23,체인
SPB-31531,2024-08-25 21:29:10,기타 
SPB-57284,2024-08-25 21:33:27,안장
SPB-56778,2024-08-25 21:40:30,기타 
SPB-31544,2024-08-25 21:43:11,체인
SPB-43305,2024-08-25 21:46:06,안장
SPB-53711,2024-08-25 21:47:17,기타 
SPB-70123,2024-08-25 21:48:19,체인
SPB-57916,2024-08-25 21:48:19,타이어 
SPB-50422,2024-08-25 21:50:20,안장
SPB-62615,2024-08-25 21:50:59,페달
SPB-69076,2024-08-25 21:52:30,체인
SPB-35054,2024-08-25 21:56:00,체인
SPB-69498,2024-08-25 21:59:17,체인
SPB-44552,2024-08-25 22:02:41,안장
SPB-60438,2024-08-25 22:07:37,타이어 
SPB-59111,2024-08-25 22:07:56,페달
SPB-70135,2024-08-25 22:22:06,체인
SPB-47926,2024-08-25 22:24:10,체인
SPB-31659,2024-08-25 22:30:37,체인
SPB-31691,2024-08-25 22:35:47,페달
SPB-60692,2024-08-25 22:47:09,체인
SPB-53131,2024-08-25 22:50:02,단말기
SPB-58251,2024-08-25 22:51:22,단말기
SPB-66127,2024-08-25 22:54:51,타이어 
SPB-34116,2024-08-25 23:00:12,안장
SPB-44444,2024-08-25 23:10:55,체인
SPB-67834,2024-08-25 23:22:11,기타 
SPB-66512,2024-08-25 23:46:27,체인
SPB-59211,2024-08-25 23:46:38,기타 
SPB-69375,2024-08-25 23:50:15,체인
SPB-60330,2024-08-25 23:51:51,안장
SPB-63508,2024-08-25 23:53:20,기타 
SPB-65025,2024-08-25 23:56:35,단말기
SPB-69353,2024-08-25 23:59:44,타이어 
SPB-40568,2024-08-26 00:05:38,안장
SPB-39402,2024-08-26 00:17:36,안장
SPB-45178,2024-08-26 00:20:31,타이어 
SPB-65993,2024-08-26 00:26:08,타이어 
SPB-69417,2024-08-26 00:37:30,체인
SPB-44994,2024-08-26 00:56:30,타이어 
SPB-30864,2024-08-26 00:57:43,타이어 
SPB-61113,2024-08-26 01:04:33,체인
SPB-67492,2024-08-26 01:09:59,단말기
SPB-35059,2024-08-26 02:12:42,체인
SPB-35370,2024-08-26 02:21:43,기타 
SPB-64860,2024-08-26 02:22:32,타이어 
SPB-54989,2024-08-26 02:41:49,타이어 
SPB-52331,2024-08-26 02:46:53,체인
SPB-37140,2024-08-26 02:59:05,타이어 
SPB-32227,2024-08-26 03:05:08,타이어 
SPB-69585,2024-08-26 03:24:37,체인
SPB-30541,2024-08-26 03:31:05,기타 
SPB-37447,2024-08-26 04:12:10,타이어 
SPB-52402,2024-08-26 04:59:00,페달
SPB-64340,2024-08-26 05:09:36,페달
SPB-47039,2024-08-26 05:29:48,체인
SPB-30479,2024-08-26 05:30:19,체인
SPB-48896,2024-08-26 05:32:19,타이어 
SPB-32565,2024-08-26 05:48:52,타이어 
SPB-42549,2024-08-26 05:58:56,기타 
SPB-51450,2024-08-26 05:59:39,타이어 
SPB-48269,2024-08-26 06:03:01,기타 
SPB-53296,2024-08-26 06:05:27,체인
SPB-47260,2024-08-26 06:09:50,기타 
SPB-66925,2024-08-26 06:17:18,타이어 
SPB-64323,2024-08-26 06:28:55,체인
SPB-53550,2024-08-26 06:37:10,체인
SPB-68372,2024-08-26 06:43:48,체인
SPB-51753,2024-08-26 06:43:59,기타 
SPB-30041,2024-08-26 06:48:45,타이어 
SPB-50637,2024-08-26 06:51:41,체인
SPB-70239,2024-08-26 06:53:25,페달
SPB-42301,2024-08-26 06:54:11,타이어 
SPB-64629,2024-08-26 06:57:06,타이어 
SPB-53939,2024-08-26 06:57:26,체인
SPB-54958,2024-08-26 07:02:05,체인
SPB-51831,2024-08-26 07:05:19,기타 
SPB-66142,2024-08-26 07:07:34,기타 
SPB-32151,2024-08-26 07:09:33,단말기
SPB-47837,2024-08-26 07:10:24,기타 
SPB-59087,2024-08-26 07:10:54,단말기
SPB-46248,2024-08-26 07:15:37,체인
SPB-45677,2024-08-26 07:16:18,단말기
SPB-31740,2024-08-26 07:17:01,기타 
SPB-49219,2024-08-26 07:18:40,타이어 
SPB-49014,2024-08-26 07:19:18,타이어 
SPB-66768,2024-08-26 07:20:31,타이어 
SPB-65856,2024-08-26 07:20:52,기타 
SPB-60658,2024-08-26 07:24:29,체인
SPB-46498,2024-08-26 07:25:38,타이어 
SPB-41476,2024-08-26 07:27:17,체인
SPB-52389,2024-08-26 07:30:23,페달
SPB-64839,2024-08-26 07:32:04,타이어 
SPB-47502,2024-08-26 07:32:48,타이어 
SPB-60779,2024-08-26 07:33:17,타이어 
SPB-35352,2024-08-26 07:34:56,체인
SPB-61770,2024-08-26 07:36:08,체인
SPB-60167,2024-08-26 07:37:14,기타 
SPB-52121,2024-08-26 07:38:44,타이어 
SPB-59855,2024-08-26 07:39:47,타이어 
SPB-66006,2024-08-26 07:40:50,체인
SPB-45484,2024-08-26 07:41:49,체인
SPB-54250,2024-08-26 07:44:05,페달
SPB-62617,2024-08-26 07:46:58,타이어 
SPB-34296,2024-08-26 07:47:12,체인
SPB-53477,2024-08-26 07:47:14,체인
SPB-33499,2024-08-26 07:47:28,안장
SPB-48106,2024-08-26 07:50:51,타이어 
SPB-53616,2024-08-26 07:52:17,타이어 
SPB-51249,2024-08-26 07:52:58,안장
SPB-58179,2024-08-26 07:53:09,기타 
SPB-70079,2024-08-26 07:53:10,체인
SPB-42013,2024-08-26 07:53:41,타이어 
SPB-31671,2024-08-26 07:55:29,타이어 
SPB-44598,2024-08-26 07:56:59,타이어 
SPB-68932,2024-08-26 07:58:05,기타 
SPB-47393,2024-08-26 07:58:20,체인
SPB-63956,2024-08-26 07:58:24,타이어 
SPB-45724,2024-08-26 08:00:15,안장
SPB-63934,2024-08-26 08:02:03,타이어 
SPB-56474,2024-08-26 08:03:41,기타 
SPB-62822,2024-08-26 08:03:45,체인
SPB-40759,2024-08-26 08:04:23,타이어 
SPB-59119,2024-08-26 08:06:25,타이어 
SPB-48111,2024-08-26 08:07:19,체인
SPB-39193,2024-08-26 08:07:34,체인
SPB-69748,2024-08-26 08:08:05,타이어 
SPB-42010,2024-08-26 08:10:26,체인
SPB-56914,2024-08-26 08:10:43,타이어 
SPB-32338,2024-08-26 08:11:48,타이어 
SPB-40317,2024-08-26 08:13:55,체인
SPB-69477,2024-08-26 08:13:56,기타 
SPB-46313,2024-08-26 08:16:34,타이어 
SPB-48824,2024-08-26 08:17:00,타이어 
SPB-37355,2024-08-26 08:18:53,타이어 
SPB-37854,2024-08-26 08:19:51,체인
SPB-70409,2024-08-26 08:20:09,타이어 
SPB-46110,2024-08-26 08:21:44,안장
SPB-63102,2024-08-26 08:23:28,타이어 
SPB-61745,2024-08-26 08:24:43,안장
SPB-69251,2024-08-26 08:25:02,체인
SPB-36238,2024-08-26 08:25:56,타이어 
SPB-40698,2024-08-26 08:27:03,타이어 
SPB-33082,2024-08-26 08:28:50,기타 
SPB-44076,2024-08-26 08:28:58,체인
SPB-49012,2024-08-26 08:29:03,안장
SPB-83480,2024-08-26 08:29:06,단말기
SPB-46095,2024-08-26 08:30:13,체인
SPB-34708,2024-08-26 08:32:11,타이어 
SPB-55160,2024-08-26 08:33:56,기타 
SPB-40963,2024-08-26 08:35:40,단말기
SPB-36373,2024-08-26 08:36:29,타이어 
SPB-59163,2024-08-26 08:37:49,안장
SPB-53454,2024-08-26 08:39:23,타이어 
SPB-66359,2024-08-26 08:40:17,체인
SPB-45328,2024-08-26 08:41:11,체인
SPB-47519,2024-08-26 08:41:20,기타 
SPB-69493,2024-08-26 08:44:53,기타 
SPB-31322,2024-08-26 08:46:03,타이어 
SPB-38499,2024-08-26 08:46:19,페달
SPB-57865,2024-08-26 08:47:22,페달
SPB-56249,2024-08-26 08:50:01,안장
SPB-31855,2024-08-26 08:50:07,체인
SPB-69127,2024-08-26 08:50:20,안장
SPB-35661,2024-08-26 08:52:57,타이어 
SPB-69953,2024-08-26 08:53:54,안장
SPB-53034,2024-08-26 08:54:22,기타 
SPB-48268,2024-08-26 08:54:36,체인
SPB-59881,2024-08-26 08:54:59,기타 
SPB-41749,2024-08-26 08:55:30,체인
SPB-67544,2024-08-26 08:55:52,타이어 
SPB-48736,2024-08-26 08:56:38,페달
SPB-67504,2024-08-26 08:57:26,타이어 
SPB-60591,2024-08-26 08:57:59,타이어 
SPB-44145,2024-08-26 08:58:32,안장
SPB-54393,2024-08-26 09:05:07,기타 
SPB-66550,2024-08-26 09:07:34,체인
SPB-41914,2024-08-26 09:09:08,체인
SPB-40167,2024-08-26 09:11:33,기타 
SPB-57301,2024-08-26 09:11:40,체인
SPB-41893,2024-08-26 09:13:06,체인
SPB-55140,2024-08-26 09:17:34,페달
SPB-40845,2024-08-26 09:17:36,기타 
SPB-31112,2024-08-26 09:19:07,타이어 
SPB-52127,2024-08-26 09:22:53,기타 
SPB-67161,2024-08-26 09:28:15,타이어 
SPB-66193,2024-08-26 09:28:20,단말기
SPB-81722,2024-08-26 09:37:39,타이어 
SPB-57844,2024-08-26 09:37:42,페달
SPB-36603,2024-08-26 09:39:41,기타 
SPB-49499,2024-08-26 09:40:27,기타 
SPB-66014,2024-08-26 09:40:36,타이어 
SPB-46227,2024-08-26 09:41:02,체인
SPB-37479,2024-08-26 09:42:47,기타 
SPB-42613,2024-08-26 09:44:26,체인
SPB-84850,2024-08-26 09:45:05,타이어 
SPB-54203,2024-08-26 09:48:47,기타 
SPB-33894,2024-08-26 09:49:02,타이어 
SPB-31068,2024-08-26 09:50:34,체인
SPB-51247,2024-08-26 09:50:38,기타 
SPB-80363,2024-08-26 09:50:53,타이어 
SPB-30736,2024-08-26 09:52:59,페달
SPB-64885,2024-08-26 09:55:41,기타 
SPB-69842,2024-08-26 09:58:01,단말기
SPB-62043,2024-08-26 09:59:13,타이어 
SPB-37870,2024-08-26 10:04:26,타이어 
SPB-65206,2024-08-26 10:05:19,페달
SPB-52919,2024-08-26 10:12:48,타이어 
SPB-37797,2024-08-26 10:13:55,타이어 
SPB-49528,2024-08-26 10:15:04,타이어 
SPB-45784,2024-08-26 10:23:15,체인
SPB-61790,2024-08-26 10:25:59,타이어 
SPB-60487,2024-08-26 10:29:44,체인
SPB-55592,2024-08-26 10:33:23,타이어 
SPB-63167,2024-08-26 10:37:07,기타 
SPB-55401,2024-08-26 10:39:00,타이어 
SPB-53610,2024-08-26 10:43:39,페달
SPB-34188,2024-08-26 10:58:41,안장
SPB-44917,2024-08-26 11:04:11,기타 
SPB-66743,2024-08-26 11:06:01,타이어 
SPB-52729,2024-08-26 11:13:48,체인
SPB-33811,2024-08-26 11:19:43,타이어 
SPB-65924,2024-08-26 11:25:55,체인
SPB-38443,2024-08-26 11:26:32,안장
SPB-68499,2024-08-26 11:37:19,타이어 
SPB-46761,2024-08-26 11:41:56,체인
SPB-42837,2024-08-26 11:44:43,기타 
SPB-64487,2024-08-26 11:44:46,타이어 
SPB-47947,2024-08-26 11:46:21,페달
SPB-68786,2024-08-26 11:47:15,타이어 
SPB-64314,2024-08-26 11:51:37,타이어 
SPB-38691,2024-08-26 11:54:33,타이어 
SPB-46352,2024-08-26 11:54:43,단말기
SPB-51769,2024-08-26 11:54:53,기타 
SPB-70297,2024-08-26 11:56:02,타이어 
SPB-68507,2024-08-26 11:56:55,기타 
SPB-59300,2024-08-26 11:58:38,체인
SPB-46516,2024-08-26 12:04:58,타이어 
SPB-45044,2024-08-26 12:05:01,안장
SPB-60926,2024-08-26 12:06:28,페달
SPB-57014,2024-08-26 12:10:58,안장
SPB-55000,2024-08-26 12:14:44,타이어 
SPB-54122,2024-08-26 12:15:31,기타 
SPB-45484,2024-08-26 12:17:35,체인
SPB-57147,2024-08-26 12:21:01,체인
SPB-61192,2024-08-26 12:26:40,타이어 
SPB-33412,2024-08-26 12:33:41,체인
SPB-47808,2024-08-26 12:42:05,기타 
SPB-60997,2024-08-26 12:42:07,체인
SPB-37249,2024-08-26 12:43:35,기타 
SPB-34296,2024-08-26 12:50:43,타이어 
SPB-35262,2024-08-26 12:56:47,단말기
SPB-35573,2024-08-26 12:57:37,기타 
SPB-47575,2024-08-26 12:59:40,페달
SPB-34179,2024-08-26 13:04:12,기타 
SPB-33604,2024-08-26 13:15:15,타이어 
SPB-68452,2024-08-26 13:17:55,체인
SPB-32044,2024-08-26 13:19:55,안장
SPB-48015,2024-08-26 13:27:34,체인
SPB-38254,2024-08-26 13:28:15,타이어 
SPB-37560,2024-08-26 13:28:37,안장
SPB-37257,2024-08-26 13:30:06,기타 
SPB-63475,2024-08-26 13:37:27,기타 
SPB-55143,2024-08-26 13:53:57,타이어 
SPB-31132,2024-08-26 13:55:40,페달
SPB-30913,2024-08-26 13:56:04,기타 
SPB-59734,2024-08-26 13:56:45,페달
SPB-68857,2024-08-26 14:00:51,기타 
SPB-44729,2024-08-26 14:04:30,체인
SPB-69437,2024-08-26 14:07:23,타이어 
SPB-62351,2024-08-26 14:08:20,안장
SPB-48247,2024-08-26 14:09:48,안장
SPB-64170,2024-08-26 14:10:54,타이어 
SPB-69816,2024-08-26 14:11:39,기타 
SPB-47372,2024-08-26 14:18:06,페달
SPB-34688,2024-08-26 14:30:40,기타 
SPB-55113,2024-08-26 14:39:13,페달
SPB-80910,2024-08-26 14:39:25,타이어 
SPB-61660,2024-08-26 14:42:51,체인
SPB-42916,2024-08-26 14:49:48,단말기
SPB-31056,2024-08-26 14:51:20,단말기
SPB-81832,2024-08-26 14:54:57,기타 
SPB-66584,2024-08-26 14:56:28,기타 
SPB-32684,2024-08-26 14:57:00,안장
SPB-67026,2024-08-26 14:58:26,체인
SPB-42296,2024-08-26 14:59:24,안장
SPB-37634,2024-08-26 15:00:47,안장
SPB-53442,2024-08-26 15:06:20,타이어 
SPB-66800,2024-08-26 15:13:17,체인
SPB-38206,2024-08-26 15:16:44,타이어 
SPB-59586,2024-08-26 15:26:38,페달
SPB-51344,2024-08-26 15:27:47,기타 
SPB-65426,2024-08-26 15:31:23,타이어 
SPB-38294,2024-08-26 15:38:08,체인
SPB-70491,2024-08-26 15:45:01,타이어 
SPB-45229,2024-08-26 15:50:07,기타 
SPB-48638,2024-08-26 15:50:22,타이어 
SPB-34772,2024-08-26 15:52:48,기타 
SPB-52660,2024-08-26 16:03:13,타이어 
SPB-44689,2024-08-26 16:05:30,기타 
SPB-59984,2024-08-26 16:09:36,타이어 
SPB-33656,2024-08-26 16:10:41,타이어 
SPB-69985,2024-08-26 16:18:12,체인
SPB-41543,2024-08-26 16:20:33,체인
SPB-37374,2024-08-26 16:32:24,기타 
SPB-51414,2024-08-26 16:40:42,기타 
SPB-53801,2024-08-26 16:46:48,타이어 
SPB-33899,2024-08-26 16:52:30,체인
SPB-70318,2024-08-26 16:53:42,기타 
SPB-52402,2024-08-26 17:04:46,체인
SPB-55106,2024-08-26 17:10:52,기타 
SPB-42418,2024-08-26 17:11:37,안장
SPB-57128,2024-08-26 17:14:09,타이어 
SPB-49309,2024-08-26 17:16:50,타이어 
SPB-43934,2024-08-26 17:24:35,기타 
SPB-33084,2024-08-26 17:27:25,타이어 
SPB-61485,2024-08-26 17:27:44,타이어 
SPB-45843,2024-08-26 17:28:48,체인
SPB-43540,2024-08-26 17:35:22,안장
SPB-31671,2024-08-26 17:39:35,체인
SPB-41329,2024-08-26 17:40:20,단말기
SPB-38077,2024-08-26 17:40:34,체인
SPB-68157,2024-08-26 17:46:03,타이어 
SPB-44891,2024-08-26 17:46:49,타이어 
SPB-57849,2024-08-26 17:56:45,페달
SPB-66863,2024-08-26 17:56:47,기타 
SPB-51298,2024-08-26 17:56:56,기타 
SPB-42555,2024-08-26 17:58:45,기타 
SPB-35775,2024-08-26 17:58:48,페달
SPB-54076,2024-08-26 18:01:40,안장
SPB-42731,2024-08-26 18:02:18,체인
SPB-41657,2024-08-26 18:03:16,안장
SPB-65382,2024-08-26 18:04:27,체인
SPB-44431,2024-08-26 18:05:07,체인
SPB-63032,2024-08-26 18:05:27,안장
SPB-63195,2024-08-26 18:07:13,체인
SPB-39372,2024-08-26 18:08:42,기타 
SPB-51890,2024-08-26 18:09:15,타이어 
SPB-47926,2024-08-26 18:11:18,체인
SPB-40813,2024-08-26 18:11:20,안장
SPB-55409,2024-08-26 18:11:55,기타 
SPB-64269,2024-08-26 18:12:36,기타 
SPB-50350,2024-08-26 18:12:46,체인
SPB-51794,2024-08-26 18:14:04,페달
SPB-46845,2024-08-26 18:14:11,기타 
SPB-36546,2024-08-26 18:14:38,타이어 
SPB-47251,2024-08-26 18:15:37,체인
SPB-36448,2024-08-26 18:16:58,체인
SPB-52190,2024-08-26 18:18:47,타이어 
SPB-59649,2024-08-26 18:20:31,기타 
SPB-40177,2024-08-26 18:21:01,안장
SPB-48979,2024-08-26 18:21:23,타이어 
SPB-52211,2024-08-26 18:21:30,기타 
SPB-55823,2024-08-26 18:24:56,타이어 
SPB-68630,2024-08-26 18:26:00,안장
SPB-55621,2024-08-26 18:26:40,타이어 
SPB-31465,2024-08-26 18:27:28,기타 
SPB-59790,2024-08-26 18:27:37,타이어 
SPB-44551,2024-08-26 18:29:46,타이어 
SPB-53211,2024-08-26 18:29:57,체인
SPB-31785,2024-08-26 18:31:24,페달
SPB-39569,2024-08-26 18:32:06,기타 
SPB-69252,2024-08-26 18:32:35,체인
SPB-37536,2024-08-26 18:33:47,타이어 
SPB-68219,2024-08-26 18:34:58,기타 
SPB-44663,2024-08-26 18:35:29,체인
SPB-66262,2024-08-26 18:37:25,타이어 
SPB-40487,2024-08-26 18:37:37,페달
SPB-34350,2024-08-26 18:38:09,페달
SPB-48073,2024-08-26 18:39:03,안장
SPB-44556,2024-08-26 18:39:17,체인
SPB-67268,2024-08-26 18:39:25,체인
SPB-35564,2024-08-26 18:39:25,기타 
SPB-67673,2024-08-26 18:40:32,안장
SPB-52103,2024-08-26 18:42:53,기타 
SPB-49319,2024-08-26 18:43:32,체인
SPB-67132,2024-08-26 18:45:53,기타 
SPB-50156,2024-08-26 18:46:07,페달
SPB-67109,2024-08-26 18:46:37,타이어 
SPB-44577,2024-08-26 18:48:05,체인
SPB-66527,2024-08-26 18:49:29,체인
SPB-52180,2024-08-26 18:49:46,체인
SPB-47794,2024-08-26 18:53:30,체인
SPB-54318,2024-08-26 18:53:52,페달
SPB-51196,2024-08-26 18:55:15,타이어 
SPB-44655,2024-08-26 18:57:27,페달
SPB-30958,2024-08-26 18:57:49,체인
SPB-67284,2024-08-26 18:57:57,기타 
SPB-37935,2024-08-26 18:57:58,타이어 
SPB-43040,2024-08-26 18:59:12,타이어 
SPB-57648,2024-08-26 19:00:28,페달
SPB-66142,2024-08-26 19:01:45,체인
SPB-60950,2024-08-26 19:01:50,체인
SPB-59550,2024-08-26 19:03:29,페달
SPB-51939,2024-08-26 19:06:00,타이어 
SPB-41483,2024-08-26 19:07:35,타이어 
SPB-45692,2024-08-26 19:09:31,기타 
SPB-46520,2024-08-26 19:09:45,단말기
SPB-40260,2024-08-26 19:13:19,타이어 
SPB-51346,2024-08-26 19:13:51,페달
SPB-41526,2024-08-26 19:16:09,기타 
SPB-67850,2024-08-26 19:18:11,페달
SPB-54164,2024-08-26 19:18:15,타이어 
SPB-66404,2024-08-26 19:18:55,체인
SPB-55552,2024-08-26 19:23:48,안장
SPB-54740,2024-08-26 19:24:09,안장
SPB-56375,2024-08-26 19:24:18,기타 
SPB-43072,2024-08-26 19:24:19,체인
SPB-32891,2024-08-26 19:28:11,페달
SPB-66959,2024-08-26 19:29:05,기타 
SPB-63902,2024-08-26 19:30:05,기타 
SPB-50111,2024-08-26 19:30:35,기타 
SPB-53071,2024-08-26 19:35:12,페달
SPB-69656,2024-08-26 19:36:27,체인
SPB-68017,2024-08-26 19:36:33,타이어 
SPB-54768,2024-08-26 19:37:39,기타 
SPB-41886,2024-08-26 19:37:43,페달
SPB-41146,2024-08-26 19:38:46,체인
SPB-57016,2024-08-26 19:39:31,타이어 
SPB-51725,2024-08-26 19:40:04,기타 
SPB-46402,2024-08-26 19:40:52,단말기
SPB-81383,2024-08-26 19:41:12,타이어 
SPB-55202,2024-08-26 19:41:26,타이어 
SPB-31703,2024-08-26 19:42:24,체인
SPB-33673,2024-08-26 19:42:45,단말기
SPB-31700,2024-08-26 19:44:36,타이어 
SPB-51123,2024-08-26 19:44:56,타이어 
SPB-48597,2024-08-26 19:45:02,안장
SPB-49048,2024-08-26 19:46:14,페달
SPB-36217,2024-08-26 19:48:21,기타 
SPB-57156,2024-08-26 19:48:57,체인
SPB-48053,2024-08-26 19:49:12,안장
SPB-32336,2024-08-26 19:54:48,체인
SPB-53515,2024-08-26 19:55:02,안장
SPB-33254,2024-08-26 19:56:34,타이어 
SPB-69329,2024-08-26 20:02:42,안장
SPB-65664,2024-08-26 20:03:41,타이어 
SPB-31294,2024-08-26 20:03:41,체인
SPB-53149,2024-08-26 20:04:07,페달
SPB-45702,2024-08-26 20:06:41,기타 
SPB-69176,2024-08-26 20:06:50,타이어 
SPB-69217,2024-08-26 20:07:24,체인
SPB-59919,2024-08-26 20:08:13,페달
SPB-43572,2024-08-26 20:15:26,타이어 
SPB-32846,2024-08-26 20:18:06,페달
SPB-62081,2024-08-26 20:19:39,단말기
SPB-37916,2024-08-26 20:20:27,안장
SPB-33899,2024-08-26 20:20:45,페달
SPB-67398,2024-08-26 20:20:55,체인
SPB-40494,2024-08-26 20:21:27,체인
SPB-47942,2024-08-26 20:23:20,타이어 
SPB-31190,2024-08-26 20:27:01,페달
SPB-46065,2024-08-26 20:29:05,체인
SPB-46354,2024-08-26 20:30:10,페달
SPB-48655,2024-08-26 20:31:14,체인
SPB-41129,2024-08-26 20:32:16,체인
SPB-63250,2024-08-26 20:33:05,체인
SPB-37739,2024-08-26 20:35:48,안장
SPB-46034,2024-08-26 20:39:09,페달
SPB-42643,2024-08-26 20:39:29,체인
SPB-60003,2024-08-26 20:41:09,페달
SPB-69923,2024-08-26 20:45:18,페달
SPB-30309,2024-08-26 20:46:17,페달
SPB-44690,2024-08-26 20:48:11,체인
SPB-63738,2024-08-26 20:48:28,타이어 
SPB-57295,2024-08-26 20:48:53,타이어 
SPB-37535,2024-08-26 20:49:41,안장
SPB-49012,2024-08-26 20:49:51,안장
SPB-54516,2024-08-26 20:53:17,타이어 
SPB-57947,2024-08-26 20:56:17,타이어 
SPB-54403,2024-08-26 20:57:11,안장
SPB-41188,2024-08-26 20:57:29,안장
SPB-46589,2024-08-26 20:58:38,타이어 
SPB-47962,2024-08-26 20:59:22,안장
SPB-47823,2024-08-26 20:59:24,타이어 
SPB-81807,2024-08-26 21:00:11,타이어 
SPB-59691,2024-08-26 21:00:56,타이어 
SPB-57676,2024-08-26 21:05:10,기타 
SPB-69357,2024-08-26 21:06:06,기타 
SPB-30944,2024-08-26 21:06:36,기타 
SPB-61365,2024-08-26 21:08:05,체인
SPB-33404,2024-08-26 21:08:36,체인
SPB-48838,2024-08-26 21:11:45,기타 
SPB-60981,2024-08-26 21:12:51,기타 
SPB-63873,2024-08-26 21:17:43,타이어 
SPB-83342,2024-08-26 21:19:35,체인
SPB-31213,2024-08-26 21:20:08,기타 
SPB-39236,2024-08-26 21:20:28,안장
SPB-33738,2024-08-26 21:21:13,체인
SPB-70259,2024-08-26 21:25:22,타이어 
SPB-69788,2024-08-26 21:27:17,기타 
SPB-39956,2024-08-26 21:29:05,타이어 
SPB-62550,2024-08-26 21:29:05,안장
SPB-44610,2024-08-26 21:33:29,체인
SPB-51152,2024-08-26 21:34:16,타이어 
SPB-65443,2024-08-26 21:36:49,페달
SPB-61458,2024-08-26 21:37:12,안장
SPB-56356,2024-08-26 21:39:36,페달
SPB-31695,2024-08-26 21:42:12,타이어 
SPB-65079,2024-08-26 21:42:24,단말기
SPB-42704,2024-08-26 21:44:03,타이어 
SPB-60950,2024-08-26 21:46:34,체인
SPB-53523,2024-08-26 21:47:35,체인
SPB-37125,2024-08-26 21:49:08,타이어 
SPB-67590,2024-08-26 21:51:42,단말기
SPB-56630,2024-08-26 21:52:38,페달
SPB-40828,2024-08-26 21:52:52,안장
SPB-67984,2024-08-26 21:54:14,기타 
SPB-66947,2024-08-26 21:55:32,기타 
SPB-61255,2024-08-26 21:56:41,체인
SPB-44265,2024-08-26 21:58:09,안장
SPB-34896,2024-08-26 22:00:36,안장
SPB-50168,2024-08-26 22:01:11,기타 
SPB-57547,2024-08-26 22:02:24,타이어 
SPB-50516,2024-08-26 22:08:04,페달
SPB-31215,2024-08-26 22:08:24,체인
SPB-46246,2024-08-26 22:09:33,타이어 
SPB-67523,2024-08-26 22:11:21,기타 
SPB-37036,2024-08-26 22:12:16,타이어 
SPB-31903,2024-08-26 22:12:25,기타 
SPB-69893,2024-08-26 22:12:26,체인
SPB-32718,2024-08-26 22:12:48,타이어 
SPB-49201,2024-08-26 22:12:50,체인
SPB-65930,2024-08-26 22:12:54,타이어 
SPB-62116,2024-08-26 22:14:16,안장
SPB-57128,2024-08-26 22:16:22,체인
SPB-45571,2024-08-26 22:18:43,체인
SPB-42218,2024-08-26 22:20:02,타이어 
SPB-41198,2024-08-26 22:21:09,기타 
SPB-42780,2024-08-26 22:22:20,안장
SPB-61185,2024-08-26 22:22:38,타이어 
SPB-82443,2024-08-26 22:24:33,타이어 
SPB-55317,2024-08-26 22:25:03,체인
SPB-51682,2024-08-26 22:27:10,기타 
SPB-53270,2024-08-26 22:28:20,타이어 
SPB-38362,2024-08-26 22:33:32,체인
SPB-53261,2024-08-26 22:36:16,안장
SPB-59999,2024-08-26 22:40:00,타이어 
SPB-55074,2024-08-26 22:46:24,타이어 
SPB-45446,2024-08-26 22:46:46,타이어 
SPB-30933,2024-08-26 22:47:45,페달
SPB-51666,2024-08-26 22:53:46,페달
SPB-54164,2024-08-26 22:57:57,체인
SPB-44078,2024-08-26 23:02:03,체인
SPB-66637,2024-08-26 23:02:21,단말기
SPB-67624,2024-08-26 23:03:17,기타 
SPB-32279,2024-08-26 23:04:35,체인
SPB-69928,2024-08-26 23:06:14,체인
SPB-62057,2024-08-26 23:08:25,기타 
SPB-63900,2024-08-26 23:10:33,타이어 
SPB-56796,2024-08-26 23:12:16,페달
SPB-62900,2024-08-26 23:14:46,페달
SPB-34855,2024-08-26 23:18:21,체인
SPB-59736,2024-08-26 23:24:22,기타 
SPB-55313,2024-08-26 23:45:20,안장
SPB-55821,2024-08-26 23:46:54,체인
SPB-48793,2024-08-27 00:12:43,체인
SPB-58647,2024-08-27 00:36:56,기타 
SPB-56071,2024-08-27 00:52:36,체인
SPB-62617,2024-08-27 00:54:11,타이어 
SPB-64884,2024-08-27 01:04:33,타이어 
SPB-61878,2024-08-27 01:37:26,타이어 
SPB-50555,2024-08-27 01:39:40,체인
SPB-41302,2024-08-27 01:58:39,체인
SPB-80690,2024-08-27 02:08:11,체인
SPB-62615,2024-08-27 02:11:56,체인
SPB-49092,2024-08-27 02:31:30,체인
SPB-35466,2024-08-27 03:47:09,체인
SPB-46437,2024-08-27 03:49:05,타이어 
SPB-61660,2024-08-27 04:10:09,체인
SPB-37829,2024-08-27 04:34:46,기타 
SPB-66551,2024-08-27 04:58:08,타이어 
SPB-57961,2024-08-27 05:27:58,체인
SPB-34551,2024-08-27 05:30:41,체인
SPB-58550,2024-08-27 05:38:04,페달
SPB-59923,2024-08-27 05:45:02,체인
SPB-45089,2024-08-27 05:58:10,타이어 
SPB-64401,2024-08-27 06:00:57,안장
SPB-35577,2024-08-27 06:03:32,타이어 
SPB-43024,2024-08-27 06:09:38,안장
SPB-70078,2024-08-27 06:42:22,안장
SPB-30022,2024-08-27 06:42:33,기타 
SPB-33574,2024-08-27 06:43:00,타이어 
SPB-65829,2024-08-27 06:47:03,기타 
SPB-38248,2024-08-27 06:49:30,체인
SPB-64718,2024-08-27 06:51:43,타이어 
SPB-41357,2024-08-27 06:57:31,체인
SPB-69027,2024-08-27 06:59:14,타이어 
SPB-65954,2024-08-27 07:02:06,기타 
SPB-57814,2024-08-27 07:06:38,타이어 
SPB-32938,2024-08-27 07:10:15,타이어 
SPB-33548,2024-08-27 07:12:41,기타 
SPB-66447,2024-08-27 07:14:25,체인
SPB-34831,2024-08-27 07:15:06,타이어 
SPB-47512,2024-08-27 07:15:50,타이어 
SPB-40577,2024-08-27 07:16:01,타이어 
SPB-40595,2024-08-27 07:21:41,체인
SPB-31460,2024-08-27 07:21:44,체인
SPB-66611,2024-08-27 07:23:21,체인
SPB-41077,2024-08-27 07:29:12,타이어 
SPB-51718,2024-08-27 07:30:20,페달
SPB-51714,2024-08-27 07:33:28,체인
SPB-62995,2024-08-27 07:37:55,기타 
SPB-68448,2024-08-27 07:39:49,타이어 
SPB-41650,2024-08-27 07:40:07,페달
SPB-70185,2024-08-27 07:42:58,타이어 
SPB-38265,2024-08-27 07:43:05,타이어 
SPB-54050,2024-08-27 07:43:30,기타 
SPB-59066,2024-08-27 07:44:41,페달
SPB-49052,2024-08-27 07:44:55,기타 
SPB-46873,2024-08-27 07:44:59,안장
SPB-68890,2024-08-27 07:46:34,타이어 
SPB-50495,2024-08-27 07:46:38,타이어 
SPB-54901,2024-08-27 07:46:46,기타 
SPB-63651,2024-08-27 07:49:56,체인
SPB-48887,2024-08-27 07:53:23,기타 
SPB-53859,2024-08-27 07:53:56,타이어 
SPB-41584,2024-08-27 07:55:38,페달
SPB-66305,2024-08-27 07:56:07,체인
SPB-64807,2024-08-27 07:56:37,기타 
SPB-67351,2024-08-27 07:56:51,타이어 
SPB-62911,2024-08-27 07:58:13,타이어 
SPB-43808,2024-08-27 07:59:20,체인
SPB-67384,2024-08-27 08:02:26,타이어 
SPB-61829,2024-08-27 08:03:09,단말기
SPB-41040,2024-08-27 08:05:08,체인
SPB-30724,2024-08-27 08:05:39,기타 
SPB-33865,2024-08-27 08:09:21,페달
SPB-61866,2024-08-27 08:10:04,안장
SPB-53123,2024-08-27 08:17:03,페달
SPB-56522,2024-08-27 08:26:52,페달
SPB-38889,2024-08-27 08:34:23,기타 
SPB-60452,2024-08-27 08:34:53,타이어 
SPB-36242,2024-08-27 08:34:58,안장
SPB-48982,2024-08-27 08:38:17,타이어 
SPB-32349,2024-08-27 08:39:52,체인
SPB-40076,2024-08-27 08:41:58,안장
SPB-53740,2024-08-27 08:42:11,체인
SPB-63588,2024-08-27 08:43:52,안장
SPB-51926,2024-08-27 08:45:29,단말기
SPB-48736,2024-08-27 08:47:05,페달
SPB-63363,2024-08-27 08:47:17,체인
SPB-61487,2024-08-27 08:50:56,타이어 
SPB-61510,2024-08-27 08:51:03,체인
SPB-67432,2024-08-27 08:55:37,타이어 
SPB-47928,2024-08-27 08:56:51,단말기
SPB-56481,2024-08-27 08:57:22,체인
SPB-55611,2024-08-27 09:01:14,안장
SPB-60594,2024-08-27 09:07:03,체인
SPB-61542,2024-08-27 09:16:49,기타 
SPB-63872,2024-08-27 09:35:49,타이어 
SPB-68755,2024-08-27 09:56:15,타이어 
SPB-69527,2024-08-27 10:11:16,기타 
SPB-51489,2024-08-27 10:20:48,타이어 
SPB-46109,2024-08-27 10:31:45,안장
SPB-51201,2024-08-27 10:38:29,안장
SPB-63695,2024-08-27 10:47:01,안장
SPB-68475,2024-08-27 10:47:58,체인
SPB-51001,2024-08-27 10:50:25,타이어 
SPB-81775,2024-08-27 10:55:41,타이어 
SPB-42489,2024-08-27 10:56:59,체인
SPB-46976,2024-08-27 11:00:33,타이어 
SPB-47334,2024-08-27 11:00:35,체인
SPB-68139,2024-08-27 11:01:14,체인
SPB-50753,2024-08-27 11:04:19,페달
SPB-47599,2024-08-27 11:11:28,안장
SPB-83247,2024-08-27 11:11:33,타이어 
SPB-46364,2024-08-27 11:16:26,체인
SPB-43166,2024-08-27 11:24:09,체인
SPB-62847,2024-08-27 11:29:21,안장
SPB-48020,2024-08-27 11:29:41,타이어 
SPB-62914,2024-08-27 11:31:28,타이어 
SPB-51032,2024-08-27 11:35:28,타이어 
SPB-58839,2024-08-27 11:38:30,체인
SPB-51482,2024-08-27 11:38:59,안장
SPB-58727,2024-08-27 11:39:35,타이어 
SPB-51046,2024-08-27 11:47:51,페달
SPB-62816,2024-08-27 12:06:49,안장
SPB-59580,2024-08-27 12:09:20,타이어 
SPB-34390,2024-08-27 12:10:59,타이어 
SPB-30549,2024-08-27 12:26:17,페달
SPB-58029,2024-08-27 12:30:42,기타 
SPB-52205,2024-08-27 12:35:40,체인
SPB-36237,2024-08-27 12:35:56,체인
SPB-36108,2024-08-27 12:42:16,기타 
SPB-63761,2024-08-27 12:45:02,타이어 
SPB-61770,2024-08-27 12:47:10,체인
SPB-63761,2024-08-27 12:50:33,타이어 
SPB-66799,2024-08-27 12:53:45,타이어 
SPB-53624,2024-08-27 12:56:58,기타 
SPB-30933,2024-08-27 12:57:11,페달
SPB-67412,2024-08-27 13:00:30,타이어 
SPB-49155,2024-08-27 13:00:35,기타 
SPB-65859,2024-08-27 13:05:07,타이어 
SPB-40544,2024-08-27 13:12:39,타이어 
SPB-50693,2024-08-27 13:15:17,체인
SPB-57525,2024-08-27 13:17:07,기타 
SPB-36702,2024-08-27 13:19:33,기타 
SPB-43925,2024-08-27 13:20:05,단말기
SPB-33774,2024-08-27 13:23:03,안장
SPB-50698,2024-08-27 13:33:11,기타 
SPB-68342,2024-08-27 13:43:06,타이어 
SPB-54159,2024-08-27 13:44:37,체인
SPB-58487,2024-08-27 13:52:12,단말기
SPB-57108,2024-08-27 13:55:49,페달
SPB-39387,2024-08-27 13:58:10,체인
SPB-46250,2024-08-27 14:00:34,체인
SPB-48751,2024-08-27 14:03:05,페달
SPB-55751,2024-08-27 14:07:56,체인
SPB-69161,2024-08-27 14:12:41,단말기
SPB-51811,2024-08-27 14:12:46,페달
SPB-31132,2024-08-27 14:14:29,체인
SPB-58306,2024-08-27 14:16:24,기타 
SPB-47434,2024-08-27 14:17:49,체인
SPB-61739,2024-08-27 14:19:45,페달
SPB-50839,2024-08-27 14:21:26,페달
SPB-60080,2024-08-27 14:22:03,타이어 
SPB-65743,2024-08-27 14:24:38,타이어 
SPB-41165,2024-08-27 14:25:52,체인
SPB-54751,2024-08-27 14:26:48,기타 
SPB-39782,2024-08-27 14:29:33,체인
SPB-41639,2024-08-27 14:31:41,체인
SPB-31672,2024-08-27 14:34:56,기타 
SPB-46862,2024-08-27 14:35:45,체인
SPB-58704,2024-08-27 14:40:09,페달
SPB-49395,2024-08-27 14:43:42,페달
SPB-50659,2024-08-27 14:44:26,타이어 
SPB-45403,2024-08-27 14:44:38,안장
SPB-59952,2024-08-27 14:45:06,체인
SPB-52595,2024-08-27 14:47:20,안장
SPB-59577,2024-08-27 14:51:51,페달
SPB-50773,2024-08-27 14:55:30,페달
SPB-51058,2024-08-27 15:08:10,페달
SPB-58991,2024-08-27 15:12:21,타이어 
SPB-65671,2024-08-27 15:12:38,안장
SPB-43250,2024-08-27 15:16:44,페달
SPB-34302,2024-08-27 15:17:13,타이어 
SPB-69347,2024-08-27 15:19:42,체인
SPB-59211,2024-08-27 15:22:00,기타 
SPB-62723,2024-08-27 15:22:30,기타 
SPB-59851,2024-08-27 15:22:56,페달
SPB-56409,2024-08-27 15:23:38,페달
SPB-65738,2024-08-27 15:24:06,안장
SPB-45774,2024-08-27 15:29:16,기타 
SPB-33192,2024-08-27 15:31:57,타이어 
SPB-68307,2024-08-27 15:33:31,페달
SPB-43140,2024-08-27 15:36:14,안장
SPB-48240,2024-08-27 15:38:35,타이어 
SPB-37264,2024-08-27 15:38:35,타이어 
SPB-69603,2024-08-27 15:39:07,체인
SPB-66649,2024-08-27 15:40:00,타이어 
SPB-65590,2024-08-27 15:41:04,기타 
SPB-54317,2024-08-27 15:43:34,체인
SPB-38184,2024-08-27 15:44:56,단말기
SPB-62101,2024-08-27 15:46:55,기타 
SPB-48595,2024-08-27 15:54:23,기타 
SPB-69984,2024-08-27 15:54:28,기타 
SPB-31727,2024-08-27 15:57:30,기타 
SPB-50614,2024-08-27 15:58:17,체인
SPB-62805,2024-08-27 16:03:57,단말기
SPB-37890,2024-08-27 16:06:12,안장
SPB-51324,2024-08-27 16:09:56,타이어 
SPB-39829,2024-08-27 16:11:22,타이어 
SPB-67435,2024-08-27 16:13:13,기타 
SPB-62124,2024-08-27 16:14:26,페달
SPB-57868,2024-08-27 16:16:08,페달
SPB-56268,2024-08-27 16:20:50,타이어 
SPB-56745,2024-08-27 16:22:18,페달
SPB-35749,2024-08-27 16:22:26,체인
SPB-30190,2024-08-27 16:22:50,타이어 
SPB-37482,2024-08-27 16:23:53,타이어 
SPB-59691,2024-08-27 16:24:45,타이어 
SPB-58812,2024-08-27 16:26:37,체인
SPB-32218,2024-08-27 16:27:11,타이어 
SPB-36159,2024-08-27 16:30:59,기타 
SPB-48803,2024-08-27 16:31:59,타이어 
SPB-55185,2024-08-27 16:32:45,단말기
SPB-64449,2024-08-27 16:32:48,페달
SPB-67914,2024-08-27 16:38:38,단말기
SPB-67912,2024-08-27 16:40:44,페달
SPB-61280,2024-08-27 16:41:40,체인
SPB-51259,2024-08-27 16:46:08,페달
SPB-32151,2024-08-27 16:49:00,체인
SPB-62961,2024-08-27 16:49:51,타이어 
SPB-48391,2024-08-27 16:56:24,체인
SPB-62615,2024-08-27 16:58:53,체인
SPB-51373,2024-08-27 16:59:15,페달
SPB-46456,2024-08-27 17:02:10,안장
SPB-59251,2024-08-27 17:02:47,페달
SPB-41450,2024-08-27 17:04:54,페달
SPB-43018,2024-08-27 17:06:07,기타 
SPB-69233,2024-08-27 17:06:30,기타 
SPB-34591,2024-08-27 17:07:45,안장
SPB-47926,2024-08-27 17:08:17,체인
SPB-63994,2024-08-27 17:08:59,타이어 
SPB-55982,2024-08-27 17:09:14,페달
SPB-45684,2024-08-27 17:09:54,페달
SPB-38216,2024-08-27 17:09:55,단말기
SPB-69937,2024-08-27 17:11:17,기타 
SPB-57250,2024-08-27 17:11:32,체인
SPB-66599,2024-08-27 17:12:56,기타 
SPB-81463,2024-08-27 17:14:17,타이어 
SPB-38414,2024-08-27 17:15:10,기타 
SPB-56803,2024-08-27 17:15:28,타이어 
SPB-53830,2024-08-27 17:18:13,타이어 
SPB-40077,2024-08-27 17:18:51,타이어 
SPB-57116,2024-08-27 17:20:42,체인
SPB-43040,2024-08-27 17:21:39,타이어 
SPB-65507,2024-08-27 17:23:36,타이어 
SPB-58029,2024-08-27 17:24:30,타이어 
SPB-40889,2024-08-27 17:27:18,체인
SPB-65558,2024-08-27 17:31:45,타이어 
SPB-69707,2024-08-27 17:32:07,타이어 
SPB-59235,2024-08-27 17:32:39,페달
SPB-69022,2024-08-27 17:35:12,체인
SPB-31365,2024-08-27 17:39:16,체인
SPB-46955,2024-08-27 17:41:44,페달
SPB-60742,2024-08-27 17:42:17,체인
SPB-53720,2024-08-27 17:42:30,타이어 
SPB-46837,2024-08-27 17:44:31,기타 
SPB-63256,2024-08-27 17:44:37,타이어 
SPB-32433,2024-08-27 17:44:56,기타 
SPB-65982,2024-08-27 17:45:38,타이어 
SPB-35437,2024-08-27 17:45:47,체인
SPB-57846,2024-08-27 17:47:50,단말기
SPB-53330,2024-08-27 17:48:09,타이어 
SPB-34634,2024-08-27 17:49:13,타이어 
SPB-60428,2024-08-27 17:50:02,체인
SPB-47830,2024-08-27 17:50:20,타이어 
SPB-82900,2024-08-27 17:51:10,타이어 
SPB-44930,2024-08-27 17:51:45,체인
SPB-43770,2024-08-27 17:51:59,안장
SPB-51940,2024-08-27 17:53:11,타이어 
SPB-41146,2024-08-27 17:54:29,체인
SPB-67927,2024-08-27 17:54:29,타이어 
SPB-52854,2024-08-27 17:54:31,체인
SPB-31716,2024-08-27 17:55:24,단말기
SPB-31717,2024-08-27 17:56:45,타이어 
SPB-67937,2024-08-27 17:57:34,체인
SPB-69199,2024-08-27 17:58:51,기타 
SPB-54284,2024-08-27 17:59:24,페달
SPB-37665,2024-08-27 18:01:29,체인
SPB-30896,2024-08-27 18:02:05,기타 
SPB-38163,2024-08-27 18:02:40,체인
SPB-58242,2024-08-27 18:03:14,체인
SPB-31005,2024-08-27 18:04:23,기타 
SPB-37872,2024-08-27 18:06:40,체인
SPB-47582,2024-08-27 18:07:13,타이어 
SPB-47856,2024-08-27 18:07:32,기타 
SPB-38773,2024-08-27 18:07:44,체인
SPB-67100,2024-08-27 18:11:57,체인
SPB-59019,2024-08-27 18:13:23,페달
SPB-51468,2024-08-27 18:13:46,타이어 
SPB-49364,2024-08-27 18:14:36,기타 
SPB-67094,2024-08-27 18:15:32,타이어 
SPB-32707,2024-08-27 18:16:32,체인
SPB-47312,2024-08-27 18:16:53,페달
SPB-52682,2024-08-27 18:16:58,기타 
SPB-30041,2024-08-27 18:17:51,타이어 
SPB-40304,2024-08-27 18:18:11,안장
SPB-52402,2024-08-27 18:18:22,페달
SPB-41305,2024-08-27 18:18:28,안장
SPB-55989,2024-08-27 18:20:06,체인
SPB-45556,2024-08-27 18:20:12,타이어 
SPB-61691,2024-08-27 18:20:12,체인
SPB-45582,2024-08-27 18:20:23,안장
SPB-38618,2024-08-27 18:20:54,타이어 
SPB-55139,2024-08-27 18:21:56,체인
SPB-39588,2024-08-27 18:24:33,체인
SPB-52215,2024-08-27 18:24:44,안장
SPB-56454,2024-08-27 18:25:20,페달
SPB-63394,2024-08-27 18:28:39,기타 
SPB-47424,2024-08-27 18:29:24,기타 
SPB-54212,2024-08-27 18:31:09,체인
SPB-68457,2024-08-27 18:31:13,체인
SPB-39395,2024-08-27 18:33:12,페달
SPB-40750,2024-08-27 18:34:18,안장
SPB-33765,2024-08-27 18:35:43,페달
SPB-33439,2024-08-27 18:36:25,타이어 
SPB-62617,2024-08-27 18:37:14,타이어 
SPB-33537,2024-08-27 18:38:52,타이어 
SPB-38255,2024-08-27 18:39:14,타이어 
SPB-56099,2024-08-27 18:41:18,페달
SPB-69898,2024-08-27 18:41:32,체인
SPB-39059,2024-08-27 18:42:53,체인
SPB-40253,2024-08-27 18:43:19,기타 
SPB-37609,2024-08-27 18:43:44,체인
SPB-47262,2024-08-27 18:44:03,안장
SPB-39141,2024-08-27 18:44:12,체인
SPB-66503,2024-08-27 18:44:36,체인
SPB-60338,2024-08-27 18:44:50,안장
SPB-55248,2024-08-27 18:46:48,단말기
SPB-64812,2024-08-27 18:47:16,기타 
SPB-50346,2024-08-27 18:47:22,안장
SPB-49430,2024-08-27 18:47:29,페달
SPB-30967,2024-08-27 18:48:08,페달
SPB-33777,2024-08-27 18:49:50,페달
SPB-64564,2024-08-27 18:50:29,기타 
SPB-60166,2024-08-27 18:50:52,페달
SPB-40139,2024-08-27 18:52:47,기타 
SPB-66775,2024-08-27 18:53:19,타이어 
SPB-47372,2024-08-27 18:53:36,페달
SPB-56037,2024-08-27 18:53:37,페달
SPB-46305,2024-08-27 18:54:30,기타 
SPB-61991,2024-08-27 18:54:35,타이어 
SPB-61968,2024-08-27 18:54:36,타이어 
SPB-44187,2024-08-27 18:58:04,체인
SPB-65330,2024-08-27 19:00:28,기타 
SPB-65890,2024-08-27 19:08:50,안장
SPB-42487,2024-08-27 19:12:30,타이어 
SPB-36844,2024-08-27 19:12:37,타이어 
SPB-62007,2024-08-27 19:12:50,타이어 
SPB-41215,2024-08-27 19:13:05,안장
SPB-32051,2024-08-27 19:14:02,페달
SPB-46890,2024-08-27 19:17:18,체인
SPB-67562,2024-08-27 19:17:48,타이어 
SPB-39051,2024-08-27 19:18:20,기타 
SPB-36253,2024-08-27 19:18:50,타이어 
SPB-55687,2024-08-27 19:20:04,체인
SPB-54267,2024-08-27 19:21:16,타이어 
SPB-40685,2024-08-27 19:21:17,안장
SPB-59218,2024-08-27 19:21:20,페달
SPB-47781,2024-08-27 19:22:04,안장
SPB-48400,2024-08-27 19:23:58,페달
SPB-33435,2024-08-27 19:24:30,타이어 
SPB-53355,2024-08-27 19:26:45,기타 
SPB-63034,2024-08-27 19:27:07,기타 
SPB-56898,2024-08-27 19:28:13,페달
SPB-58753,2024-08-27 19:29:14,기타 
SPB-60870,2024-08-27 19:29:21,타이어 
SPB-57956,2024-08-27 19:29:59,페달
SPB-44808,2024-08-27 19:30:12,타이어 
SPB-57817,2024-08-27 19:30:21,체인
SPB-30623,2024-08-27 19:30:47,안장
SPB-52927,2024-08-27 19:32:08,단말기
SPB-80816,2024-08-27 19:32:29,기타 
SPB-60283,2024-08-27 19:35:43,안장
SPB-39902,2024-08-27 19:35:45,체인
SPB-47817,2024-08-27 19:36:31,타이어 
SPB-67521,2024-08-27 19:39:21,기타 
SPB-54411,2024-08-27 19:40:09,안장
SPB-53939,2024-08-27 19:41:00,타이어 
SPB-36097,2024-08-27 19:41:57,페달
SPB-54255,2024-08-27 19:45:37,타이어 
SPB-42130,2024-08-27 19:46:17,안장
SPB-31694,2024-08-27 19:47:47,기타 
SPB-40144,2024-08-27 19:50:00,안장
SPB-66248,2024-08-27 19:50:28,기타 
SPB-59040,2024-08-27 19:51:24,체인
SPB-69664,2024-08-27 19:51:57,체인
SPB-60842,2024-08-27 19:52:39,타이어 
SPB-35638,2024-08-27 19:52:57,페달
SPB-50534,2024-08-27 19:53:26,기타 
SPB-44889,2024-08-27 19:53:35,기타 
SPB-56172,2024-08-27 19:54:13,체인
SPB-33578,2024-08-27 19:54:56,타이어 
SPB-43950,2024-08-27 19:57:38,체인
SPB-60984,2024-08-27 19:58:50,타이어 
SPB-63276,2024-08-27 19:59:44,타이어 
SPB-58097,2024-08-27 20:04:24,체인
SPB-63717,2024-08-27 20:04:57,타이어 
SPB-69920,2024-08-27 20:04:57,체인
SPB-39853,2024-08-27 20:09:57,체인
SPB-65900,2024-08-27 20:14:53,안장
SPB-64995,2024-08-27 20:15:51,체인
SPB-53238,2024-08-27 20:16:58,타이어 
SPB-37781,2024-08-27 20:19:59,타이어 
SPB-44277,2024-08-27 20:21:14,안장
SPB-46906,2024-08-27 20:22:50,체인
SPB-57354,2024-08-27 20:24:03,타이어 
SPB-57631,2024-08-27 20:24:21,기타 
SPB-32896,2024-08-27 20:29:19,타이어 
SPB-62597,2024-08-27 20:29:38,기타 
SPB-32775,2024-08-27 20:30:02,타이어 
SPB-38440,2024-08-27 20:30:10,기타 
SPB-31082,2024-08-27 20:31:49,타이어 
SPB-47288,2024-08-27 20:32:04,기타 
SPB-42875,2024-08-27 20:34:46,기타 
SPB-44577,2024-08-27 20:36:49,타이어 
SPB-60539,2024-08-27 20:37:13,안장
SPB-57655,2024-08-27 20:38:01,타이어 
SPB-49152,2024-08-27 20:38:16,타이어 
SPB-50905,2024-08-27 20:38:47,안장
SPB-57007,2024-08-27 20:38:53,체인
SPB-55004,2024-08-27 20:39:20,타이어 
SPB-59606,2024-08-27 20:42:38,페달
SPB-67106,2024-08-27 20:44:08,기타 
SPB-52719,2024-08-27 20:45:12,체인
SPB-62617,2024-08-27 20:45:52,타이어 
SPB-36502,2024-08-27 20:46:08,기타 
SPB-36156,2024-08-27 20:46:50,타이어 
SPB-53110,2024-08-27 20:48:20,기타 
SPB-32081,2024-08-27 20:48:30,체인
SPB-32500,2024-08-27 20:49:21,단말기
SPB-43123,2024-08-27 20:52:42,체인
SPB-48727,2024-08-27 20:55:19,기타 
SPB-50779,2024-08-27 20:56:46,체인
SPB-65735,2024-08-27 20:57:02,체인
SPB-39162,2024-08-27 20:57:15,안장
SPB-57869,2024-08-27 20:57:20,기타 
SPB-60943,2024-08-27 20:58:04,타이어 
SPB-64854,2024-08-27 21:00:32,체인
SPB-48177,2024-08-27 21:00:37,페달
SPB-37584,2024-08-27 21:01:29,체인
SPB-30258,2024-08-27 21:04:40,체인
SPB-84517,2024-08-27 21:08:48,체인
SPB-59696,2024-08-27 21:08:48,체인
SPB-36938,2024-08-27 21:09:24,페달
SPB-36963,2024-08-27 21:09:37,체인
SPB-64654,2024-08-27 21:09:44,체인
SPB-67524,2024-08-27 21:11:04,체인
SPB-67791,2024-08-27 21:12:03,타이어 
SPB-68374,2024-08-27 21:14:02,체인
SPB-54663,2024-08-27 21:15:20,타이어 
SPB-52414,2024-08-27 21:17:01,페달
SPB-65127,2024-08-27 21:17:33,체인
SPB-38944,2024-08-27 21:18:54,체인
SPB-37803,2024-08-27 21:19:02,안장
SPB-59668,2024-08-27 21:20:14,페달
SPB-32165,2024-08-27 21:21:43,체인
SPB-51613,2024-08-27 21:21:56,페달
SPB-59995,2024-08-27 21:22:16,타이어 
SPB-43125,2024-08-27 21:25:29,타이어 
SPB-35209,2024-08-27 21:25:35,타이어 
SPB-38887,2024-08-27 21:27:31,페달
SPB-38779,2024-08-27 21:27:38,체인
SPB-37643,2024-08-27 21:28:56,기타 
SPB-54263,2024-08-27 21:31:58,타이어 
SPB-42931,2024-08-27 21:32:34,타이어 
SPB-54709,2024-08-27 21:33:10,페달
SPB-54326,2024-08-27 21:34:56,기타 
SPB-67635,2024-08-27 21:35:47,안장
SPB-39249,2024-08-27 21:37:12,체인
SPB-64155,2024-08-27 21:38:12,기타 
SPB-40212,2024-08-27 21:39:14,기타 
SPB-69471,2024-08-27 21:39:18,안장
SPB-59777,2024-08-27 21:39:57,페달
SPB-46025,2024-08-27 21:39:57,페달
SPB-51495,2024-08-27 21:40:41,기타 
SPB-46395,2024-08-27 21:41:19,페달
SPB-41858,2024-08-27 21:41:53,체인
SPB-59444,2024-08-27 21:42:54,기타 
SPB-69788,2024-08-27 21:44:14,타이어 
SPB-55955,2024-08-27 21:49:13,페달
SPB-34128,2024-08-27 21:49:39,기타 
SPB-65176,2024-08-27 21:52:30,체인
SPB-44628,2024-08-27 21:55:49,페달
SPB-53461,2024-08-27 22:00:58,체인
SPB-45311,2024-08-27 22:02:02,타이어 
SPB-47916,2024-08-27 22:04:50,안장
SPB-58815,2024-08-27 22:04:56,타이어 
SPB-62751,2024-08-27 22:06:03,페달
SPB-43437,2024-08-27 22:07:38,안장
SPB-40145,2024-08-27 22:09:47,기타 
SPB-37872,2024-08-27 22:09:56,체인
SPB-35790,2024-08-27 22:10:26,기타 
SPB-64337,2024-08-27 22:10:30,타이어 
SPB-47290,2024-08-27 22:11:19,단말기
SPB-56888,2024-08-27 22:11:47,타이어 
SPB-65420,2024-08-27 22:14:44,페달
SPB-56943,2024-08-27 22:18:50,페달
SPB-32211,2024-08-27 22:19:55,체인
SPB-49171,2024-08-27 22:21:12,페달
SPB-52145,2024-08-27 22:22:46,기타 
SPB-66349,2024-08-27 22:23:36,단말기
SPB-61254,2024-08-27 22:24:35,페달
SPB-51703,2024-08-27 22:26:45,체인
SPB-64319,2024-08-27 22:27:26,체인
SPB-67463,2024-08-27 22:28:05,타이어 
SPB-57240,2024-08-27 22:30:31,페달
SPB-64883,2024-08-27 22:31:12,체인
SPB-42164,2024-08-27 22:31:22,체인
SPB-44975,2024-08-27 22:35:25,안장
SPB-54616,2024-08-27 22:36:59,기타 
SPB-30601,2024-08-27 22:38:36,타이어 
SPB-45796,2024-08-27 22:45:31,기타 
SPB-53315,2024-08-27 22:45:37,안장
SPB-45336,2024-08-27 22:49:24,타이어 
SPB-57820,2024-08-27 22:50:02,페달
SPB-65531,2024-08-27 22:52:46,페달
SPB-68186,2024-08-27 22:53:10,안장
SPB-59679,2024-08-27 23:00:37,타이어 
SPB-66085,2024-08-27 23:01:25,단말기
SPB-61660,2024-08-27 23:01:59,체인
SPB-55751,2024-08-27 23:04:24,페달
SPB-61758,2024-08-27 23:06:18,안장
SPB-51786,2024-08-27 23:07:09,페달
SPB-44516,2024-08-27 23:11:26,체인
SPB-67585,2024-08-27 23:11:32,타이어 
SPB-45560,2024-08-27 23:12:17,페달
SPB-61278,2024-08-27 23:13:23,기타 
SPB-67784,2024-08-27 23:17:59,기타 
SPB-50526,2024-08-27 23:19:38,체인
SPB-58365,2024-08-27 23:34:40,체인
SPB-66868,2024-08-27 23:38:56,기타 
SPB-58225,2024-08-27 23:51:49,페달
SPB-57060,2024-08-27 23:52:18,페달
SPB-48115,2024-08-27 23:54:57,타이어 
SPB-37802,2024-08-28 00:07:15,체인
SPB-43632,2024-08-28 00:17:24,체인
SPB-67518,2024-08-28 00:17:37,타이어 
SPB-47170,2024-08-28 00:19:50,체인
SPB-53973,2024-08-28 00:33:31,기타 
SPB-64436,2024-08-28 00:38:03,안장
SPB-47324,2024-08-28 00:54:36,체인
SPB-65288,2024-08-28 00:59:24,체인
SPB-80683,2024-08-28 01:00:14,타이어 
SPB-31047,2024-08-28 01:13:31,기타 
SPB-51422,2024-08-28 01:18:51,안장
SPB-46855,2024-08-28 01:31:47,타이어 
SPB-66505,2024-08-28 01:34:34,안장
SPB-34086,2024-08-28 01:39:08,타이어 
SPB-34852,2024-08-28 02:01:50,타이어 
SPB-65198,2024-08-28 02:18:12,타이어 
SPB-63195,2024-08-28 02:45:17,체인
SPB-50291,2024-08-28 03:56:52,페달
SPB-54649,2024-08-28 04:19:57,단말기
SPB-39460,2024-08-28 04:47:19,타이어 
SPB-66765,2024-08-28 05:08:16,타이어 
SPB-66335,2024-08-28 05:12:39,단말기
SPB-32239,2024-08-28 05:38:00,타이어 
SPB-53750,2024-08-28 05:39:36,타이어 
SPB-44553,2024-08-28 05:45:58,페달
SPB-62777,2024-08-28 05:48:02,페달
SPB-68195,2024-08-28 05:52:17,기타 
SPB-58630,2024-08-28 05:52:28,체인
SPB-64082,2024-08-28 06:04:02,타이어 
SPB-30243,2024-08-28 06:09:53,기타 
SPB-45671,2024-08-28 06:13:59,체인
SPB-60646,2024-08-28 06:15:02,타이어 
SPB-57791,2024-08-28 06:22:09,기타 
SPB-40005,2024-08-28 06:26:37,체인
SPB-47684,2024-08-28 06:27:13,타이어 
SPB-67884,2024-08-28 06:30:43,안장
SPB-37014,2024-08-28 06:32:46,체인
SPB-51994,2024-08-28 06:33:23,체인
SPB-48683,2024-08-28 06:42:45,기타 
SPB-39140,2024-08-28 06:45:13,단말기
SPB-68428,2024-08-28 06:45:15,기타 
SPB-30500,2024-08-28 06:48:52,타이어 
SPB-42195,2024-08-28 06:54:53,기타 
SPB-43552,2024-08-28 06:58:40,체인
SPB-42497,2024-08-28 07:00:46,페달
SPB-65554,2024-08-28 07:05:18,기타 
SPB-38404,2024-08-28 07:07:34,타이어 
SPB-67069,2024-08-28 07:08:57,타이어 
SPB-65155,2024-08-28 07:09:48,타이어 
SPB-34208,2024-08-28 07:15:50,기타 
SPB-47705,2024-08-28 07:17:40,체인
SPB-68208,2024-08-28 07:17:51,단말기
SPB-39341,2024-08-28 07:19:37,페달
SPB-44252,2024-08-28 07:20:07,체인
SPB-48420,2024-08-28 07:21:32,안장
SPB-47746,2024-08-28 07:24:06,체인
SPB-30539,2024-08-28 07:26:47,기타 
SPB-58267,2024-08-28 07:28:19,안장
SPB-67060,2024-08-28 07:29:21,기타 
SPB-48203,2024-08-28 07:29:25,안장
SPB-41416,2024-08-28 07:29:41,안장
SPB-43547,2024-08-28 07:29:55,안장
SPB-40989,2024-08-28 07:31:01,체인
SPB-34364,2024-08-28 07:31:33,페달
SPB-70422,2024-08-28 07:33:54,타이어 
SPB-47528,2024-08-28 07:38:19,타이어 
SPB-43763,2024-08-28 07:41:00,체인
SPB-65816,2024-08-28 07:42:23,타이어 
SPB-33726,2024-08-28 07:42:53,기타 
SPB-49023,2024-08-28 07:52:41,체인
SPB-46880,2024-08-28 07:53:49,기타 
SPB-83581,2024-08-28 07:55:37,기타 
SPB-47435,2024-08-28 07:56:42,기타 
SPB-31136,2024-08-28 07:57:08,기타 
SPB-58040,2024-08-28 07:57:36,페달
SPB-34414,2024-08-28 07:57:53,타이어 
SPB-44954,2024-08-28 07:58:16,안장
SPB-40444,2024-08-28 08:00:59,타이어 
SPB-47320,2024-08-28 08:01:06,체인
SPB-53080,2024-08-28 08:01:54,페달
SPB-51600,2024-08-28 08:02:14,체인
SPB-65091,2024-08-28 08:02:24,타이어 
SPB-33251,2024-08-28 08:04:00,타이어 
SPB-32027,2024-08-28 08:04:48,페달
SPB-50975,2024-08-28 08:05:15,안장
SPB-57026,2024-08-28 08:05:33,타이어 
SPB-38470,2024-08-28 08:05:33,안장
SPB-41965,2024-08-28 08:06:25,체인
SPB-47344,2024-08-28 08:07:45,페달
SPB-63872,2024-08-28 08:08:03,타이어 
SPB-46852,2024-08-28 08:09:11,타이어 
SPB-42796,2024-08-28 08:10:06,타이어 
SPB-47472,2024-08-28 08:10:43,안장
SPB-55961,2024-08-28 08:11:18,기타 
SPB-47451,2024-08-28 08:14:02,타이어 
SPB-70079,2024-08-28 08:14:19,체인
SPB-31153,2024-08-28 08:16:46,단말기
SPB-69049,2024-08-28 08:17:16,타이어 
SPB-61358,2024-08-28 08:18:07,안장
SPB-52127,2024-08-28 08:18:54,체인
SPB-52851,2024-08-28 08:19:55,기타 
SPB-33208,2024-08-28 08:20:30,페달
SPB-63678,2024-08-28 08:20:37,체인
SPB-64192,2024-08-28 08:20:56,타이어 
SPB-46774,2024-08-28 08:21:54,체인
SPB-33856,2024-08-28 08:22:44,타이어 
SPB-39006,2024-08-28 08:22:48,페달
SPB-51481,2024-08-28 08:23:07,타이어 
SPB-37576,2024-08-28 08:24:24,안장
SPB-39286,2024-08-28 08:24:47,안장
SPB-70401,2024-08-28 08:25:03,기타 
SPB-67693,2024-08-28 08:25:53,타이어 
SPB-47347,2024-08-28 08:29:02,단말기
SPB-35916,2024-08-28 08:29:35,안장
SPB-52708,2024-08-28 08:29:56,안장
SPB-50554,2024-08-28 08:30:07,안장
SPB-48579,2024-08-28 08:30:44,타이어 
SPB-60442,2024-08-28 08:32:11,타이어 
SPB-63673,2024-08-28 08:32:24,기타 
SPB-37372,2024-08-28 08:34:13,기타 
SPB-56809,2024-08-28 08:35:44,페달
SPB-42941,2024-08-28 08:35:47,타이어 
SPB-34951,2024-08-28 08:40:10,기타 
SPB-52754,2024-08-28 08:40:19,체인
SPB-38011,2024-08-28 08:40:40,체인
SPB-38132,2024-08-28 08:41:51,타이어 
SPB-63142,2024-08-28 08:43:17,안장
SPB-59196,2024-08-28 08:45:15,타이어 
SPB-30340,2024-08-28 08:45:54,기타 
SPB-66682,2024-08-28 08:46:22,단말기
SPB-51506,2024-08-28 08:47:04,페달
SPB-56434,2024-08-28 08:49:16,타이어 
SPB-56490,2024-08-28 08:50:27,페달
SPB-61513,2024-08-28 08:50:28,체인
SPB-37740,2024-08-28 08:52:11,안장
SPB-66043,2024-08-28 08:52:55,타이어 
SPB-68452,2024-08-28 08:52:59,체인
SPB-48265,2024-08-28 08:53:08,타이어 
SPB-55170,2024-08-28 08:54:05,체인
SPB-31462,2024-08-28 08:55:40,안장
SPB-51425,2024-08-28 08:55:47,페달
SPB-46932,2024-08-28 08:56:05,체인
SPB-52909,2024-08-28 08:56:25,기타 
SPB-67244,2024-08-28 08:57:52,안장
SPB-46491,2024-08-28 08:58:40,기타 
SPB-59614,2024-08-28 08:58:58,체인
SPB-34757,2024-08-28 09:01:56,체인
SPB-47274,2024-08-28 09:02:08,안장
SPB-63059,2024-08-28 09:04:42,체인
SPB-54976,2024-08-28 09:04:45,페달
SPB-50626,2024-08-28 09:09:16,체인
SPB-64069,2024-08-28 09:09:21,타이어 
SPB-33259,2024-08-28 09:09:47,타이어 
SPB-45771,2024-08-28 09:14:01,타이어 
SPB-33926,2024-08-28 09:17:46,기타 
SPB-36286,2024-08-28 09:19:41,타이어 
SPB-68863,2024-08-28 09:20:24,타이어 
SPB-44053,2024-08-28 09:22:29,체인
SPB-54085,2024-08-28 09:23:26,기타 
SPB-67140,2024-08-28 09:23:34,타이어 
SPB-34551,2024-08-28 09:24:29,페달
SPB-60725,2024-08-28 09:25:43,기타 
SPB-57771,2024-08-28 09:26:29,체인
SPB-64963,2024-08-28 09:26:38,타이어 
SPB-39569,2024-08-28 09:29:54,체인
SPB-67111,2024-08-28 09:36:59,기타 
SPB-34114,2024-08-28 09:38:10,타이어 
SPB-41022,2024-08-28 09:43:32,타이어 
SPB-58125,2024-08-28 09:44:50,기타 
SPB-33297,2024-08-28 09:45:36,타이어 
SPB-46892,2024-08-28 09:48:59,체인
SPB-30848,2024-08-28 09:51:52,안장
SPB-62330,2024-08-28 09:56:51,안장
SPB-48096,2024-08-28 09:57:10,타이어 
SPB-69487,2024-08-28 10:04:06,타이어 
SPB-83241,2024-08-28 10:08:47,체인
SPB-40494,2024-08-28 10:14:20,페달
SPB-34828,2024-08-28 10:22:30,체인
SPB-48170,2024-08-28 10:22:38,페달
SPB-61496,2024-08-28 10:35:56,안장
SPB-40333,2024-08-28 10:37:30,체인
SPB-32559,2024-08-28 11:02:28,안장
SPB-58426,2024-08-28 11:08:51,기타 
SPB-33957,2024-08-28 11:21:11,페달
SPB-59586,2024-08-28 11:29:38,페달
SPB-55610,2024-08-28 11:34:51,체인
SPB-45052,2024-08-28 11:40:38,체인
SPB-37643,2024-08-28 11:42:56,기타 
SPB-66327,2024-08-28 11:43:48,기타 
SPB-66601,2024-08-28 11:44:26,타이어 
SPB-45363,2024-08-28 11:45:16,안장
SPB-54208,2024-08-28 11:45:31,체인
SPB-42042,2024-08-28 11:46:25,페달
SPB-61600,2024-08-28 11:46:38,체인
SPB-62921,2024-08-28 11:47:28,페달
SPB-80002,2024-08-28 11:49:48,기타 
SPB-43997,2024-08-28 11:49:53,체인
SPB-55226,2024-08-28 11:53:39,타이어 
SPB-40270,2024-08-28 11:55:16,기타 
SPB-54675,2024-08-28 11:56:53,안장
SPB-36919,2024-08-28 12:03:37,기타 
SPB-59301,2024-08-28 12:07:07,체인
SPB-60828,2024-08-28 12:11:12,페달
SPB-58344,2024-08-28 12:27:47,체인
SPB-70020,2024-08-28 12:30:04,체인
SPB-54318,2024-08-28 12:32:27,페달
SPB-32107,2024-08-28 12:34:04,단말기
SPB-49510,2024-08-28 12:52:19,페달
SPB-47769,2024-08-28 12:52:29,체인
SPB-67711,2024-08-28 12:58:12,타이어 
SPB-62446,2024-08-28 12:58:32,안장
SPB-41057,2024-08-28 12:59:44,단말기
SPB-38102,2024-08-28 13:01:27,기타 
SPB-57289,2024-08-28 13:03:39,기타 
SPB-37784,2024-08-28 13:06:29,타이어 
SPB-32138,2024-08-28 13:06:30,체인
SPB-65523,2024-08-28 13:09:39,기타 
SPB-55594,2024-08-28 13:14:46,페달
SPB-40595,2024-08-28 13:15:15,체인
SPB-47329,2024-08-28 13:15:35,체인
SPB-43068,2024-08-28 13:32:12,안장
SPB-50592,2024-08-28 13:37:38,기타 
SPB-48218,2024-08-28 13:42:35,안장
SPB-59930,2024-08-28 13:56:36,체인
SPB-53736,2024-08-28 13:59:39,페달
SPB-52851,2024-08-28 14:14:29,기타 
SPB-46826,2024-08-28 14:15:21,타이어 
SPB-38281,2024-08-28 14:15:35,기타 
SPB-30124,2024-08-28 14:20:19,안장
SPB-33782,2024-08-28 14:24:41,기타 
SPB-60817,2024-08-28 14:29:37,체인
SPB-44310,2024-08-28 14:37:49,페달
SPB-35359,2024-08-28 14:48:02,체인
SPB-47516,2024-08-28 14:49:19,타이어 
SPB-53990,2024-08-28 14:56:40,기타 
SPB-62921,2024-08-28 15:07:03,페달
SPB-59368,2024-08-28 15:07:09,타이어 
SPB-69746,2024-08-28 15:08:17,타이어 
SPB-82713,2024-08-28 15:16:06,타이어 
SPB-66473,2024-08-28 15:17:50,기타 
SPB-45722,2024-08-28 15:20:45,페달
SPB-31125,2024-08-28 15:22:39,체인
SPB-36323,2024-08-28 15:23:05,안장
SPB-62113,2024-08-28 15:24:18,페달
SPB-64255,2024-08-28 15:24:46,기타 
SPB-70323,2024-08-28 15:42:09,체인
SPB-59835,2024-08-28 15:52:07,타이어 
SPB-50213,2024-08-28 15:52:28,기타 
SPB-64941,2024-08-28 15:59:09,체인
SPB-57869,2024-08-28 16:00:36,체인
SPB-59956,2024-08-28 16:06:21,기타 
SPB-67721,2024-08-28 16:10:39,타이어 
SPB-32842,2024-08-28 16:11:06,기타 
SPB-48961,2024-08-28 16:11:23,체인
SPB-45193,2024-08-28 16:16:26,타이어 
SPB-38367,2024-08-28 16:17:07,체인
SPB-54955,2024-08-28 16:19:14,안장
SPB-66816,2024-08-28 16:21:48,기타 
SPB-65649,2024-08-28 16:26:03,타이어 
SPB-59441,2024-08-28 16:26:17,페달
SPB-38188,2024-08-28 16:30:18,체인
SPB-65149,2024-08-28 16:30:51,타이어 
SPB-52661,2024-08-28 16:33:55,타이어 
SPB-31850,2024-08-28 16:36:23,페달
SPB-56235,2024-08-28 16:36:35,페달
SPB-54848,2024-08-28 16:41:45,기타 
SPB-31374,2024-08-28 16:46:34,타이어 
SPB-70021,2024-08-28 16:47:23,타이어 
SPB-47881,2024-08-28 16:53:08,페달
SPB-64879,2024-08-28 16:54:59,타이어 
SPB-32421,2024-08-28 16:55:11,체인
SPB-33363,2024-08-28 17:01:31,기타 
SPB-43905,2024-08-28 17:02:35,체인
SPB-47525,2024-08-28 17:02:40,페달
SPB-46150,2024-08-28 17:04:24,페달
SPB-37534,2024-08-28 17:04:33,안장
SPB-51810,2024-08-28 17:06:34,기타 
SPB-56809,2024-08-28 17:07:51,페달
SPB-63697,2024-08-28 17:12:10,타이어 
SPB-34391,2024-08-28 17:13:16,체인
SPB-47393,2024-08-28 17:13:17,체인
SPB-39212,2024-08-28 17:13:50,페달
SPB-68866,2024-08-28 17:16:06,체인
SPB-68412,2024-08-28 17:17:26,타이어 
SPB-32504,2024-08-28 17:19:10,기타 
SPB-64711,2024-08-28 17:19:21,타이어 
SPB-61049,2024-08-28 17:20:22,기타 
SPB-53805,2024-08-28 17:23:04,타이어 
SPB-64446,2024-08-28 17:23:50,타이어 
SPB-58487,2024-08-28 17:23:59,타이어 
SPB-53525,2024-08-28 17:26:40,기타 
SPB-59164,2024-08-28 17:27:07,페달
SPB-44556,2024-08-28 17:30:02,타이어 
SPB-53711,2024-08-28 17:30:14,타이어 
SPB-56622,2024-08-28 17:30:31,페달
SPB-56799,2024-08-28 17:30:46,안장
SPB-55359,2024-08-28 17:31:58,페달
SPB-33726,2024-08-28 17:34:02,타이어 
SPB-61448,2024-08-28 17:34:57,단말기
SPB-40646,2024-08-28 17:35:19,기타 
SPB-59458,2024-08-28 17:36:21,페달
SPB-63888,2024-08-28 17:37:03,타이어 
SPB-54954,2024-08-28 17:40:53,안장
SPB-61062,2024-08-28 17:41:22,체인
SPB-54069,2024-08-28 17:42:28,타이어 
SPB-55386,2024-08-28 17:42:28,타이어 
SPB-69027,2024-08-28 17:44:27,타이어 
SPB-33010,2024-08-28 17:46:39,안장
SPB-33203,2024-08-28 17:47:54,타이어 
SPB-47617,2024-08-28 17:47:59,체인
SPB-35187,2024-08-28 17:48:32,체인
SPB-64165,2024-08-28 17:48:51,체인
SPB-35217,2024-08-28 17:49:10,기타 
SPB-64393,2024-08-28 17:49:24,타이어 
SPB-52401,2024-08-28 17:50:35,타이어 
SPB-50065,2024-08-28 17:50:39,타이어 
SPB-33995,2024-08-28 17:50:39,체인
SPB-38034,2024-08-28 17:55:02,체인
SPB-65572,2024-08-28 17:56:10,타이어 
SPB-57273,2024-08-28 17:56:44,안장
SPB-60777,2024-08-28 17:58:10,체인
SPB-58340,2024-08-28 17:58:29,타이어 
SPB-30236,2024-08-28 17:58:38,체인
SPB-47372,2024-08-28 18:03:26,페달
SPB-52105,2024-08-28 18:06:43,체인
SPB-60863,2024-08-28 18:07:33,안장
SPB-58881,2024-08-28 18:07:47,타이어 
SPB-38037,2024-08-28 18:09:16,체인
SPB-32229,2024-08-28 18:09:18,타이어 
SPB-40982,2024-08-28 18:12:02,페달
SPB-46946,2024-08-28 18:12:03,체인
SPB-60846,2024-08-28 18:12:26,체인
SPB-50208,2024-08-28 18:12:52,페달
SPB-57707,2024-08-28 18:14:48,페달
SPB-31969,2024-08-28 18:15:58,타이어 
SPB-58083,2024-08-28 18:17:15,단말기
SPB-56888,2024-08-28 18:17:24,타이어 
SPB-46539,2024-08-28 18:19:01,체인
SPB-65116,2024-08-28 18:19:03,기타 
SPB-44178,2024-08-28 18:19:33,타이어 
SPB-59558,2024-08-28 18:20:16,페달
SPB-55032,2024-08-28 18:20:21,기타 
SPB-59133,2024-08-28 18:20:40,체인
SPB-81510,2024-08-28 18:21:19,기타 
SPB-55732,2024-08-28 18:21:57,기타 
SPB-70093,2024-08-28 18:22:15,타이어 
SPB-53003,2024-08-28 18:23:11,페달
SPB-30692,2024-08-28 18:23:20,안장
SPB-32448,2024-08-28 18:23:55,체인
SPB-60107,2024-08-28 18:24:45,기타 
SPB-54384,2024-08-28 18:24:55,페달
SPB-33499,2024-08-28 18:25:04,체인
SPB-40535,2024-08-28 18:25:05,안장
SPB-54839,2024-08-28 18:25:19,안장
SPB-41006,2024-08-28 18:26:32,안장
SPB-41705,2024-08-28 18:26:38,페달
SPB-64684,2024-08-28 18:26:47,타이어 
SPB-83711,2024-08-28 18:27:09,기타 
SPB-55305,2024-08-28 18:27:19,안장
SPB-58470,2024-08-28 18:28:08,타이어 
SPB-35165,2024-08-28 18:28:49,체인
SPB-34413,2024-08-28 18:28:59,체인
SPB-59550,2024-08-28 18:29:18,페달
SPB-60244,2024-08-28 18:30:01,안장
SPB-33098,2024-08-28 18:31:09,기타 
SPB-60094,2024-08-28 18:32:11,타이어 
SPB-57549,2024-08-28 18:34:24,기타 
SPB-62702,2024-08-28 18:34:33,체인
SPB-39080,2024-08-28 18:34:51,타이어 
SPB-41155,2024-08-28 18:35:00,체인
SPB-55492,2024-08-28 18:36:37,타이어 
SPB-68823,2024-08-28 18:37:35,타이어 
SPB-54137,2024-08-28 18:38:12,안장
SPB-39294,2024-08-28 18:38:32,체인
SPB-59913,2024-08-28 18:39:45,기타 
SPB-62996,2024-08-28 18:39:54,체인
SPB-57758,2024-08-28 18:40:48,페달
SPB-64614,2024-08-28 18:41:10,체인
SPB-48378,2024-08-28 18:41:22,페달
SPB-54178,2024-08-28 18:42:26,타이어 
SPB-53076,2024-08-28 18:43:02,안장
SPB-48234,2024-08-28 18:43:19,기타 
SPB-40367,2024-08-28 18:43:34,타이어 
SPB-39408,2024-08-28 18:46:30,체인
SPB-40425,2024-08-28 18:46:33,체인
SPB-59340,2024-08-28 18:47:30,기타 
SPB-52019,2024-08-28 18:47:31,체인
SPB-67443,2024-08-28 18:49:23,타이어 
SPB-50846,2024-08-28 18:50:37,기타 
SPB-69030,2024-08-28 18:51:47,기타 
SPB-53014,2024-08-28 18:52:14,페달
SPB-62337,2024-08-28 18:52:25,기타 
SPB-39316,2024-08-28 18:55:04,타이어 
SPB-64454,2024-08-28 18:56:32,타이어 
SPB-50296,2024-08-28 18:57:34,페달
SPB-54985,2024-08-28 18:57:58,체인
SPB-60681,2024-08-28 18:58:31,안장
SPB-52848,2024-08-28 18:58:48,페달
SPB-51667,2024-08-28 18:59:02,기타 
SPB-38205,2024-08-28 18:59:32,체인
SPB-64291,2024-08-28 18:59:37,기타 
SPB-35041,2024-08-28 18:59:57,타이어 
SPB-41115,2024-08-28 19:02:18,안장
SPB-62808,2024-08-28 19:02:54,타이어 
SPB-57628,2024-08-28 19:03:11,타이어 
SPB-41642,2024-08-28 19:04:14,기타 
SPB-53070,2024-08-28 19:04:22,체인
SPB-31624,2024-08-28 19:04:25,체인
SPB-61782,2024-08-28 19:05:50,기타 
SPB-40695,2024-08-28 19:06:01,안장
SPB-39258,2024-08-28 19:06:20,안장
SPB-65034,2024-08-28 19:07:06,페달
SPB-44724,2024-08-28 19:07:46,기타 
SPB-63171,2024-08-28 19:08:04,단말기
SPB-59045,2024-08-28 19:11:16,기타 
SPB-41529,2024-08-28 19:13:40,안장
SPB-38483,2024-08-28 19:16:39,체인
SPB-59598,2024-08-28 19:17:17,타이어 
SPB-63510,2024-08-28 19:17:30,타이어 
SPB-57631,2024-08-28 19:20:15,타이어 
SPB-69189,2024-08-28 19:20:30,안장
SPB-58138,2024-08-28 19:20:31,페달
SPB-64877,2024-08-28 19:21:49,타이어 
SPB-56707,2024-08-28 19:22:52,페달
SPB-62239,2024-08-28 19:24:55,타이어 
SPB-34200,2024-08-28 19:26:11,타이어 
SPB-56492,2024-08-28 19:26:26,페달
SPB-46630,2024-08-28 19:27:16,기타 
SPB-51097,2024-08-28 19:27:23,타이어 
SPB-56650,2024-08-28 19:28:25,체인
SPB-53882,2024-08-28 19:29:18,안장
SPB-38744,2024-08-28 19:33:50,기타 
SPB-33548,2024-08-28 19:35:02,기타 
SPB-45347,2024-08-28 19:35:15,체인
SPB-41866,2024-08-28 19:36:20,타이어 
SPB-69084,2024-08-28 19:36:23,타이어 
SPB-62415,2024-08-28 19:38:58,안장
SPB-45926,2024-08-28 19:39:24,안장
SPB-48752,2024-08-28 19:40:28,타이어 
SPB-57217,2024-08-28 19:40:31,페달
SPB-33632,2024-08-28 19:41:29,페달
SPB-57413,2024-08-28 19:42:34,타이어 
SPB-69022,2024-08-28 19:43:59,체인
SPB-30575,2024-08-28 19:45:35,기타 
SPB-31467,2024-08-28 19:46:11,체인
SPB-50707,2024-08-28 19:47:32,타이어 
SPB-47830,2024-08-28 19:49:37,기타 
SPB-60181,2024-08-28 19:51:44,기타 
SPB-53701,2024-08-28 19:54:02,페달
SPB-67096,2024-08-28 19:54:51,체인
SPB-42713,2024-08-28 19:55:41,기타 
SPB-30682,2024-08-28 20:00:40,기타 
SPB-32294,2024-08-28 20:00:47,단말기
SPB-55139,2024-08-28 20:01:36,페달
SPB-60805,2024-08-28 20:01:43,기타 
SPB-61039,2024-08-28 20:04:09,기타 
SPB-34898,2024-08-28 20:04:15,기타 
SPB-30730,2024-08-28 20:05:50,기타 
SPB-69069,2024-08-28 20:08:09,단말기
SPB-57978,2024-08-28 20:08:54,기타 
SPB-53374,2024-08-28 20:09:05,타이어 
SPB-64109,2024-08-28 20:10:50,타이어 
SPB-62977,2024-08-28 20:15:32,기타 
SPB-52492,2024-08-28 20:15:37,체인
SPB-32322,2024-08-28 20:16:51,타이어 
SPB-70106,2024-08-28 20:19:53,단말기
SPB-45539,2024-08-28 20:19:56,기타 
SPB-45217,2024-08-28 20:20:24,체인
SPB-63211,2024-08-28 20:21:51,기타 
SPB-43491,2024-08-28 20:22:36,타이어 
SPB-69298,2024-08-28 20:25:51,기타 
SPB-39455,2024-08-28 20:25:57,안장
SPB-61630,2024-08-28 20:26:19,페달
SPB-46248,2024-08-28 20:27:33,페달
SPB-48798,2024-08-28 20:28:21,안장
SPB-34920,2024-08-28 20:29:03,체인
SPB-69657,2024-08-28 20:29:33,체인
SPB-32336,2024-08-28 20:35:27,페달
SPB-67960,2024-08-28 20:37:53,체인
SPB-61740,2024-08-28 20:38:20,안장
SPB-68092,2024-08-28 20:39:23,체인
SPB-53901,2024-08-28 20:39:43,타이어 
SPB-55311,2024-08-28 20:39:50,페달
SPB-68714,2024-08-28 20:40:59,페달
SPB-69061,2024-08-28 20:41:10,페달
SPB-33857,2024-08-28 20:41:22,페달
SPB-56551,2024-08-28 20:41:42,타이어 
SPB-32230,2024-08-28 20:42:31,타이어 
SPB-40976,2024-08-28 20:42:48,단말기
SPB-31824,2024-08-28 20:43:19,기타 
SPB-50587,2024-08-28 20:43:42,타이어 
SPB-69608,2024-08-28 20:43:51,기타 
SPB-45616,2024-08-28 20:44:11,단말기
SPB-56426,2024-08-28 20:45:21,안장
SPB-60565,2024-08-28 20:46:51,타이어 
SPB-35103,2024-08-28 20:49:07,단말기
SPB-62515,2024-08-28 20:53:55,안장
SPB-59388,2024-08-28 20:55:08,체인
SPB-45837,2024-08-28 20:55:08,체인
SPB-33504,2024-08-28 21:00:44,안장
SPB-58372,2024-08-28 21:06:42,안장
SPB-39902,2024-08-28 21:07:37,체인
SPB-30461,2024-08-28 21:08:35,페달
SPB-40487,2024-08-28 21:09:07,체인
SPB-52857,2024-08-28 21:09:27,기타 
SPB-53147,2024-08-28 21:10:00,타이어 
SPB-66339,2024-08-28 21:12:36,타이어 
SPB-61171,2024-08-28 21:12:49,페달
SPB-43661,2024-08-28 21:14:01,기타 
SPB-39317,2024-08-28 21:15:06,기타 
SPB-56975,2024-08-28 21:19:22,기타 
SPB-82202,2024-08-28 21:19:23,체인
SPB-42382,2024-08-28 21:21:52,타이어 
SPB-53577,2024-08-28 21:21:57,타이어 
SPB-57599,2024-08-28 21:22:43,페달
SPB-66028,2024-08-28 21:23:19,타이어 
SPB-42746,2024-08-28 21:23:58,타이어 
SPB-39355,2024-08-28 21:24:57,타이어 
SPB-63201,2024-08-28 21:25:21,타이어 
SPB-65181,2024-08-28 21:25:23,체인
SPB-40548,2024-08-28 21:25:59,기타 
SPB-34470,2024-08-28 21:27:23,기타 
SPB-52805,2024-08-28 21:28:54,타이어 
SPB-54798,2024-08-28 21:31:50,기타 
SPB-48913,2024-08-28 21:32:23,체인
SPB-32869,2024-08-28 21:35:26,타이어 
SPB-45914,2024-08-28 21:36:50,안장
SPB-43852,2024-08-28 21:36:58,체인
SPB-35631,2024-08-28 21:43:10,페달
SPB-81503,2024-08-28 21:44:47,기타 
SPB-70033,2024-08-28 21:45:31,체인
SPB-31365,2024-08-28 21:45:34,페달
SPB-39238,2024-08-28 21:46:14,안장
SPB-53588,2024-08-28 21:47:44,기타 
SPB-50989,2024-08-28 21:49:04,안장
SPB-65173,2024-08-28 21:50:01,체인
SPB-64807,2024-08-28 21:50:14,체인
SPB-65380,2024-08-28 21:53:30,안장
SPB-43345,2024-08-28 21:53:45,체인
SPB-31882,2024-08-28 21:54:05,기타 
SPB-62531,2024-08-28 21:58:35,기타 
SPB-61369,2024-08-28 22:00:39,체인
SPB-36686,2024-08-28 22:02:44,기타 
SPB-66953,2024-08-28 22:02:59,체인
SPB-54512,2024-08-28 22:05:09,기타 
SPB-84111,2024-08-28 22:09:29,안장
SPB-42962,2024-08-28 22:09:58,페달
SPB-62108,2024-08-28 22:11:15,기타 
SPB-59267,2024-08-28 22:13:29,기타 
SPB-51272,2024-08-28 22:14:41,페달
SPB-59759,2024-08-28 22:16:47,단말기
SPB-47363,2024-08-28 22:17:59,기타 
SPB-34142,2024-08-28 22:18:56,타이어 
SPB-35591,2024-08-28 22:19:58,타이어 
SPB-48610,2024-08-28 22:20:54,안장
SPB-68628,2024-08-28 22:22:25,타이어 
SPB-44078,2024-08-28 22:25:26,체인
SPB-35566,2024-08-28 22:27:05,단말기
SPB-45109,2024-08-28 22:28:38,체인
SPB-31836,2024-08-28 22:30:17,안장
SPB-54690,2024-08-28 22:30:21,기타 
SPB-53754,2024-08-28 22:31:51,안장
SPB-41904,2024-08-28 22:32:05,기타 
SPB-51161,2024-08-28 22:35:39,기타 
SPB-82869,2024-08-28 22:35:55,체인
SPB-48991,2024-08-28 22:36:05,타이어 
SPB-56740,2024-08-28 22:37:32,기타 
SPB-41077,2024-08-28 22:40:00,단말기
SPB-56633,2024-08-28 22:40:36,타이어 
SPB-57364,2024-08-28 22:43:54,기타 
SPB-33129,2024-08-28 22:44:13,체인
SPB-63886,2024-08-28 22:44:13,기타 
SPB-60610,2024-08-28 22:45:25,체인
SPB-55413,2024-08-28 22:47:17,단말기
SPB-65401,2024-08-28 22:47:27,타이어 
SPB-39627,2024-08-28 22:48:37,타이어 
SPB-39020,2024-08-28 22:56:37,타이어 
SPB-43167,2024-08-28 22:57:51,체인
SPB-62527,2024-08-28 23:00:42,안장
SPB-48527,2024-08-28 23:01:53,타이어 
SPB-66468,2024-08-28 23:01:55,타이어 
SPB-65657,2024-08-28 23:04:14,타이어 
SPB-64436,2024-08-28 23:07:26,안장
SPB-40511,2024-08-28 23:10:21,안장
SPB-50401,2024-08-28 23:12:40,기타 
SPB-52117,2024-08-28 23:25:05,타이어 
SPB-35680,2024-08-28 23:27:04,단말기
SPB-42596,2024-08-28 23:29:12,기타 
SPB-66262,2024-08-28 23:29:21,타이어 
SPB-44272,2024-08-28 23:41:16,체인
SPB-65931,2024-08-28 23:51:07,체인
SPB-47391,2024-08-29 00:01:31,기타 
SPB-67731,2024-08-29 00:07:11,페달
SPB-68681,2024-08-29 00:19:08,체인
SPB-51941,2024-08-29 00:44:21,기타 
SPB-64081,2024-08-29 00:45:19,타이어 
SPB-58355,2024-08-29 00:57:36,체인
SPB-33393,2024-08-29 01:31:10,체인
SPB-54007,2024-08-29 01:32:48,페달
SPB-55405,2024-08-29 01:40:49,기타 
SPB-67989,2024-08-29 02:09:32,체인
SPB-83540,2024-08-29 02:17:37,타이어 
SPB-58514,2024-08-29 02:37:49,기타 
SPB-60914,2024-08-29 02:46:46,타이어 
SPB-54290,2024-08-29 02:47:15,페달
SPB-64716,2024-08-29 02:49:09,체인
SPB-30080,2024-08-29 03:48:14,페달
SPB-55737,2024-08-29 03:52:51,타이어 
SPB-33624,2024-08-29 04:04:57,체인
SPB-44667,2024-08-29 04:29:52,안장
SPB-55130,2024-08-29 04:53:03,타이어 
SPB-30197,2024-08-29 05:14:07,타이어 
SPB-46046,2024-08-29 05:20:49,타이어 
SPB-56833,2024-08-29 05:36:18,체인
SPB-69932,2024-08-29 05:37:27,체인
SPB-52501,2024-08-29 05:40:21,페달
SPB-35838,2024-08-29 05:49:58,체인
SPB-40974,2024-08-29 06:06:59,안장
SPB-51833,2024-08-29 06:17:09,체인
SPB-42186,2024-08-29 06:19:57,타이어 
SPB-51742,2024-08-29 06:20:50,기타 
SPB-65480,2024-08-29 06:27:06,타이어 
SPB-64297,2024-08-29 06:27:43,타이어 
SPB-48817,2024-08-29 06:29:24,기타 
SPB-46467,2024-08-29 06:30:21,기타 
SPB-47562,2024-08-29 06:31:14,체인
SPB-54640,2024-08-29 06:31:40,페달
SPB-44978,2024-08-29 06:33:08,기타 
SPB-59973,2024-08-29 06:33:17,기타 
SPB-44024,2024-08-29 06:38:33,기타 
SPB-68118,2024-08-29 07:00:03,페달
SPB-66529,2024-08-29 07:02:51,체인
SPB-67068,2024-08-29 07:03:57,기타 
SPB-39084,2024-08-29 07:06:03,체인
SPB-39405,2024-08-29 07:06:36,타이어 
SPB-65706,2024-08-29 07:07:18,타이어 
SPB-60624,2024-08-29 07:08:28,안장
SPB-59569,2024-08-29 07:14:07,타이어 
SPB-32270,2024-08-29 07:18:07,체인
SPB-34952,2024-08-29 07:25:07,타이어 
SPB-57986,2024-08-29 07:29:11,안장
SPB-40944,2024-08-29 07:29:13,기타 
SPB-38670,2024-08-29 07:30:44,단말기
SPB-68591,2024-08-29 07:35:17,타이어 
SPB-60631,2024-08-29 07:36:12,체인
SPB-44528,2024-08-29 07:38:08,체인
SPB-57139,2024-08-29 07:39:02,안장
SPB-44553,2024-08-29 07:39:17,페달
SPB-56724,2024-08-29 07:39:33,기타 
SPB-36023,2024-08-29 07:39:59,타이어 
SPB-51171,2024-08-29 07:40:16,타이어 
SPB-42489,2024-08-29 07:40:25,체인
SPB-41608,2024-08-29 07:43:44,체인
SPB-46067,2024-08-29 07:44:03,페달
SPB-59013,2024-08-29 07:45:41,타이어 
SPB-42930,2024-08-29 07:47:14,체인
SPB-68469,2024-08-29 07:47:23,타이어 
SPB-30168,2024-08-29 07:47:45,타이어 
SPB-56359,2024-08-29 07:48:12,체인
SPB-60637,2024-08-29 07:48:44,체인
SPB-45861,2024-08-29 07:50:27,단말기
SPB-67056,2024-08-29 07:53:33,페달
SPB-51370,2024-08-29 07:54:11,기타 
SPB-57641,2024-08-29 07:56:12,페달
SPB-53783,2024-08-29 07:56:46,기타 
SPB-67549,2024-08-29 07:59:34,기타 
SPB-54353,2024-08-29 08:00:11,기타 
SPB-58872,2024-08-29 08:00:19,기타 
SPB-57618,2024-08-29 08:00:45,기타 
SPB-51081,2024-08-29 08:01:37,기타 
SPB-69717,2024-08-29 08:02:14,안장
SPB-53392,2024-08-29 08:02:56,체인
SPB-38929,2024-08-29 08:04:33,체인
SPB-43326,2024-08-29 08:05:45,타이어 
SPB-30664,2024-08-29 08:06:45,기타 
SPB-68576,2024-08-29 08:09:35,타이어 
SPB-37557,2024-08-29 08:09:59,기타 
SPB-36119,2024-08-29 08:10:58,체인
SPB-47988,2024-08-29 08:11:47,타이어 
SPB-57313,2024-08-29 08:11:53,타이어 
SPB-31279,2024-08-29 08:11:53,타이어 
SPB-54510,2024-08-29 08:14:06,타이어 
SPB-45494,2024-08-29 08:14:14,체인
SPB-45850,2024-08-29 08:16:03,타이어 
SPB-33958,2024-08-29 08:16:26,타이어 
SPB-59919,2024-08-29 08:17:13,페달
SPB-46937,2024-08-29 08:17:40,체인
SPB-33770,2024-08-29 08:18:12,페달
SPB-60746,2024-08-29 08:18:46,타이어 
SPB-81351,2024-08-29 08:18:52,단말기
SPB-67905,2024-08-29 08:18:52,체인
SPB-65942,2024-08-29 08:18:56,기타 
SPB-39829,2024-08-29 08:20:28,타이어 
SPB-46370,2024-08-29 08:20:41,타이어 
SPB-30014,2024-08-29 08:21:44,기타 
SPB-41809,2024-08-29 08:22:50,페달
SPB-82840,2024-08-29 08:24:31,기타 
SPB-62483,2024-08-29 08:24:34,안장
SPB-62923,2024-08-29 08:26:11,타이어 
SPB-48278,2024-08-29 08:27:06,기타 
SPB-31505,2024-08-29 08:27:11,타이어 
SPB-33157,2024-08-29 08:28:33,체인
SPB-38886,2024-08-29 08:30:19,타이어 
SPB-58246,2024-08-29 08:30:50,타이어 
SPB-64427,2024-08-29 08:31:44,타이어 
SPB-56096,2024-08-29 08:32:38,단말기
SPB-83705,2024-08-29 08:33:37,타이어 
SPB-48995,2024-08-29 08:33:44,타이어 
SPB-41096,2024-08-29 08:34:05,타이어 
SPB-38197,2024-08-29 08:34:27,체인
SPB-55860,2024-08-29 08:36:01,체인
SPB-66361,2024-08-29 08:36:24,체인
SPB-40886,2024-08-29 08:38:28,안장
SPB-65547,2024-08-29 08:39:18,체인
SPB-35578,2024-08-29 08:40:20,안장
SPB-58732,2024-08-29 08:44:15,타이어 
SPB-59368,2024-08-29 08:44:23,타이어 
SPB-52535,2024-08-29 08:44:30,체인
SPB-45107,2024-08-29 08:44:37,안장
SPB-66123,2024-08-29 08:44:53,안장
SPB-33872,2024-08-29 08:44:56,체인
SPB-43476,2024-08-29 08:46:19,타이어 
SPB-32488,2024-08-29 08:46:36,페달
SPB-52584,2024-08-29 08:46:47,페달
SPB-38090,2024-08-29 08:47:18,체인
SPB-37926,2024-08-29 08:51:48,체인
SPB-60759,2024-08-29 08:52:05,안장
SPB-40787,2024-08-29 08:52:48,체인
SPB-31947,2024-08-29 08:53:09,타이어 
SPB-69368,2024-08-29 08:53:18,페달
SPB-56893,2024-08-29 08:53:34,안장
SPB-44202,2024-08-29 08:53:51,체인
SPB-66157,2024-08-29 08:54:50,타이어 
SPB-31547,2024-08-29 08:55:30,체인
SPB-41174,2024-08-29 08:56:22,페달
SPB-58642,2024-08-29 08:56:53,타이어 
SPB-61252,2024-08-29 08:57:07,타이어 
SPB-31492,2024-08-29 08:57:11,체인
SPB-32332,2024-08-29 09:00:26,안장
SPB-56356,2024-08-29 09:00:39,페달
SPB-63275,2024-08-29 09:04:41,기타 
SPB-44690,2024-08-29 09:06:13,안장
SPB-55041,2024-08-29 09:06:45,기타 
SPB-47774,2024-08-29 09:09:37,타이어 
SPB-32162,2024-08-29 09:10:34,체인
SPB-57849,2024-08-29 09:14:05,페달
SPB-61396,2024-08-29 09:14:26,안장
SPB-46649,2024-08-29 09:18:38,체인
SPB-67932,2024-08-29 09:20:45,페달
SPB-44253,2024-08-29 09:25:13,체인
SPB-45525,2024-08-29 09:29:32,안장
SPB-81475,2024-08-29 09:31:10,기타 
SPB-55568,2024-08-29 09:31:16,타이어 
SPB-34459,2024-08-29 09:32:28,타이어 
SPB-45729,2024-08-29 09:32:51,단말기
SPB-51963,2024-08-29 09:34:11,타이어 
SPB-31703,2024-08-29 09:37:26,기타 
SPB-42823,2024-08-29 09:37:28,타이어 
SPB-82839,2024-08-29 09:42:07,기타 
SPB-30096,2024-08-29 09:43:06,기타 
SPB-47913,2024-08-29 09:43:06,기타 
SPB-45265,2024-08-29 09:46:13,기타 
SPB-48527,2024-08-29 09:50:54,체인
SPB-49548,2024-08-29 09:51:45,기타 
SPB-47926,2024-08-29 09:55:15,체인
SPB-36652,2024-08-29 10:02:13,안장
SPB-63713,2024-08-29 10:03:26,타이어 
SPB-39592,2024-08-29 10:05:59,체인
SPB-33807,2024-08-29 10:08:42,타이어 
SPB-56649,2024-08-29 10:12:03,안장
SPB-69384,2024-08-29 10:14:51,타이어 
SPB-51663,2024-08-29 10:15:01,기타 
SPB-30116,2024-08-29 10:16:05,타이어 
SPB-51322,2024-08-29 10:23:21,타이어 
SPB-65821,2024-08-29 10:25:05,기타 
SPB-60196,2024-08-29 10:26:15,페달
SPB-63475,2024-08-29 10:26:51,안장
SPB-60984,2024-08-29 10:35:18,체인
SPB-53633,2024-08-29 10:44:46,안장
SPB-45650,2024-08-29 10:46:20,기타 
SPB-45406,2024-08-29 10:47:32,안장
SPB-38258,2024-08-29 10:57:57,타이어 
SPB-51426,2024-08-29 11:01:32,체인
SPB-66820,2024-08-29 11:03:16,타이어 
SPB-51160,2024-08-29 11:11:18,타이어 
SPB-55054,2024-08-29 11:11:42,기타 
SPB-81951,2024-08-29 11:12:44,체인
SPB-57405,2024-08-29 11:15:05,타이어 
SPB-58411,2024-08-29 11:26:19,타이어 
SPB-30962,2024-08-29 11:28:53,안장
SPB-41091,2024-08-29 11:29:45,타이어 
SPB-66907,2024-08-29 11:41:25,체인
SPB-64769,2024-08-29 11:43:39,페달
SPB-48595,2024-08-29 11:49:18,체인
SPB-83163,2024-08-29 11:50:25,페달
SPB-68112,2024-08-29 11:50:49,기타 
SPB-43596,2024-08-29 11:56:00,체인
SPB-50639,2024-08-29 11:56:22,안장
SPB-40412,2024-08-29 11:58:43,타이어 
SPB-80812,2024-08-29 11:59:53,안장
SPB-43658,2024-08-29 12:02:06,안장
SPB-57432,2024-08-29 12:04:33,체인
SPB-64860,2024-08-29 12:15:17,체인
SPB-57217,2024-08-29 12:19:21,페달
SPB-61133,2024-08-29 12:21:30,체인
SPB-41294,2024-08-29 12:28:33,단말기
SPB-60543,2024-08-29 12:30:31,안장
SPB-61529,2024-08-29 12:33:21,체인
SPB-54425,2024-08-29 12:35:18,체인
SPB-50887,2024-08-29 12:37:20,안장
SPB-31309,2024-08-29 12:45:12,기타 
SPB-70300,2024-08-29 12:48:01,타이어 
SPB-34073,2024-08-29 12:49:53,안장
SPB-60901,2024-08-29 12:51:11,체인
SPB-53825,2024-08-29 12:51:20,안장
SPB-69964,2024-08-29 12:52:16,단말기
SPB-31377,2024-08-29 12:52:29,타이어 
SPB-39829,2024-08-29 12:57:54,타이어 
SPB-48915,2024-08-29 13:05:14,안장
SPB-59475,2024-08-29 13:06:45,기타 
SPB-54785,2024-08-29 13:10:17,체인
SPB-34371,2024-08-29 13:12:30,타이어 
SPB-61947,2024-08-29 13:15:58,안장
SPB-69925,2024-08-29 13:22:27,페달
SPB-64510,2024-08-29 13:29:02,타이어 
SPB-44405,2024-08-29 13:32:44,체인
SPB-64831,2024-08-29 13:38:13,안장
SPB-52564,2024-08-29 13:42:32,페달
SPB-44778,2024-08-29 13:57:53,체인
SPB-67136,2024-08-29 14:00:16,체인
SPB-59962,2024-08-29 14:01:00,페달
SPB-50313,2024-08-29 14:02:11,기타 
SPB-38723,2024-08-29 14:02:50,안장
SPB-56522,2024-08-29 14:05:43,페달
SPB-46972,2024-08-29 14:09:26,안장
SPB-33622,2024-08-29 14:10:32,체인
SPB-70347,2024-08-29 14:11:25,기타 
SPB-37363,2024-08-29 14:16:42,타이어 
SPB-45551,2024-08-29 14:18:50,타이어 
SPB-59690,2024-08-29 14:20:56,페달
SPB-46720,2024-08-29 14:21:18,타이어 
SPB-45065,2024-08-29 14:22:01,체인
SPB-56878,2024-08-29 14:24:54,타이어 
SPB-43242,2024-08-29 14:33:55,안장
SPB-59858,2024-08-29 14:34:33,기타 
SPB-68427,2024-08-29 14:36:31,기타 
SPB-49260,2024-08-29 14:37:27,기타 
SPB-50833,2024-08-29 14:44:11,페달
SPB-42595,2024-08-29 14:57:34,체인
SPB-60402,2024-08-29 15:02:06,체인
SPB-36923,2024-08-29 15:05:07,타이어 
SPB-48779,2024-08-29 15:05:45,안장
SPB-60662,2024-08-29 15:14:49,안장
SPB-60330,2024-08-29 15:19:05,안장
SPB-58917,2024-08-29 15:19:56,단말기
SPB-55749,2024-08-29 15:30:28,안장
SPB-66548,2024-08-29 15:37:24,타이어 
SPB-61133,2024-08-29 15:37:27,체인
SPB-63494,2024-08-29 15:38:12,기타 
SPB-62027,2024-08-29 15:39:45,페달
SPB-69188,2024-08-29 15:39:54,타이어 
SPB-53790,2024-08-29 15:40:58,기타 
SPB-60011,2024-08-29 15:48:15,타이어 
SPB-30616,2024-08-29 15:48:32,타이어 
SPB-82096,2024-08-29 15:54:30,페달
SPB-49018,2024-08-29 16:13:20,타이어 
SPB-63162,2024-08-29 16:13:25,안장
SPB-46150,2024-08-29 16:16:35,체인
SPB-57991,2024-08-29 16:19:21,타이어 
SPB-65449,2024-08-29 16:20:09,체인
SPB-33416,2024-08-29 16:29:25,기타 
SPB-50946,2024-08-29 16:30:08,타이어 
SPB-69153,2024-08-29 16:33:45,기타 
SPB-53192,2024-08-29 16:36:10,안장
SPB-48332,2024-08-29 16:37:58,체인
SPB-45678,2024-08-29 16:40:41,타이어 
SPB-65036,2024-08-29 16:42:29,기타 
SPB-63276,2024-08-29 16:43:35,타이어 
SPB-61395,2024-08-29 16:44:36,타이어 
SPB-39588,2024-08-29 16:46:39,체인
SPB-39782,2024-08-29 16:47:01,체인
SPB-67362,2024-08-29 16:51:13,타이어 
SPB-57889,2024-08-29 16:51:44,페달
SPB-36925,2024-08-29 16:54:28,안장
SPB-65642,2024-08-29 16:59:29,체인
SPB-45832,2024-08-29 17:02:21,체인
SPB-40522,2024-08-29 17:07:46,타이어 
SPB-54198,2024-08-29 17:09:43,체인
SPB-64415,2024-08-29 17:10:04,타이어 
SPB-69954,2024-08-29 17:12:03,타이어 
SPB-64828,2024-08-29 17:14:16,체인
SPB-41445,2024-08-29 17:15:03,체인
SPB-38383,2024-08-29 17:15:27,타이어 
SPB-66237,2024-08-29 17:16:40,타이어 
SPB-61110,2024-08-29 17:16:44,기타 
SPB-67521,2024-08-29 17:20:40,기타 
SPB-57408,2024-08-29 17:22:04,타이어 
SPB-31449,2024-08-29 17:22:58,체인
SPB-45022,2024-08-29 17:23:27,체인
SPB-56427,2024-08-29 17:26:36,타이어 
SPB-43852,2024-08-29 17:27:33,체인
SPB-45010,2024-08-29 17:30:01,안장
SPB-46351,2024-08-29 17:34:57,타이어 
SPB-56905,2024-08-29 17:40:36,기타 
SPB-47576,2024-08-29 17:41:45,페달
SPB-67900,2024-08-29 17:41:54,타이어 
SPB-70089,2024-08-29 17:41:59,기타 
SPB-48961,2024-08-29 17:42:02,체인
SPB-64733,2024-08-29 17:44:00,타이어 
SPB-62565,2024-08-29 17:45:12,타이어 
SPB-61651,2024-08-29 17:45:34,타이어 
SPB-63394,2024-08-29 17:45:42,기타 
SPB-69251,2024-08-29 17:45:48,체인
SPB-36102,2024-08-29 17:46:01,체인
SPB-31082,2024-08-29 17:46:31,타이어 
SPB-35783,2024-08-29 17:49:02,타이어 
SPB-42962,2024-08-29 17:51:12,체인
SPB-61739,2024-08-29 17:52:29,단말기
SPB-41426,2024-08-29 17:52:42,타이어 
SPB-52584,2024-08-29 17:54:14,체인
SPB-32480,2024-08-29 17:55:54,기타 
SPB-66605,2024-08-29 17:56:06,체인
SPB-36761,2024-08-29 17:56:41,안장
SPB-65423,2024-08-29 17:57:51,체인
SPB-58334,2024-08-29 17:59:46,타이어 
SPB-54568,2024-08-29 18:02:41,기타 
SPB-49510,2024-08-29 18:02:42,체인
SPB-63263,2024-08-29 18:03:03,타이어 
SPB-38541,2024-08-29 18:03:54,타이어 
SPB-56360,2024-08-29 18:04:29,타이어 
SPB-64932,2024-08-29 18:05:38,기타 
SPB-59803,2024-08-29 18:07:54,페달
SPB-37974,2024-08-29 18:09:40,페달
SPB-53754,2024-08-29 18:13:08,안장
SPB-69550,2024-08-29 18:13:13,단말기
SPB-49137,2024-08-29 18:13:16,페달
SPB-44591,2024-08-29 18:13:33,체인
SPB-31623,2024-08-29 18:14:03,타이어 
SPB-33467,2024-08-29 18:15:22,체인
SPB-65983,2024-08-29 18:15:37,타이어 
SPB-63233,2024-08-29 18:16:03,타이어 
SPB-66142,2024-08-29 18:17:55,안장
SPB-62997,2024-08-29 18:19:19,페달
SPB-34907,2024-08-29 18:19:54,체인
SPB-54095,2024-08-29 18:21:18,기타 
SPB-66276,2024-08-29 18:22:01,체인
SPB-33136,2024-08-29 18:22:24,타이어 
SPB-68270,2024-08-29 18:22:51,체인
SPB-57695,2024-08-29 18:23:10,타이어 
SPB-48379,2024-08-29 18:24:12,체인
SPB-47681,2024-08-29 18:25:04,타이어 
SPB-65392,2024-08-29 18:25:24,타이어 
SPB-44858,2024-08-29 18:25:24,페달
SPB-57509,2024-08-29 18:25:25,타이어 
SPB-51741,2024-08-29 18:25:38,기타 
SPB-53475,2024-08-29 18:25:55,체인
SPB-51930,2024-08-29 18:25:59,타이어 
SPB-47199,2024-08-29 18:29:08,페달
SPB-66824,2024-08-29 18:29:46,타이어 
SPB-33957,2024-08-29 18:34:00,체인
SPB-40595,2024-08-29 18:34:44,체인
SPB-37752,2024-08-29 18:36:11,체인
SPB-32672,2024-08-29 18:36:53,타이어 
SPB-41447,2024-08-29 18:37:02,타이어 
SPB-41143,2024-08-29 18:37:18,체인
SPB-61372,2024-08-29 18:37:22,타이어 
SPB-58977,2024-08-29 18:38:56,기타 
SPB-33305,2024-08-29 18:39:53,타이어 
SPB-33888,2024-08-29 18:41:14,타이어 
SPB-30507,2024-08-29 18:41:16,체인
SPB-30257,2024-08-29 18:42:59,타이어 
SPB-30829,2024-08-29 18:43:00,타이어 
SPB-67878,2024-08-29 18:43:08,기타 
SPB-34405,2024-08-29 18:43:12,기타 
SPB-65984,2024-08-29 18:43:59,기타 
SPB-46622,2024-08-29 18:45:33,안장
SPB-61652,2024-08-29 18:45:57,타이어 
SPB-30944,2024-08-29 18:47:06,기타 
SPB-33748,2024-08-29 18:47:13,타이어 
SPB-62743,2024-08-29 18:47:43,안장
SPB-31249,2024-08-29 18:48:13,체인
SPB-68802,2024-08-29 18:48:27,타이어 
SPB-68028,2024-08-29 18:48:55,체인
SPB-53013,2024-08-29 18:49:18,기타 
SPB-63077,2024-08-29 18:50:57,체인
SPB-46211,2024-08-29 18:51:30,안장
SPB-67597,2024-08-29 18:53:47,체인
SPB-69541,2024-08-29 18:54:22,기타 
SPB-40189,2024-08-29 18:54:34,기타 
SPB-55139,2024-08-29 18:55:34,페달
SPB-41004,2024-08-29 18:56:31,안장
SPB-56490,2024-08-29 18:57:17,안장
SPB-50379,2024-08-29 18:58:07,체인
SPB-51506,2024-08-29 18:58:10,페달
SPB-32240,2024-08-29 19:01:13,타이어 
SPB-63650,2024-08-29 19:01:16,타이어 
SPB-63485,2024-08-29 19:01:40,타이어 
SPB-42196,2024-08-29 19:01:46,체인
SPB-67998,2024-08-29 19:01:51,기타 
SPB-56284,2024-08-29 19:01:58,안장
SPB-44990,2024-08-29 19:02:37,기타 
SPB-32104,2024-08-29 19:03:09,체인
SPB-53119,2024-08-29 19:04:54,페달
SPB-62824,2024-08-29 19:05:58,타이어 
SPB-61799,2024-08-29 19:07:08,단말기
SPB-49349,2024-08-29 19:08:31,페달
SPB-43811,2024-08-29 19:08:33,체인
SPB-48910,2024-08-29 19:11:48,체인
SPB-56742,2024-08-29 19:13:32,타이어 
SPB-55199,2024-08-29 19:14:47,기타 
SPB-48528,2024-08-29 19:14:51,체인
SPB-36668,2024-08-29 19:15:21,타이어 
SPB-40713,2024-08-29 19:15:27,페달
SPB-39099,2024-08-29 19:20:12,체인
SPB-67766,2024-08-29 19:22:21,기타 
SPB-81066,2024-08-29 19:24:11,타이어 
SPB-68681,2024-08-29 19:28:37,타이어 
SPB-55958,2024-08-29 19:29:12,타이어 
SPB-56699,2024-08-29 19:30:45,기타 
SPB-43448,2024-08-29 19:30:59,페달
SPB-35083,2024-08-29 19:31:23,기타 
SPB-40519,2024-08-29 19:33:02,안장
SPB-43755,2024-08-29 19:33:26,페달
SPB-37899,2024-08-29 19:36:13,체인
SPB-50633,2024-08-29 19:38:39,타이어 
SPB-65311,2024-08-29 19:39:06,타이어 
SPB-39775,2024-08-29 19:39:34,체인
SPB-56883,2024-08-29 19:42:19,기타 
SPB-68931,2024-08-29 19:42:19,타이어 
SPB-69085,2024-08-29 19:42:27,기타 
SPB-61491,2024-08-29 19:42:37,안장
SPB-31336,2024-08-29 19:43:02,기타 
SPB-60210,2024-08-29 19:43:26,기타 
SPB-36907,2024-08-29 19:45:29,페달
SPB-65865,2024-08-29 19:45:50,타이어 
SPB-33586,2024-08-29 19:49:37,타이어 
SPB-41584,2024-08-29 19:50:11,안장
SPB-40076,2024-08-29 19:51:06,안장
SPB-39899,2024-08-29 19:52:40,체인
SPB-45104,2024-08-29 19:54:23,체인
SPB-65351,2024-08-29 19:54:51,안장
SPB-38090,2024-08-29 19:55:50,체인
SPB-30842,2024-08-29 19:56:55,타이어 
SPB-67618,2024-08-29 19:57:36,타이어 
SPB-43908,2024-08-29 19:58:05,기타 
SPB-61456,2024-08-29 20:00:17,타이어 
SPB-48295,2024-08-29 20:01:25,타이어 
SPB-35704,2024-08-29 20:02:07,체인
SPB-52586,2024-08-29 20:05:31,기타 
SPB-48170,2024-08-29 20:06:07,페달
SPB-43715,2024-08-29 20:07:53,체인
SPB-39947,2024-08-29 20:08:52,타이어 
SPB-61940,2024-08-29 20:13:00,기타 
SPB-57157,2024-08-29 20:13:36,체인
SPB-59442,2024-08-29 20:17:17,기타 
SPB-82394,2024-08-29 20:17:35,타이어 
SPB-35435,2024-08-29 20:20:30,페달
SPB-48543,2024-08-29 20:20:44,기타 
SPB-51201,2024-08-29 20:20:54,체인
SPB-30254,2024-08-29 20:24:19,타이어 
SPB-33061,2024-08-29 20:24:54,기타 
SPB-45431,2024-08-29 20:26:06,안장
SPB-65023,2024-08-29 20:26:23,타이어 
SPB-46614,2024-08-29 20:26:56,안장
SPB-43904,2024-08-29 20:27:25,체인
SPB-44293,2024-08-29 20:27:47,체인
SPB-59543,2024-08-29 20:33:11,타이어 
SPB-55122,2024-08-29 20:34:27,기타 
SPB-64394,2024-08-29 20:35:48,기타 
SPB-47334,2024-08-29 20:36:33,체인
SPB-40426,2024-08-29 20:37:24,기타 
SPB-45477,2024-08-29 20:40:00,체인
SPB-42808,2024-08-29 20:40:16,타이어 
SPB-36134,2024-08-29 20:40:32,체인
SPB-47966,2024-08-29 20:40:38,체인
SPB-59111,2024-08-29 20:40:48,페달
SPB-67678,2024-08-29 20:41:33,기타 
SPB-50905,2024-08-29 20:42:03,페달
SPB-81636,2024-08-29 20:43:40,체인
SPB-61338,2024-08-29 20:44:04,체인
SPB-38888,2024-08-29 20:44:11,안장
SPB-49128,2024-08-29 20:44:53,체인
SPB-51742,2024-08-29 20:47:50,기타 
SPB-69539,2024-08-29 20:48:31,타이어 
SPB-63876,2024-08-29 20:51:50,안장
SPB-47770,2024-08-29 21:01:28,체인
SPB-51449,2024-08-29 21:01:30,기타 
SPB-56335,2024-08-29 21:02:54,페달
SPB-64128,2024-08-29 21:03:28,기타 
SPB-67720,2024-08-29 21:03:38,기타 
SPB-41146,2024-08-29 21:05:15,체인
SPB-53018,2024-08-29 21:07:05,단말기
SPB-50163,2024-08-29 21:07:41,체인
SPB-57855,2024-08-29 21:09:11,체인
SPB-35659,2024-08-29 21:09:57,타이어 
SPB-67734,2024-08-29 21:09:58,기타 
SPB-69503,2024-08-29 21:10:10,타이어 
SPB-64545,2024-08-29 21:10:27,체인
SPB-48120,2024-08-29 21:10:51,페달
SPB-69849,2024-08-29 21:11:00,체인
SPB-44592,2024-08-29 21:11:46,체인
SPB-60394,2024-08-29 21:11:52,타이어 
SPB-48109,2024-08-29 21:13:11,체인
SPB-45987,2024-08-29 21:13:14,페달
SPB-43275,2024-08-29 21:14:16,타이어 
SPB-45759,2024-08-29 21:15:43,타이어 
SPB-40018,2024-08-29 21:19:31,체인
SPB-55311,2024-08-29 21:20:54,페달
SPB-62614,2024-08-29 21:25:08,타이어 
SPB-55982,2024-08-29 21:26:59,체인
SPB-40665,2024-08-29 21:29:40,체인
SPB-68946,2024-08-29 21:35:05,기타 
SPB-57361,2024-08-29 21:36:49,타이어 
SPB-81259,2024-08-29 21:36:54,타이어 
SPB-53782,2024-08-29 21:37:46,안장
SPB-42639,2024-08-29 21:38:45,체인
SPB-38477,2024-08-29 21:40:08,타이어 
SPB-53284,2024-08-29 21:40:28,기타 
SPB-65551,2024-08-29 21:42:36,타이어 
SPB-81266,2024-08-29 21:47:52,체인
SPB-31862,2024-08-29 21:48:04,기타 
SPB-53674,2024-08-29 21:52:15,기타 
SPB-30740,2024-08-29 21:52:48,타이어 
SPB-47134,2024-08-29 21:54:54,타이어 
SPB-59251,2024-08-29 21:58:43,타이어 
SPB-31585,2024-08-29 21:59:27,타이어 
SPB-52871,2024-08-29 21:59:39,타이어 
SPB-43538,2024-08-29 22:04:44,타이어 
SPB-44386,2024-08-29 22:04:46,단말기
SPB-47347,2024-08-29 22:05:26,체인
SPB-60919,2024-08-29 22:06:31,체인
SPB-51828,2024-08-29 22:07:22,안장
SPB-66554,2024-08-29 22:08:41,타이어 
SPB-38174,2024-08-29 22:10:27,체인
SPB-63768,2024-08-29 22:10:45,기타 
SPB-64707,2024-08-29 22:14:22,타이어 
SPB-43018,2024-08-29 22:16:10,기타 
SPB-52865,2024-08-29 22:17:20,기타 
SPB-68131,2024-08-29 22:17:37,기타 
SPB-50806,2024-08-29 22:20:19,안장
SPB-41144,2024-08-29 22:22:02,안장
SPB-58701,2024-08-29 22:24:21,기타 
SPB-35569,2024-08-29 22:27:25,타이어 
SPB-52402,2024-08-29 22:29:43,페달
SPB-50218,2024-08-29 22:31:50,타이어 
SPB-60661,2024-08-29 22:37:01,체인
SPB-69562,2024-08-29 22:38:48,체인
SPB-65858,2024-08-29 22:39:02,체인
SPB-64217,2024-08-29 22:39:22,체인
SPB-43028,2024-08-29 22:43:57,타이어 
SPB-57102,2024-08-29 22:46:51,안장
SPB-44204,2024-08-29 22:46:53,페달
SPB-69490,2024-08-29 22:47:34,체인
SPB-55702,2024-08-29 22:59:10,타이어 
SPB-67297,2024-08-29 23:03:18,기타 
SPB-41040,2024-08-29 23:05:02,체인
SPB-52120,2024-08-29 23:11:44,안장
SPB-54332,2024-08-29 23:11:56,체인
SPB-41306,2024-08-29 23:12:33,타이어 
SPB-37239,2024-08-29 23:13:25,단말기
SPB-83268,2024-08-29 23:16:46,페달
SPB-60528,2024-08-29 23:19:48,안장
SPB-35480,2024-08-29 23:23:26,체인
SPB-54527,2024-08-29 23:25:06,타이어 
SPB-30962,2024-08-29 23:25:47,안장
SPB-57499,2024-08-29 23:26:54,안장
SPB-44196,2024-08-29 23:34:20,단말기
SPB-62618,2024-08-29 23:46:10,페달
SPB-55557,2024-08-29 23:50:31,기타 
SPB-32848,2024-08-29 23:52:31,체인
SPB-53023,2024-08-29 23:59:55,체인
SPB-58227,2024-08-30 00:00:30,페달
SPB-53547,2024-08-30 00:02:45,타이어 
SPB-50459,2024-08-30 00:16:03,기타 
SPB-44960,2024-08-30 00:19:35,체인
SPB-69909,2024-08-30 00:27:57,체인
SPB-49388,2024-08-30 00:33:46,타이어 
SPB-38101,2024-08-30 00:38:33,체인
SPB-60779,2024-08-30 00:42:18,타이어 
SPB-30816,2024-08-30 00:43:46,안장
SPB-64815,2024-08-30 00:45:00,단말기
SPB-43650,2024-08-30 00:52:56,기타 
SPB-40169,2024-08-30 00:53:31,기타 
SPB-68286,2024-08-30 01:04:55,체인
SPB-60166,2024-08-30 01:07:44,페달
SPB-41078,2024-08-30 01:10:25,타이어 
SPB-63505,2024-08-30 01:13:25,체인
SPB-59301,2024-08-30 01:32:23,체인
SPB-65027,2024-08-30 01:59:47,단말기
SPB-37986,2024-08-30 02:06:01,기타 
SPB-39294,2024-08-30 02:10:34,체인
SPB-65478,2024-08-30 02:59:53,단말기
SPB-44917,2024-08-30 03:09:29,타이어 
SPB-32902,2024-08-30 05:05:27,체인
SPB-56443,2024-08-30 05:21:11,페달
SPB-64191,2024-08-30 05:27:38,안장
SPB-57634,2024-08-30 05:37:52,페달
SPB-49368,2024-08-30 05:40:16,타이어 
SPB-57541,2024-08-30 05:54:50,타이어 
SPB-43032,2024-08-30 05:54:57,타이어 
SPB-42584,2024-08-30 05:57:24,타이어 
SPB-53887,2024-08-30 06:00:04,타이어 
SPB-52333,2024-08-30 06:05:49,안장
SPB-66505,2024-08-30 06:25:43,타이어 
SPB-48805,2024-08-30 06:39:50,체인
SPB-34077,2024-08-30 06:45:58,기타 
SPB-53199,2024-08-30 06:46:48,타이어 
SPB-33309,2024-08-30 06:54:57,기타 
SPB-68280,2024-08-30 06:56:01,기타 
SPB-65582,2024-08-30 06:58:14,체인
SPB-57606,2024-08-30 07:02:08,타이어 
SPB-43338,2024-08-30 07:08:09,타이어 
SPB-55410,2024-08-30 07:12:57,타이어 
SPB-45908,2024-08-30 07:14:44,타이어 
SPB-57935,2024-08-30 07:19:36,타이어 
SPB-66653,2024-08-30 07:23:29,타이어 
SPB-33743,2024-08-30 07:25:40,체인
SPB-43623,2024-08-30 07:25:40,타이어 
SPB-37183,2024-08-30 07:33:29,체인
SPB-33313,2024-08-30 07:33:43,단말기
SPB-63421,2024-08-30 07:37:54,타이어 
SPB-55536,2024-08-30 07:38:48,기타 
SPB-40993,2024-08-30 07:38:50,체인
SPB-45796,2024-08-30 07:39:11,기타 
SPB-45892,2024-08-30 07:43:50,체인
SPB-48025,2024-08-30 07:44:54,체인
SPB-41135,2024-08-30 07:45:27,체인
SPB-30790,2024-08-30 07:47:12,기타 
SPB-54394,2024-08-30 07:50:09,안장
SPB-41403,2024-08-30 07:50:22,기타 
SPB-51187,2024-08-30 07:50:46,페달
SPB-68523,2024-08-30 07:51:39,체인
SPB-37272,2024-08-30 07:52:23,페달
SPB-41940,2024-08-30 07:52:39,페달
SPB-70048,2024-08-30 07:53:29,페달
SPB-42392,2024-08-30 07:55:51,페달
SPB-56814,2024-08-30 07:56:56,안장
SPB-30458,2024-08-30 07:58:01,페달
SPB-43130,2024-08-30 08:00:00,기타 
SPB-49547,2024-08-30 08:01:14,페달
SPB-62759,2024-08-30 08:01:44,타이어 
SPB-42668,2024-08-30 08:02:11,타이어 
SPB-38910,2024-08-30 08:02:14,타이어 
SPB-70354,2024-08-30 08:03:30,타이어 
SPB-46836,2024-08-30 08:03:42,페달
SPB-36272,2024-08-30 08:08:17,기타 
SPB-41094,2024-08-30 08:10:27,체인
SPB-50544,2024-08-30 08:13:59,단말기
SPB-35920,2024-08-30 08:14:56,타이어 
SPB-67881,2024-08-30 08:15:43,타이어 
SPB-31096,2024-08-30 08:15:48,단말기
SPB-57155,2024-08-30 08:17:24,기타 
SPB-63183,2024-08-30 08:18:59,타이어 
SPB-38109,2024-08-30 08:19:13,기타 
SPB-34104,2024-08-30 08:20:15,체인
SPB-70149,2024-08-30 08:20:26,안장
SPB-50999,2024-08-30 08:21:44,페달
SPB-84909,2024-08-30 08:22:31,기타 
SPB-65182,2024-08-30 08:23:23,단말기
SPB-39180,2024-08-30 08:24:22,체인
SPB-69918,2024-08-30 08:24:24,기타 
SPB-39298,2024-08-30 08:25:06,타이어 
SPB-32331,2024-08-30 08:25:30,기타 
SPB-39587,2024-08-30 08:26:08,기타 
SPB-43978,2024-08-30 08:26:22,기타 
SPB-50767,2024-08-30 08:26:51,안장
SPB-67790,2024-08-30 08:27:01,체인
SPB-46674,2024-08-30 08:29:20,체인
SPB-34920,2024-08-30 08:30:18,체인
SPB-49500,2024-08-30 08:32:26,체인
SPB-44644,2024-08-30 08:33:14,체인
SPB-31420,2024-08-30 08:33:59,단말기
SPB-55903,2024-08-30 08:35:30,기타 
SPB-50735,2024-08-30 08:35:42,기타 
SPB-55113,2024-08-30 08:35:54,페달
SPB-64153,2024-08-30 08:36:09,안장
SPB-42999,2024-08-30 08:36:17,체인
SPB-46074,2024-08-30 08:36:42,안장
SPB-47341,2024-08-30 08:38:59,안장
SPB-66097,2024-08-30 08:39:28,타이어 
SPB-64675,2024-08-30 08:40:08,타이어 
SPB-48363,2024-08-30 08:41:58,안장
SPB-43227,2024-08-30 08:42:20,안장
SPB-41632,2024-08-30 08:42:34,기타 
SPB-54032,2024-08-30 08:43:22,체인
SPB-55771,2024-08-30 08:43:28,기타 
SPB-41524,2024-08-30 08:45:59,기타 
SPB-57404,2024-08-30 08:46:19,안장
SPB-38846,2024-08-30 08:46:30,체인
SPB-35558,2024-08-30 08:47:31,안장
SPB-33024,2024-08-30 08:47:52,기타 
SPB-40371,2024-08-30 08:47:55,체인
SPB-59315,2024-08-30 08:48:12,페달
SPB-62040,2024-08-30 08:48:42,안장
SPB-60638,2024-08-30 08:49:08,안장
SPB-63929,2024-08-30 08:49:23,안장
SPB-59832,2024-08-30 08:50:41,기타 
SPB-64023,2024-08-30 08:51:40,기타 
SPB-43727,2024-08-30 08:51:49,기타 
SPB-34929,2024-08-30 08:52:53,체인
SPB-54167,2024-08-30 08:53:14,안장
SPB-55742,2024-08-30 08:54:47,타이어 
SPB-46235,2024-08-30 08:56:22,체인
SPB-54826,2024-08-30 08:57:09,타이어 
SPB-54135,2024-08-30 08:58:50,기타 
SPB-46796,2024-08-30 09:00:23,타이어 
SPB-62917,2024-08-30 09:01:10,체인
SPB-67459,2024-08-30 09:01:55,타이어 
SPB-35370,2024-08-30 09:04:31,기타 
SPB-62027,2024-08-30 09:04:51,페달
SPB-69262,2024-08-30 09:05:21,체인
SPB-66276,2024-08-30 09:07:02,체인
SPB-62756,2024-08-30 09:08:42,기타 
SPB-67126,2024-08-30 09:10:19,타이어 
SPB-61648,2024-08-30 09:13:18,체인
SPB-30280,2024-08-30 09:14:48,타이어 
SPB-50138,2024-08-30 09:16:16,타이어 
SPB-51337,2024-08-30 09:16:31,체인
SPB-62255,2024-08-30 09:17:06,페달
SPB-39543,2024-08-30 09:18:37,안장
SPB-39509,2024-08-30 09:21:16,체인
SPB-64768,2024-08-30 09:21:46,타이어 
SPB-67346,2024-08-30 09:21:49,타이어 
SPB-44041,2024-08-30 09:22:01,기타 
SPB-69315,2024-08-30 09:28:14,체인
SPB-37318,2024-08-30 09:31:24,타이어 
SPB-35256,2024-08-30 09:31:51,안장
SPB-62490,2024-08-30 09:33:26,페달
SPB-69445,2024-08-30 09:34:26,안장
SPB-31348,2024-08-30 09:35:20,타이어 
SPB-51143,2024-08-30 09:38:57,타이어 
SPB-69805,2024-08-30 09:39:12,체인
SPB-60450,2024-08-30 09:42:44,타이어 
SPB-50268,2024-08-30 09:43:57,타이어 
SPB-31469,2024-08-30 09:45:56,타이어 
SPB-36950,2024-08-30 09:46:00,안장
SPB-80895,2024-08-30 09:47:06,타이어 
SPB-58324,2024-08-30 09:47:28,페달
SPB-48822,2024-08-30 09:48:28,타이어 
SPB-49510,2024-08-30 09:48:52,페달
SPB-52688,2024-08-30 09:49:39,페달
SPB-51371,2024-08-30 09:50:31,기타 
SPB-40825,2024-08-30 09:56:23,체인
SPB-40280,2024-08-30 09:56:37,기타 
SPB-51728,2024-08-30 09:57:13,타이어 
SPB-56308,2024-08-30 10:02:15,기타 
SPB-47039,2024-08-30 10:03:48,체인
SPB-66011,2024-08-30 10:07:22,타이어 
SPB-69076,2024-08-30 10:08:07,체인
SPB-58186,2024-08-30 10:15:43,단말기
SPB-51881,2024-08-30 10:17:47,기타 
SPB-51528,2024-08-30 10:20:11,기타 
SPB-66015,2024-08-30 10:22:18,타이어 
SPB-44130,2024-08-30 10:29:56,체인
SPB-31399,2024-08-30 10:33:36,기타 
SPB-65046,2024-08-30 10:34:30,페달
SPB-62635,2024-08-30 10:40:49,타이어 
SPB-64770,2024-08-30 11:14:17,타이어 
SPB-64265,2024-08-30 11:29:27,타이어 
SPB-66350,2024-08-30 11:41:52,기타 
SPB-48660,2024-08-30 11:42:26,타이어 
SPB-41491,2024-08-30 11:43:19,페달
SPB-66770,2024-08-30 11:47:57,단말기
SPB-49137,2024-08-30 11:50:15,체인
SPB-30950,2024-08-30 12:01:50,체인
SPB-64774,2024-08-30 12:03:50,타이어 
SPB-30221,2024-08-30 12:03:52,안장
SPB-34592,2024-08-30 12:16:34,기타 
SPB-37099,2024-08-30 12:22:00,기타 
SPB-67895,2024-08-30 12:26:52,기타 
SPB-46274,2024-08-30 12:28:24,페달
SPB-69005,2024-08-30 12:30:18,안장
SPB-66959,2024-08-30 12:44:47,기타 
SPB-61462,2024-08-30 12:49:48,체인
SPB-61882,2024-08-30 12:51:25,타이어 
SPB-50529,2024-08-30 12:53:38,타이어 
SPB-58886,2024-08-30 12:54:26,안장
SPB-59301,2024-08-30 12:57:55,페달
SPB-43822,2024-08-30 12:58:19,타이어 
SPB-32733,2024-08-30 12:58:41,타이어 
SPB-60014,2024-08-30 12:59:33,체인
SPB-58404,2024-08-30 13:03:30,체인
SPB-35512,2024-08-30 13:11:04,타이어 
SPB-48704,2024-08-30 13:19:37,페달
SPB-53526,2024-08-30 13:20:18,기타 
SPB-61780,2024-08-30 13:22:24,체인
SPB-67001,2024-08-30 13:30:45,타이어 
SPB-64886,2024-08-30 13:31:02,기타 
SPB-46861,2024-08-30 13:35:59,안장
SPB-61727,2024-08-30 13:40:55,안장
SPB-30903,2024-08-30 13:44:03,체인
SPB-52506,2024-08-30 13:48:22,체인
SPB-69035,2024-08-30 13:51:17,기타 
SPB-50708,2024-08-30 13:52:49,기타 
SPB-55906,2024-08-30 13:53:04,기타 
SPB-42201,2024-08-30 13:57:21,타이어 
SPB-65608,2024-08-30 14:02:29,페달
SPB-43512,2024-08-30 14:14:36,기타 
SPB-43725,2024-08-30 14:15:28,안장
SPB-42961,2024-08-30 14:20:55,체인
SPB-63160,2024-08-30 14:23:08,기타 
SPB-35068,2024-08-30 14:33:46,기타 
SPB-51186,2024-08-30 14:37:32,안장
SPB-44463,2024-08-30 14:48:15,페달
SPB-50993,2024-08-30 14:48:23,체인
SPB-54058,2024-08-30 14:53:43,페달
SPB-67146,2024-08-30 14:56:20,기타 
SPB-41678,2024-08-30 15:02:33,안장
SPB-65402,2024-08-30 15:04:05,안장
SPB-69212,2024-08-30 15:07:04,체인
SPB-60712,2024-08-30 15:08:31,타이어 
SPB-40941,2024-08-30 15:11:32,안장
SPB-34952,2024-08-30 15:12:02,안장
SPB-67689,2024-08-30 15:13:41,타이어 
SPB-58955,2024-08-30 15:18:21,기타 
SPB-52667,2024-08-30 15:22:09,페달
SPB-43834,2024-08-30 15:24:36,타이어 
SPB-50314,2024-08-30 15:26:18,기타 
SPB-62029,2024-08-30 15:27:37,기타 
SPB-60638,2024-08-30 15:27:45,안장
SPB-38846,2024-08-30 15:29:52,페달
SPB-67571,2024-08-30 15:38:42,타이어 
SPB-62099,2024-08-30 15:39:12,타이어 
SPB-64789,2024-08-30 15:40:04,단말기
SPB-40494,2024-08-30 15:52:41,체인
SPB-40571,2024-08-30 15:52:46,기타 
SPB-67681,2024-08-30 15:53:52,타이어 
SPB-48655,2024-08-30 15:58:47,타이어 
SPB-55550,2024-08-30 16:04:11,기타 
SPB-66605,2024-08-30 16:09:09,체인
SPB-69348,2024-08-30 16:15:27,기타 
SPB-54648,2024-08-30 16:18:18,안장
SPB-62158,2024-08-30 16:21:18,체인
SPB-45018,2024-08-30 16:21:44,안장
SPB-35109,2024-08-30 16:22:48,체인
SPB-41723,2024-08-30 16:25:24,타이어 
SPB-47932,2024-08-30 16:27:03,타이어 
SPB-59675,2024-08-30 16:27:57,타이어 
SPB-45505,2024-08-30 16:29:01,단말기
SPB-61624,2024-08-30 16:33:02,타이어 
SPB-70129,2024-08-30 16:33:07,체인
SPB-40828,2024-08-30 16:35:32,안장
SPB-62088,2024-08-30 16:36:42,타이어 
SPB-67074,2024-08-30 16:37:57,타이어 
SPB-35437,2024-08-30 16:40:41,체인
SPB-52438,2024-08-30 16:40:55,체인
SPB-52755,2024-08-30 16:42:18,기타 
SPB-66440,2024-08-30 16:42:42,타이어 
SPB-48485,2024-08-30 16:45:34,페달
SPB-57747,2024-08-30 16:45:40,페달
SPB-65509,2024-08-30 16:49:03,체인
SPB-30423,2024-08-30 16:53:31,타이어 
SPB-66660,2024-08-30 16:58:03,체인
SPB-45599,2024-08-30 16:58:41,타이어 
SPB-46286,2024-08-30 17:02:05,안장
SPB-67548,2024-08-30 17:04:36,타이어 
SPB-53503,2024-08-30 17:08:11,체인
SPB-51002,2024-08-30 17:08:21,기타 
SPB-45842,2024-08-30 17:09:25,페달
SPB-30824,2024-08-30 17:09:31,체인
SPB-51624,2024-08-30 17:10:33,타이어 
SPB-64834,2024-08-30 17:10:55,타이어 
SPB-54659,2024-08-30 17:12:02,페달
SPB-53110,2024-08-30 17:12:26,기타 
SPB-63282,2024-08-30 17:16:58,타이어 
SPB-42993,2024-08-30 17:18:46,체인
SPB-37630,2024-08-30 17:18:49,체인
SPB-60603,2024-08-30 17:20:44,기타 
SPB-38481,2024-08-30 17:22:58,안장
SPB-68216,2024-08-30 17:24:35,기타 
SPB-37541,2024-08-30 17:31:23,기타 
SPB-64282,2024-08-30 17:33:35,체인
SPB-56162,2024-08-30 17:38:46,페달
SPB-47418,2024-08-30 17:38:48,타이어 
SPB-45104,2024-08-30 17:40:41,체인
SPB-50319,2024-08-30 17:41:09,체인
SPB-65097,2024-08-30 17:41:51,타이어 
SPB-43386,2024-08-30 17:42:04,기타 
SPB-65955,2024-08-30 17:44:04,타이어 
SPB-63983,2024-08-30 17:44:20,체인
SPB-47220,2024-08-30 17:46:11,체인
SPB-59970,2024-08-30 17:47:42,체인
SPB-58657,2024-08-30 17:48:58,기타 
SPB-37157,2024-08-30 17:50:31,타이어 
SPB-61021,2024-08-30 17:53:59,안장
SPB-54781,2024-08-30 17:54:33,타이어 
SPB-33328,2024-08-30 17:55:22,체인
SPB-32487,2024-08-30 17:56:06,기타 
SPB-32591,2024-08-30 17:57:28,기타 
SPB-58507,2024-08-30 17:58:17,체인
SPB-67488,2024-08-30 17:58:44,타이어 
SPB-46685,2024-08-30 17:58:44,안장
SPB-50499,2024-08-30 17:59:26,페달
SPB-51927,2024-08-30 17:59:27,기타 
SPB-37990,2024-08-30 18:02:47,타이어 
SPB-45824,2024-08-30 18:02:48,체인
SPB-66694,2024-08-30 18:03:07,기타 
SPB-34359,2024-08-30 18:03:32,페달
SPB-35530,2024-08-30 18:04:24,타이어 
SPB-34621,2024-08-30 18:05:51,안장
SPB-67132,2024-08-30 18:06:05,기타 
SPB-34227,2024-08-30 18:06:37,타이어 
SPB-44763,2024-08-30 18:11:03,체인
SPB-54232,2024-08-30 18:11:32,기타 
SPB-39133,2024-08-30 18:14:35,기타 
SPB-56264,2024-08-30 18:14:57,타이어 
SPB-46799,2024-08-30 18:15:04,기타 
SPB-35219,2024-08-30 18:15:42,안장
SPB-49090,2024-08-30 18:17:04,타이어 
SPB-44179,2024-08-30 18:17:31,타이어 
SPB-47348,2024-08-30 18:17:52,체인
SPB-69892,2024-08-30 18:18:08,체인
SPB-40540,2024-08-30 18:20:08,안장
SPB-32273,2024-08-30 18:21:09,타이어 
SPB-34041,2024-08-30 18:21:37,기타 
SPB-83589,2024-08-30 18:22:10,타이어 
SPB-37981,2024-08-30 18:22:47,기타 
SPB-57844,2024-08-30 18:22:58,페달
SPB-66456,2024-08-30 18:23:27,체인
SPB-67917,2024-08-30 18:24:08,기타 
SPB-31039,2024-08-30 18:25:28,단말기
SPB-41404,2024-08-30 18:25:41,체인
SPB-69825,2024-08-30 18:25:50,체인
SPB-44588,2024-08-30 18:27:15,타이어 
SPB-35735,2024-08-30 18:28:26,타이어 
SPB-61280,2024-08-30 18:28:46,체인
SPB-66259,2024-08-30 18:32:18,타이어 
SPB-36889,2024-08-30 18:33:13,기타 
SPB-69161,2024-08-30 18:33:30,체인
SPB-52270,2024-08-30 18:33:33,체인
SPB-42698,2024-08-30 18:37:03,안장
SPB-59311,2024-08-30 18:37:50,단말기
SPB-30080,2024-08-30 18:38:06,기타 
SPB-51126,2024-08-30 18:38:09,타이어 
SPB-62050,2024-08-30 18:38:21,안장
SPB-67442,2024-08-30 18:38:25,기타 
SPB-31049,2024-08-30 18:40:10,체인
SPB-69821,2024-08-30 18:40:18,기타 
SPB-41037,2024-08-30 18:41:28,타이어 
SPB-36007,2024-08-30 18:43:42,체인
SPB-35362,2024-08-30 18:43:47,체인
SPB-67922,2024-08-30 18:43:49,타이어 
SPB-52321,2024-08-30 18:44:27,타이어 
SPB-37525,2024-08-30 18:45:25,타이어 
SPB-34882,2024-08-30 18:45:30,페달
SPB-43989,2024-08-30 18:47:30,안장
SPB-68682,2024-08-30 18:47:42,타이어 
SPB-39504,2024-08-30 18:49:10,타이어 
SPB-48109,2024-08-30 18:49:34,체인
SPB-34343,2024-08-30 18:49:36,타이어 
SPB-35993,2024-08-30 18:50:42,타이어 
SPB-81420,2024-08-30 18:52:12,타이어 
SPB-69037,2024-08-30 18:55:32,기타 
SPB-41278,2024-08-30 18:56:04,체인
SPB-65740,2024-08-30 18:56:39,타이어 
SPB-65545,2024-08-30 18:59:20,타이어 
SPB-38525,2024-08-30 19:01:57,안장
SPB-50913,2024-08-30 19:02:48,타이어 
SPB-60499,2024-08-30 19:02:57,체인
SPB-65423,2024-08-30 19:03:03,페달
SPB-47781,2024-08-30 19:03:41,안장
SPB-66515,2024-08-30 19:04:22,타이어 
SPB-31736,2024-08-30 19:05:09,타이어 
SPB-84068,2024-08-30 19:05:46,타이어 
SPB-41606,2024-08-30 19:05:59,안장
SPB-44688,2024-08-30 19:07:13,안장
SPB-60901,2024-08-30 19:08:20,체인
SPB-44161,2024-08-30 19:08:49,체인
SPB-68879,2024-08-30 19:09:07,기타 
SPB-65249,2024-08-30 19:09:42,타이어 
SPB-50171,2024-08-30 19:10:15,체인
SPB-35207,2024-08-30 19:10:29,단말기
SPB-33409,2024-08-30 19:11:31,안장
SPB-63131,2024-08-30 19:12:31,체인
SPB-30166,2024-08-30 19:12:40,타이어 
SPB-48400,2024-08-30 19:13:34,체인
SPB-45033,2024-08-30 19:13:42,체인
SPB-43275,2024-08-30 19:13:44,타이어 
SPB-45176,2024-08-30 19:14:49,안장
SPB-48298,2024-08-30 19:15:23,기타 
SPB-57510,2024-08-30 19:15:45,타이어 
SPB-55456,2024-08-30 19:16:21,기타 
SPB-47441,2024-08-30 19:17:14,체인
SPB-44078,2024-08-30 19:17:26,체인
SPB-56508,2024-08-30 19:18:05,안장
SPB-50396,2024-08-30 19:19:28,기타 
SPB-39722,2024-08-30 19:21:08,페달
SPB-38753,2024-08-30 19:21:52,기타 
SPB-46653,2024-08-30 19:22:05,페달
SPB-48271,2024-08-30 19:25:16,기타 
SPB-50622,2024-08-30 19:25:24,타이어 
SPB-58340,2024-08-30 19:26:02,타이어 
SPB-64957,2024-08-30 19:26:14,기타 
SPB-81941,2024-08-30 19:27:20,타이어 
SPB-63574,2024-08-30 19:28:42,기타 
SPB-68729,2024-08-30 19:31:18,기타 
SPB-58618,2024-08-30 19:31:52,페달
SPB-52493,2024-08-30 19:32:15,기타 
SPB-65024,2024-08-30 19:32:30,기타 
SPB-30454,2024-08-30 19:33:37,기타 
SPB-51078,2024-08-30 19:36:39,기타 
SPB-69652,2024-08-30 19:37:04,체인
SPB-65768,2024-08-30 19:37:13,타이어 
SPB-59459,2024-08-30 19:42:56,기타 
SPB-62131,2024-08-30 19:43:00,타이어 
SPB-39225,2024-08-30 19:45:50,타이어 
SPB-44833,2024-08-30 19:49:39,기타 
SPB-39495,2024-08-30 19:50:17,타이어 
SPB-62497,2024-08-30 19:50:34,타이어 
SPB-41870,2024-08-30 19:50:55,단말기
SPB-54603,2024-08-30 19:51:09,타이어 
SPB-31772,2024-08-30 19:51:22,타이어 
SPB-33350,2024-08-30 19:52:18,기타 
SPB-60822,2024-08-30 19:53:47,페달
SPB-50640,2024-08-30 19:55:26,기타 
SPB-68951,2024-08-30 19:59:52,기타 
SPB-56043,2024-08-30 20:00:52,체인
SPB-42703,2024-08-30 20:01:20,타이어 
SPB-53550,2024-08-30 20:03:06,체인
SPB-83411,2024-08-30 20:03:55,기타 
SPB-42863,2024-08-30 20:04:08,페달
SPB-67611,2024-08-30 20:06:50,체인
SPB-58391,2024-08-30 20:06:57,체인
SPB-38484,2024-08-30 20:07:01,타이어 
SPB-37615,2024-08-30 20:08:24,체인
SPB-42957,2024-08-30 20:10:52,기타 
SPB-64217,2024-08-30 20:12:12,기타 
SPB-30117,2024-08-30 20:13:52,안장
SPB-40196,2024-08-30 20:17:15,체인
SPB-43469,2024-08-30 20:17:23,안장
SPB-40930,2024-08-30 20:17:30,안장
SPB-65970,2024-08-30 20:20:05,단말기
SPB-62702,2024-08-30 20:22:05,체인
SPB-30248,2024-08-30 20:22:24,기타 
SPB-58409,2024-08-30 20:23:18,기타 
SPB-46049,2024-08-30 20:24:05,체인
SPB-42861,2024-08-30 20:27:39,체인
SPB-32151,2024-08-30 20:34:00,체인
SPB-83441,2024-08-30 20:34:34,기타 
SPB-55948,2024-08-30 20:38:41,체인
SPB-53281,2024-08-30 20:38:47,타이어 
SPB-80741,2024-08-30 20:38:48,페달
SPB-34329,2024-08-30 20:41:12,단말기
SPB-35832,2024-08-30 20:45:26,단말기
SPB-49173,2024-08-30 20:46:30,기타 
SPB-43042,2024-08-30 20:47:50,기타 
SPB-43887,2024-08-30 20:48:14,페달
SPB-56634,2024-08-30 20:48:40,페달
SPB-70225,2024-08-30 20:49:05,안장
SPB-44606,2024-08-30 20:52:01,타이어 
SPB-39671,2024-08-30 20:56:27,기타 
SPB-60636,2024-08-30 20:58:54,기타 
SPB-64203,2024-08-30 20:59:40,기타 
SPB-59454,2024-08-30 21:01:04,타이어 
SPB-60701,2024-08-30 21:02:14,체인
SPB-52871,2024-08-30 21:02:24,타이어 
SPB-57060,2024-08-30 21:05:08,체인
SPB-32811,2024-08-30 21:06:15,안장
SPB-46298,2024-08-30 21:06:27,체인
SPB-44912,2024-08-30 21:08:35,안장
SPB-50421,2024-08-30 21:14:35,체인
SPB-31227,2024-08-30 21:14:59,페달
SPB-66402,2024-08-30 21:16:28,타이어 
SPB-45270,2024-08-30 21:23:09,체인
SPB-61925,2024-08-30 21:25:07,안장
SPB-64958,2024-08-30 21:25:27,타이어 
SPB-53006,2024-08-30 21:26:13,기타 
SPB-48950,2024-08-30 21:26:59,타이어 
SPB-64808,2024-08-30 21:27:08,페달
SPB-52796,2024-08-30 21:30:38,기타 
SPB-59558,2024-08-30 21:30:45,페달
SPB-48994,2024-08-30 21:32:59,기타 
SPB-65587,2024-08-30 21:38:20,타이어 
SPB-52358,2024-08-30 21:38:35,페달
SPB-53607,2024-08-30 21:40:29,안장
SPB-60683,2024-08-30 21:41:08,체인
SPB-60275,2024-08-30 21:42:04,타이어 
SPB-43774,2024-08-30 21:42:42,타이어 
SPB-67831,2024-08-30 21:46:37,체인
SPB-44389,2024-08-30 21:47:16,기타 
SPB-60538,2024-08-30 21:58:11,타이어 
SPB-33177,2024-08-30 22:00:26,기타 
SPB-47255,2024-08-30 22:01:45,타이어 
SPB-61407,2024-08-30 22:02:18,타이어 
SPB-69655,2024-08-30 22:03:08,체인
SPB-42549,2024-08-30 22:04:14,체인
SPB-66541,2024-08-30 22:06:09,기타 
SPB-32947,2024-08-30 22:10:25,기타 
SPB-48232,2024-08-30 22:11:39,기타 
SPB-34758,2024-08-30 22:12:54,기타 
SPB-69503,2024-08-30 22:14:09,안장
SPB-57912,2024-08-30 22:15:02,체인
SPB-33330,2024-08-30 22:15:28,기타 
SPB-39512,2024-08-30 22:16:56,타이어 
SPB-62913,2024-08-30 22:18:06,체인
SPB-50230,2024-08-30 22:22:40,기타 
SPB-60171,2024-08-30 22:22:46,기타 
SPB-67397,2024-08-30 22:24:07,안장
SPB-47172,2024-08-30 22:27:46,페달
SPB-83925,2024-08-30 22:34:32,타이어 
SPB-61568,2024-08-30 22:35:46,타이어 
SPB-67199,2024-08-30 22:36:20,페달
SPB-63708,2024-08-30 22:36:52,체인
SPB-63851,2024-08-30 22:43:37,타이어 
SPB-34045,2024-08-30 22:44:27,타이어 
SPB-52768,2024-08-30 22:45:10,안장
SPB-60541,2024-08-30 22:45:23,체인
SPB-60155,2024-08-30 22:46:11,페달
SPB-52177,2024-08-30 22:46:58,안장
SPB-33554,2024-08-30 22:48:03,체인
SPB-67740,2024-08-30 22:51:42,체인
SPB-33785,2024-08-30 22:52:00,안장
SPB-41841,2024-08-30 22:53:41,페달
SPB-31209,2024-08-30 22:59:31,안장
SPB-40145,2024-08-30 23:07:46,체인
SPB-52749,2024-08-30 23:11:43,타이어 
SPB-67057,2024-08-30 23:11:43,기타 
SPB-40943,2024-08-30 23:12:22,페달
SPB-37498,2024-08-30 23:17:34,기타 
SPB-38099,2024-08-30 23:22:52,체인
SPB-82739,2024-08-30 23:24:39,타이어 
SPB-65955,2024-08-30 23:31:00,타이어 
SPB-46094,2024-08-30 23:33:20,체인
SPB-45671,2024-08-30 23:33:54,페달
SPB-59898,2024-08-30 23:40:25,안장
SPB-60509,2024-08-30 23:40:27,체인
SPB-30304,2024-08-30 23:43:42,타이어 
SPB-53479,2024-08-30 23:44:27,기타 
SPB-40424,2024-08-30 23:47:52,안장
SPB-66813,2024-08-31 00:03:50,타이어 
SPB-63567,2024-08-31 00:18:11,타이어 
SPB-60030,2024-08-31 00:24:14,체인
SPB-39627,2024-08-31 00:28:09,체인
SPB-68022,2024-08-31 00:30:01,체인
SPB-38651,2024-08-31 00:36:20,체인
SPB-42978,2024-08-31 00:48:24,안장
SPB-34357,2024-08-31 00:48:43,체인
SPB-55817,2024-08-31 00:50:05,기타 
SPB-41671,2024-08-31 00:51:04,타이어 
SPB-46581,2024-08-31 00:55:59,체인
SPB-33143,2024-08-31 00:57:49,페달
SPB-41828,2024-08-31 00:58:04,페달
SPB-34570,2024-08-31 01:09:20,기타 
SPB-83243,2024-08-31 01:12:52,타이어 
SPB-62808,2024-08-31 01:42:10,타이어 
SPB-45477,2024-08-31 01:43:02,체인
SPB-64290,2024-08-31 01:45:16,단말기
SPB-52331,2024-08-31 01:52:58,페달
SPB-35983,2024-08-31 02:03:41,페달
SPB-81980,2024-08-31 02:15:12,타이어 
SPB-31460,2024-08-31 02:15:31,체인
SPB-60315,2024-08-31 02:48:57,안장
SPB-57630,2024-08-31 03:21:07,페달
SPB-38037,2024-08-31 03:29:07,체인
SPB-50754,2024-08-31 03:37:32,단말기
SPB-61748,2024-08-31 03:40:26,타이어 
SPB-67791,2024-08-31 03:50:41,페달
SPB-66928,2024-08-31 04:04:34,타이어 
SPB-40055,2024-08-31 04:46:14,안장
SPB-64028,2024-08-31 04:54:10,기타 
SPB-69212,2024-08-31 05:07:07,체인
SPB-34757,2024-08-31 05:14:37,체인
SPB-49180,2024-08-31 05:57:09,타이어 
SPB-57675,2024-08-31 06:16:45,기타 
SPB-65768,2024-08-31 06:25:48,타이어 
SPB-36528,2024-08-31 06:34:30,기타 
SPB-41691,2024-08-31 06:34:56,기타 
SPB-46612,2024-08-31 06:42:27,단말기
SPB-50756,2024-08-31 06:45:22,단말기
SPB-50558,2024-08-31 06:46:07,체인
SPB-44201,2024-08-31 07:00:58,체인
SPB-43862,2024-08-31 07:07:12,체인
SPB-44551,2024-08-31 07:14:02,기타 
SPB-31068,2024-08-31 07:26:40,체인
SPB-65401,2024-08-31 07:27:21,타이어 
SPB-56848,2024-08-31 07:31:43,체인
SPB-43847,2024-08-31 07:34:57,페달
SPB-55632,2024-08-31 07:38:21,페달
SPB-80629,2024-08-31 07:40:11,기타 
SPB-46857,2024-08-31 07:41:58,안장
SPB-31679,2024-08-31 07:52:28,타이어 
SPB-69904,2024-08-31 07:56:45,체인
SPB-67229,2024-08-31 08:08:41,기타 
SPB-64555,2024-08-31 08:09:09,기타 
SPB-60046,2024-08-31 08:13:17,체인
SPB-44183,2024-08-31 08:16:05,체인
SPB-39828,2024-08-31 08:34:39,타이어 
SPB-34731,2024-08-31 08:35:11,안장
SPB-61487,2024-08-31 08:39:48,타이어 
SPB-55082,2024-08-31 08:43:03,타이어 
SPB-34116,2024-08-31 08:44:17,기타 
SPB-69790,2024-08-31 08:46:22,체인
SPB-62239,2024-08-31 08:49:03,체인
SPB-30508,2024-08-31 08:56:11,안장
SPB-49408,2024-08-31 08:56:45,기타 
SPB-54484,2024-08-31 09:01:12,기타 
SPB-58781,2024-08-31 09:01:51,기타 
SPB-51811,2024-08-31 09:03:13,체인
SPB-44764,2024-08-31 09:03:13,체인
SPB-59318,2024-08-31 09:06:39,타이어 
SPB-57922,2024-08-31 09:09:13,기타 
SPB-44133,2024-08-31 09:16:56,안장
SPB-45463,2024-08-31 09:17:14,안장
SPB-33613,2024-08-31 09:17:16,기타 
SPB-41691,2024-08-31 09:18:22,타이어 
SPB-33251,2024-08-31 09:35:33,페달
SPB-48171,2024-08-31 09:38:33,타이어 
SPB-67031,2024-08-31 09:39:02,안장
SPB-67030,2024-08-31 09:43:54,기타 
SPB-38470,2024-08-31 09:43:58,타이어 
SPB-48980,2024-08-31 09:44:29,타이어 
SPB-34313,2024-08-31 09:44:47,체인
SPB-43691,2024-08-31 09:45:00,타이어 
SPB-64487,2024-08-31 09:45:17,체인
SPB-40949,2024-08-31 09:45:34,안장
SPB-66802,2024-08-31 09:49:00,타이어 
SPB-44930,2024-08-31 09:56:02,체인
SPB-48378,2024-08-31 09:58:09,페달
SPB-41938,2024-08-31 09:58:58,타이어 
SPB-43578,2024-08-31 10:01:18,타이어 
SPB-42317,2024-08-31 10:02:30,체인
SPB-33899,2024-08-31 10:04:35,타이어 
SPB-54327,2024-08-31 10:09:16,페달
SPB-66349,2024-08-31 10:10:11,타이어 
SPB-47104,2024-08-31 10:13:20,타이어 
SPB-49362,2024-08-31 10:16:22,타이어 
SPB-52902,2024-08-31 10:16:56,타이어 
SPB-50332,2024-08-31 10:18:30,단말기
SPB-64974,2024-08-31 10:23:23,타이어 
SPB-36836,2024-08-31 10:24:37,기타 
SPB-63650,2024-08-31 10:25:37,타이어 
SPB-62394,2024-08-31 10:26:17,타이어 
SPB-80074,2024-08-31 10:29:11,안장
SPB-41153,2024-08-31 10:29:44,체인
SPB-32677,2024-08-31 10:32:24,체인
SPB-65021,2024-08-31 10:34:32,기타 
SPB-54386,2024-08-31 10:40:15,페달
SPB-68686,2024-08-31 10:42:37,체인
SPB-57638,2024-08-31 10:44:57,체인
SPB-54563,2024-08-31 10:50:22,타이어 
SPB-53433,2024-08-31 10:51:37,타이어 
SPB-47329,2024-08-31 10:52:32,페달
SPB-62850,2024-08-31 10:53:15,안장
SPB-70314,2024-08-31 10:53:32,타이어 
SPB-39033,2024-08-31 10:55:24,안장
SPB-56800,2024-08-31 10:57:02,기타 
SPB-42650,2024-08-31 10:57:14,체인
SPB-69721,2024-08-31 11:04:37,체인
SPB-62787,2024-08-31 11:04:57,페달
SPB-50139,2024-08-31 11:05:43,타이어 
SPB-35059,2024-08-31 11:09:33,체인
SPB-54076,2024-08-31 11:11:34,안장
SPB-51487,2024-08-31 11:12:51,체인
SPB-69852,2024-08-31 11:18:09,안장
SPB-55824,2024-08-31 11:24:35,타이어 
SPB-44748,2024-08-31 11:30:21,안장
SPB-42055,2024-08-31 11:30:28,타이어 
SPB-33484,2024-08-31 11:37:14,타이어 
SPB-47698,2024-08-31 11:41:14,페달
SPB-30962,2024-08-31 11:41:27,안장
SPB-61154,2024-08-31 11:46:17,페달
SPB-66355,2024-08-31 11:48:50,기타 
SPB-56386,2024-08-31 11:51:32,안장
SPB-82142,2024-08-31 11:54:15,타이어 
SPB-65873,2024-08-31 11:55:52,타이어 
SPB-55437,2024-08-31 11:58:12,페달
SPB-39414,2024-08-31 12:07:01,타이어 
SPB-46347,2024-08-31 12:07:30,체인
SPB-51736,2024-08-31 12:20:29,기타 
SPB-38736,2024-08-31 12:20:37,체인
SPB-60519,2024-08-31 12:27:52,타이어 
SPB-42180,2024-08-31 12:31:24,체인
SPB-44032,2024-08-31 12:33:03,안장
SPB-42639,2024-08-31 12:33:25,체인
SPB-53172,2024-08-31 12:35:26,체인
SPB-68779,2024-08-31 12:36:14,타이어 
SPB-35009,2024-08-31 12:38:17,체인
SPB-65169,2024-08-31 12:39:12,타이어 
SPB-35616,2024-08-31 12:39:17,타이어 
SPB-58704,2024-08-31 12:39:43,타이어 
SPB-36663,2024-08-31 12:39:49,기타 
SPB-47763,2024-08-31 12:40:49,단말기
SPB-64428,2024-08-31 12:47:08,타이어 
SPB-67975,2024-08-31 12:47:54,체인
SPB-30488,2024-08-31 12:50:38,안장
SPB-62958,2024-08-31 12:54:15,체인
SPB-70011,2024-08-31 12:54:49,안장
SPB-54756,2024-08-31 12:55:16,안장
SPB-46412,2024-08-31 12:57:02,체인
SPB-59725,2024-08-31 12:58:54,체인
SPB-32845,2024-08-31 13:01:07,타이어 
SPB-51823,2024-08-31 13:05:34,체인
SPB-37549,2024-08-31 13:06:20,기타 
SPB-69332,2024-08-31 13:07:03,체인
SPB-65832,2024-08-31 13:07:41,타이어 
SPB-57209,2024-08-31 13:09:25,체인
SPB-67852,2024-08-31 13:10:14,체인
SPB-62877,2024-08-31 13:11:05,단말기
SPB-69874,2024-08-31 13:25:17,체인
SPB-66800,2024-08-31 13:27:17,체인
SPB-60691,2024-08-31 13:28:36,안장
SPB-68779,2024-08-31 13:28:37,타이어 
SPB-67305,2024-08-31 13:28:58,단말기
SPB-61687,2024-08-31 13:29:11,체인
SPB-44544,2024-08-31 13:35:09,체인
SPB-61138,2024-08-31 13:35:10,체인
SPB-70394,2024-08-31 13:36:13,체인
SPB-50791,2024-08-31 13:40:18,단말기
SPB-55952,2024-08-31 13:47:16,체인
SPB-57155,2024-08-31 13:48:59,타이어 
SPB-65593,2024-08-31 13:49:48,체인
SPB-54992,2024-08-31 13:51:27,체인
SPB-44072,2024-08-31 13:53:58,체인
SPB-47803,2024-08-31 13:56:19,체인
SPB-65845,2024-08-31 13:58:00,안장
SPB-61077,2024-08-31 14:04:30,기타 
SPB-84834,2024-08-31 14:11:07,타이어 
SPB-39387,2024-08-31 14:12:48,기타 
SPB-60006,2024-08-31 14:15:05,타이어 
SPB-66041,2024-08-31 14:16:27,타이어 
SPB-45897,2024-08-31 14:25:37,기타 
SPB-65590,2024-08-31 14:31:30,기타 
SPB-47219,2024-08-31 14:32:54,체인
SPB-64037,2024-08-31 14:33:08,타이어 
SPB-58960,2024-08-31 14:36:17,체인
SPB-65413,2024-08-31 14:38:19,타이어 
SPB-48086,2024-08-31 14:41:06,페달
SPB-57969,2024-08-31 14:42:28,타이어 
SPB-31070,2024-08-31 14:44:13,기타 
SPB-38941,2024-08-31 14:46:22,기타 
SPB-63090,2024-08-31 14:49:12,기타 
SPB-43060,2024-08-31 14:49:37,타이어 
SPB-61818,2024-08-31 14:55:50,타이어 
SPB-32104,2024-08-31 14:56:10,기타 
SPB-47713,2024-08-31 15:08:09,체인
SPB-43939,2024-08-31 15:11:24,체인
SPB-41791,2024-08-31 15:13:34,타이어 
SPB-69934,2024-08-31 15:25:03,체인
SPB-60984,2024-08-31 15:29:51,체인
SPB-53095,2024-08-31 15:34:38,기타 
SPB-53244,2024-08-31 15:37:33,타이어 
SPB-64094,2024-08-31 15:42:20,체인
SPB-64902,2024-08-31 15:45:53,타이어 
SPB-51917,2024-08-31 15:55:28,체인
SPB-65216,2024-08-31 15:57:54,타이어 
SPB-60757,2024-08-31 15:58:02,타이어 
SPB-47709,2024-08-31 16:03:30,안장
SPB-35342,2024-08-31 16:09:43,페달
SPB-47885,2024-08-31 16:11:52,기타 
SPB-53607,2024-08-31 16:18:11,안장
SPB-30467,2024-08-31 16:22:47,타이어 
SPB-38640,2024-08-31 16:25:06,체인
SPB-64440,2024-08-31 16:26:15,기타 
SPB-64465,2024-08-31 16:30:09,기타 
SPB-40389,2024-08-31 16:33:21,안장
SPB-55851,2024-08-31 16:34:55,타이어 
SPB-41232,2024-08-31 16:38:18,기타 
SPB-33546,2024-08-31 16:43:03,타이어 
SPB-66812,2024-08-31 16:43:51,타이어 
SPB-48298,2024-08-31 16:48:19,기타 
SPB-34450,2024-08-31 16:48:49,기타 
SPB-33951,2024-08-31 16:49:27,안장
SPB-66326,2024-08-31 16:50:12,타이어 
SPB-55664,2024-08-31 16:50:35,타이어 
SPB-44729,2024-08-31 16:51:10,체인
SPB-31989,2024-08-31 16:54:39,기타 
SPB-69603,2024-08-31 16:54:43,체인
SPB-44177,2024-08-31 16:55:08,기타 
SPB-66636,2024-08-31 17:08:24,타이어 
SPB-61720,2024-08-31 17:15:00,안장
SPB-31700,2024-08-31 17:16:16,타이어 
SPB-58927,2024-08-31 17:27:26,타이어 
SPB-53600,2024-08-31 17:29:31,기타 
SPB-68384,2024-08-31 17:33:01,안장
SPB-56484,2024-08-31 17:33:13,체인
SPB-68505,2024-08-31 17:33:42,기타 
SPB-36093,2024-08-31 17:37:57,타이어 
SPB-30777,2024-08-31 17:38:37,타이어 
SPB-61368,2024-08-31 17:39:33,안장
SPB-41738,2024-08-31 17:40:20,페달
SPB-61796,2024-08-31 17:41:45,기타 
SPB-52716,2024-08-31 17:44:29,페달
SPB-67626,2024-08-31 17:47:34,단말기
SPB-48225,2024-08-31 17:49:08,페달
SPB-49148,2024-08-31 17:49:13,타이어 
SPB-57351,2024-08-31 17:50:24,기타 
SPB-50260,2024-08-31 17:53:59,기타 
SPB-44912,2024-08-31 17:55:15,안장
SPB-47744,2024-08-31 18:00:20,기타 
SPB-58163,2024-08-31 18:07:52,페달
SPB-39376,2024-08-31 18:08:25,체인
SPB-35461,2024-08-31 18:11:25,안장
SPB-66862,2024-08-31 18:13:01,기타 
SPB-65900,2024-08-31 18:19:00,기타 
SPB-51675,2024-08-31 18:20:06,타이어 
SPB-66108,2024-08-31 18:22:17,타이어 
SPB-52578,2024-08-31 18:22:51,체인
SPB-65911,2024-08-31 18:24:05,타이어 
SPB-65520,2024-08-31 18:24:24,기타 
SPB-55084,2024-08-31 18:25:39,기타 
SPB-48163,2024-08-31 18:29:07,체인
SPB-35187,2024-08-31 18:29:57,체인
SPB-60424,2024-08-31 18:32:03,기타 
SPB-81098,2024-08-31 18:32:55,페달
SPB-43698,2024-08-31 18:35:11,안장
SPB-34865,2024-08-31 18:37:14,기타 
SPB-41019,2024-08-31 18:39:09,체인
SPB-59974,2024-08-31 18:40:33,타이어 
SPB-30271,2024-08-31 18:47:07,페달
SPB-56748,2024-08-31 18:50:43,안장
SPB-54342,2024-08-31 18:52:17,기타 
SPB-65863,2024-08-31 18:57:12,타이어 
SPB-65393,2024-08-31 19:02:56,체인
SPB-70392,2024-08-31 19:08:46,기타 
SPB-47262,2024-08-31 19:10:11,안장
SPB-69517,2024-08-31 19:11:36,체인
SPB-63161,2024-08-31 19:14:50,타이어 
SPB-68850,2024-08-31 19:16:06,체인
SPB-66128,2024-08-31 19:16:24,페달
SPB-55016,2024-08-31 19:19:37,기타 
SPB-40413,2024-08-31 19:22:28,타이어 
SPB-31984,2024-08-31 19:34:05,타이어 
SPB-64998,2024-08-31 19:34:44,타이어 
SPB-68031,2024-08-31 19:36:12,페달
SPB-43910,2024-08-31 19:39:57,체인
SPB-57456,2024-08-31 19:42:00,기타 
SPB-66554,2024-08-31 19:43:33,타이어 
SPB-60764,2024-08-31 19:45:35,기타 
SPB-47879,2024-08-31 19:45:53,페달
SPB-35979,2024-08-31 19:51:04,안장
SPB-50329,2024-08-31 19:54:11,기타 
SPB-35983,2024-08-31 19:55:13,페달
SPB-67296,2024-08-31 19:55:40,안장
SPB-58077,2024-08-31 19:56:17,기타 
SPB-63985,2024-08-31 19:57:30,체인
SPB-41684,2024-08-31 19:57:49,체인
SPB-40061,2024-08-31 19:59:10,기타 
SPB-68707,2024-08-31 19:59:11,타이어 
SPB-53538,2024-08-31 20:00:00,안장
SPB-65884,2024-08-31 20:04:35,타이어 
SPB-65468,2024-08-31 20:05:52,기타 
SPB-68293,2024-08-31 20:07:35,기타 
SPB-67776,2024-08-31 20:08:48,체인
SPB-43613,2024-08-31 20:09:17,체인
SPB-32378,2024-08-31 20:09:28,기타 
SPB-52398,2024-08-31 20:10:27,페달
SPB-30381,2024-08-31 20:12:33,단말기
SPB-53440,2024-08-31 20:21:19,타이어 
SPB-45895,2024-08-31 20:25:19,체인
SPB-45823,2024-08-31 20:28:12,타이어 
SPB-45182,2024-08-31 20:29:20,체인
SPB-46318,2024-08-31 20:30:45,페달
SPB-69909,2024-08-31 20:35:03,체인
SPB-61407,2024-08-31 20:40:41,타이어 
SPB-67559,2024-08-31 20:42:32,체인
SPB-84427,2024-08-31 20:44:39,기타 
SPB-67556,2024-08-31 20:47:07,기타 
SPB-66959,2024-08-31 20:49:44,체인
SPB-81651,2024-08-31 20:53:23,기타 
SPB-58190,2024-08-31 20:54:56,기타 
SPB-53395,2024-08-31 20:55:07,안장
SPB-62279,2024-08-31 21:01:09,체인
SPB-54159,2024-08-31 21:01:33,기타 
SPB-64548,2024-08-31 21:03:03,페달
SPB-69943,2024-08-31 21:04:08,타이어 
SPB-50465,2024-08-31 21:06:28,페달
SPB-69807,2024-08-31 21:10:03,페달
SPB-52996,2024-08-31 21:10:28,안장
SPB-62585,2024-08-31 21:15:59,안장
SPB-54206,2024-08-31 21:17:27,기타 
SPB-63726,2024-08-31 21:22:20,타이어 
SPB-61264,2024-08-31 21:22:27,체인
SPB-51718,2024-08-31 21:25:02,페달
SPB-59975,2024-08-31 21:25:33,단말기
SPB-61574,2024-08-31 21:29:17,안장
SPB-64566,2024-08-31 21:30:31,타이어 
SPB-45663,2024-08-31 21:34:01,기타 
SPB-50096,2024-08-31 21:35:01,기타 
SPB-44319,2024-08-31 21:36:10,기타 
SPB-44621,2024-08-31 21:37:27,안장
SPB-64074,2024-08-31 21:38:45,타이어 
SPB-54215,2024-08-31 21:44:17,타이어 
SPB-50144,2024-08-31 21:47:28,체인
SPB-34516,2024-08-31 21:48:38,체인
SPB-59274,2024-08-31 21:49:13,기타 
SPB-56626,2024-08-31 21:50:06,페달
SPB-46471,2024-08-31 21:53:21,타이어 
SPB-53064,2024-08-31 21:53:57,타이어 
SPB-50661,2024-08-31 21:54:56,기타 
SPB-47415,2024-08-31 21:55:01,페달
SPB-50723,2024-08-31 21:57:03,기타 
SPB-61360,2024-08-31 21:59:31,안장
SPB-68978,2024-08-31 21:59:33,기타 
SPB-57106,2024-08-31 22:01:57,기타 
SPB-56822,2024-08-31 22:02:45,타이어 
SPB-62871,2024-08-31 22:08:48,체인
SPB-59907,2024-08-31 22:08:56,체인
SPB-44488,2024-08-31 22:12:23,체인
SPB-68918,2024-08-31 22:14:12,체인
SPB-82730,2024-08-31 22:14:56,체인
SPB-60355,2024-08-31 22:16:57,기타 
SPB-32170,2024-08-31 22:22:39,체인
SPB-61704,2024-08-31 22:23:16,안장
SPB-42255,2024-08-31 22:25:54,체인
SPB-58407,2024-08-31 22:26:22,단말기
SPB-64961,2024-08-31 22:27:29,기타 
SPB-42704,2024-08-31 22:28:11,타이어 
SPB-47029,2024-08-31 22:28:55,체인
SPB-46990,2024-08-31 22:30:08,안장
SPB-58738,2024-08-31 22:32:09,체인
SPB-56764,2024-08-31 22:37:26,기타 
SPB-30423,2024-08-31 22:38:32,타이어 
SPB-40408,2024-08-31 22:39:48,타이어 
SPB-80746,2024-08-31 22:40:46,안장
SPB-33373,2024-08-31 22:47:11,타이어 
SPB-58968,2024-08-31 22:47:30,타이어 
SPB-68691,2024-08-31 22:47:45,체인
SPB-35735,2024-08-31 22:47:48,안장
SPB-67741,2024-08-31 23:03:18,기타 
SPB-69182,2024-08-31 23:09:03,안장
SPB-41927,2024-08-31 23:09:21,기타 
SPB-53049,2024-08-31 23:14:01,타이어 
SPB-45394,2024-08-31 23:16:19,안장
SPB-40051,2024-08-31 23:21:26,기타 
SPB-51123,2024-08-31 23:22:50,기타 
SPB-39321,2024-08-31 23:26:00,체인
SPB-34684,2024-08-31 23:26:20,체인
SPB-34960,2024-08-31 23:26:48,타이어 
SPB-43721,2024-08-31 23:27:06,기타 
SPB-66467,2024-08-31 23:30:20,타이어 
SPB-32881,2024-08-31 23:34:35,타이어 
SPB-40676,2024-08-31 23:39:35,단말기
SPB-65506,2024-08-31 23:49:03,체인
SPB-52993,2024-08-31 23:54:03,타이어 
SPB-64175,2024-08-31 23:54:31,기타 
SPB-69994,2024-08-31 23:57:30,체인
SPB-44085,2024-08-31 23:58:55,기타 
