자전거번호,등록일시,구분
SPB-43515,2024-09-01 00:04:11,체인
SPB-60146,2024-09-01 00:04:26,단말기
SPB-35841,2024-09-01 00:06:44,안장
SPB-30233,2024-09-01 00:12:34,타이어 
SPB-44690,2024-09-01 00:13:47,체인
SPB-64764,2024-09-01 00:20:27,타이어 
SPB-65980,2024-09-01 00:23:47,타이어 
SPB-47574,2024-09-01 00:24:39,안장
SPB-70099,2024-09-01 00:25:19,기타 
SPB-63068,2024-09-01 00:26:42,체인
SPB-67542,2024-09-01 00:27:35,타이어 
SPB-66926,2024-09-01 00:36:29,체인
SPB-65585,2024-09-01 00:42:51,체인
SPB-32951,2024-09-01 00:47:28,기타 
SPB-36185,2024-09-01 01:11:56,안장
SPB-69542,2024-09-01 01:17:35,기타 
SPB-58825,2024-09-01 01:26:16,타이어 
SPB-66639,2024-09-01 01:36:40,체인
SPB-45022,2024-09-01 01:46:54,기타 
SPB-68214,2024-09-01 01:55:36,체인
SPB-67543,2024-09-01 02:00:17,타이어 
SPB-49540,2024-09-01 02:03:17,기타 
SPB-42539,2024-09-01 02:34:40,체인
SPB-34211,2024-09-01 03:02:13,기타 
SPB-67858,2024-09-01 03:26:16,페달
SPB-54146,2024-09-01 03:30:59,단말기
SPB-46578,2024-09-01 03:44:22,타이어 
SPB-30150,2024-09-01 03:50:05,타이어 
SPB-67635,2024-09-01 04:11:33,안장
SPB-33062,2024-09-01 04:14:54,기타 
SPB-60834,2024-09-01 04:45:53,체인
SPB-47161,2024-09-01 05:16:26,타이어 
SPB-63197,2024-09-01 06:27:04,기타 
SPB-66152,2024-09-01 06:40:03,타이어 
SPB-38742,2024-09-01 06:41:06,체인
SPB-45540,2024-09-01 07:01:39,타이어 
SPB-62695,2024-09-01 07:06:31,기타 
SPB-67247,2024-09-01 07:13:10,타이어 
SPB-30663,2024-09-01 07:42:44,안장
SPB-63748,2024-09-01 07:50:31,체인
SPB-55751,2024-09-01 07:52:04,체인
SPB-55464,2024-09-01 07:57:50,타이어 
SPB-51777,2024-09-01 07:59:17,체인
SPB-60746,2024-09-01 08:07:36,타이어 
SPB-61473,2024-09-01 08:09:12,안장
SPB-70024,2024-09-01 08:09:38,안장
SPB-54137,2024-09-01 08:11:20,타이어 
SPB-39559,2024-09-01 08:28:53,체인
SPB-39936,2024-09-01 08:29:40,체인
SPB-31556,2024-09-01 08:30:16,타이어 
SPB-40746,2024-09-01 08:30:29,페달
SPB-66518,2024-09-01 08:32:22,타이어 
SPB-68987,2024-09-01 08:37:05,기타 
SPB-64754,2024-09-01 08:39:11,체인
SPB-82176,2024-09-01 08:42:53,타이어 
SPB-50995,2024-09-01 08:44:19,기타 
SPB-34264,2024-09-01 08:45:26,타이어 
SPB-56215,2024-09-01 08:45:29,안장
SPB-38971,2024-09-01 08:52:33,안장
SPB-64424,2024-09-01 08:54:49,페달
SPB-33367,2024-09-01 08:55:38,타이어 
SPB-57517,2024-09-01 09:00:57,안장
SPB-39782,2024-09-01 09:01:48,체인
SPB-69544,2024-09-01 09:05:16,체인
SPB-69325,2024-09-01 09:07:05,체인
SPB-53795,2024-09-01 09:08:54,페달
SPB-42209,2024-09-01 09:12:56,타이어 
SPB-68271,2024-09-01 09:17:46,체인
SPB-55362,2024-09-01 09:18:35,안장
SPB-51046,2024-09-01 09:31:10,체인
SPB-56699,2024-09-01 09:33:38,기타 
SPB-40595,2024-09-01 09:47:02,기타 
SPB-64089,2024-09-01 09:49:08,단말기
SPB-55170,2024-09-01 09:52:27,체인
SPB-34382,2024-09-01 10:03:24,기타 
SPB-60237,2024-09-01 10:11:58,안장
SPB-31199,2024-09-01 10:11:59,기타 
SPB-31291,2024-09-01 10:18:31,기타 
SPB-55217,2024-09-01 10:18:42,체인
SPB-60538,2024-09-01 10:19:27,체인
SPB-68845,2024-09-01 10:21:02,체인
SPB-33990,2024-09-01 10:26:48,기타 
SPB-59825,2024-09-01 10:41:53,타이어 
SPB-62451,2024-09-01 10:44:02,안장
SPB-37023,2024-09-01 10:50:46,안장
SPB-54122,2024-09-01 10:51:47,기타 
SPB-64575,2024-09-01 10:55:30,안장
SPB-67686,2024-09-01 10:58:29,안장
SPB-52220,2024-09-01 11:04:08,타이어 
SPB-54929,2024-09-01 11:05:19,타이어 
SPB-65296,2024-09-01 11:06:45,타이어 
SPB-54899,2024-09-01 11:06:54,타이어 
SPB-55391,2024-09-01 11:09:02,타이어 
SPB-30541,2024-09-01 11:17:36,체인
SPB-34988,2024-09-01 11:19:42,안장
SPB-47778,2024-09-01 11:23:56,타이어 
SPB-64405,2024-09-01 11:38:02,타이어 
SPB-53754,2024-09-01 11:44:33,안장
SPB-67233,2024-09-01 11:55:34,기타 
SPB-34094,2024-09-01 12:05:39,타이어 
SPB-69521,2024-09-01 12:05:52,체인
SPB-42289,2024-09-01 12:07:44,안장
SPB-70443,2024-09-01 12:08:16,타이어 
SPB-51382,2024-09-01 12:08:48,기타 
SPB-46186,2024-09-01 12:15:07,단말기
SPB-30361,2024-09-01 12:23:21,단말기
SPB-64885,2024-09-01 12:27:41,타이어 
SPB-54078,2024-09-01 12:30:51,체인
SPB-61930,2024-09-01 12:31:33,안장
SPB-68389,2024-09-01 12:33:25,체인
SPB-67261,2024-09-01 12:35:02,안장
SPB-54732,2024-09-01 12:36:07,페달
SPB-43948,2024-09-01 12:36:42,기타 
SPB-66250,2024-09-01 12:44:07,기타 
SPB-64640,2024-09-01 12:44:15,단말기
SPB-30457,2024-09-01 12:44:17,단말기
SPB-52553,2024-09-01 12:46:05,기타 
SPB-61928,2024-09-01 12:49:02,안장
SPB-33142,2024-09-01 12:55:56,체인
SPB-53223,2024-09-01 12:58:34,페달
SPB-55255,2024-09-01 12:59:14,타이어 
SPB-39123,2024-09-01 13:00:02,체인
SPB-58539,2024-09-01 13:05:10,페달
SPB-57869,2024-09-01 13:06:51,페달
SPB-67355,2024-09-01 13:11:06,체인
SPB-66798,2024-09-01 13:19:00,안장
SPB-63450,2024-09-01 13:19:43,타이어 
SPB-46714,2024-09-01 13:19:54,체인
SPB-60981,2024-09-01 13:20:42,기타 
SPB-59525,2024-09-01 13:22:14,페달
SPB-31860,2024-09-01 13:27:07,안장
SPB-62350,2024-09-01 13:29:39,안장
SPB-65251,2024-09-01 13:30:19,기타 
SPB-46517,2024-09-01 13:32:53,체인
SPB-58989,2024-09-01 13:40:16,타이어 
SPB-61140,2024-09-01 13:48:59,타이어 
SPB-67685,2024-09-01 13:49:46,기타 
SPB-81855,2024-09-01 13:52:33,타이어 
SPB-46595,2024-09-01 13:52:35,체인
SPB-36937,2024-09-01 13:55:05,기타 
SPB-69928,2024-09-01 13:58:14,체인
SPB-48443,2024-09-01 13:59:44,안장
SPB-32564,2024-09-01 14:00:17,체인
SPB-66503,2024-09-01 14:02:08,체인
SPB-41447,2024-09-01 14:03:40,타이어 
SPB-41093,2024-09-01 14:09:34,타이어 
SPB-69720,2024-09-01 14:10:51,체인
SPB-37797,2024-09-01 14:17:50,체인
SPB-52243,2024-09-01 14:26:29,타이어 
SPB-52798,2024-09-01 14:32:29,안장
SPB-42466,2024-09-01 14:35:33,안장
SPB-48993,2024-09-01 14:42:40,타이어 
SPB-34155,2024-09-01 14:46:27,기타 
SPB-37682,2024-09-01 14:48:37,페달
SPB-53544,2024-09-01 14:52:26,타이어 
SPB-30631,2024-09-01 14:56:44,타이어 
SPB-40649,2024-09-01 14:57:57,안장
SPB-56937,2024-09-01 15:01:31,페달
SPB-68008,2024-09-01 15:03:54,기타 
SPB-66732,2024-09-01 15:07:39,타이어 
SPB-41507,2024-09-01 15:11:24,타이어 
SPB-69510,2024-09-01 15:16:47,체인
SPB-59555,2024-09-01 15:17:42,타이어 
SPB-53195,2024-09-01 15:21:11,타이어 
SPB-39020,2024-09-01 15:21:17,타이어 
SPB-66912,2024-09-01 15:25:04,안장
SPB-56455,2024-09-01 15:25:45,체인
SPB-65089,2024-09-01 15:33:26,타이어 
SPB-59201,2024-09-01 15:33:37,타이어 
SPB-36129,2024-09-01 15:33:43,페달
SPB-43279,2024-09-01 15:39:26,타이어 
SPB-57110,2024-09-01 15:43:36,타이어 
SPB-68539,2024-09-01 15:44:05,타이어 
SPB-59525,2024-09-01 15:58:11,페달
SPB-63444,2024-09-01 15:58:41,체인
SPB-53686,2024-09-01 15:59:51,타이어 
SPB-52412,2024-09-01 16:00:00,체인
SPB-44444,2024-09-01 16:01:40,체인
SPB-41051,2024-09-01 16:01:41,페달
SPB-35081,2024-09-01 16:03:43,타이어 
SPB-60525,2024-09-01 16:05:31,기타 
SPB-56695,2024-09-01 16:06:20,기타 
SPB-55166,2024-09-01 16:08:13,단말기
SPB-66757,2024-09-01 16:08:46,기타 
SPB-57693,2024-09-01 16:12:00,기타 
SPB-60962,2024-09-01 16:17:44,페달
SPB-31328,2024-09-01 16:24:48,기타 
SPB-34455,2024-09-01 16:27:18,페달
SPB-63569,2024-09-01 16:30:09,체인
SPB-56403,2024-09-01 16:30:14,타이어 
SPB-30406,2024-09-01 16:38:39,타이어 
SPB-58624,2024-09-01 16:39:34,체인
SPB-55084,2024-09-01 16:47:17,타이어 
SPB-43811,2024-09-01 16:47:52,체인
SPB-32038,2024-09-01 16:53:13,타이어 
SPB-63537,2024-09-01 16:55:21,체인
SPB-66302,2024-09-01 16:56:26,체인
SPB-32412,2024-09-01 16:57:44,타이어 
SPB-38177,2024-09-01 16:59:08,안장
SPB-44896,2024-09-01 17:00:32,기타 
SPB-67726,2024-09-01 17:02:35,기타 
SPB-56034,2024-09-01 17:02:38,기타 
SPB-68379,2024-09-01 17:10:34,타이어 
SPB-40903,2024-09-01 17:12:13,기타 
SPB-57250,2024-09-01 17:14:32,체인
SPB-47984,2024-09-01 17:15:52,기타 
SPB-30691,2024-09-01 17:16:50,페달
SPB-62334,2024-09-01 17:17:47,페달
SPB-53827,2024-09-01 17:20:08,안장
SPB-36357,2024-09-01 17:22:48,타이어 
SPB-51353,2024-09-01 17:22:57,타이어 
SPB-51407,2024-09-01 17:27:48,기타 
SPB-59724,2024-09-01 17:28:26,타이어 
SPB-61952,2024-09-01 17:29:10,타이어 
SPB-33587,2024-09-01 17:30:10,타이어 
SPB-38577,2024-09-01 17:30:42,단말기
SPB-69044,2024-09-01 17:32:11,타이어 
SPB-60906,2024-09-01 17:32:27,단말기
SPB-53723,2024-09-01 17:33:27,타이어 
SPB-49012,2024-09-01 17:34:54,안장
SPB-45878,2024-09-01 17:37:11,안장
SPB-47531,2024-09-01 17:40:07,체인
SPB-43394,2024-09-01 17:42:41,체인
SPB-64418,2024-09-01 17:42:45,타이어 
SPB-47575,2024-09-01 17:46:22,체인
SPB-43020,2024-09-01 17:48:24,체인
SPB-43598,2024-09-01 17:48:51,안장
SPB-54318,2024-09-01 17:48:59,페달
SPB-61282,2024-09-01 17:49:08,타이어 
SPB-38221,2024-09-01 17:49:58,기타 
SPB-60004,2024-09-01 17:50:55,체인
SPB-50390,2024-09-01 17:51:13,타이어 
SPB-58872,2024-09-01 17:51:24,페달
SPB-31636,2024-09-01 17:52:22,타이어 
SPB-46063,2024-09-01 17:54:34,안장
SPB-59105,2024-09-01 17:54:54,타이어 
SPB-68191,2024-09-01 17:56:46,기타 
SPB-53353,2024-09-01 17:57:49,단말기
SPB-65093,2024-09-01 18:00:53,타이어 
SPB-60319,2024-09-01 18:02:44,체인
SPB-70113,2024-09-01 18:03:12,타이어 
SPB-47482,2024-09-01 18:04:47,체인
SPB-36122,2024-09-01 18:11:19,기타 
SPB-60835,2024-09-01 18:12:27,타이어 
SPB-59807,2024-09-01 18:14:42,안장
SPB-56395,2024-09-01 18:16:22,페달
SPB-65565,2024-09-01 18:20:20,기타 
SPB-66872,2024-09-01 18:20:23,타이어 
SPB-55005,2024-09-01 18:23:18,체인
SPB-57634,2024-09-01 18:26:40,페달
SPB-64314,2024-09-01 18:29:50,타이어 
SPB-52700,2024-09-01 18:30:00,기타 
SPB-45344,2024-09-01 18:30:39,안장
SPB-54500,2024-09-01 18:34:29,타이어 
SPB-69989,2024-09-01 18:35:38,타이어 
SPB-66944,2024-09-01 18:37:02,기타 
SPB-50989,2024-09-01 18:37:39,페달
SPB-56022,2024-09-01 18:41:51,체인
SPB-41701,2024-09-01 18:43:16,안장
SPB-54871,2024-09-01 18:45:12,기타 
SPB-59274,2024-09-01 18:46:56,단말기
SPB-38547,2024-09-01 18:47:53,단말기
SPB-52113,2024-09-01 18:48:08,체인
SPB-47966,2024-09-01 18:48:31,페달
SPB-61154,2024-09-01 18:48:48,체인
SPB-41336,2024-09-01 18:50:01,단말기
SPB-37610,2024-09-01 18:50:19,기타 
SPB-51917,2024-09-01 18:52:27,타이어 
SPB-60082,2024-09-01 18:54:00,페달
SPB-66211,2024-09-01 18:56:14,타이어 
SPB-55040,2024-09-01 18:58:12,타이어 
SPB-58261,2024-09-01 19:03:24,타이어 
SPB-30224,2024-09-01 19:07:28,안장
SPB-69735,2024-09-01 19:07:29,기타 
SPB-40417,2024-09-01 19:08:42,기타 
SPB-38614,2024-09-01 19:15:19,체인
SPB-65011,2024-09-01 19:16:13,기타 
SPB-52364,2024-09-01 19:16:16,체인
SPB-42658,2024-09-01 19:16:18,페달
SPB-56489,2024-09-01 19:16:23,기타 
SPB-48465,2024-09-01 19:16:27,기타 
SPB-59765,2024-09-01 19:19:00,페달
SPB-39272,2024-09-01 19:20:05,기타 
SPB-52226,2024-09-01 19:20:21,기타 
SPB-46532,2024-09-01 19:20:47,타이어 
SPB-55757,2024-09-01 19:21:30,타이어 
SPB-55318,2024-09-01 19:23:10,기타 
SPB-62895,2024-09-01 19:24:52,기타 
SPB-69985,2024-09-01 19:30:10,기타 
SPB-44357,2024-09-01 19:30:23,체인
SPB-52536,2024-09-01 19:33:40,기타 
SPB-61057,2024-09-01 19:34:28,타이어 
SPB-37130,2024-09-01 19:36:23,타이어 
SPB-48460,2024-09-01 19:38:52,체인
SPB-38440,2024-09-01 19:41:01,기타 
SPB-82976,2024-09-01 19:45:54,페달
SPB-41154,2024-09-01 19:45:59,기타 
SPB-56515,2024-09-01 19:46:16,타이어 
SPB-44236,2024-09-01 19:47:11,타이어 
SPB-33439,2024-09-01 19:48:02,기타 
SPB-58722,2024-09-01 19:50:17,기타 
SPB-52039,2024-09-01 19:51:18,타이어 
SPB-39970,2024-09-01 19:53:46,페달
SPB-59558,2024-09-01 19:57:01,페달
SPB-59503,2024-09-01 19:57:42,안장
SPB-67578,2024-09-01 19:59:06,기타 
SPB-32386,2024-09-01 19:59:28,타이어 
SPB-33309,2024-09-01 20:00:57,기타 
SPB-37295,2024-09-01 20:00:58,페달
SPB-52577,2024-09-01 20:01:44,체인
SPB-66071,2024-09-01 20:02:57,타이어 
SPB-65641,2024-09-01 20:03:25,체인
SPB-57826,2024-09-01 20:03:56,페달
SPB-69817,2024-09-01 20:04:59,안장
SPB-59565,2024-09-01 20:07:30,기타 
SPB-53415,2024-09-01 20:13:52,타이어 
SPB-37633,2024-09-01 20:14:06,타이어 
SPB-57428,2024-09-01 20:14:42,타이어 
SPB-34211,2024-09-01 20:21:29,체인
SPB-32130,2024-09-01 20:27:54,페달
SPB-40602,2024-09-01 20:28:55,타이어 
SPB-66158,2024-09-01 20:30:06,기타 
SPB-64785,2024-09-01 20:30:15,안장
SPB-56612,2024-09-01 20:31:00,타이어 
SPB-52499,2024-09-01 20:31:16,체인
SPB-49113,2024-09-01 20:31:37,안장
SPB-68377,2024-09-01 20:31:43,체인
SPB-50758,2024-09-01 20:35:02,타이어 
SPB-30426,2024-09-01 20:35:49,체인
SPB-61069,2024-09-01 20:36:12,타이어 
SPB-36555,2024-09-01 20:39:25,타이어 
SPB-81330,2024-09-01 20:40:01,타이어 
SPB-32078,2024-09-01 20:40:30,기타 
SPB-49021,2024-09-01 20:43:25,기타 
SPB-52821,2024-09-01 20:43:49,기타 
SPB-47219,2024-09-01 20:44:52,체인
SPB-30715,2024-09-01 20:46:40,체인
SPB-66322,2024-09-01 20:46:46,타이어 
SPB-63262,2024-09-01 20:50:02,타이어 
SPB-43361,2024-09-01 20:50:38,페달
SPB-40487,2024-09-01 20:51:39,체인
SPB-34438,2024-09-01 20:56:36,단말기
SPB-66173,2024-09-01 20:58:57,타이어 
SPB-36557,2024-09-01 21:00:11,안장
SPB-32371,2024-09-01 21:04:28,기타 
SPB-50483,2024-09-01 21:04:35,체인
SPB-58973,2024-09-01 21:06:57,기타 
SPB-55486,2024-09-01 21:08:00,기타 
SPB-39225,2024-09-01 21:10:52,타이어 
SPB-70171,2024-09-01 21:13:36,타이어 
SPB-34171,2024-09-01 21:14:11,기타 
SPB-50534,2024-09-01 21:14:52,기타 
SPB-80609,2024-09-01 21:15:16,기타 
SPB-34603,2024-09-01 21:18:43,체인
SPB-65938,2024-09-01 21:20:57,페달
SPB-38286,2024-09-01 21:21:13,기타 
SPB-41982,2024-09-01 21:25:32,안장
SPB-30768,2024-09-01 21:28:19,타이어 
SPB-65874,2024-09-01 21:30:23,타이어 
SPB-61248,2024-09-01 21:43:13,기타 
SPB-44447,2024-09-01 21:46:54,안장
SPB-66660,2024-09-01 21:47:49,체인
SPB-67942,2024-09-01 21:48:04,안장
SPB-43122,2024-09-01 21:48:20,안장
SPB-56508,2024-09-01 21:50:04,체인
SPB-33799,2024-09-01 21:50:04,페달
SPB-52895,2024-09-01 21:51:50,타이어 
SPB-33961,2024-09-01 21:55:02,안장
SPB-53639,2024-09-01 21:57:20,타이어 
SPB-64103,2024-09-01 21:58:19,타이어 
SPB-81142,2024-09-01 21:58:47,체인
SPB-54324,2024-09-01 21:58:59,타이어 
SPB-34828,2024-09-01 22:04:16,페달
SPB-69113,2024-09-01 22:05:49,안장
SPB-44329,2024-09-01 22:06:01,기타 
SPB-31783,2024-09-01 22:08:40,타이어 
SPB-38435,2024-09-01 22:10:24,타이어 
SPB-53007,2024-09-01 22:14:24,체인
SPB-50165,2024-09-01 22:18:00,타이어 
SPB-52853,2024-09-01 22:20:15,단말기
SPB-34417,2024-09-01 22:29:49,타이어 
SPB-65264,2024-09-01 22:30:42,타이어 
SPB-51189,2024-09-01 22:30:49,체인
SPB-41233,2024-09-01 22:31:38,페달
SPB-48037,2024-09-01 22:38:23,체인
SPB-55302,2024-09-01 22:40:49,안장
SPB-50529,2024-09-01 22:41:35,체인
SPB-47160,2024-09-01 22:46:59,단말기
SPB-67496,2024-09-01 22:54:52,타이어 
SPB-49464,2024-09-01 22:55:54,페달
SPB-36765,2024-09-01 22:57:06,안장
SPB-57958,2024-09-01 22:57:52,기타 
SPB-31018,2024-09-01 22:58:22,페달
SPB-32718,2024-09-01 23:00:58,타이어 
SPB-43090,2024-09-01 23:01:06,체인
SPB-46235,2024-09-01 23:02:24,체인
SPB-66103,2024-09-01 23:07:40,체인
SPB-63837,2024-09-01 23:08:09,기타 
SPB-32550,2024-09-01 23:09:54,기타 
SPB-64980,2024-09-01 23:10:09,체인
SPB-50959,2024-09-01 23:15:09,안장
SPB-66087,2024-09-01 23:18:50,안장
SPB-59062,2024-09-01 23:19:06,체인
SPB-59738,2024-09-01 23:30:58,체인
SPB-32241,2024-09-01 23:37:34,타이어 
SPB-36518,2024-09-01 23:38:53,안장
SPB-52794,2024-09-01 23:43:29,페달
SPB-35435,2024-09-01 23:43:39,체인
SPB-68695,2024-09-01 23:44:55,타이어 
SPB-67789,2024-09-01 23:49:47,체인
SPB-38790,2024-09-01 23:53:04,타이어 
SPB-53033,2024-09-01 23:57:02,안장
SPB-65191,2024-09-02 00:00:06,타이어 
SPB-38390,2024-09-02 00:03:53,기타 
SPB-50962,2024-09-02 00:04:27,기타 
SPB-62850,2024-09-02 00:24:41,기타 
SPB-35544,2024-09-02 00:37:55,타이어 
SPB-61617,2024-09-02 01:11:06,단말기
SPB-45706,2024-09-02 01:20:57,타이어 
SPB-64649,2024-09-02 01:30:12,타이어 
SPB-61655,2024-09-02 01:43:58,타이어 
SPB-60433,2024-09-02 02:03:22,체인
SPB-57595,2024-09-02 02:03:55,체인
SPB-68011,2024-09-02 02:17:29,안장
SPB-46265,2024-09-02 03:21:13,타이어 
SPB-40162,2024-09-02 03:31:57,타이어 
SPB-43899,2024-09-02 04:37:52,페달
SPB-54343,2024-09-02 05:45:25,타이어 
SPB-46820,2024-09-02 05:49:45,타이어 
SPB-59568,2024-09-02 05:49:52,기타 
SPB-60815,2024-09-02 06:09:14,체인
SPB-70008,2024-09-02 06:18:08,체인
SPB-46364,2024-09-02 07:03:19,타이어 
SPB-65450,2024-09-02 07:07:01,타이어 
SPB-59357,2024-09-02 07:07:11,타이어 
SPB-40023,2024-09-02 07:09:50,타이어 
SPB-63076,2024-09-02 07:10:21,안장
SPB-47923,2024-09-02 07:21:36,기타 
SPB-38735,2024-09-02 07:28:33,체인
SPB-65594,2024-09-02 07:38:07,안장
SPB-54935,2024-09-02 07:41:22,타이어 
SPB-47708,2024-09-02 07:42:57,안장
SPB-61326,2024-09-02 07:44:50,기타 
SPB-68612,2024-09-02 07:45:19,기타 
SPB-30946,2024-09-02 07:45:38,타이어 
SPB-48661,2024-09-02 07:46:26,타이어 
SPB-34724,2024-09-02 07:47:13,타이어 
SPB-62639,2024-09-02 07:50:25,기타 
SPB-67148,2024-09-02 07:51:44,타이어 
SPB-40082,2024-09-02 07:52:22,타이어 
SPB-59281,2024-09-02 07:53:21,체인
SPB-67363,2024-09-02 07:53:44,타이어 
SPB-52261,2024-09-02 07:54:38,체인
SPB-37701,2024-09-02 07:55:09,안장
SPB-40036,2024-09-02 07:56:49,체인
SPB-69557,2024-09-02 07:57:42,기타 
SPB-30208,2024-09-02 07:58:31,타이어 
SPB-35742,2024-09-02 08:03:12,기타 
SPB-58876,2024-09-02 08:06:08,타이어 
SPB-48788,2024-09-02 08:08:30,체인
SPB-43993,2024-09-02 08:09:49,안장
SPB-48966,2024-09-02 08:09:55,안장
SPB-64129,2024-09-02 08:10:21,페달
SPB-44147,2024-09-02 08:10:30,타이어 
SPB-58476,2024-09-02 08:11:34,기타 
SPB-62494,2024-09-02 08:11:44,타이어 
SPB-50567,2024-09-02 08:12:04,기타 
SPB-31147,2024-09-02 08:12:34,기타 
SPB-57154,2024-09-02 08:15:33,타이어 
SPB-46694,2024-09-02 08:16:13,안장
SPB-31728,2024-09-02 08:16:20,타이어 
SPB-62093,2024-09-02 08:16:38,기타 
SPB-40133,2024-09-02 08:17:48,타이어 
SPB-46574,2024-09-02 08:20:12,기타 
SPB-46912,2024-09-02 08:21:11,기타 
SPB-33754,2024-09-02 08:21:16,타이어 
SPB-43783,2024-09-02 08:23:34,체인
SPB-44505,2024-09-02 08:24:12,타이어 
SPB-39036,2024-09-02 08:25:33,타이어 
SPB-52543,2024-09-02 08:26:11,페달
SPB-44407,2024-09-02 08:28:21,기타 
SPB-46718,2024-09-02 08:28:31,체인
SPB-42301,2024-09-02 08:30:43,타이어 
SPB-47006,2024-09-02 08:32:50,단말기
SPB-39525,2024-09-02 08:33:45,안장
SPB-36949,2024-09-02 08:34:05,타이어 
SPB-48282,2024-09-02 08:34:14,체인
SPB-65034,2024-09-02 08:34:29,페달
SPB-48450,2024-09-02 08:37:19,단말기
SPB-59108,2024-09-02 08:37:49,기타 
SPB-52262,2024-09-02 08:39:51,기타 
SPB-51043,2024-09-02 08:41:38,단말기
SPB-40936,2024-09-02 08:43:09,단말기
SPB-66977,2024-09-02 08:43:28,타이어 
SPB-64293,2024-09-02 08:44:33,단말기
SPB-67581,2024-09-02 08:45:32,타이어 
SPB-56455,2024-09-02 08:45:45,체인
SPB-32924,2024-09-02 08:46:31,타이어 
SPB-33957,2024-09-02 08:47:58,타이어 
SPB-37928,2024-09-02 08:48:17,체인
SPB-47445,2024-09-02 08:49:29,타이어 
SPB-35981,2024-09-02 08:52:14,페달
SPB-30111,2024-09-02 08:52:56,기타 
SPB-33672,2024-09-02 08:53:17,타이어 
SPB-62243,2024-09-02 08:54:34,안장
SPB-55194,2024-09-02 08:54:38,체인
SPB-68429,2024-09-02 08:55:22,타이어 
SPB-36975,2024-09-02 08:55:35,페달
SPB-50094,2024-09-02 08:55:40,체인
SPB-46055,2024-09-02 08:56:49,페달
SPB-48383,2024-09-02 08:57:45,단말기
SPB-56868,2024-09-02 08:58:29,체인
SPB-66214,2024-09-02 08:58:47,타이어 
SPB-58527,2024-09-02 08:58:59,기타 
SPB-30321,2024-09-02 08:59:00,타이어 
SPB-31944,2024-09-02 08:59:30,단말기
SPB-64124,2024-09-02 08:59:41,기타 
SPB-34414,2024-09-02 09:00:07,타이어 
SPB-53280,2024-09-02 09:00:52,타이어 
SPB-37498,2024-09-02 09:01:39,기타 
SPB-66062,2024-09-02 09:01:41,기타 
SPB-61708,2024-09-02 09:13:29,안장
SPB-51249,2024-09-02 09:19:57,기타 
SPB-31070,2024-09-02 09:21:30,타이어 
SPB-38271,2024-09-02 09:22:32,안장
SPB-34958,2024-09-02 09:23:07,체인
SPB-52183,2024-09-02 09:23:52,페달
SPB-61039,2024-09-02 09:26:16,체인
SPB-56464,2024-09-02 09:27:20,타이어 
SPB-64576,2024-09-02 09:27:50,기타 
SPB-63491,2024-09-02 09:33:41,단말기
SPB-82310,2024-09-02 09:37:06,안장
SPB-39735,2024-09-02 09:37:47,안장
SPB-51303,2024-09-02 09:43:39,기타 
SPB-37805,2024-09-02 09:47:45,안장
SPB-40691,2024-09-02 09:48:03,타이어 
SPB-42301,2024-09-02 09:48:21,타이어 
SPB-30535,2024-09-02 09:51:01,안장
SPB-45416,2024-09-02 09:52:47,체인
SPB-63108,2024-09-02 09:54:41,타이어 
SPB-58900,2024-09-02 09:57:17,타이어 
SPB-37116,2024-09-02 10:13:38,타이어 
SPB-37618,2024-09-02 10:22:03,페달
SPB-46796,2024-09-02 10:24:01,체인
SPB-48644,2024-09-02 10:32:02,타이어 
SPB-40191,2024-09-02 10:33:27,기타 
SPB-54644,2024-09-02 10:33:42,기타 
SPB-41955,2024-09-02 10:48:45,타이어 
SPB-44182,2024-09-02 10:55:27,안장
SPB-60791,2024-09-02 10:56:58,체인
SPB-58545,2024-09-02 11:00:15,안장
SPB-52959,2024-09-02 11:06:48,타이어 
SPB-68646,2024-09-02 11:07:20,단말기
SPB-68128,2024-09-02 11:18:32,타이어 
SPB-55610,2024-09-02 11:23:02,체인
SPB-66447,2024-09-02 11:25:24,체인
SPB-41962,2024-09-02 11:34:29,타이어 
SPB-44248,2024-09-02 11:37:13,체인
SPB-50001,2024-09-02 11:50:09,타이어 
SPB-55595,2024-09-02 11:59:44,기타 
SPB-65826,2024-09-02 12:00:22,체인
SPB-66284,2024-09-02 12:02:26,기타 
SPB-43988,2024-09-02 12:03:15,기타 
SPB-39942,2024-09-02 12:14:54,체인
SPB-38411,2024-09-02 12:16:52,기타 
SPB-45365,2024-09-02 12:21:48,체인
SPB-56897,2024-09-02 12:27:58,페달
SPB-53843,2024-09-02 12:40:17,기타 
SPB-69252,2024-09-02 12:44:35,기타 
SPB-59981,2024-09-02 12:46:37,기타 
SPB-58063,2024-09-02 12:50:07,안장
SPB-32715,2024-09-02 12:50:59,페달
SPB-41140,2024-09-02 12:51:14,안장
SPB-42410,2024-09-02 12:51:30,체인
SPB-64124,2024-09-02 12:52:02,타이어 
SPB-50353,2024-09-02 12:56:08,타이어 
SPB-65016,2024-09-02 12:56:48,타이어 
SPB-66888,2024-09-02 12:57:22,기타 
SPB-65042,2024-09-02 12:58:18,기타 
SPB-30876,2024-09-02 13:00:50,체인
SPB-57046,2024-09-02 13:01:12,단말기
SPB-33369,2024-09-02 13:04:04,타이어 
SPB-63091,2024-09-02 13:04:10,체인
SPB-43666,2024-09-02 13:05:03,체인
SPB-54709,2024-09-02 13:06:34,페달
SPB-51913,2024-09-02 13:07:22,체인
SPB-57643,2024-09-02 13:07:29,기타 
SPB-65412,2024-09-02 13:08:07,타이어 
SPB-69206,2024-09-02 13:10:28,타이어 
SPB-60159,2024-09-02 13:12:05,기타 
SPB-57459,2024-09-02 13:13:29,기타 
SPB-59649,2024-09-02 13:14:40,페달
SPB-43111,2024-09-02 13:26:37,타이어 
SPB-51825,2024-09-02 13:32:42,타이어 
SPB-35548,2024-09-02 13:33:15,기타 
SPB-61352,2024-09-02 13:35:54,타이어 
SPB-57424,2024-09-02 13:36:54,안장
SPB-30225,2024-09-02 13:37:02,타이어 
SPB-59354,2024-09-02 13:38:57,안장
SPB-41602,2024-09-02 13:43:00,체인
SPB-45966,2024-09-02 13:43:09,기타 
SPB-54330,2024-09-02 13:46:43,안장
SPB-38946,2024-09-02 13:47:42,안장
SPB-57558,2024-09-02 13:48:10,체인
SPB-46034,2024-09-02 13:49:44,기타 
SPB-37978,2024-09-02 13:56:38,기타 
SPB-47393,2024-09-02 13:58:05,체인
SPB-69602,2024-09-02 14:04:46,안장
SPB-46744,2024-09-02 14:16:15,타이어 
SPB-43046,2024-09-02 14:21:59,타이어 
SPB-64837,2024-09-02 14:22:20,기타 
SPB-33895,2024-09-02 14:23:17,페달
SPB-70152,2024-09-02 14:24:39,기타 
SPB-65418,2024-09-02 14:37:44,타이어 
SPB-52544,2024-09-02 14:38:36,안장
SPB-42694,2024-09-02 14:39:31,체인
SPB-51345,2024-09-02 14:44:53,기타 
SPB-39944,2024-09-02 14:45:10,안장
SPB-57545,2024-09-02 14:46:23,기타 
SPB-55406,2024-09-02 14:49:19,안장
SPB-35015,2024-09-02 14:55:13,타이어 
SPB-45788,2024-09-02 14:56:13,기타 
SPB-38235,2024-09-02 14:56:19,타이어 
SPB-52755,2024-09-02 14:57:40,기타 
SPB-33289,2024-09-02 15:00:37,타이어 
SPB-57226,2024-09-02 15:08:39,기타 
SPB-52564,2024-09-02 15:13:03,페달
SPB-42110,2024-09-02 15:13:12,체인
SPB-68577,2024-09-02 15:14:15,기타 
SPB-34098,2024-09-02 15:16:33,기타 
SPB-46979,2024-09-02 15:22:07,타이어 
SPB-34443,2024-09-02 15:23:49,기타 
SPB-65605,2024-09-02 15:25:36,타이어 
SPB-68662,2024-09-02 15:25:46,타이어 
SPB-41654,2024-09-02 15:25:52,타이어 
SPB-69941,2024-09-02 15:27:41,기타 
SPB-32823,2024-09-02 15:33:26,기타 
SPB-80433,2024-09-02 15:35:17,타이어 
SPB-43449,2024-09-02 15:36:14,타이어 
SPB-40537,2024-09-02 15:43:03,타이어 
SPB-69521,2024-09-02 15:49:20,체인
SPB-30045,2024-09-02 15:58:54,체인
SPB-54669,2024-09-02 15:59:19,페달
SPB-38651,2024-09-02 16:00:37,체인
SPB-35863,2024-09-02 16:09:24,타이어 
SPB-38229,2024-09-02 16:11:15,타이어 
SPB-30398,2024-09-02 16:15:17,체인
SPB-68269,2024-09-02 16:15:59,페달
SPB-42868,2024-09-02 16:16:42,타이어 
SPB-70465,2024-09-02 16:27:04,타이어 
SPB-61518,2024-09-02 16:30:11,타이어 
SPB-34875,2024-09-02 16:31:38,타이어 
SPB-53550,2024-09-02 16:32:59,체인
SPB-32742,2024-09-02 16:35:03,체인
SPB-65650,2024-09-02 16:40:34,기타 
SPB-47953,2024-09-02 16:44:09,체인
SPB-52530,2024-09-02 16:45:01,페달
SPB-46395,2024-09-02 16:47:22,체인
SPB-53542,2024-09-02 16:47:24,안장
SPB-40338,2024-09-02 16:48:38,단말기
SPB-50360,2024-09-02 16:49:27,안장
SPB-34974,2024-09-02 16:53:47,타이어 
SPB-31422,2024-09-02 16:54:20,타이어 
SPB-30141,2024-09-02 16:55:04,페달
SPB-70409,2024-09-02 16:55:36,체인
SPB-66189,2024-09-02 17:01:07,체인
SPB-45857,2024-09-02 17:01:36,체인
SPB-83683,2024-09-02 17:03:23,타이어 
SPB-44206,2024-09-02 17:07:22,기타 
SPB-52145,2024-09-02 17:09:16,체인
SPB-47083,2024-09-02 17:10:53,안장
SPB-34570,2024-09-02 17:14:40,타이어 
SPB-69470,2024-09-02 17:15:01,기타 
SPB-82988,2024-09-02 17:18:54,기타 
SPB-84581,2024-09-02 17:19:32,단말기
SPB-35524,2024-09-02 17:20:59,기타 
SPB-59764,2024-09-02 17:24:06,단말기
SPB-51286,2024-09-02 17:25:13,기타 
SPB-61039,2024-09-02 17:25:19,체인
SPB-50501,2024-09-02 17:26:32,타이어 
SPB-48674,2024-09-02 17:28:26,페달
SPB-60102,2024-09-02 17:29:49,타이어 
SPB-60090,2024-09-02 17:30:49,타이어 
SPB-66993,2024-09-02 17:32:50,타이어 
SPB-59780,2024-09-02 17:33:53,기타 
SPB-41325,2024-09-02 17:35:17,체인
SPB-80966,2024-09-02 17:36:22,타이어 
SPB-32063,2024-09-02 17:40:14,타이어 
SPB-55083,2024-09-02 17:42:07,체인
SPB-44201,2024-09-02 17:43:26,체인
SPB-48798,2024-09-02 17:44:30,페달
SPB-42805,2024-09-02 17:46:19,기타 
SPB-51135,2024-09-02 17:46:35,기타 
SPB-41089,2024-09-02 17:47:55,안장
SPB-65739,2024-09-02 17:48:17,타이어 
SPB-56925,2024-09-02 17:50:04,안장
SPB-67700,2024-09-02 17:50:35,안장
SPB-63411,2024-09-02 17:51:37,타이어 
SPB-42819,2024-09-02 17:52:22,체인
SPB-66692,2024-09-02 17:52:34,타이어 
SPB-42019,2024-09-02 17:53:29,타이어 
SPB-51022,2024-09-02 17:53:51,타이어 
SPB-62703,2024-09-02 17:54:08,타이어 
SPB-45765,2024-09-02 17:54:27,타이어 
SPB-69954,2024-09-02 17:54:28,타이어 
SPB-38519,2024-09-02 17:56:43,체인
SPB-68098,2024-09-02 17:57:14,타이어 
SPB-62993,2024-09-02 17:58:17,페달
SPB-56745,2024-09-02 17:58:24,기타 
SPB-30052,2024-09-02 18:00:05,페달
SPB-69194,2024-09-02 18:01:37,체인
SPB-64224,2024-09-02 18:02:03,단말기
SPB-40145,2024-09-02 18:04:38,페달
SPB-40848,2024-09-02 18:06:30,단말기
SPB-52937,2024-09-02 18:07:28,단말기
SPB-43248,2024-09-02 18:07:30,단말기
SPB-32798,2024-09-02 18:07:31,타이어 
SPB-56283,2024-09-02 18:07:38,타이어 
SPB-53449,2024-09-02 18:09:08,타이어 
SPB-62385,2024-09-02 18:09:52,체인
SPB-36079,2024-09-02 18:10:33,타이어 
SPB-53223,2024-09-02 18:10:51,페달
SPB-39026,2024-09-02 18:11:05,체인
SPB-36232,2024-09-02 18:11:24,기타 
SPB-45147,2024-09-02 18:11:36,기타 
SPB-32591,2024-09-02 18:12:44,페달
SPB-69111,2024-09-02 18:13:03,타이어 
SPB-61703,2024-09-02 18:13:17,체인
SPB-37028,2024-09-02 18:14:43,안장
SPB-57361,2024-09-02 18:15:19,타이어 
SPB-53084,2024-09-02 18:15:25,타이어 
SPB-66378,2024-09-02 18:15:46,타이어 
SPB-52319,2024-09-02 18:16:00,체인
SPB-57619,2024-09-02 18:16:02,타이어 
SPB-57106,2024-09-02 18:17:03,타이어 
SPB-64493,2024-09-02 18:17:11,안장
SPB-35500,2024-09-02 18:17:37,타이어 
SPB-69647,2024-09-02 18:17:48,체인
SPB-68868,2024-09-02 18:18:41,타이어 
SPB-51259,2024-09-02 18:18:52,체인
SPB-34413,2024-09-02 18:20:03,타이어 
SPB-67606,2024-09-02 18:20:19,기타 
SPB-43222,2024-09-02 18:20:29,안장
SPB-45624,2024-09-02 18:20:54,체인
SPB-68082,2024-09-02 18:21:38,타이어 
SPB-55795,2024-09-02 18:22:05,타이어 
SPB-33149,2024-09-02 18:22:15,페달
SPB-53421,2024-09-02 18:22:18,기타 
SPB-39545,2024-09-02 18:22:50,타이어 
SPB-50941,2024-09-02 18:22:52,안장
SPB-40248,2024-09-02 18:23:20,기타 
SPB-52747,2024-09-02 18:24:16,타이어 
SPB-64323,2024-09-02 18:24:24,페달
SPB-54911,2024-09-02 18:24:25,타이어 
SPB-38828,2024-09-02 18:25:32,기타 
SPB-49155,2024-09-02 18:25:48,기타 
SPB-47733,2024-09-02 18:26:10,기타 
SPB-40289,2024-09-02 18:28:12,단말기
SPB-38655,2024-09-02 18:29:31,기타 
SPB-66255,2024-09-02 18:29:40,타이어 
SPB-55156,2024-09-02 18:30:41,타이어 
SPB-63560,2024-09-02 18:30:52,타이어 
SPB-56205,2024-09-02 18:31:25,체인
SPB-48145,2024-09-02 18:31:56,기타 
SPB-65682,2024-09-02 18:32:48,안장
SPB-69975,2024-09-02 18:33:08,페달
SPB-50309,2024-09-02 18:33:21,체인
SPB-59517,2024-09-02 18:33:47,체인
SPB-34865,2024-09-02 18:33:50,타이어 
SPB-69287,2024-09-02 18:34:09,체인
SPB-64682,2024-09-02 18:34:45,페달
SPB-58411,2024-09-02 18:34:59,타이어 
SPB-44012,2024-09-02 18:35:02,타이어 
SPB-48406,2024-09-02 18:35:07,페달
SPB-53453,2024-09-02 18:35:49,기타 
SPB-52968,2024-09-02 18:35:51,타이어 
SPB-42142,2024-09-02 18:36:00,타이어 
SPB-54567,2024-09-02 18:37:22,체인
SPB-65641,2024-09-02 18:37:29,체인
SPB-41291,2024-09-02 18:37:30,체인
SPB-35381,2024-09-02 18:38:09,체인
SPB-57896,2024-09-02 18:38:22,안장
SPB-47743,2024-09-02 18:38:49,체인
SPB-68236,2024-09-02 18:39:23,기타 
SPB-49251,2024-09-02 18:42:40,페달
SPB-41216,2024-09-02 18:43:34,안장
SPB-41494,2024-09-02 18:44:07,기타 
SPB-66693,2024-09-02 18:45:09,타이어 
SPB-57630,2024-09-02 18:46:25,페달
SPB-68576,2024-09-02 18:47:12,체인
SPB-42324,2024-09-02 18:47:33,체인
SPB-41343,2024-09-02 18:48:15,타이어 
SPB-47366,2024-09-02 18:48:17,타이어 
SPB-59247,2024-09-02 18:48:30,기타 
SPB-34836,2024-09-02 18:48:53,타이어 
SPB-45852,2024-09-02 18:49:46,체인
SPB-46745,2024-09-02 18:51:03,체인
SPB-50642,2024-09-02 18:51:29,기타 
SPB-55565,2024-09-02 18:51:32,타이어 
SPB-63588,2024-09-02 18:51:33,타이어 
SPB-48082,2024-09-02 18:51:53,단말기
SPB-66538,2024-09-02 18:51:59,타이어 
SPB-31454,2024-09-02 18:52:15,타이어 
SPB-63072,2024-09-02 18:52:28,타이어 
SPB-57542,2024-09-02 18:52:59,타이어 
SPB-60626,2024-09-02 18:54:41,기타 
SPB-55111,2024-09-02 18:55:39,기타 
SPB-65306,2024-09-02 18:56:32,페달
SPB-37573,2024-09-02 18:56:38,단말기
SPB-70170,2024-09-02 18:57:10,단말기
SPB-30946,2024-09-02 18:57:18,타이어 
SPB-61206,2024-09-02 18:57:27,타이어 
SPB-37419,2024-09-02 18:58:35,타이어 
SPB-56478,2024-09-02 19:00:50,페달
SPB-62503,2024-09-02 19:01:05,안장
SPB-69292,2024-09-02 19:02:18,타이어 
SPB-58216,2024-09-02 19:02:22,안장
SPB-44915,2024-09-02 19:05:09,체인
SPB-61165,2024-09-02 19:05:36,타이어 
SPB-66548,2024-09-02 19:05:46,타이어 
SPB-31993,2024-09-02 19:11:05,타이어 
SPB-51175,2024-09-02 19:11:11,타이어 
SPB-35187,2024-09-02 19:11:16,체인
SPB-57241,2024-09-02 19:11:28,페달
SPB-56658,2024-09-02 19:11:47,기타 
SPB-55746,2024-09-02 19:12:02,타이어 
SPB-54603,2024-09-02 19:12:16,타이어 
SPB-62052,2024-09-02 19:12:39,체인
SPB-38513,2024-09-02 19:13:40,체인
SPB-66872,2024-09-02 19:13:46,타이어 
SPB-38463,2024-09-02 19:14:19,타이어 
SPB-64435,2024-09-02 19:15:01,타이어 
SPB-67039,2024-09-02 19:17:17,체인
SPB-46374,2024-09-02 19:18:32,단말기
SPB-58755,2024-09-02 19:18:46,타이어 
SPB-57336,2024-09-02 19:19:02,체인
SPB-69696,2024-09-02 19:19:15,체인
SPB-51732,2024-09-02 19:19:26,단말기
SPB-57011,2024-09-02 19:21:27,안장
SPB-58890,2024-09-02 19:21:52,타이어 
SPB-65261,2024-09-02 19:23:32,타이어 
SPB-45940,2024-09-02 19:23:48,타이어 
SPB-67419,2024-09-02 19:23:49,기타 
SPB-32566,2024-09-02 19:24:07,페달
SPB-57291,2024-09-02 19:24:49,타이어 
SPB-68333,2024-09-02 19:25:33,타이어 
SPB-53877,2024-09-02 19:26:18,체인
SPB-30869,2024-09-02 19:27:02,페달
SPB-68999,2024-09-02 19:28:21,체인
SPB-60659,2024-09-02 19:28:29,안장
SPB-32592,2024-09-02 19:28:46,타이어 
SPB-62660,2024-09-02 19:30:20,체인
SPB-62985,2024-09-02 19:33:13,타이어 
SPB-50171,2024-09-02 19:33:21,타이어 
SPB-32497,2024-09-02 19:33:26,페달
SPB-59320,2024-09-02 19:34:28,페달
SPB-42513,2024-09-02 19:36:24,체인
SPB-50756,2024-09-02 19:37:17,페달
SPB-53489,2024-09-02 19:37:33,기타 
SPB-37653,2024-09-02 19:37:36,타이어 
SPB-47698,2024-09-02 19:38:16,타이어 
SPB-40897,2024-09-02 19:38:23,타이어 
SPB-66008,2024-09-02 19:42:36,타이어 
SPB-58183,2024-09-02 19:43:55,체인
SPB-68148,2024-09-02 19:44:11,체인
SPB-67174,2024-09-02 19:45:05,타이어 
SPB-65924,2024-09-02 19:45:29,기타 
SPB-38330,2024-09-02 19:45:42,타이어 
SPB-65673,2024-09-02 19:46:19,기타 
SPB-67956,2024-09-02 19:46:21,체인
SPB-36028,2024-09-02 19:47:03,기타 
SPB-56952,2024-09-02 19:47:09,타이어 
SPB-81419,2024-09-02 19:48:09,페달
SPB-31447,2024-09-02 19:50:10,페달
SPB-58357,2024-09-02 19:50:26,페달
SPB-47971,2024-09-02 19:51:34,체인
SPB-67611,2024-09-02 19:53:39,체인
SPB-39963,2024-09-02 19:53:51,체인
SPB-59452,2024-09-02 19:57:16,체인
SPB-57853,2024-09-02 19:57:22,안장
SPB-51601,2024-09-02 19:57:59,타이어 
SPB-69088,2024-09-02 19:58:16,기타 
SPB-83635,2024-09-02 19:58:46,타이어 
SPB-64537,2024-09-02 20:00:42,기타 
SPB-68797,2024-09-02 20:00:54,체인
SPB-64831,2024-09-02 20:02:11,기타 
SPB-55247,2024-09-02 20:03:06,안장
SPB-50887,2024-09-02 20:03:58,안장
SPB-63665,2024-09-02 20:04:16,타이어 
SPB-70487,2024-09-02 20:05:11,페달
SPB-57708,2024-09-02 20:06:09,기타 
SPB-35900,2024-09-02 20:07:23,타이어 
SPB-68101,2024-09-02 20:07:24,체인
SPB-41612,2024-09-02 20:08:17,기타 
SPB-42280,2024-09-02 20:09:39,체인
SPB-69376,2024-09-02 20:10:18,기타 
SPB-68905,2024-09-02 20:10:43,타이어 
SPB-62667,2024-09-02 20:11:05,기타 
SPB-64222,2024-09-02 20:11:18,체인
SPB-60090,2024-09-02 20:11:26,타이어 
SPB-60293,2024-09-02 20:11:59,타이어 
SPB-45142,2024-09-02 20:12:06,체인
SPB-50540,2024-09-02 20:12:45,기타 
SPB-52453,2024-09-02 20:13:48,페달
SPB-33320,2024-09-02 20:14:55,페달
SPB-31859,2024-09-02 20:14:57,페달
SPB-30437,2024-09-02 20:15:51,체인
SPB-54400,2024-09-02 20:16:52,기타 
SPB-56416,2024-09-02 20:17:00,안장
SPB-38910,2024-09-02 20:17:18,타이어 
SPB-35352,2024-09-02 20:24:55,체인
SPB-48557,2024-09-02 20:25:28,타이어 
SPB-37303,2024-09-02 20:31:40,체인
SPB-35205,2024-09-02 20:31:44,체인
SPB-40677,2024-09-02 20:32:53,타이어 
SPB-63308,2024-09-02 20:34:38,기타 
SPB-59644,2024-09-02 20:35:16,페달
SPB-67162,2024-09-02 20:35:42,타이어 
SPB-60740,2024-09-02 20:36:21,체인
SPB-65563,2024-09-02 20:36:34,기타 
SPB-35150,2024-09-02 20:36:54,타이어 
SPB-64077,2024-09-02 20:38:26,타이어 
SPB-44592,2024-09-02 20:41:13,체인
SPB-53729,2024-09-02 20:42:11,타이어 
SPB-34933,2024-09-02 20:42:45,타이어 
SPB-56847,2024-09-02 20:43:54,타이어 
SPB-41394,2024-09-02 20:44:51,기타 
SPB-55362,2024-09-02 20:44:58,기타 
SPB-36392,2024-09-02 20:45:27,체인
SPB-55176,2024-09-02 20:46:01,타이어 
SPB-63189,2024-09-02 20:46:32,타이어 
SPB-48340,2024-09-02 20:47:00,체인
SPB-51690,2024-09-02 20:47:16,기타 
SPB-61647,2024-09-02 20:48:35,안장
SPB-58625,2024-09-02 20:50:05,체인
SPB-64571,2024-09-02 20:50:49,안장
SPB-30506,2024-09-02 20:52:03,안장
SPB-68503,2024-09-02 20:54:01,타이어 
SPB-47272,2024-09-02 20:54:39,페달
SPB-32624,2024-09-02 21:01:04,타이어 
SPB-53748,2024-09-02 21:02:22,안장
SPB-39686,2024-09-02 21:02:42,기타 
SPB-44722,2024-09-02 21:03:44,타이어 
SPB-49369,2024-09-02 21:06:23,체인
SPB-68993,2024-09-02 21:10:03,타이어 
SPB-31106,2024-09-02 21:11:20,기타 
SPB-41200,2024-09-02 21:12:35,체인
SPB-59734,2024-09-02 21:12:53,타이어 
SPB-60731,2024-09-02 21:13:40,타이어 
SPB-55777,2024-09-02 21:15:36,타이어 
SPB-34972,2024-09-02 21:15:38,체인
SPB-69878,2024-09-02 21:16:46,체인
SPB-35556,2024-09-02 21:18:07,타이어 
SPB-33967,2024-09-02 21:18:18,타이어 
SPB-42295,2024-09-02 21:19:55,체인
SPB-42738,2024-09-02 21:20:29,안장
SPB-38258,2024-09-02 21:21:33,체인
SPB-44213,2024-09-02 21:22:18,체인
SPB-46356,2024-09-02 21:23:51,타이어 
SPB-47679,2024-09-02 21:24:32,체인
SPB-69338,2024-09-02 21:26:12,안장
SPB-38123,2024-09-02 21:26:16,타이어 
SPB-46842,2024-09-02 21:27:15,기타 
SPB-50946,2024-09-02 21:27:17,타이어 
SPB-68878,2024-09-02 21:27:36,단말기
SPB-30539,2024-09-02 21:32:38,기타 
SPB-66996,2024-09-02 21:32:45,타이어 
SPB-30022,2024-09-02 21:33:38,체인
SPB-68685,2024-09-02 21:35:40,단말기
SPB-51108,2024-09-02 21:36:20,체인
SPB-35099,2024-09-02 21:37:26,기타 
SPB-53630,2024-09-02 21:38:17,타이어 
SPB-64947,2024-09-02 21:41:16,기타 
SPB-67254,2024-09-02 21:45:09,페달
SPB-37546,2024-09-02 21:45:29,타이어 
SPB-41652,2024-09-02 21:47:08,체인
SPB-32104,2024-09-02 21:49:09,체인
SPB-30852,2024-09-02 21:49:56,기타 
SPB-50665,2024-09-02 21:51:19,체인
SPB-50985,2024-09-02 21:51:43,타이어 
SPB-65605,2024-09-02 21:54:35,기타 
SPB-54617,2024-09-02 21:56:01,타이어 
SPB-54836,2024-09-02 21:56:51,체인
SPB-51504,2024-09-02 21:57:21,안장
SPB-58324,2024-09-02 21:58:32,타이어 
SPB-39853,2024-09-02 22:00:13,체인
SPB-45164,2024-09-02 22:02:24,안장
SPB-61803,2024-09-02 22:02:36,페달
SPB-42868,2024-09-02 22:05:50,타이어 
SPB-48151,2024-09-02 22:07:40,단말기
SPB-80954,2024-09-02 22:08:09,체인
SPB-60501,2024-09-02 22:09:36,타이어 
SPB-30732,2024-09-02 22:14:07,페달
SPB-60681,2024-09-02 22:14:40,안장
SPB-43155,2024-09-02 22:15:05,기타 
SPB-41324,2024-09-02 22:16:10,체인
SPB-82941,2024-09-02 22:18:24,타이어 
SPB-61496,2024-09-02 22:24:37,체인
SPB-41599,2024-09-02 22:26:12,안장
SPB-30779,2024-09-02 22:28:24,타이어 
SPB-61277,2024-09-02 22:28:28,체인
SPB-38099,2024-09-02 22:29:04,체인
SPB-50278,2024-09-02 22:29:21,타이어 
SPB-35824,2024-09-02 22:30:54,체인
SPB-41920,2024-09-02 22:31:39,체인
SPB-69657,2024-09-02 22:37:48,체인
SPB-60064,2024-09-02 22:40:38,단말기
SPB-66833,2024-09-02 22:41:15,기타 
SPB-58503,2024-09-02 22:47:29,기타 
SPB-43916,2024-09-02 22:49:51,타이어 
SPB-46647,2024-09-02 22:55:24,기타 
SPB-57015,2024-09-02 22:57:38,체인
SPB-57753,2024-09-02 23:00:55,기타 
SPB-40603,2024-09-02 23:02:47,체인
SPB-39426,2024-09-02 23:03:47,안장
SPB-60499,2024-09-02 23:04:16,페달
SPB-31687,2024-09-02 23:05:15,타이어 
SPB-33118,2024-09-02 23:08:43,페달
SPB-68831,2024-09-02 23:10:42,타이어 
SPB-84325,2024-09-02 23:10:55,안장
SPB-49143,2024-09-02 23:11:44,타이어 
SPB-39931,2024-09-02 23:12:14,체인
SPB-37731,2024-09-02 23:12:41,체인
SPB-53813,2024-09-02 23:14:38,체인
SPB-30530,2024-09-02 23:15:19,단말기
SPB-53932,2024-09-02 23:15:25,기타 
SPB-70435,2024-09-02 23:15:30,페달
SPB-49431,2024-09-02 23:16:27,타이어 
SPB-45839,2024-09-02 23:19:02,기타 
SPB-44383,2024-09-02 23:34:55,체인
SPB-32436,2024-09-02 23:34:59,타이어 
SPB-37319,2024-09-02 23:37:06,타이어 
SPB-56963,2024-09-02 23:37:41,체인
SPB-63773,2024-09-02 23:41:32,기타 
SPB-38519,2024-09-02 23:42:59,체인
SPB-43900,2024-09-02 23:44:53,타이어 
SPB-46553,2024-09-02 23:45:26,안장
SPB-61113,2024-09-02 23:47:04,단말기
SPB-60388,2024-09-03 00:02:04,체인
SPB-34365,2024-09-03 00:07:51,페달
SPB-35682,2024-09-03 00:09:07,기타 
SPB-42087,2024-09-03 00:11:05,단말기
SPB-47713,2024-09-03 00:14:51,안장
SPB-60530,2024-09-03 00:18:28,페달
SPB-48548,2024-09-03 00:20:08,안장
SPB-68661,2024-09-03 00:20:28,단말기
SPB-55809,2024-09-03 00:27:22,타이어 
SPB-46536,2024-09-03 00:32:49,체인
SPB-42196,2024-09-03 00:42:09,체인
SPB-48109,2024-09-03 00:43:27,페달
SPB-40228,2024-09-03 00:59:02,체인
SPB-62788,2024-09-03 01:01:46,기타 
SPB-39984,2024-09-03 01:06:18,기타 
SPB-44773,2024-09-03 01:15:23,기타 
SPB-68958,2024-09-03 01:18:31,타이어 
SPB-67731,2024-09-03 01:19:25,체인
SPB-65862,2024-09-03 01:41:27,타이어 
SPB-64775,2024-09-03 01:41:36,기타 
SPB-57375,2024-09-03 01:53:36,타이어 
SPB-52462,2024-09-03 01:54:26,기타 
SPB-30354,2024-09-03 02:14:25,타이어 
SPB-57883,2024-09-03 02:17:20,페달
SPB-63388,2024-09-03 02:50:40,타이어 
SPB-48893,2024-09-03 03:19:13,타이어 
SPB-40484,2024-09-03 03:23:49,체인
SPB-34852,2024-09-03 03:44:24,기타 
SPB-44361,2024-09-03 04:30:24,체인
SPB-51689,2024-09-03 05:29:38,페달
SPB-46347,2024-09-03 05:40:20,체인
SPB-67582,2024-09-03 05:43:03,기타 
SPB-37829,2024-09-03 05:44:51,안장
SPB-53736,2024-09-03 05:45:01,체인
SPB-56672,2024-09-03 05:56:04,체인
SPB-63430,2024-09-03 06:03:21,타이어 
SPB-40979,2024-09-03 06:03:56,페달
SPB-52294,2024-09-03 06:04:32,기타 
SPB-66221,2024-09-03 06:09:36,기타 
SPB-32399,2024-09-03 06:11:30,타이어 
SPB-37755,2024-09-03 06:21:08,타이어 
SPB-69704,2024-09-03 06:22:37,체인
SPB-62804,2024-09-03 06:25:33,기타 
SPB-70064,2024-09-03 06:26:42,체인
SPB-35868,2024-09-03 06:28:19,체인
SPB-32575,2024-09-03 06:28:28,타이어 
SPB-47948,2024-09-03 06:32:02,단말기
SPB-51040,2024-09-03 06:36:22,페달
SPB-31692,2024-09-03 06:39:51,기타 
SPB-51488,2024-09-03 06:41:40,타이어 
SPB-46242,2024-09-03 06:43:00,기타 
SPB-64469,2024-09-03 06:43:29,타이어 
SPB-38887,2024-09-03 06:47:55,체인
SPB-64604,2024-09-03 06:50:47,체인
SPB-83337,2024-09-03 06:51:38,타이어 
SPB-37495,2024-09-03 06:53:24,타이어 
SPB-31213,2024-09-03 06:54:50,기타 
SPB-56389,2024-09-03 06:57:02,페달
SPB-46132,2024-09-03 06:58:52,안장
SPB-60848,2024-09-03 06:58:54,기타 
SPB-31883,2024-09-03 06:59:36,타이어 
SPB-65258,2024-09-03 06:59:52,타이어 
SPB-58704,2024-09-03 07:06:21,타이어 
SPB-56499,2024-09-03 07:09:40,타이어 
SPB-41375,2024-09-03 07:11:08,타이어 
SPB-42063,2024-09-03 07:15:01,타이어 
SPB-64027,2024-09-03 07:17:44,기타 
SPB-35681,2024-09-03 07:18:47,타이어 
SPB-55426,2024-09-03 07:20:34,타이어 
SPB-37485,2024-09-03 07:21:35,기타 
SPB-52433,2024-09-03 07:22:16,타이어 
SPB-39893,2024-09-03 07:23:14,타이어 
SPB-84330,2024-09-03 07:24:36,기타 
SPB-65594,2024-09-03 07:26:46,안장
SPB-69816,2024-09-03 07:26:48,체인
SPB-30858,2024-09-03 07:27:21,타이어 
SPB-39873,2024-09-03 07:29:51,안장
SPB-70069,2024-09-03 07:32:29,타이어 
SPB-50106,2024-09-03 07:32:35,체인
SPB-50534,2024-09-03 07:33:38,타이어 
SPB-41940,2024-09-03 07:33:55,페달
SPB-37718,2024-09-03 07:35:13,안장
SPB-43987,2024-09-03 07:36:14,체인
SPB-42988,2024-09-03 07:37:30,타이어 
SPB-33841,2024-09-03 07:38:52,페달
SPB-46203,2024-09-03 07:39:52,체인
SPB-70173,2024-09-03 07:40:00,체인
SPB-31507,2024-09-03 07:40:51,안장
SPB-70302,2024-09-03 07:40:52,페달
SPB-35286,2024-09-03 07:40:52,안장
SPB-54554,2024-09-03 07:40:57,체인
SPB-80457,2024-09-03 07:40:57,타이어 
SPB-47299,2024-09-03 07:41:18,체인
SPB-59326,2024-09-03 07:43:17,기타 
SPB-57525,2024-09-03 07:43:36,기타 
SPB-51061,2024-09-03 07:43:56,기타 
SPB-50554,2024-09-03 07:44:18,타이어 
SPB-44465,2024-09-03 07:45:07,체인
SPB-34218,2024-09-03 07:45:24,타이어 
SPB-43528,2024-09-03 07:45:25,안장
SPB-38086,2024-09-03 07:45:37,체인
SPB-48095,2024-09-03 07:46:02,체인
SPB-61231,2024-09-03 07:47:03,기타 
SPB-51509,2024-09-03 07:49:26,체인
SPB-53633,2024-09-03 07:51:54,페달
SPB-42803,2024-09-03 07:52:07,안장
SPB-38969,2024-09-03 07:52:10,안장
SPB-63683,2024-09-03 07:54:16,타이어 
SPB-54771,2024-09-03 07:54:29,페달
SPB-39209,2024-09-03 07:55:04,안장
SPB-32876,2024-09-03 07:55:44,단말기
SPB-69126,2024-09-03 07:56:05,안장
SPB-36783,2024-09-03 07:56:34,타이어 
SPB-43666,2024-09-03 07:56:50,체인
SPB-64583,2024-09-03 07:56:51,타이어 
SPB-34285,2024-09-03 07:58:03,기타 
SPB-58164,2024-09-03 07:58:06,페달
SPB-32635,2024-09-03 07:58:43,타이어 
SPB-47637,2024-09-03 07:59:26,체인
SPB-64868,2024-09-03 08:00:04,타이어 
SPB-83818,2024-09-03 08:04:07,타이어 
SPB-34050,2024-09-03 08:04:28,타이어 
SPB-63888,2024-09-03 08:05:25,타이어 
SPB-66821,2024-09-03 08:06:02,안장
SPB-46850,2024-09-03 08:06:33,안장
SPB-59541,2024-09-03 08:07:45,타이어 
SPB-35842,2024-09-03 08:08:47,기타 
SPB-48085,2024-09-03 08:08:58,기타 
SPB-34750,2024-09-03 08:10:28,체인
SPB-64042,2024-09-03 08:11:21,타이어 
SPB-54185,2024-09-03 08:11:47,단말기
SPB-69681,2024-09-03 08:12:26,안장
SPB-47591,2024-09-03 08:12:47,체인
SPB-41291,2024-09-03 08:14:31,체인
SPB-70143,2024-09-03 08:16:07,타이어 
SPB-41444,2024-09-03 08:16:23,체인
SPB-55609,2024-09-03 08:16:46,타이어 
SPB-34686,2024-09-03 08:17:06,체인
SPB-70394,2024-09-03 08:17:09,체인
SPB-37517,2024-09-03 08:17:51,타이어 
SPB-56410,2024-09-03 08:17:51,체인
SPB-67890,2024-09-03 08:18:36,체인
SPB-56568,2024-09-03 08:19:14,체인
SPB-33443,2024-09-03 08:19:16,안장
SPB-36636,2024-09-03 08:20:14,타이어 
SPB-35263,2024-09-03 08:21:30,체인
SPB-65612,2024-09-03 08:23:43,타이어 
SPB-48420,2024-09-03 08:24:21,안장
SPB-54833,2024-09-03 08:24:24,타이어 
SPB-68274,2024-09-03 08:24:34,체인
SPB-44872,2024-09-03 08:25:12,타이어 
SPB-51358,2024-09-03 08:25:38,기타 
SPB-63496,2024-09-03 08:25:48,타이어 
SPB-55905,2024-09-03 08:26:07,기타 
SPB-56508,2024-09-03 08:26:18,안장
SPB-52767,2024-09-03 08:26:35,기타 
SPB-57920,2024-09-03 08:26:52,타이어 
SPB-30921,2024-09-03 08:27:27,타이어 
SPB-42416,2024-09-03 08:27:49,안장
SPB-63109,2024-09-03 08:28:03,타이어 
SPB-59967,2024-09-03 08:28:43,타이어 
SPB-69990,2024-09-03 08:29:33,안장
SPB-55041,2024-09-03 08:29:46,타이어 
SPB-57919,2024-09-03 08:30:13,타이어 
SPB-34461,2024-09-03 08:30:22,타이어 
SPB-58807,2024-09-03 08:30:35,페달
SPB-57078,2024-09-03 08:30:44,타이어 
SPB-35575,2024-09-03 08:32:47,타이어 
SPB-32507,2024-09-03 08:32:49,기타 
SPB-53488,2024-09-03 08:33:20,기타 
SPB-69544,2024-09-03 08:33:30,체인
SPB-32173,2024-09-03 08:33:54,타이어 
SPB-46724,2024-09-03 08:35:21,단말기
SPB-43994,2024-09-03 08:35:41,기타 
SPB-30148,2024-09-03 08:36:48,타이어 
SPB-41205,2024-09-03 08:36:55,체인
SPB-57445,2024-09-03 08:38:25,안장
SPB-55057,2024-09-03 08:39:00,타이어 
SPB-50976,2024-09-03 08:39:49,기타 
SPB-39537,2024-09-03 08:39:56,타이어 
SPB-63075,2024-09-03 08:40:50,안장
SPB-63263,2024-09-03 08:41:02,타이어 
SPB-33455,2024-09-03 08:41:15,기타 
SPB-64382,2024-09-03 08:41:21,타이어 
SPB-59392,2024-09-03 08:41:43,안장
SPB-34810,2024-09-03 08:42:56,기타 
SPB-60030,2024-09-03 08:44:44,기타 
SPB-67556,2024-09-03 08:44:45,기타 
SPB-66465,2024-09-03 08:44:52,기타 
SPB-34413,2024-09-03 08:45:07,타이어 
SPB-40865,2024-09-03 08:45:22,기타 
SPB-80726,2024-09-03 08:46:41,기타 
SPB-55644,2024-09-03 08:48:19,기타 
SPB-34021,2024-09-03 08:48:26,기타 
SPB-62270,2024-09-03 08:49:00,체인
SPB-67415,2024-09-03 08:49:39,타이어 
SPB-31450,2024-09-03 08:50:15,안장
SPB-66012,2024-09-03 08:51:34,타이어 
SPB-44640,2024-09-03 08:52:15,안장
SPB-63228,2024-09-03 08:52:39,기타 
SPB-52137,2024-09-03 08:53:16,타이어 
SPB-51711,2024-09-03 08:53:33,타이어 
SPB-48560,2024-09-03 08:53:53,타이어 
SPB-47288,2024-09-03 08:55:02,기타 
SPB-56778,2024-09-03 08:55:26,체인
SPB-36039,2024-09-03 08:56:11,안장
SPB-37549,2024-09-03 08:57:18,기타 
SPB-52263,2024-09-03 08:57:49,기타 
SPB-47451,2024-09-03 08:58:37,체인
SPB-58815,2024-09-03 09:00:07,페달
SPB-33707,2024-09-03 09:02:37,단말기
SPB-44986,2024-09-03 09:03:40,타이어 
SPB-34828,2024-09-03 09:03:55,체인
SPB-63349,2024-09-03 09:04:09,체인
SPB-42875,2024-09-03 09:05:23,타이어 
SPB-37893,2024-09-03 09:05:39,안장
SPB-63650,2024-09-03 09:06:58,타이어 
SPB-43672,2024-09-03 09:07:59,페달
SPB-39092,2024-09-03 09:13:56,타이어 
SPB-32697,2024-09-03 09:14:25,기타 
SPB-37904,2024-09-03 09:14:52,타이어 
SPB-60706,2024-09-03 09:15:50,기타 
SPB-57990,2024-09-03 09:17:57,페달
SPB-58903,2024-09-03 09:18:12,타이어 
SPB-48107,2024-09-03 09:19:01,타이어 
SPB-54684,2024-09-03 09:21:28,체인
SPB-45104,2024-09-03 09:21:52,체인
SPB-31408,2024-09-03 09:21:58,타이어 
SPB-32733,2024-09-03 09:25:27,기타 
SPB-58134,2024-09-03 09:29:05,페달
SPB-48196,2024-09-03 09:29:41,페달
SPB-55011,2024-09-03 09:32:02,안장
SPB-42664,2024-09-03 09:33:51,기타 
SPB-58587,2024-09-03 09:37:56,기타 
SPB-33484,2024-09-03 09:38:29,타이어 
SPB-32620,2024-09-03 09:38:56,기타 
SPB-31025,2024-09-03 09:40:09,기타 
SPB-62991,2024-09-03 09:40:11,페달
SPB-36472,2024-09-03 09:40:36,체인
SPB-44265,2024-09-03 09:43:50,안장
SPB-58152,2024-09-03 09:45:37,타이어 
SPB-50963,2024-09-03 09:46:14,체인
SPB-82771,2024-09-03 09:48:07,타이어 
SPB-48824,2024-09-03 09:48:18,기타 
SPB-50606,2024-09-03 09:50:45,페달
SPB-36936,2024-09-03 09:50:47,타이어 
SPB-69325,2024-09-03 09:54:04,체인
SPB-36032,2024-09-03 09:54:41,타이어 
SPB-52343,2024-09-03 10:07:39,타이어 
SPB-84404,2024-09-03 10:09:08,기타 
SPB-52104,2024-09-03 10:10:05,기타 
SPB-60948,2024-09-03 10:11:25,안장
SPB-34974,2024-09-03 10:19:19,페달
SPB-42273,2024-09-03 10:19:59,타이어 
SPB-64664,2024-09-03 10:23:28,타이어 
SPB-40061,2024-09-03 10:45:44,기타 
SPB-38098,2024-09-03 10:46:33,기타 
SPB-66513,2024-09-03 10:56:40,기타 
SPB-51649,2024-09-03 10:58:39,기타 
SPB-48898,2024-09-03 10:58:47,체인
SPB-60737,2024-09-03 11:11:33,안장
SPB-33550,2024-09-03 11:14:16,타이어 
SPB-38845,2024-09-03 11:14:34,안장
SPB-65066,2024-09-03 11:24:13,단말기
SPB-36939,2024-09-03 11:28:19,체인
SPB-52329,2024-09-03 11:29:21,기타 
SPB-69732,2024-09-03 11:34:52,기타 
SPB-57662,2024-09-03 11:36:45,안장
SPB-68912,2024-09-03 11:45:04,체인
SPB-31252,2024-09-03 11:45:42,기타 
SPB-69231,2024-09-03 11:53:41,체인
SPB-65614,2024-09-03 11:54:16,기타 
SPB-36906,2024-09-03 11:55:06,안장
SPB-33554,2024-09-03 12:00:01,기타 
SPB-35775,2024-09-03 12:08:31,페달
SPB-51777,2024-09-03 12:18:21,단말기
SPB-69210,2024-09-03 12:20:11,체인
SPB-65234,2024-09-03 12:20:47,페달
SPB-62429,2024-09-03 12:26:23,페달
SPB-41711,2024-09-03 12:31:54,기타 
SPB-51047,2024-09-03 12:35:58,페달
SPB-65766,2024-09-03 12:43:48,안장
SPB-62468,2024-09-03 12:45:31,안장
SPB-37971,2024-09-03 12:48:29,체인
SPB-37645,2024-09-03 12:56:18,체인
SPB-64338,2024-09-03 13:00:22,타이어 
SPB-32812,2024-09-03 13:01:22,페달
SPB-57617,2024-09-03 13:04:12,체인
SPB-65535,2024-09-03 13:08:36,기타 
SPB-61133,2024-09-03 13:10:03,체인
SPB-45338,2024-09-03 13:13:02,기타 
SPB-68613,2024-09-03 13:16:36,타이어 
SPB-55586,2024-09-03 13:17:47,체인
SPB-66234,2024-09-03 13:18:28,기타 
SPB-32970,2024-09-03 13:19:54,체인
SPB-51483,2024-09-03 13:20:34,페달
SPB-38487,2024-09-03 13:21:53,기타 
SPB-55545,2024-09-03 13:30:26,기타 
SPB-66721,2024-09-03 13:30:39,기타 
SPB-83726,2024-09-03 13:46:48,기타 
SPB-43144,2024-09-03 13:50:28,타이어 
SPB-66191,2024-09-03 13:53:21,타이어 
SPB-35577,2024-09-03 14:10:38,타이어 
SPB-70318,2024-09-03 14:11:02,안장
SPB-30070,2024-09-03 14:14:38,페달
SPB-67997,2024-09-03 14:20:49,타이어 
SPB-39503,2024-09-03 14:29:53,안장
SPB-30158,2024-09-03 14:33:52,타이어 
SPB-57161,2024-09-03 14:35:00,단말기
SPB-58035,2024-09-03 14:40:11,안장
SPB-60234,2024-09-03 14:40:51,안장
SPB-38413,2024-09-03 14:41:28,타이어 
SPB-66998,2024-09-03 14:43:23,안장
SPB-63643,2024-09-03 14:45:49,타이어 
SPB-43421,2024-09-03 14:55:26,체인
SPB-36555,2024-09-03 14:58:30,안장
SPB-57638,2024-09-03 15:00:07,타이어 
SPB-59517,2024-09-03 15:01:05,기타 
SPB-47675,2024-09-03 15:02:40,기타 
SPB-63219,2024-09-03 15:03:56,안장
SPB-66394,2024-09-03 15:08:28,타이어 
SPB-53760,2024-09-03 15:12:43,타이어 
SPB-57868,2024-09-03 15:13:07,체인
SPB-31447,2024-09-03 15:15:19,페달
SPB-39753,2024-09-03 15:15:31,기타 
SPB-55777,2024-09-03 15:15:33,타이어 
SPB-44902,2024-09-03 15:16:03,체인
SPB-69076,2024-09-03 15:18:17,기타 
SPB-30008,2024-09-03 15:18:34,체인
SPB-48255,2024-09-03 15:27:22,기타 
SPB-52073,2024-09-03 15:31:37,페달
SPB-68999,2024-09-03 15:40:39,타이어 
SPB-55867,2024-09-03 15:47:09,안장
SPB-69750,2024-09-03 15:48:15,체인
SPB-67623,2024-09-03 15:50:59,타이어 
SPB-67235,2024-09-03 15:57:40,타이어 
SPB-41343,2024-09-03 15:59:36,타이어 
SPB-55557,2024-09-03 16:04:58,타이어 
SPB-44769,2024-09-03 16:06:16,안장
SPB-49007,2024-09-03 16:12:04,기타 
SPB-46402,2024-09-03 16:15:11,타이어 
SPB-59301,2024-09-03 16:16:29,페달
SPB-54590,2024-09-03 16:18:05,기타 
SPB-44508,2024-09-03 16:18:29,페달
SPB-36116,2024-09-03 16:19:30,체인
SPB-30375,2024-09-03 16:21:34,단말기
SPB-35257,2024-09-03 16:22:27,타이어 
SPB-34050,2024-09-03 16:23:42,체인
SPB-39293,2024-09-03 16:24:46,체인
SPB-44240,2024-09-03 16:25:26,체인
SPB-46250,2024-09-03 16:25:39,체인
SPB-40294,2024-09-03 16:25:40,기타 
SPB-50728,2024-09-03 16:29:31,안장
SPB-32170,2024-09-03 16:30:37,체인
SPB-57767,2024-09-03 16:31:39,체인
SPB-34594,2024-09-03 16:32:37,기타 
SPB-42494,2024-09-03 16:37:07,체인
SPB-36869,2024-09-03 16:38:42,안장
SPB-40526,2024-09-03 16:38:46,기타 
SPB-45831,2024-09-03 16:38:53,기타 
SPB-31849,2024-09-03 16:39:35,페달
SPB-42531,2024-09-03 16:43:45,체인
SPB-48558,2024-09-03 16:43:48,페달
SPB-33778,2024-09-03 16:44:03,안장
SPB-59492,2024-09-03 16:45:01,체인
SPB-53439,2024-09-03 16:45:14,체인
SPB-54442,2024-09-03 16:46:23,기타 
SPB-56153,2024-09-03 16:46:45,체인
SPB-58597,2024-09-03 16:46:49,타이어 
SPB-57944,2024-09-03 16:47:23,페달
SPB-42155,2024-09-03 16:49:48,타이어 
SPB-39233,2024-09-03 16:50:10,타이어 
SPB-58434,2024-09-03 16:51:53,타이어 
SPB-60076,2024-09-03 16:52:17,타이어 
SPB-54558,2024-09-03 16:53:51,타이어 
SPB-43683,2024-09-03 16:55:06,체인
SPB-45630,2024-09-03 16:56:02,페달
SPB-46536,2024-09-03 16:59:02,기타 
SPB-60527,2024-09-03 16:59:28,안장
SPB-62232,2024-09-03 17:00:41,타이어 
SPB-57664,2024-09-03 17:03:28,기타 
SPB-40088,2024-09-03 17:04:07,체인
SPB-67515,2024-09-03 17:04:10,타이어 
SPB-39513,2024-09-03 17:04:14,타이어 
SPB-65259,2024-09-03 17:05:41,타이어 
SPB-51904,2024-09-03 17:07:21,기타 
SPB-66442,2024-09-03 17:07:48,기타 
SPB-47287,2024-09-03 17:07:50,안장
SPB-49189,2024-09-03 17:08:32,기타 
SPB-42649,2024-09-03 17:10:06,타이어 
SPB-60005,2024-09-03 17:10:27,체인
SPB-42668,2024-09-03 17:16:45,안장
SPB-69136,2024-09-03 17:16:54,체인
SPB-34712,2024-09-03 17:18:07,안장
SPB-33888,2024-09-03 17:19:43,기타 
SPB-56201,2024-09-03 17:20:19,단말기
SPB-66137,2024-09-03 17:22:29,안장
SPB-56734,2024-09-03 17:26:44,타이어 
SPB-59201,2024-09-03 17:27:05,타이어 
SPB-57786,2024-09-03 17:27:36,기타 
SPB-51380,2024-09-03 17:32:32,안장
SPB-44938,2024-09-03 17:34:34,안장
SPB-51946,2024-09-03 17:35:10,기타 
SPB-36772,2024-09-03 17:35:10,타이어 
SPB-34686,2024-09-03 17:36:31,기타 
SPB-69768,2024-09-03 17:38:33,단말기
SPB-40656,2024-09-03 17:39:08,기타 
SPB-30446,2024-09-03 17:39:24,기타 
SPB-56156,2024-09-03 17:44:18,타이어 
SPB-37876,2024-09-03 17:44:22,기타 
SPB-59241,2024-09-03 17:45:33,체인
SPB-69492,2024-09-03 17:46:06,기타 
SPB-48551,2024-09-03 17:47:49,타이어 
SPB-51875,2024-09-03 17:48:07,타이어 
SPB-31375,2024-09-03 17:48:34,페달
SPB-60758,2024-09-03 17:49:21,타이어 
SPB-37014,2024-09-03 17:49:59,기타 
SPB-50824,2024-09-03 17:52:01,페달
SPB-35225,2024-09-03 17:53:16,체인
SPB-69711,2024-09-03 17:53:22,페달
SPB-36890,2024-09-03 17:54:47,체인
SPB-44751,2024-09-03 17:55:37,단말기
SPB-34313,2024-09-03 17:57:47,기타 
SPB-60553,2024-09-03 17:58:53,타이어 
SPB-65531,2024-09-03 18:01:17,페달
SPB-46906,2024-09-03 18:06:50,안장
SPB-56438,2024-09-03 18:07:03,기타 
SPB-49252,2024-09-03 18:07:59,단말기
SPB-40306,2024-09-03 18:08:54,타이어 
SPB-54317,2024-09-03 18:09:07,체인
SPB-54030,2024-09-03 18:09:25,타이어 
SPB-41820,2024-09-03 18:09:28,타이어 
SPB-43142,2024-09-03 18:09:53,기타 
SPB-59571,2024-09-03 18:11:35,기타 
SPB-56772,2024-09-03 18:11:52,기타 
SPB-69472,2024-09-03 18:12:25,타이어 
SPB-51901,2024-09-03 18:12:33,페달
SPB-32319,2024-09-03 18:12:59,타이어 
SPB-51739,2024-09-03 18:13:55,타이어 
SPB-43900,2024-09-03 18:14:05,타이어 
SPB-50646,2024-09-03 18:14:20,기타 
SPB-33546,2024-09-03 18:14:33,타이어 
SPB-47838,2024-09-03 18:14:36,타이어 
SPB-42553,2024-09-03 18:15:11,안장
SPB-32492,2024-09-03 18:15:26,타이어 
SPB-33174,2024-09-03 18:16:12,타이어 
SPB-36687,2024-09-03 18:16:32,타이어 
SPB-68161,2024-09-03 18:16:33,타이어 
SPB-65666,2024-09-03 18:16:35,타이어 
SPB-32401,2024-09-03 18:17:09,페달
SPB-44666,2024-09-03 18:17:24,체인
SPB-84176,2024-09-03 18:17:52,체인
SPB-67536,2024-09-03 18:18:22,체인
SPB-38684,2024-09-03 18:18:35,체인
SPB-39225,2024-09-03 18:19:04,타이어 
SPB-60470,2024-09-03 18:19:31,타이어 
SPB-52416,2024-09-03 18:19:47,타이어 
SPB-43213,2024-09-03 18:19:56,기타 
SPB-69425,2024-09-03 18:20:09,안장
SPB-38606,2024-09-03 18:20:21,타이어 
SPB-57269,2024-09-03 18:20:45,안장
SPB-50773,2024-09-03 18:22:26,체인
SPB-64223,2024-09-03 18:23:32,단말기
SPB-54692,2024-09-03 18:25:33,타이어 
SPB-32742,2024-09-03 18:26:11,타이어 
SPB-42491,2024-09-03 18:27:09,안장
SPB-43502,2024-09-03 18:28:22,체인
SPB-48798,2024-09-03 18:28:55,페달
SPB-57806,2024-09-03 18:30:11,체인
SPB-30224,2024-09-03 18:30:30,체인
SPB-31659,2024-09-03 18:32:22,안장
SPB-32433,2024-09-03 18:33:28,기타 
SPB-67600,2024-09-03 18:33:54,타이어 
SPB-65988,2024-09-03 18:33:57,기타 
SPB-56899,2024-09-03 18:34:24,체인
SPB-63819,2024-09-03 18:34:26,기타 
SPB-66450,2024-09-03 18:34:35,체인
SPB-66821,2024-09-03 18:34:38,안장
SPB-54976,2024-09-03 18:35:19,체인
SPB-57514,2024-09-03 18:35:44,타이어 
SPB-60496,2024-09-03 18:36:01,단말기
SPB-54370,2024-09-03 18:36:34,타이어 
SPB-62965,2024-09-03 18:36:38,안장
SPB-40422,2024-09-03 18:36:57,기타 
SPB-68218,2024-09-03 18:36:57,기타 
SPB-39443,2024-09-03 18:37:08,타이어 
SPB-57428,2024-09-03 18:37:16,기타 
SPB-48082,2024-09-03 18:38:07,타이어 
SPB-63159,2024-09-03 18:39:21,타이어 
SPB-50970,2024-09-03 18:39:55,타이어 
SPB-56313,2024-09-03 18:40:29,타이어 
SPB-63434,2024-09-03 18:40:32,기타 
SPB-37467,2024-09-03 18:40:41,타이어 
SPB-47934,2024-09-03 18:41:28,페달
SPB-43706,2024-09-03 18:42:34,타이어 
SPB-31154,2024-09-03 18:44:14,타이어 
SPB-52162,2024-09-03 18:44:56,기타 
SPB-48277,2024-09-03 18:45:03,안장
SPB-44545,2024-09-03 18:45:51,체인
SPB-64810,2024-09-03 18:47:04,타이어 
SPB-42051,2024-09-03 18:47:42,페달
SPB-67893,2024-09-03 18:47:48,페달
SPB-58075,2024-09-03 18:47:56,체인
SPB-34203,2024-09-03 18:49:15,타이어 
SPB-34314,2024-09-03 18:50:12,단말기
SPB-56963,2024-09-03 18:53:35,타이어 
SPB-59581,2024-09-03 18:54:24,타이어 
SPB-49068,2024-09-03 18:54:55,타이어 
SPB-45975,2024-09-03 18:55:16,기타 
SPB-53019,2024-09-03 18:57:17,타이어 
SPB-47887,2024-09-03 18:57:58,타이어 
SPB-54950,2024-09-03 18:58:00,안장
SPB-57063,2024-09-03 18:58:14,타이어 
SPB-84126,2024-09-03 18:58:24,기타 
SPB-67210,2024-09-03 18:59:25,타이어 
SPB-67513,2024-09-03 19:00:18,타이어 
SPB-54212,2024-09-03 19:00:23,체인
SPB-69399,2024-09-03 19:00:57,체인
SPB-55653,2024-09-03 19:01:34,안장
SPB-45292,2024-09-03 19:01:44,체인
SPB-43561,2024-09-03 19:04:32,타이어 
SPB-64181,2024-09-03 19:04:35,타이어 
SPB-52079,2024-09-03 19:04:49,타이어 
SPB-47681,2024-09-03 19:05:58,안장
SPB-59144,2024-09-03 19:08:15,체인
SPB-70487,2024-09-03 19:10:45,체인
SPB-50360,2024-09-03 19:10:59,안장
SPB-32570,2024-09-03 19:11:13,타이어 
SPB-30387,2024-09-03 19:11:25,안장
SPB-30536,2024-09-03 19:14:50,기타 
SPB-44683,2024-09-03 19:15:04,체인
SPB-65845,2024-09-03 19:15:16,체인
SPB-43602,2024-09-03 19:15:31,기타 
SPB-62996,2024-09-03 19:16:26,페달
SPB-48830,2024-09-03 19:16:33,페달
SPB-60983,2024-09-03 19:19:13,타이어 
SPB-52301,2024-09-03 19:20:01,타이어 
SPB-37506,2024-09-03 19:20:10,안장
SPB-50480,2024-09-03 19:20:45,타이어 
SPB-64466,2024-09-03 19:21:11,기타 
SPB-84857,2024-09-03 19:21:19,페달
SPB-50427,2024-09-03 19:22:57,타이어 
SPB-64340,2024-09-03 19:23:15,안장
SPB-54327,2024-09-03 19:27:27,페달
SPB-68611,2024-09-03 19:28:56,기타 
SPB-31341,2024-09-03 19:29:34,기타 
SPB-68927,2024-09-03 19:32:30,타이어 
SPB-30706,2024-09-03 19:32:35,타이어 
SPB-51292,2024-09-03 19:33:01,안장
SPB-69419,2024-09-03 19:33:01,타이어 
SPB-42053,2024-09-03 19:33:42,체인
SPB-60335,2024-09-03 19:33:42,체인
SPB-50835,2024-09-03 19:33:51,기타 
SPB-58524,2024-09-03 19:36:31,단말기
SPB-70129,2024-09-03 19:37:44,체인
SPB-37672,2024-09-03 19:40:16,기타 
SPB-36591,2024-09-03 19:40:39,타이어 
SPB-55754,2024-09-03 19:41:38,체인
SPB-47655,2024-09-03 19:42:13,체인
SPB-49455,2024-09-03 19:42:29,타이어 
SPB-62648,2024-09-03 19:42:58,타이어 
SPB-53379,2024-09-03 19:44:35,체인
SPB-34882,2024-09-03 19:46:04,페달
SPB-84170,2024-09-03 19:47:01,기타 
SPB-67953,2024-09-03 19:48:39,기타 
SPB-36808,2024-09-03 19:49:08,타이어 
SPB-40649,2024-09-03 19:49:10,안장
SPB-45620,2024-09-03 19:50:24,안장
SPB-30725,2024-09-03 19:51:43,타이어 
SPB-37164,2024-09-03 19:51:48,타이어 
SPB-69412,2024-09-03 19:51:54,기타 
SPB-47677,2024-09-03 19:52:41,안장
SPB-54900,2024-09-03 19:53:37,안장
SPB-42819,2024-09-03 19:54:32,페달
SPB-66821,2024-09-03 19:56:56,안장
SPB-45774,2024-09-03 19:57:33,기타 
SPB-41733,2024-09-03 19:58:44,기타 
SPB-31963,2024-09-03 19:59:19,타이어 
SPB-37619,2024-09-03 19:59:50,기타 
SPB-38592,2024-09-03 20:00:09,페달
SPB-57698,2024-09-03 20:01:28,기타 
SPB-48974,2024-09-03 20:01:47,페달
SPB-39990,2024-09-03 20:02:44,체인
SPB-49507,2024-09-03 20:02:45,기타 
SPB-69696,2024-09-03 20:03:29,체인
SPB-50630,2024-09-03 20:03:30,체인
SPB-47419,2024-09-03 20:04:41,안장
SPB-67153,2024-09-03 20:06:04,페달
SPB-35475,2024-09-03 20:08:48,체인
SPB-31235,2024-09-03 20:09:42,단말기
SPB-55610,2024-09-03 20:10:40,체인
SPB-46395,2024-09-03 20:10:50,기타 
SPB-35973,2024-09-03 20:12:29,타이어 
SPB-46449,2024-09-03 20:12:47,안장
SPB-48952,2024-09-03 20:13:37,기타 
SPB-46012,2024-09-03 20:15:12,타이어 
SPB-63728,2024-09-03 20:15:53,체인
SPB-38430,2024-09-03 20:16:23,기타 
SPB-46002,2024-09-03 20:16:58,안장
SPB-53159,2024-09-03 20:19:59,체인
SPB-53477,2024-09-03 20:25:00,체인
SPB-32980,2024-09-03 20:29:01,안장
SPB-61151,2024-09-03 20:29:03,타이어 
SPB-61815,2024-09-03 20:29:34,체인
SPB-34117,2024-09-03 20:31:00,안장
SPB-61873,2024-09-03 20:32:59,페달
SPB-51401,2024-09-03 20:34:09,기타 
SPB-43029,2024-09-03 20:34:47,안장
SPB-54840,2024-09-03 20:35:40,기타 
SPB-53637,2024-09-03 20:35:50,체인
SPB-31160,2024-09-03 20:36:05,타이어 
SPB-51714,2024-09-03 20:40:08,기타 
SPB-69377,2024-09-03 20:43:18,기타 
SPB-66572,2024-09-03 20:44:21,기타 
SPB-31533,2024-09-03 20:44:45,페달
SPB-34519,2024-09-03 20:45:35,페달
SPB-42265,2024-09-03 20:49:03,타이어 
SPB-58063,2024-09-03 20:49:03,안장
SPB-48087,2024-09-03 20:50:04,기타 
SPB-68236,2024-09-03 20:50:30,타이어 
SPB-50278,2024-09-03 20:51:41,타이어 
SPB-52378,2024-09-03 20:52:01,타이어 
SPB-34480,2024-09-03 20:53:00,체인
SPB-62608,2024-09-03 20:55:43,안장
SPB-45582,2024-09-03 20:56:59,체인
SPB-49521,2024-09-03 20:58:32,체인
SPB-54434,2024-09-03 20:58:35,기타 
SPB-61496,2024-09-03 20:58:46,체인
SPB-36933,2024-09-03 21:00:02,안장
SPB-54810,2024-09-03 21:01:54,타이어 
SPB-55195,2024-09-03 21:05:21,체인
SPB-83123,2024-09-03 21:07:48,체인
SPB-66842,2024-09-03 21:08:38,타이어 
SPB-64622,2024-09-03 21:08:47,타이어 
SPB-42408,2024-09-03 21:09:07,기타 
SPB-55911,2024-09-03 21:09:24,체인
SPB-67130,2024-09-03 21:11:57,체인
SPB-52271,2024-09-03 21:12:15,체인
SPB-44612,2024-09-03 21:14:54,타이어 
SPB-36364,2024-09-03 21:19:29,기타 
SPB-67780,2024-09-03 21:19:49,체인
SPB-56622,2024-09-03 21:20:12,페달
SPB-63243,2024-09-03 21:20:33,타이어 
SPB-30546,2024-09-03 21:23:42,체인
SPB-68930,2024-09-03 21:24:34,단말기
SPB-53940,2024-09-03 21:24:46,페달
SPB-70302,2024-09-03 21:25:48,타이어 
SPB-66398,2024-09-03 21:26:03,기타 
SPB-32718,2024-09-03 21:26:18,타이어 
SPB-62191,2024-09-03 21:26:47,단말기
SPB-36397,2024-09-03 21:28:58,페달
SPB-52386,2024-09-03 21:30:06,기타 
SPB-57016,2024-09-03 21:32:18,타이어 
SPB-45878,2024-09-03 21:37:31,타이어 
SPB-40859,2024-09-03 21:37:36,체인
SPB-41558,2024-09-03 21:37:47,기타 
SPB-31057,2024-09-03 21:39:18,타이어 
SPB-39984,2024-09-03 21:39:49,단말기
SPB-54279,2024-09-03 21:41:40,체인
SPB-69520,2024-09-03 21:42:37,체인
SPB-40425,2024-09-03 21:43:35,페달
SPB-47698,2024-09-03 21:49:12,페달
SPB-39313,2024-09-03 21:50:13,페달
SPB-51837,2024-09-03 21:50:26,체인
SPB-48911,2024-09-03 21:53:40,타이어 
SPB-44940,2024-09-03 21:53:49,안장
SPB-31247,2024-09-03 21:54:58,단말기
SPB-53838,2024-09-03 21:56:02,체인
SPB-50228,2024-09-03 21:57:46,타이어 
SPB-52375,2024-09-03 21:57:52,페달
SPB-62646,2024-09-03 21:58:20,안장
SPB-65346,2024-09-03 21:59:55,타이어 
SPB-40534,2024-09-03 22:00:09,기타 
SPB-54151,2024-09-03 22:00:36,페달
SPB-61286,2024-09-03 22:08:00,타이어 
SPB-60524,2024-09-03 22:11:01,타이어 
SPB-58323,2024-09-03 22:12:27,기타 
SPB-50466,2024-09-03 22:14:26,페달
SPB-50734,2024-09-03 22:16:20,기타 
SPB-44393,2024-09-03 22:17:45,안장
SPB-46476,2024-09-03 22:18:26,체인
SPB-55567,2024-09-03 22:19:27,타이어 
SPB-47260,2024-09-03 22:22:59,기타 
SPB-51271,2024-09-03 22:23:14,타이어 
SPB-38604,2024-09-03 22:26:02,체인
SPB-62686,2024-09-03 22:26:48,안장
SPB-33989,2024-09-03 22:28:31,페달
SPB-32389,2024-09-03 22:33:09,페달
SPB-59413,2024-09-03 22:35:56,페달
SPB-70084,2024-09-03 22:36:39,체인
SPB-44177,2024-09-03 22:36:58,체인
SPB-39198,2024-09-03 22:37:14,체인
SPB-59175,2024-09-03 22:37:41,타이어 
SPB-54528,2024-09-03 22:38:48,체인
SPB-45477,2024-09-03 22:38:50,타이어 
SPB-38074,2024-09-03 22:40:30,안장
SPB-35342,2024-09-03 22:43:47,체인
SPB-66784,2024-09-03 22:51:02,기타 
SPB-62873,2024-09-03 22:53:31,타이어 
SPB-34029,2024-09-03 22:58:49,페달
SPB-43974,2024-09-03 23:04:52,안장
SPB-34815,2024-09-03 23:08:36,안장
SPB-35434,2024-09-03 23:11:15,체인
SPB-82987,2024-09-03 23:21:38,체인
SPB-55212,2024-09-03 23:24:06,페달
SPB-56317,2024-09-03 23:29:25,단말기
SPB-41627,2024-09-03 23:29:26,체인
SPB-47353,2024-09-03 23:31:47,단말기
SPB-30392,2024-09-03 23:31:56,타이어 
SPB-54742,2024-09-03 23:33:26,페달
SPB-46950,2024-09-03 23:37:18,체인
SPB-37186,2024-09-03 23:37:44,타이어 
SPB-63773,2024-09-03 23:42:28,기타 
SPB-62314,2024-09-03 23:43:44,안장
SPB-66221,2024-09-03 23:46:08,타이어 
SPB-34789,2024-09-03 23:49:01,타이어 
SPB-62660,2024-09-03 23:50:11,타이어 
SPB-45761,2024-09-03 23:53:17,기타 
SPB-65007,2024-09-04 00:01:54,체인
SPB-42314,2024-09-04 00:02:01,페달
SPB-52583,2024-09-04 00:07:55,페달
SPB-36230,2024-09-04 00:14:02,타이어 
SPB-32023,2024-09-04 00:17:52,타이어 
SPB-59156,2024-09-04 00:22:04,기타 
SPB-62128,2024-09-04 00:24:26,체인
SPB-67892,2024-09-04 00:26:38,체인
SPB-50270,2024-09-04 00:31:01,체인
SPB-41484,2024-09-04 00:36:23,기타 
SPB-35641,2024-09-04 00:39:32,타이어 
SPB-40747,2024-09-04 00:45:06,체인
SPB-64166,2024-09-04 00:49:35,기타 
SPB-50675,2024-09-04 00:52:29,타이어 
SPB-41971,2024-09-04 01:13:18,안장
SPB-65748,2024-09-04 01:15:19,타이어 
SPB-42042,2024-09-04 01:15:25,체인
SPB-68374,2024-09-04 02:40:24,체인
SPB-63902,2024-09-04 02:55:54,단말기
SPB-65529,2024-09-04 03:15:40,타이어 
SPB-69007,2024-09-04 03:29:31,안장
SPB-33159,2024-09-04 04:19:14,타이어 
SPB-67089,2024-09-04 04:26:12,체인
SPB-48609,2024-09-04 05:33:06,페달
SPB-70373,2024-09-04 05:36:39,타이어 
SPB-59885,2024-09-04 05:40:14,페달
SPB-40982,2024-09-04 05:51:18,체인
SPB-31576,2024-09-04 05:58:46,기타 
SPB-68274,2024-09-04 06:08:48,타이어 
SPB-82912,2024-09-04 06:15:28,페달
SPB-34874,2024-09-04 06:18:16,타이어 
SPB-55319,2024-09-04 06:31:12,타이어 
SPB-67813,2024-09-04 06:34:45,기타 
SPB-38176,2024-09-04 06:35:50,체인
SPB-65365,2024-09-04 06:36:50,체인
SPB-66660,2024-09-04 06:44:54,체인
SPB-32920,2024-09-04 06:49:44,안장
SPB-47665,2024-09-04 06:52:01,기타 
SPB-44240,2024-09-04 06:55:37,체인
SPB-34224,2024-09-04 06:58:21,타이어 
SPB-46724,2024-09-04 06:59:16,단말기
SPB-43630,2024-09-04 07:00:23,타이어 
SPB-48266,2024-09-04 07:03:51,체인
SPB-50691,2024-09-04 07:05:42,타이어 
SPB-41426,2024-09-04 07:09:03,안장
SPB-56909,2024-09-04 07:09:32,체인
SPB-35132,2024-09-04 07:13:03,안장
SPB-65237,2024-09-04 07:15:59,타이어 
SPB-42913,2024-09-04 07:21:32,타이어 
SPB-61100,2024-09-04 07:26:57,안장
SPB-34849,2024-09-04 07:27:14,타이어 
SPB-44872,2024-09-04 07:27:25,타이어 
SPB-41710,2024-09-04 07:27:27,기타 
SPB-60603,2024-09-04 07:27:54,체인
SPB-41551,2024-09-04 07:34:01,안장
SPB-82897,2024-09-04 07:35:08,단말기
SPB-68750,2024-09-04 07:37:12,타이어 
SPB-41981,2024-09-04 07:40:48,체인
SPB-32591,2024-09-04 07:43:09,체인
SPB-30475,2024-09-04 07:44:27,기타 
SPB-44780,2024-09-04 07:45:17,기타 
SPB-56808,2024-09-04 07:47:44,타이어 
SPB-38200,2024-09-04 07:48:44,기타 
SPB-57295,2024-09-04 07:49:14,단말기
SPB-52364,2024-09-04 07:49:29,페달
SPB-57224,2024-09-04 07:49:36,타이어 
SPB-57711,2024-09-04 07:52:01,타이어 
SPB-69839,2024-09-04 07:53:38,타이어 
SPB-48742,2024-09-04 07:54:44,안장
SPB-41739,2024-09-04 07:55:02,체인
SPB-52609,2024-09-04 07:55:44,타이어 
SPB-48576,2024-09-04 07:56:12,타이어 
SPB-40255,2024-09-04 07:57:22,기타 
SPB-53167,2024-09-04 07:57:44,타이어 
SPB-54430,2024-09-04 08:02:36,안장
SPB-68106,2024-09-04 08:02:37,기타 
SPB-38411,2024-09-04 08:03:41,기타 
SPB-43411,2024-09-04 08:04:46,페달
SPB-41858,2024-09-04 08:04:49,체인
SPB-47983,2024-09-04 08:05:01,안장
SPB-36143,2024-09-04 08:05:25,타이어 
SPB-35495,2024-09-04 08:07:44,기타 
SPB-70487,2024-09-04 08:08:17,페달
SPB-68632,2024-09-04 08:08:33,타이어 
SPB-33987,2024-09-04 08:09:10,안장
SPB-41437,2024-09-04 08:09:43,기타 
SPB-34631,2024-09-04 08:10:25,체인
SPB-46836,2024-09-04 08:10:36,체인
SPB-68422,2024-09-04 08:11:15,체인
SPB-34865,2024-09-04 08:12:47,타이어 
SPB-60681,2024-09-04 08:12:49,안장
SPB-43925,2024-09-04 08:13:21,체인
SPB-34757,2024-09-04 08:13:35,체인
SPB-50594,2024-09-04 08:13:53,타이어 
SPB-44376,2024-09-04 08:14:20,페달
SPB-56583,2024-09-04 08:15:40,타이어 
SPB-48204,2024-09-04 08:15:54,타이어 
SPB-65781,2024-09-04 08:16:21,안장
SPB-34929,2024-09-04 08:17:03,기타 
SPB-32594,2024-09-04 08:17:24,체인
SPB-60285,2024-09-04 08:20:50,기타 
SPB-39031,2024-09-04 08:21:11,타이어 
SPB-31842,2024-09-04 08:23:39,체인
SPB-43714,2024-09-04 08:24:05,타이어 
SPB-65971,2024-09-04 08:24:05,체인
SPB-33929,2024-09-04 08:24:29,타이어 
SPB-35728,2024-09-04 08:25:25,타이어 
SPB-53428,2024-09-04 08:28:40,기타 
SPB-45805,2024-09-04 08:28:45,안장
SPB-55511,2024-09-04 08:29:37,페달
SPB-32358,2024-09-04 08:30:10,페달
SPB-69958,2024-09-04 08:30:35,기타 
SPB-60695,2024-09-04 08:31:04,타이어 
SPB-50952,2024-09-04 08:32:26,타이어 
SPB-52164,2024-09-04 08:33:03,타이어 
SPB-65280,2024-09-04 08:33:12,기타 
SPB-36514,2024-09-04 08:34:41,단말기
SPB-61264,2024-09-04 08:35:12,체인
SPB-51657,2024-09-04 08:35:58,안장
SPB-68787,2024-09-04 08:37:27,체인
SPB-30341,2024-09-04 08:38:47,기타 
SPB-32812,2024-09-04 08:38:59,페달
SPB-40083,2024-09-04 08:40:17,안장
SPB-82889,2024-09-04 08:40:29,체인
SPB-46724,2024-09-04 08:41:01,타이어 
SPB-54858,2024-09-04 08:41:27,타이어 
SPB-37645,2024-09-04 08:41:31,체인
SPB-31089,2024-09-04 08:41:59,기타 
SPB-69086,2024-09-04 08:42:10,체인
SPB-51519,2024-09-04 08:42:11,타이어 
SPB-82219,2024-09-04 08:42:20,타이어 
SPB-67421,2024-09-04 08:42:24,기타 
SPB-66606,2024-09-04 08:42:51,타이어 
SPB-33088,2024-09-04 08:42:53,단말기
SPB-40916,2024-09-04 08:44:33,단말기
SPB-57242,2024-09-04 08:45:23,안장
SPB-54870,2024-09-04 08:45:39,타이어 
SPB-60777,2024-09-04 08:45:41,안장
SPB-48709,2024-09-04 08:45:45,타이어 
SPB-59035,2024-09-04 08:48:06,기타 
SPB-60155,2024-09-04 08:48:10,페달
SPB-66486,2024-09-04 08:48:25,기타 
SPB-42841,2024-09-04 08:50:30,안장
SPB-68850,2024-09-04 08:50:36,기타 
SPB-50169,2024-09-04 08:50:53,페달
SPB-33182,2024-09-04 08:51:51,타이어 
SPB-61298,2024-09-04 08:52:05,타이어 
SPB-60210,2024-09-04 08:52:31,안장
SPB-63843,2024-09-04 08:52:46,체인
SPB-69610,2024-09-04 08:54:51,체인
SPB-31936,2024-09-04 08:54:59,타이어 
SPB-63079,2024-09-04 08:55:04,타이어 
SPB-59093,2024-09-04 09:01:31,기타 
SPB-56848,2024-09-04 09:02:14,체인
SPB-70128,2024-09-04 09:03:05,체인
SPB-57555,2024-09-04 09:03:16,기타 
SPB-40710,2024-09-04 09:03:57,안장
SPB-46700,2024-09-04 09:06:22,타이어 
SPB-68599,2024-09-04 09:06:32,타이어 
SPB-61342,2024-09-04 09:06:50,체인
SPB-38202,2024-09-04 09:08:16,페달
SPB-50156,2024-09-04 09:09:30,체인
SPB-61761,2024-09-04 09:09:31,타이어 
SPB-56819,2024-09-04 09:09:48,체인
SPB-52099,2024-09-04 09:14:56,타이어 
SPB-58328,2024-09-04 09:17:46,체인
SPB-60722,2024-09-04 09:18:02,안장
SPB-60010,2024-09-04 09:18:56,타이어 
SPB-65273,2024-09-04 09:19:00,안장
SPB-30224,2024-09-04 09:20:34,체인
SPB-57848,2024-09-04 09:23:03,기타 
SPB-34428,2024-09-04 09:24:11,기타 
SPB-33180,2024-09-04 09:24:27,타이어 
SPB-42929,2024-09-04 09:25:53,안장
SPB-33743,2024-09-04 09:27:58,기타 
SPB-51271,2024-09-04 09:31:09,기타 
SPB-59948,2024-09-04 09:31:22,안장
SPB-39465,2024-09-04 09:34:39,체인
SPB-54526,2024-09-04 09:35:09,안장
SPB-69909,2024-09-04 09:42:31,체인
SPB-35312,2024-09-04 09:42:44,타이어 
SPB-56506,2024-09-04 09:44:54,기타 
SPB-30261,2024-09-04 09:44:58,기타 
SPB-70258,2024-09-04 09:48:49,체인
SPB-53217,2024-09-04 09:52:14,체인
SPB-66415,2024-09-04 09:54:09,타이어 
SPB-40685,2024-09-04 09:56:13,안장
SPB-69773,2024-09-04 09:56:26,안장
SPB-35211,2024-09-04 09:56:30,타이어 
SPB-56848,2024-09-04 09:57:18,체인
SPB-30761,2024-09-04 10:01:20,체인
SPB-67560,2024-09-04 10:02:28,체인
SPB-65142,2024-09-04 10:03:51,페달
SPB-46395,2024-09-04 10:10:10,페달
SPB-69839,2024-09-04 10:11:22,타이어 
SPB-63303,2024-09-04 10:15:40,단말기
SPB-51885,2024-09-04 10:16:40,체인
SPB-35973,2024-09-04 10:20:16,타이어 
SPB-59525,2024-09-04 10:20:31,페달
SPB-36072,2024-09-04 10:21:16,체인
SPB-56368,2024-09-04 10:26:25,기타 
SPB-57406,2024-09-04 10:28:34,체인
SPB-56266,2024-09-04 10:30:22,기타 
SPB-45154,2024-09-04 10:37:38,기타 
SPB-82232,2024-09-04 10:38:42,단말기
SPB-55113,2024-09-04 10:40:00,타이어 
SPB-70065,2024-09-04 10:43:09,기타 
SPB-58503,2024-09-04 10:43:31,기타 
SPB-41465,2024-09-04 10:46:01,체인
SPB-57598,2024-09-04 10:46:23,기타 
SPB-60947,2024-09-04 10:52:04,안장
SPB-34915,2024-09-04 10:58:49,타이어 
SPB-67489,2024-09-04 11:04:14,체인
SPB-53822,2024-09-04 11:05:06,체인
SPB-30063,2024-09-04 11:08:54,체인
SPB-62728,2024-09-04 11:09:22,기타 
SPB-47945,2024-09-04 11:10:08,타이어 
SPB-62269,2024-09-04 11:10:38,타이어 
SPB-66971,2024-09-04 11:15:46,타이어 
SPB-44751,2024-09-04 11:22:36,타이어 
SPB-54142,2024-09-04 11:37:59,안장
SPB-33370,2024-09-04 11:38:38,체인
SPB-51618,2024-09-04 11:39:32,기타 
SPB-31446,2024-09-04 11:47:37,안장
SPB-32535,2024-09-04 11:53:17,단말기
SPB-51661,2024-09-04 11:54:04,페달
SPB-50276,2024-09-04 12:00:29,페달
SPB-35524,2024-09-04 12:01:39,타이어 
SPB-66555,2024-09-04 12:15:38,기타 
SPB-32812,2024-09-04 12:16:43,체인
SPB-69724,2024-09-04 12:19:49,안장
SPB-39818,2024-09-04 12:19:54,기타 
SPB-69103,2024-09-04 12:26:34,안장
SPB-38680,2024-09-04 12:30:26,기타 
SPB-39716,2024-09-04 12:31:58,체인
SPB-48308,2024-09-04 12:35:58,타이어 
SPB-56969,2024-09-04 12:38:54,페달
SPB-66092,2024-09-04 12:40:01,타이어 
SPB-53716,2024-09-04 12:41:26,단말기
SPB-52339,2024-09-04 12:53:20,기타 
SPB-49486,2024-09-04 12:55:39,타이어 
SPB-48961,2024-09-04 12:56:07,체인
SPB-67559,2024-09-04 12:58:57,타이어 
SPB-70311,2024-09-04 13:00:29,기타 
SPB-68433,2024-09-04 13:11:04,체인
SPB-69714,2024-09-04 13:12:14,체인
SPB-54501,2024-09-04 13:14:24,타이어 
SPB-33995,2024-09-04 13:15:45,체인
SPB-48295,2024-09-04 13:17:02,타이어 
SPB-35605,2024-09-04 13:29:38,안장
SPB-35496,2024-09-04 13:34:09,체인
SPB-32561,2024-09-04 13:40:55,타이어 
SPB-69831,2024-09-04 13:42:17,체인
SPB-37989,2024-09-04 13:53:32,안장
SPB-57753,2024-09-04 14:10:03,타이어 
SPB-52163,2024-09-04 14:13:07,체인
SPB-41806,2024-09-04 14:17:13,기타 
SPB-61440,2024-09-04 14:18:52,체인
SPB-31235,2024-09-04 14:20:48,단말기
SPB-51561,2024-09-04 14:21:47,타이어 
SPB-45766,2024-09-04 14:23:59,체인
SPB-47609,2024-09-04 14:25:16,페달
SPB-66425,2024-09-04 14:27:17,타이어 
SPB-70394,2024-09-04 14:30:19,체인
SPB-63728,2024-09-04 14:30:33,안장
SPB-63053,2024-09-04 14:40:16,기타 
SPB-30250,2024-09-04 14:41:36,체인
SPB-39297,2024-09-04 14:48:01,기타 
SPB-33894,2024-09-04 14:53:25,타이어 
SPB-42650,2024-09-04 14:55:09,기타 
SPB-31378,2024-09-04 14:55:33,안장
SPB-55861,2024-09-04 14:58:24,안장
SPB-47615,2024-09-04 15:00:57,기타 
SPB-62378,2024-09-04 15:01:10,안장
SPB-46250,2024-09-04 15:02:30,체인
SPB-46011,2024-09-04 15:14:13,체인
SPB-46842,2024-09-04 15:21:07,기타 
SPB-65586,2024-09-04 15:23:47,타이어 
SPB-61421,2024-09-04 15:32:09,안장
SPB-64474,2024-09-04 15:35:08,타이어 
SPB-60470,2024-09-04 15:36:27,타이어 
SPB-39294,2024-09-04 15:40:48,체인
SPB-62034,2024-09-04 15:41:04,안장
SPB-46271,2024-09-04 15:42:21,기타 
SPB-62788,2024-09-04 15:43:57,체인
SPB-42581,2024-09-04 15:44:15,기타 
SPB-45775,2024-09-04 15:47:27,타이어 
SPB-56517,2024-09-04 16:00:35,단말기
SPB-33391,2024-09-04 16:10:05,체인
SPB-80667,2024-09-04 16:10:47,페달
SPB-67834,2024-09-04 16:11:29,타이어 
SPB-55402,2024-09-04 16:14:17,기타 
SPB-30546,2024-09-04 16:17:44,체인
SPB-46593,2024-09-04 16:17:50,단말기
SPB-32814,2024-09-04 16:20:47,타이어 
SPB-41311,2024-09-04 16:23:21,안장
SPB-32254,2024-09-04 16:24:25,체인
SPB-68459,2024-09-04 16:27:35,타이어 
SPB-58868,2024-09-04 16:27:50,기타 
SPB-54767,2024-09-04 16:28:14,체인
SPB-48427,2024-09-04 16:33:10,타이어 
SPB-39209,2024-09-04 16:38:10,안장
SPB-31824,2024-09-04 16:41:09,체인
SPB-58997,2024-09-04 16:41:12,페달
SPB-44679,2024-09-04 16:41:40,타이어 
SPB-36062,2024-09-04 16:45:57,안장
SPB-60135,2024-09-04 16:46:12,체인
SPB-68628,2024-09-04 16:48:19,체인
SPB-34750,2024-09-04 16:51:17,페달
SPB-58644,2024-09-04 16:52:45,타이어 
SPB-65763,2024-09-04 16:54:11,기타 
SPB-60868,2024-09-04 16:57:35,체인
SPB-47600,2024-09-04 16:58:39,안장
SPB-39504,2024-09-04 16:58:59,타이어 
SPB-37864,2024-09-04 17:01:25,타이어 
SPB-42696,2024-09-04 17:04:16,안장
SPB-69720,2024-09-04 17:04:54,체인
SPB-39001,2024-09-04 17:06:12,안장
SPB-52972,2024-09-04 17:08:16,안장
SPB-52388,2024-09-04 17:10:10,기타 
SPB-55648,2024-09-04 17:10:12,타이어 
SPB-35454,2024-09-04 17:14:21,체인
SPB-61406,2024-09-04 17:14:59,타이어 
SPB-52428,2024-09-04 17:14:59,페달
SPB-32804,2024-09-04 17:15:03,타이어 
SPB-64414,2024-09-04 17:16:01,체인
SPB-35002,2024-09-04 17:16:27,기타 
SPB-41143,2024-09-04 17:16:37,체인
SPB-67092,2024-09-04 17:17:37,기타 
SPB-60771,2024-09-04 17:25:07,타이어 
SPB-66820,2024-09-04 17:25:19,타이어 
SPB-34987,2024-09-04 17:26:25,페달
SPB-54524,2024-09-04 17:29:08,체인
SPB-56597,2024-09-04 17:33:35,기타 
SPB-67154,2024-09-04 17:38:38,기타 
SPB-40490,2024-09-04 17:40:22,페달
SPB-39691,2024-09-04 17:40:57,단말기
SPB-33455,2024-09-04 17:42:23,기타 
SPB-69643,2024-09-04 17:42:35,기타 
SPB-37386,2024-09-04 17:45:15,타이어 
SPB-32494,2024-09-04 17:45:28,기타 
SPB-53752,2024-09-04 17:45:47,체인
SPB-48374,2024-09-04 17:47:37,페달
SPB-57630,2024-09-04 17:48:44,체인
SPB-53023,2024-09-04 17:50:20,체인
SPB-47653,2024-09-04 17:50:54,체인
SPB-53607,2024-09-04 17:51:56,안장
SPB-44579,2024-09-04 17:53:35,타이어 
SPB-34852,2024-09-04 17:54:06,기타 
SPB-48555,2024-09-04 17:54:55,체인
SPB-56016,2024-09-04 17:55:37,타이어 
SPB-42855,2024-09-04 17:55:40,페달
SPB-60572,2024-09-04 17:55:45,타이어 
SPB-42742,2024-09-04 17:58:44,체인
SPB-68832,2024-09-04 17:59:40,타이어 
SPB-62639,2024-09-04 17:59:56,기타 
SPB-51254,2024-09-04 18:00:16,타이어 
SPB-58834,2024-09-04 18:00:48,타이어 
SPB-37487,2024-09-04 18:01:04,체인
SPB-50488,2024-09-04 18:02:49,타이어 
SPB-40995,2024-09-04 18:03:32,타이어 
SPB-60529,2024-09-04 18:04:17,기타 
SPB-35050,2024-09-04 18:04:48,안장
SPB-66378,2024-09-04 18:05:11,체인
SPB-51722,2024-09-04 18:05:23,페달
SPB-81978,2024-09-04 18:06:28,안장
SPB-63994,2024-09-04 18:06:41,타이어 
SPB-48854,2024-09-04 18:07:14,기타 
SPB-52398,2024-09-04 18:07:40,페달
SPB-50670,2024-09-04 18:08:05,체인
SPB-67977,2024-09-04 18:09:06,타이어 
SPB-61558,2024-09-04 18:09:58,안장
SPB-68752,2024-09-04 18:10:56,타이어 
SPB-58991,2024-09-04 18:10:58,안장
SPB-47708,2024-09-04 18:13:04,안장
SPB-52225,2024-09-04 18:13:45,체인
SPB-34121,2024-09-04 18:13:49,체인
SPB-45836,2024-09-04 18:14:14,안장
SPB-61838,2024-09-04 18:16:49,체인
SPB-53590,2024-09-04 18:17:25,체인
SPB-81431,2024-09-04 18:17:55,기타 
SPB-60428,2024-09-04 18:18:02,타이어 
SPB-38207,2024-09-04 18:18:17,타이어 
SPB-35449,2024-09-04 18:18:20,타이어 
SPB-52205,2024-09-04 18:18:54,페달
SPB-56942,2024-09-04 18:19:05,기타 
SPB-45902,2024-09-04 18:20:23,체인
SPB-46499,2024-09-04 18:20:44,안장
SPB-53013,2024-09-04 18:20:55,페달
SPB-54988,2024-09-04 18:20:59,안장
SPB-70123,2024-09-04 18:21:15,타이어 
SPB-63416,2024-09-04 18:21:16,타이어 
SPB-41754,2024-09-04 18:22:09,안장
SPB-35078,2024-09-04 18:23:58,기타 
SPB-62992,2024-09-04 18:24:07,단말기
SPB-33878,2024-09-04 18:25:12,타이어 
SPB-61519,2024-09-04 18:26:00,타이어 
SPB-56095,2024-09-04 18:26:07,안장
SPB-48152,2024-09-04 18:26:46,체인
SPB-57300,2024-09-04 18:27:06,단말기
SPB-80035,2024-09-04 18:28:13,기타 
SPB-47523,2024-09-04 18:28:18,기타 
SPB-84007,2024-09-04 18:28:53,기타 
SPB-64711,2024-09-04 18:29:50,타이어 
SPB-31419,2024-09-04 18:30:01,기타 
SPB-32852,2024-09-04 18:31:43,체인
SPB-31268,2024-09-04 18:32:20,타이어 
SPB-47797,2024-09-04 18:32:35,타이어 
SPB-68036,2024-09-04 18:33:15,타이어 
SPB-69836,2024-09-04 18:33:37,체인
SPB-32446,2024-09-04 18:34:37,기타 
SPB-57322,2024-09-04 18:35:02,타이어 
SPB-81778,2024-09-04 18:35:14,체인
SPB-56347,2024-09-04 18:36:27,타이어 
SPB-52984,2024-09-04 18:38:28,안장
SPB-59716,2024-09-04 18:39:10,체인
SPB-66285,2024-09-04 18:39:12,기타 
SPB-40040,2024-09-04 18:39:32,기타 
SPB-33491,2024-09-04 18:39:33,타이어 
SPB-57315,2024-09-04 18:39:51,체인
SPB-53027,2024-09-04 18:41:25,페달
SPB-56697,2024-09-04 18:41:55,타이어 
SPB-70161,2024-09-04 18:42:32,체인
SPB-56280,2024-09-04 18:43:05,기타 
SPB-57496,2024-09-04 18:44:46,단말기
SPB-50616,2024-09-04 18:45:02,타이어 
SPB-58949,2024-09-04 18:46:03,타이어 
SPB-60290,2024-09-04 18:46:28,단말기
SPB-37788,2024-09-04 18:46:30,기타 
SPB-38829,2024-09-04 18:46:57,체인
SPB-63039,2024-09-04 18:48:26,타이어 
SPB-30644,2024-09-04 18:49:24,타이어 
SPB-35685,2024-09-04 18:49:38,안장
SPB-66454,2024-09-04 18:49:51,기타 
SPB-31940,2024-09-04 18:50:26,기타 
SPB-51812,2024-09-04 18:50:35,기타 
SPB-66505,2024-09-04 18:51:36,타이어 
SPB-41155,2024-09-04 18:52:33,기타 
SPB-54764,2024-09-04 18:52:39,체인
SPB-39031,2024-09-04 18:52:53,안장
SPB-32763,2024-09-04 18:52:53,타이어 
SPB-40058,2024-09-04 18:52:54,안장
SPB-62467,2024-09-04 18:52:57,안장
SPB-40752,2024-09-04 18:52:58,안장
SPB-65137,2024-09-04 18:53:23,페달
SPB-63919,2024-09-04 18:53:28,타이어 
SPB-33242,2024-09-04 18:54:08,타이어 
SPB-59013,2024-09-04 18:54:13,타이어 
SPB-36418,2024-09-04 18:54:56,타이어 
SPB-33282,2024-09-04 18:57:11,기타 
SPB-41142,2024-09-04 18:57:15,페달
SPB-55283,2024-09-04 18:59:30,타이어 
SPB-51047,2024-09-04 19:00:08,페달
SPB-64047,2024-09-04 19:02:39,타이어 
SPB-51166,2024-09-04 19:02:55,체인
SPB-41314,2024-09-04 19:04:59,기타 
SPB-40886,2024-09-04 19:05:11,안장
SPB-57401,2024-09-04 19:05:28,타이어 
SPB-64839,2024-09-04 19:05:51,기타 
SPB-47234,2024-09-04 19:05:51,기타 
SPB-63110,2024-09-04 19:05:53,페달
SPB-40228,2024-09-04 19:07:00,체인
SPB-31786,2024-09-04 19:07:33,체인
SPB-41948,2024-09-04 19:07:35,안장
SPB-47964,2024-09-04 19:08:00,페달
SPB-58254,2024-09-04 19:09:35,타이어 
SPB-65530,2024-09-04 19:11:51,단말기
SPB-32886,2024-09-04 19:13:55,단말기
SPB-63563,2024-09-04 19:14:16,기타 
SPB-33149,2024-09-04 19:14:26,체인
SPB-38173,2024-09-04 19:14:30,페달
SPB-30975,2024-09-04 19:15:53,단말기
SPB-32119,2024-09-04 19:16:06,체인
SPB-36113,2024-09-04 19:16:40,체인
SPB-44823,2024-09-04 19:17:05,타이어 
SPB-54435,2024-09-04 19:17:26,타이어 
SPB-54038,2024-09-04 19:18:07,타이어 
SPB-39465,2024-09-04 19:18:21,안장
SPB-43662,2024-09-04 19:18:24,체인
SPB-52857,2024-09-04 19:18:38,체인
SPB-57060,2024-09-04 19:18:51,페달
SPB-63865,2024-09-04 19:19:00,체인
SPB-69815,2024-09-04 19:22:26,체인
SPB-37683,2024-09-04 19:22:58,체인
SPB-38197,2024-09-04 19:23:27,기타 
SPB-62062,2024-09-04 19:24:29,타이어 
SPB-33746,2024-09-04 19:24:47,체인
SPB-63844,2024-09-04 19:25:52,타이어 
SPB-33593,2024-09-04 19:27:00,기타 
SPB-46667,2024-09-04 19:29:11,안장
SPB-34731,2024-09-04 19:32:44,안장
SPB-63697,2024-09-04 19:33:42,타이어 
SPB-53907,2024-09-04 19:35:02,기타 
SPB-67171,2024-09-04 19:36:15,타이어 
SPB-46932,2024-09-04 19:38:19,체인
SPB-59621,2024-09-04 19:40:48,타이어 
SPB-48032,2024-09-04 19:41:22,체인
SPB-47983,2024-09-04 19:41:53,안장
SPB-65836,2024-09-04 19:44:17,타이어 
SPB-31682,2024-09-04 19:44:46,체인
SPB-39036,2024-09-04 19:44:48,타이어 
SPB-69855,2024-09-04 19:45:08,타이어 
SPB-48276,2024-09-04 19:45:41,기타 
SPB-38153,2024-09-04 19:46:14,안장
SPB-44415,2024-09-04 19:47:33,안장
SPB-44205,2024-09-04 19:48:06,안장
SPB-45642,2024-09-04 19:49:02,타이어 
SPB-40144,2024-09-04 19:50:08,안장
SPB-63311,2024-09-04 19:50:24,단말기
SPB-64812,2024-09-04 19:50:45,기타 
SPB-57852,2024-09-04 19:51:26,페달
SPB-59629,2024-09-04 19:52:26,체인
SPB-49094,2024-09-04 19:54:10,페달
SPB-30797,2024-09-04 19:54:39,타이어 
SPB-51247,2024-09-04 19:54:51,기타 
SPB-57054,2024-09-04 19:56:46,기타 
SPB-38794,2024-09-04 19:56:46,체인
SPB-48802,2024-09-04 19:57:17,타이어 
SPB-58909,2024-09-04 20:00:14,기타 
SPB-69476,2024-09-04 20:00:37,기타 
SPB-32506,2024-09-04 20:00:38,기타 
SPB-48781,2024-09-04 20:00:53,타이어 
SPB-51593,2024-09-04 20:01:07,안장
SPB-63639,2024-09-04 20:01:36,타이어 
SPB-51785,2024-09-04 20:02:40,체인
SPB-37858,2024-09-04 20:02:46,안장
SPB-57530,2024-09-04 20:03:59,기타 
SPB-46631,2024-09-04 20:04:11,안장
SPB-54041,2024-09-04 20:04:47,기타 
SPB-39569,2024-09-04 20:05:11,안장
SPB-52971,2024-09-04 20:07:06,기타 
SPB-43995,2024-09-04 20:07:20,타이어 
SPB-59380,2024-09-04 20:07:31,타이어 
SPB-44629,2024-09-04 20:09:32,체인
SPB-69061,2024-09-04 20:10:03,기타 
SPB-49455,2024-09-04 20:12:34,타이어 
SPB-31973,2024-09-04 20:14:36,타이어 
SPB-83336,2024-09-04 20:14:50,단말기
SPB-53003,2024-09-04 20:19:00,체인
SPB-50854,2024-09-04 20:20:04,기타 
SPB-46435,2024-09-04 20:22:07,단말기
SPB-43828,2024-09-04 20:22:17,타이어 
SPB-62513,2024-09-04 20:22:54,체인
SPB-50080,2024-09-04 20:22:59,안장
SPB-33332,2024-09-04 20:23:25,페달
SPB-34983,2024-09-04 20:23:46,단말기
SPB-59155,2024-09-04 20:25:44,안장
SPB-50835,2024-09-04 20:26:02,체인
SPB-47586,2024-09-04 20:26:22,체인
SPB-64873,2024-09-04 20:29:36,체인
SPB-40005,2024-09-04 20:30:05,단말기
SPB-65064,2024-09-04 20:31:10,타이어 
SPB-66081,2024-09-04 20:34:15,기타 
SPB-60004,2024-09-04 20:34:46,체인
SPB-47122,2024-09-04 20:35:39,기타 
SPB-64816,2024-09-04 20:36:05,기타 
SPB-64067,2024-09-04 20:36:13,타이어 
SPB-41684,2024-09-04 20:37:33,체인
SPB-65582,2024-09-04 20:42:21,타이어 
SPB-49216,2024-09-04 20:42:59,타이어 
SPB-66772,2024-09-04 20:43:14,타이어 
SPB-51529,2024-09-04 20:45:08,안장
SPB-57007,2024-09-04 20:45:36,페달
SPB-54660,2024-09-04 20:45:43,타이어 
SPB-46735,2024-09-04 20:46:51,체인
SPB-64297,2024-09-04 20:48:23,안장
SPB-51272,2024-09-04 20:49:13,페달
SPB-53631,2024-09-04 20:49:36,체인
SPB-38102,2024-09-04 20:52:13,페달
SPB-53009,2024-09-04 20:54:46,안장
SPB-63823,2024-09-04 20:55:23,기타 
SPB-32129,2024-09-04 20:58:23,단말기
SPB-60693,2024-09-04 20:58:54,타이어 
SPB-41397,2024-09-04 21:01:35,체인
SPB-46775,2024-09-04 21:03:07,타이어 
SPB-33509,2024-09-04 21:05:19,기타 
SPB-53708,2024-09-04 21:05:19,타이어 
SPB-43278,2024-09-04 21:08:18,기타 
SPB-45597,2024-09-04 21:10:34,안장
SPB-51294,2024-09-04 21:11:36,기타 
SPB-41431,2024-09-04 21:12:41,기타 
SPB-42623,2024-09-04 21:15:02,타이어 
SPB-38333,2024-09-04 21:16:18,안장
SPB-62318,2024-09-04 21:16:30,안장
SPB-63184,2024-09-04 21:18:28,기타 
SPB-41910,2024-09-04 21:18:28,페달
SPB-46532,2024-09-04 21:18:53,타이어 
SPB-37657,2024-09-04 21:19:02,기타 
SPB-44942,2024-09-04 21:21:04,타이어 
SPB-40673,2024-09-04 21:22:45,체인
SPB-54953,2024-09-04 21:24:21,안장
SPB-34984,2024-09-04 21:25:03,체인
SPB-38634,2024-09-04 21:26:35,기타 
SPB-70350,2024-09-04 21:27:14,기타 
SPB-65004,2024-09-04 21:27:54,타이어 
SPB-58096,2024-09-04 21:28:59,페달
SPB-59867,2024-09-04 21:29:19,타이어 
SPB-58780,2024-09-04 21:30:16,기타 
SPB-65092,2024-09-04 21:30:19,안장
SPB-59628,2024-09-04 21:31:00,체인
SPB-40752,2024-09-04 21:32:45,안장
SPB-54510,2024-09-04 21:35:56,타이어 
SPB-52917,2024-09-04 21:37:19,안장
SPB-63008,2024-09-04 21:37:39,안장
SPB-64776,2024-09-04 21:41:14,타이어 
SPB-54331,2024-09-04 21:46:10,기타 
SPB-51743,2024-09-04 21:46:31,타이어 
SPB-41726,2024-09-04 21:47:02,타이어 
SPB-59457,2024-09-04 21:47:23,타이어 
SPB-54837,2024-09-04 21:50:24,기타 
SPB-59224,2024-09-04 21:50:36,기타 
SPB-81606,2024-09-04 21:51:08,타이어 
SPB-58065,2024-09-04 21:52:42,안장
SPB-30141,2024-09-04 21:53:32,페달
SPB-31648,2024-09-04 21:54:05,단말기
SPB-56455,2024-09-04 21:57:13,페달
SPB-32478,2024-09-04 21:58:08,체인
SPB-45136,2024-09-04 21:59:19,안장
SPB-54597,2024-09-04 21:59:45,타이어 
SPB-63822,2024-09-04 22:00:55,페달
SPB-36102,2024-09-04 22:02:15,체인
SPB-41093,2024-09-04 22:03:08,체인
SPB-59693,2024-09-04 22:04:00,기타 
SPB-33254,2024-09-04 22:04:03,기타 
SPB-31743,2024-09-04 22:04:22,타이어 
SPB-70024,2024-09-04 22:11:22,안장
SPB-50969,2024-09-04 22:12:41,페달
SPB-64940,2024-09-04 22:14:47,안장
SPB-45617,2024-09-04 22:15:43,타이어 
SPB-69726,2024-09-04 22:16:33,체인
SPB-59012,2024-09-04 22:16:41,체인
SPB-43394,2024-09-04 22:18:46,체인
SPB-31291,2024-09-04 22:18:47,체인
SPB-53736,2024-09-04 22:18:49,페달
SPB-34647,2024-09-04 22:21:00,체인
SPB-31687,2024-09-04 22:23:04,타이어 
SPB-84956,2024-09-04 22:23:20,체인
SPB-62991,2024-09-04 22:25:37,체인
SPB-54283,2024-09-04 22:25:58,안장
SPB-66482,2024-09-04 22:28:13,타이어 
SPB-60374,2024-09-04 22:28:23,체인
SPB-48866,2024-09-04 22:44:41,타이어 
SPB-31460,2024-09-04 22:45:14,체인
SPB-39478,2024-09-04 22:45:55,기타 
SPB-34268,2024-09-04 22:54:23,기타 
SPB-65712,2024-09-04 22:56:48,타이어 
SPB-68227,2024-09-04 23:03:53,기타 
SPB-65900,2024-09-04 23:04:55,안장
SPB-68870,2024-09-04 23:11:49,타이어 
SPB-65102,2024-09-04 23:13:58,기타 
SPB-32243,2024-09-04 23:21:42,안장
SPB-52160,2024-09-04 23:24:56,타이어 
SPB-55773,2024-09-04 23:31:58,페달
SPB-34830,2024-09-04 23:33:11,체인
SPB-30542,2024-09-04 23:34:44,타이어 
SPB-48758,2024-09-04 23:48:43,페달
SPB-31859,2024-09-04 23:51:58,체인
SPB-59408,2024-09-04 23:55:08,타이어 
SPB-41021,2024-09-05 00:14:51,안장
SPB-33632,2024-09-05 00:29:09,타이어 
SPB-60341,2024-09-05 00:33:15,타이어 
SPB-55357,2024-09-05 00:34:59,안장
SPB-39079,2024-09-05 00:36:27,체인
SPB-63000,2024-09-05 00:42:13,타이어 
SPB-62240,2024-09-05 00:43:04,체인
SPB-59206,2024-09-05 00:55:49,페달
SPB-39755,2024-09-05 01:03:19,타이어 
SPB-37727,2024-09-05 01:06:00,페달
SPB-62375,2024-09-05 01:17:29,타이어 
SPB-40740,2024-09-05 01:19:33,기타 
SPB-62852,2024-09-05 01:19:53,타이어 
SPB-67823,2024-09-05 01:34:01,기타 
SPB-68591,2024-09-05 02:05:13,기타 
SPB-40996,2024-09-05 02:08:38,안장
SPB-62667,2024-09-05 02:33:26,기타 
SPB-43585,2024-09-05 03:54:42,타이어 
SPB-39483,2024-09-05 03:54:58,페달
SPB-48037,2024-09-05 04:06:36,페달
SPB-40722,2024-09-05 04:11:58,안장
SPB-49054,2024-09-05 04:12:59,타이어 
SPB-55485,2024-09-05 04:18:05,타이어 
SPB-68906,2024-09-05 04:52:23,타이어 
SPB-43865,2024-09-05 05:18:29,안장
SPB-65475,2024-09-05 05:35:10,타이어 
SPB-44512,2024-09-05 05:41:33,안장
SPB-47576,2024-09-05 05:57:37,체인
SPB-67835,2024-09-05 05:59:33,기타 
SPB-41024,2024-09-05 06:07:37,타이어 
SPB-36890,2024-09-05 06:10:20,체인
SPB-40661,2024-09-05 06:16:28,페달
SPB-48796,2024-09-05 06:16:41,체인
SPB-62838,2024-09-05 06:23:53,타이어 
SPB-51681,2024-09-05 06:26:02,기타 
SPB-59585,2024-09-05 06:33:10,기타 
SPB-60712,2024-09-05 06:43:24,타이어 
SPB-43016,2024-09-05 06:44:50,체인
SPB-66318,2024-09-05 06:44:54,단말기
SPB-65486,2024-09-05 06:49:19,안장
SPB-37446,2024-09-05 06:52:30,타이어 
SPB-33058,2024-09-05 06:53:08,체인
SPB-59133,2024-09-05 06:53:37,기타 
SPB-32899,2024-09-05 06:53:40,타이어 
SPB-47820,2024-09-05 06:56:26,타이어 
SPB-70043,2024-09-05 06:57:58,타이어 
SPB-44873,2024-09-05 06:58:29,기타 
SPB-69385,2024-09-05 07:03:17,페달
SPB-44693,2024-09-05 07:04:39,페달
SPB-38352,2024-09-05 07:05:38,체인
SPB-43715,2024-09-05 07:08:05,체인
SPB-62728,2024-09-05 07:08:58,체인
SPB-55410,2024-09-05 07:14:02,타이어 
SPB-69743,2024-09-05 07:16:05,타이어 
SPB-61597,2024-09-05 07:17:38,타이어 
SPB-66760,2024-09-05 07:17:45,타이어 
SPB-49370,2024-09-05 07:20:51,기타 
SPB-40396,2024-09-05 07:21:37,타이어 
SPB-69864,2024-09-05 07:23:10,체인
SPB-36519,2024-09-05 07:25:28,타이어 
SPB-44262,2024-09-05 07:26:10,기타 
SPB-65195,2024-09-05 07:26:30,타이어 
SPB-46667,2024-09-05 07:28:45,안장
SPB-69708,2024-09-05 07:31:17,체인
SPB-60986,2024-09-05 07:33:06,타이어 
SPB-39050,2024-09-05 07:35:11,체인
SPB-60346,2024-09-05 07:38:08,타이어 
SPB-50388,2024-09-05 07:38:29,타이어 
SPB-51272,2024-09-05 07:39:20,페달
SPB-64861,2024-09-05 07:41:58,체인
SPB-62712,2024-09-05 07:42:56,안장
SPB-59040,2024-09-05 07:44:54,타이어 
SPB-58369,2024-09-05 07:47:11,타이어 
SPB-56962,2024-09-05 07:48:34,타이어 
SPB-32455,2024-09-05 07:48:49,타이어 
SPB-47612,2024-09-05 07:51:33,체인
SPB-41207,2024-09-05 07:51:39,체인
SPB-48169,2024-09-05 07:52:49,타이어 
SPB-35916,2024-09-05 07:53:39,안장
SPB-35453,2024-09-05 07:54:28,체인
SPB-30664,2024-09-05 07:57:02,타이어 
SPB-57889,2024-09-05 07:57:21,페달
SPB-37823,2024-09-05 07:57:36,페달
SPB-52725,2024-09-05 07:58:49,페달
SPB-48305,2024-09-05 07:58:55,타이어 
SPB-56275,2024-09-05 07:59:56,기타 
SPB-57056,2024-09-05 08:00:11,타이어 
SPB-63504,2024-09-05 08:01:35,타이어 
SPB-55220,2024-09-05 08:01:57,타이어 
SPB-42050,2024-09-05 08:04:35,기타 
SPB-43698,2024-09-05 08:05:37,페달
SPB-69383,2024-09-05 08:06:33,기타 
SPB-47147,2024-09-05 08:06:56,안장
SPB-43374,2024-09-05 08:09:21,타이어 
SPB-59397,2024-09-05 08:13:16,체인
SPB-63863,2024-09-05 08:13:48,체인
SPB-61759,2024-09-05 08:14:12,기타 
SPB-58177,2024-09-05 08:14:36,페달
SPB-42506,2024-09-05 08:14:36,체인
SPB-52362,2024-09-05 08:15:21,페달
SPB-66037,2024-09-05 08:15:35,기타 
SPB-43020,2024-09-05 08:16:57,체인
SPB-38219,2024-09-05 08:17:44,체인
SPB-38987,2024-09-05 08:17:50,체인
SPB-67381,2024-09-05 08:18:23,타이어 
SPB-70118,2024-09-05 08:20:06,체인
SPB-53508,2024-09-05 08:20:13,타이어 
SPB-67133,2024-09-05 08:20:29,기타 
SPB-30743,2024-09-05 08:22:21,체인
SPB-67208,2024-09-05 08:22:45,체인
SPB-46348,2024-09-05 08:23:52,타이어 
SPB-60087,2024-09-05 08:25:06,체인
SPB-62399,2024-09-05 08:25:49,기타 
SPB-65006,2024-09-05 08:25:55,기타 
SPB-60754,2024-09-05 08:26:46,페달
SPB-51111,2024-09-05 08:27:34,타이어 
SPB-52095,2024-09-05 08:28:19,기타 
SPB-40467,2024-09-05 08:28:32,안장
SPB-62161,2024-09-05 08:29:38,타이어 
SPB-48300,2024-09-05 08:30:03,체인
SPB-31361,2024-09-05 08:30:05,기타 
SPB-65122,2024-09-05 08:30:50,체인
SPB-50032,2024-09-05 08:31:26,체인
SPB-33159,2024-09-05 08:32:03,타이어 
SPB-52280,2024-09-05 08:32:04,기타 
SPB-69863,2024-09-05 08:32:10,기타 
SPB-58074,2024-09-05 08:32:31,페달
SPB-55684,2024-09-05 08:32:46,기타 
SPB-51298,2024-09-05 08:33:08,체인
SPB-54973,2024-09-05 08:34:43,타이어 
SPB-45949,2024-09-05 08:36:46,타이어 
SPB-61660,2024-09-05 08:36:48,체인
SPB-41167,2024-09-05 08:36:54,안장
SPB-40426,2024-09-05 08:40:12,안장
SPB-45300,2024-09-05 08:40:22,안장
SPB-65971,2024-09-05 08:41:23,페달
SPB-84511,2024-09-05 08:42:22,타이어 
SPB-57041,2024-09-05 08:43:27,타이어 
SPB-30806,2024-09-05 08:43:40,타이어 
SPB-44356,2024-09-05 08:44:01,안장
SPB-61002,2024-09-05 08:44:12,기타 
SPB-62128,2024-09-05 08:46:09,체인
SPB-67555,2024-09-05 08:47:24,체인
SPB-56010,2024-09-05 08:47:43,타이어 
SPB-64304,2024-09-05 08:48:06,체인
SPB-66298,2024-09-05 08:48:41,타이어 
SPB-40630,2024-09-05 08:49:24,기타 
SPB-54441,2024-09-05 08:49:47,기타 
SPB-47655,2024-09-05 08:49:57,체인
SPB-62423,2024-09-05 08:50:16,타이어 
SPB-58579,2024-09-05 08:50:49,페달
SPB-40227,2024-09-05 08:51:02,체인
SPB-46294,2024-09-05 08:54:11,안장
SPB-54356,2024-09-05 08:55:24,페달
SPB-59062,2024-09-05 08:55:51,체인
SPB-54674,2024-09-05 08:56:51,체인
SPB-56611,2024-09-05 08:58:26,페달
SPB-61857,2024-09-05 08:59:05,페달
SPB-55463,2024-09-05 08:59:50,타이어 
SPB-53600,2024-09-05 09:00:35,기타 
SPB-35393,2024-09-05 09:00:46,체인
SPB-41211,2024-09-05 09:01:30,안장
SPB-32063,2024-09-05 09:02:32,체인
SPB-62473,2024-09-05 09:06:11,기타 
SPB-55587,2024-09-05 09:07:07,타이어 
SPB-36620,2024-09-05 09:09:22,타이어 
SPB-53254,2024-09-05 09:12:20,페달
SPB-63363,2024-09-05 09:14:07,체인
SPB-40818,2024-09-05 09:15:40,단말기
SPB-38597,2024-09-05 09:19:11,기타 
SPB-57128,2024-09-05 09:21:02,기타 
SPB-69757,2024-09-05 09:22:12,타이어 
SPB-32958,2024-09-05 09:22:53,타이어 
SPB-53331,2024-09-05 09:23:21,기타 
SPB-56293,2024-09-05 09:26:09,기타 
SPB-34340,2024-09-05 09:27:13,타이어 
SPB-57634,2024-09-05 09:29:10,페달
SPB-38758,2024-09-05 09:29:58,안장
SPB-50090,2024-09-05 09:31:45,페달
SPB-32366,2024-09-05 09:31:52,체인
SPB-50346,2024-09-05 09:33:24,기타 
SPB-60242,2024-09-05 09:34:33,기타 
SPB-62271,2024-09-05 09:38:35,타이어 
SPB-58413,2024-09-05 09:44:38,기타 
SPB-35981,2024-09-05 09:45:18,체인
SPB-31363,2024-09-05 09:50:27,단말기
SPB-64091,2024-09-05 09:52:48,페달
SPB-52615,2024-09-05 09:53:16,안장
SPB-47288,2024-09-05 09:53:47,체인
SPB-42133,2024-09-05 10:04:27,안장
SPB-57445,2024-09-05 10:07:04,기타 
SPB-34020,2024-09-05 10:10:08,기타 
SPB-54497,2024-09-05 10:13:29,체인
SPB-49108,2024-09-05 10:16:14,타이어 
SPB-54814,2024-09-05 10:16:38,체인
SPB-63337,2024-09-05 10:17:42,타이어 
SPB-35398,2024-09-05 10:20:58,기타 
SPB-47811,2024-09-05 10:26:09,페달
SPB-34187,2024-09-05 10:26:35,체인
SPB-42027,2024-09-05 10:26:49,타이어 
SPB-40497,2024-09-05 10:28:21,안장
SPB-33957,2024-09-05 10:28:33,기타 
SPB-57855,2024-09-05 10:29:30,기타 
SPB-47127,2024-09-05 10:31:04,기타 
SPB-56540,2024-09-05 10:32:03,타이어 
SPB-30372,2024-09-05 10:32:44,기타 
SPB-62473,2024-09-05 10:34:51,체인
SPB-30377,2024-09-05 10:43:00,페달
SPB-32354,2024-09-05 10:44:47,기타 
SPB-41259,2024-09-05 10:48:39,안장
SPB-54016,2024-09-05 10:48:41,기타 
SPB-69118,2024-09-05 10:49:21,체인
SPB-48930,2024-09-05 10:53:52,기타 
SPB-42497,2024-09-05 10:59:29,기타 
SPB-63091,2024-09-05 10:59:48,체인
SPB-65838,2024-09-05 11:01:40,기타 
SPB-53477,2024-09-05 11:03:40,체인
SPB-55777,2024-09-05 11:04:24,기타 
SPB-51244,2024-09-05 11:10:57,체인
SPB-45718,2024-09-05 11:12:56,안장
SPB-69493,2024-09-05 11:19:14,기타 
SPB-46548,2024-09-05 11:20:02,안장
SPB-69173,2024-09-05 11:20:10,타이어 
SPB-57738,2024-09-05 11:20:24,타이어 
SPB-59736,2024-09-05 11:30:20,안장
SPB-69417,2024-09-05 11:44:48,기타 
SPB-48880,2024-09-05 11:48:19,단말기
SPB-52787,2024-09-05 11:54:30,체인
SPB-65863,2024-09-05 11:56:13,체인
SPB-83199,2024-09-05 12:08:24,기타 
SPB-45987,2024-09-05 12:29:29,체인
SPB-48853,2024-09-05 12:30:36,단말기
SPB-57258,2024-09-05 12:32:22,기타 
SPB-67733,2024-09-05 12:46:31,기타 
SPB-39644,2024-09-05 12:50:20,타이어 
SPB-57680,2024-09-05 12:55:50,안장
SPB-32102,2024-09-05 12:56:03,안장
SPB-45603,2024-09-05 13:07:20,페달
SPB-37492,2024-09-05 13:10:55,체인
SPB-50986,2024-09-05 14:18:17,기타 
SPB-43454,2024-09-05 14:21:11,체인
SPB-60896,2024-09-05 14:30:42,기타 
SPB-57843,2024-09-05 14:51:20,타이어 
SPB-63535,2024-09-05 15:14:26,타이어 
SPB-55381,2024-09-05 15:56:13,체인
SPB-46547,2024-09-05 16:08:09,페달
SPB-65920,2024-09-05 16:23:39,기타 
SPB-62938,2024-09-05 16:25:39,페달
SPB-51047,2024-09-05 16:26:42,페달
SPB-55007,2024-09-05 16:33:56,타이어 
SPB-65654,2024-09-05 16:34:13,타이어 
SPB-30808,2024-09-05 16:37:41,체인
SPB-58977,2024-09-05 16:38:10,기타 
SPB-70011,2024-09-05 16:38:10,안장
SPB-66542,2024-09-05 16:59:10,타이어 
SPB-57954,2024-09-05 16:59:50,타이어 
SPB-44804,2024-09-05 17:04:59,기타 
SPB-40181,2024-09-05 17:05:40,타이어 
SPB-57606,2024-09-05 17:05:41,체인
SPB-45898,2024-09-05 17:07:20,기타 
SPB-46532,2024-09-05 17:14:06,타이어 
SPB-32252,2024-09-05 17:16:04,타이어 
SPB-59463,2024-09-05 17:16:52,기타 
SPB-35783,2024-09-05 17:18:12,단말기
SPB-58834,2024-09-05 17:19:49,타이어 
SPB-31512,2024-09-05 17:23:26,체인
SPB-59532,2024-09-05 17:23:34,안장
SPB-55948,2024-09-05 17:25:04,페달
SPB-64864,2024-09-05 17:25:30,체인
SPB-63063,2024-09-05 17:26:51,타이어 
SPB-30967,2024-09-05 17:27:08,체인
SPB-52334,2024-09-05 17:29:54,타이어 
SPB-49096,2024-09-05 17:36:35,타이어 
SPB-45993,2024-09-05 17:37:27,타이어 
SPB-68813,2024-09-05 17:38:42,타이어 
SPB-62524,2024-09-05 17:39:51,타이어 
SPB-69526,2024-09-05 17:47:32,체인
SPB-32014,2024-09-05 17:48:25,타이어 
SPB-37657,2024-09-05 17:49:12,안장
SPB-67631,2024-09-05 17:49:27,기타 
SPB-63885,2024-09-05 17:49:47,단말기
SPB-33524,2024-09-05 17:49:54,타이어 
SPB-30669,2024-09-05 17:51:18,타이어 
SPB-54674,2024-09-05 17:51:57,타이어 
SPB-66422,2024-09-05 17:54:16,체인
SPB-31824,2024-09-05 17:55:21,안장
SPB-37619,2024-09-05 17:57:01,타이어 
SPB-44934,2024-09-05 18:00:49,페달
SPB-56693,2024-09-05 18:01:17,타이어 
SPB-46304,2024-09-05 18:02:07,타이어 
SPB-34632,2024-09-05 18:02:29,체인
SPB-48249,2024-09-05 18:04:21,타이어 
SPB-58269,2024-09-05 18:05:09,기타 
SPB-67988,2024-09-05 18:09:04,단말기
SPB-61488,2024-09-05 18:11:02,타이어 
SPB-69022,2024-09-05 18:11:06,안장
SPB-30113,2024-09-05 18:11:12,타이어 
SPB-46067,2024-09-05 18:12:13,페달
SPB-47449,2024-09-05 18:13:25,안장
SPB-39479,2024-09-05 18:13:37,안장
SPB-55676,2024-09-05 18:15:55,안장
SPB-58185,2024-09-05 18:16:19,타이어 
SPB-46712,2024-09-05 18:17:21,체인
SPB-30076,2024-09-05 18:17:22,체인
SPB-64728,2024-09-05 18:19:01,기타 
SPB-37501,2024-09-05 18:19:36,타이어 
SPB-48647,2024-09-05 18:19:38,타이어 
SPB-50433,2024-09-05 18:23:32,기타 
SPB-42992,2024-09-05 18:23:42,안장
SPB-68554,2024-09-05 18:24:50,페달
SPB-59815,2024-09-05 18:26:58,페달
SPB-62596,2024-09-05 18:27:31,기타 
SPB-67331,2024-09-05 18:28:52,체인
SPB-35480,2024-09-05 18:28:58,체인
SPB-47743,2024-09-05 18:30:44,페달
SPB-40061,2024-09-05 18:32:40,기타 
SPB-58928,2024-09-05 18:32:44,타이어 
SPB-59371,2024-09-05 18:33:17,타이어 
SPB-58903,2024-09-05 18:34:25,타이어 
SPB-59301,2024-09-05 18:34:49,페달
SPB-35931,2024-09-05 18:35:06,타이어 
SPB-39285,2024-09-05 18:37:28,체인
SPB-31815,2024-09-05 18:38:15,기타 
SPB-53884,2024-09-05 18:39:06,기타 
SPB-46685,2024-09-05 18:40:04,안장
SPB-48394,2024-09-05 18:41:11,페달
SPB-42649,2024-09-05 18:42:11,타이어 
SPB-56277,2024-09-05 18:43:11,타이어 
SPB-53790,2024-09-05 18:45:09,기타 
SPB-57721,2024-09-05 18:47:46,기타 
SPB-51660,2024-09-05 18:48:28,타이어 
SPB-55066,2024-09-05 18:48:45,타이어 
SPB-31650,2024-09-05 18:50:12,타이어 
SPB-45018,2024-09-05 18:51:17,타이어 
SPB-32737,2024-09-05 18:52:03,단말기
SPB-52406,2024-09-05 18:54:50,페달
SPB-65239,2024-09-05 18:54:56,기타 
SPB-69474,2024-09-05 18:55:00,단말기
SPB-34099,2024-09-05 18:56:52,타이어 
SPB-40802,2024-09-05 18:58:30,체인
SPB-64914,2024-09-05 18:58:51,기타 
SPB-38080,2024-09-05 18:59:03,안장
SPB-33030,2024-09-05 19:00:50,타이어 
SPB-57702,2024-09-05 19:01:03,단말기
SPB-45245,2024-09-05 19:01:35,단말기
SPB-45758,2024-09-05 19:01:55,타이어 
SPB-53166,2024-09-05 19:03:33,타이어 
SPB-65810,2024-09-05 19:03:33,기타 
SPB-40351,2024-09-05 19:06:18,체인
SPB-62591,2024-09-05 19:07:27,안장
SPB-50576,2024-09-05 19:09:54,타이어 
SPB-69316,2024-09-05 19:10:27,기타 
SPB-40712,2024-09-05 19:11:21,체인
SPB-66591,2024-09-05 19:11:21,기타 
SPB-63106,2024-09-05 19:11:27,타이어 
SPB-33347,2024-09-05 19:12:15,타이어 
SPB-58822,2024-09-05 19:20:41,안장
SPB-56805,2024-09-05 19:22:31,기타 
SPB-68183,2024-09-05 19:27:05,타이어 
SPB-81336,2024-09-05 19:36:17,타이어 
SPB-66660,2024-09-05 19:41:14,체인
SPB-31097,2024-09-05 19:43:12,안장
SPB-52687,2024-09-05 19:46:42,체인
SPB-30851,2024-09-05 19:47:08,기타 
SPB-37099,2024-09-05 19:47:20,체인
SPB-31213,2024-09-05 19:49:34,타이어 
SPB-48186,2024-09-05 19:49:48,기타 
SPB-51664,2024-09-05 19:51:12,체인
SPB-59761,2024-09-05 19:53:10,타이어 
SPB-57240,2024-09-05 19:53:57,페달
SPB-48047,2024-09-05 19:54:35,기타 
SPB-54308,2024-09-05 19:54:42,안장
SPB-33375,2024-09-05 19:58:26,단말기
SPB-50578,2024-09-05 19:59:03,타이어 
SPB-66450,2024-09-05 20:00:32,타이어 
SPB-37116,2024-09-05 20:01:02,타이어 
SPB-31773,2024-09-05 20:01:25,기타 
SPB-81323,2024-09-05 20:01:39,타이어 
SPB-41790,2024-09-05 20:04:59,안장
SPB-36604,2024-09-05 20:06:05,타이어 
SPB-52541,2024-09-05 20:06:10,타이어 
SPB-64953,2024-09-05 20:07:55,기타 
SPB-37533,2024-09-05 20:08:20,타이어 
SPB-63349,2024-09-05 20:10:23,체인
SPB-50413,2024-09-05 20:11:03,기타 
SPB-62963,2024-09-05 20:13:16,기타 
SPB-61855,2024-09-05 20:13:43,체인
SPB-56533,2024-09-05 20:13:48,기타 
SPB-31855,2024-09-05 20:16:04,기타 
SPB-53712,2024-09-05 20:21:02,타이어 
SPB-35415,2024-09-05 20:22:39,타이어 
SPB-33229,2024-09-05 20:30:34,타이어 
SPB-51113,2024-09-05 20:31:00,타이어 
SPB-64864,2024-09-05 20:32:57,안장
SPB-84204,2024-09-05 20:33:52,기타 
SPB-36520,2024-09-05 20:35:16,안장
SPB-56615,2024-09-05 20:36:54,타이어 
SPB-46589,2024-09-05 20:37:35,타이어 
SPB-69990,2024-09-05 20:40:10,체인
SPB-56344,2024-09-05 20:41:35,안장
SPB-33657,2024-09-05 20:45:20,타이어 
SPB-47147,2024-09-05 20:46:25,타이어 
SPB-33538,2024-09-05 20:48:09,기타 
SPB-37987,2024-09-05 20:52:41,타이어 
SPB-54100,2024-09-05 20:55:37,단말기
SPB-31128,2024-09-05 21:01:26,기타 
SPB-38440,2024-09-05 21:04:21,기타 
SPB-46174,2024-09-05 21:08:41,기타 
SPB-37108,2024-09-05 21:11:40,기타 
SPB-50521,2024-09-05 21:17:52,타이어 
SPB-65365,2024-09-05 21:19:52,체인
SPB-47295,2024-09-05 21:21:05,체인
SPB-60958,2024-09-05 21:21:59,체인
SPB-60824,2024-09-05 21:22:28,페달
SPB-68619,2024-09-05 21:25:33,기타 
SPB-35127,2024-09-05 21:28:22,안장
SPB-53002,2024-09-05 21:29:04,체인
SPB-69316,2024-09-05 21:29:34,체인
SPB-49048,2024-09-05 21:34:48,타이어 
SPB-34520,2024-09-05 21:34:57,체인
SPB-37535,2024-09-05 21:35:55,안장
SPB-68831,2024-09-05 21:36:58,기타 
SPB-41398,2024-09-05 21:38:26,타이어 
SPB-81443,2024-09-05 21:39:15,타이어 
SPB-45929,2024-09-05 21:43:14,페달
SPB-50712,2024-09-05 21:50:03,타이어 
SPB-52066,2024-09-05 21:54:11,기타 
SPB-35906,2024-09-05 21:56:46,기타 
SPB-43626,2024-09-05 21:58:54,기타 
SPB-45283,2024-09-05 21:59:30,체인
SPB-45047,2024-09-05 22:00:22,타이어 
SPB-45416,2024-09-05 22:01:50,타이어 
SPB-52509,2024-09-05 22:02:05,체인
SPB-31914,2024-09-05 22:04:36,타이어 
SPB-30890,2024-09-05 22:07:59,페달
SPB-48579,2024-09-05 22:13:48,기타 
SPB-46790,2024-09-05 22:14:08,타이어 
SPB-60972,2024-09-05 22:14:13,안장
SPB-46235,2024-09-05 22:20:28,체인
SPB-62945,2024-09-05 22:23:08,기타 
SPB-60494,2024-09-05 22:25:47,기타 
SPB-47638,2024-09-05 22:28:23,안장
SPB-36728,2024-09-05 22:37:27,타이어 
SPB-33135,2024-09-05 22:38:37,체인
SPB-59397,2024-09-05 22:41:31,기타 
SPB-66827,2024-09-05 22:43:35,타이어 
SPB-39078,2024-09-05 22:45:39,기타 
SPB-38559,2024-09-05 22:49:40,기타 
SPB-51167,2024-09-05 22:51:09,안장
SPB-37863,2024-09-05 22:51:21,체인
SPB-62493,2024-09-05 22:53:49,타이어 
SPB-46953,2024-09-05 22:54:05,기타 
SPB-55684,2024-09-05 22:55:07,체인
SPB-61036,2024-09-05 23:02:36,안장
SPB-39357,2024-09-05 23:03:36,기타 
SPB-63613,2024-09-05 23:07:13,타이어 
SPB-49515,2024-09-05 23:12:08,단말기
SPB-59643,2024-09-05 23:13:22,페달
SPB-66288,2024-09-05 23:18:53,체인
SPB-45067,2024-09-05 23:19:11,안장
SPB-43368,2024-09-05 23:19:43,안장
SPB-70359,2024-09-05 23:22:14,페달
SPB-30245,2024-09-05 23:23:03,타이어 
SPB-65007,2024-09-05 23:29:34,체인
SPB-45209,2024-09-05 23:30:34,안장
SPB-62176,2024-09-05 23:34:14,체인
SPB-52484,2024-09-05 23:34:20,타이어 
SPB-69717,2024-09-05 23:37:28,체인
SPB-56256,2024-09-05 23:41:09,타이어 
SPB-53348,2024-09-05 23:46:32,타이어 
SPB-43454,2024-09-05 23:48:53,체인
SPB-50636,2024-09-06 00:02:17,기타 
SPB-38779,2024-09-06 00:03:31,체인
SPB-39026,2024-09-06 00:04:05,타이어 
SPB-50614,2024-09-06 00:08:07,기타 
SPB-43500,2024-09-06 00:10:28,안장
SPB-53465,2024-09-06 00:11:00,체인
SPB-35435,2024-09-06 00:15:14,체인
SPB-38011,2024-09-06 00:16:50,체인
SPB-66033,2024-09-06 00:17:29,기타 
SPB-60425,2024-09-06 00:29:50,타이어 
SPB-35011,2024-09-06 00:31:51,타이어 
SPB-39334,2024-09-06 00:32:22,안장
SPB-33879,2024-09-06 00:33:06,타이어 
SPB-60531,2024-09-06 00:33:43,타이어 
SPB-38853,2024-09-06 00:55:47,체인
SPB-68869,2024-09-06 01:54:04,체인
SPB-39953,2024-09-06 02:53:01,안장
SPB-47660,2024-09-06 03:18:15,타이어 
SPB-70386,2024-09-06 04:56:55,단말기
SPB-50167,2024-09-06 05:17:59,페달
SPB-44345,2024-09-06 05:57:20,타이어 
SPB-50836,2024-09-06 06:01:01,타이어 
SPB-50725,2024-09-06 06:16:08,체인
SPB-48631,2024-09-06 06:19:45,타이어 
SPB-66526,2024-09-06 06:28:46,체인
SPB-58753,2024-09-06 06:36:47,페달
SPB-54650,2024-09-06 06:45:56,타이어 
SPB-48662,2024-09-06 06:55:59,기타 
SPB-36519,2024-09-06 06:56:49,타이어 
SPB-69827,2024-09-06 06:58:43,기타 
SPB-70107,2024-09-06 07:02:10,체인
SPB-46878,2024-09-06 07:05:27,타이어 
SPB-37633,2024-09-06 07:05:38,기타 
SPB-44456,2024-09-06 07:06:02,기타 
SPB-50936,2024-09-06 07:08:32,타이어 
SPB-48704,2024-09-06 07:10:23,체인
SPB-56242,2024-09-06 07:10:34,페달
SPB-39940,2024-09-06 07:10:57,기타 
SPB-65993,2024-09-06 07:11:23,타이어 
SPB-45930,2024-09-06 07:12:53,타이어 
SPB-69212,2024-09-06 07:12:55,체인
SPB-41319,2024-09-06 07:16:04,타이어 
SPB-36214,2024-09-06 07:19:31,타이어 
SPB-36134,2024-09-06 07:20:46,페달
SPB-69972,2024-09-06 07:31:26,타이어 
SPB-56343,2024-09-06 07:31:47,타이어 
SPB-49180,2024-09-06 07:38:44,체인
SPB-50788,2024-09-06 07:39:37,타이어 
SPB-64060,2024-09-06 07:40:19,체인
SPB-57718,2024-09-06 07:41:30,기타 
SPB-61425,2024-09-06 07:44:08,체인
SPB-60509,2024-09-06 07:47:08,기타 
SPB-56059,2024-09-06 07:48:42,안장
SPB-48242,2024-09-06 07:49:26,타이어 
SPB-31469,2024-09-06 07:51:34,안장
SPB-65507,2024-09-06 07:52:29,체인
SPB-44535,2024-09-06 07:54:20,체인
SPB-40643,2024-09-06 07:55:32,안장
SPB-42707,2024-09-06 07:55:53,단말기
SPB-53242,2024-09-06 07:57:11,단말기
SPB-39294,2024-09-06 07:59:37,체인
SPB-65416,2024-09-06 08:08:39,기타 
SPB-39462,2024-09-06 08:09:35,타이어 
SPB-62369,2024-09-06 08:09:44,기타 
SPB-43114,2024-09-06 08:11:15,타이어 
SPB-52653,2024-09-06 08:12:19,타이어 
SPB-53023,2024-09-06 08:13:43,체인
SPB-36735,2024-09-06 08:14:56,기타 
SPB-47964,2024-09-06 08:15:03,페달
SPB-42370,2024-09-06 08:17:40,타이어 
SPB-42522,2024-09-06 08:18:08,체인
SPB-58361,2024-09-06 08:19:04,타이어 
SPB-57061,2024-09-06 08:19:51,안장
SPB-57075,2024-09-06 08:20:05,타이어 
SPB-45514,2024-09-06 08:20:52,타이어 
SPB-34944,2024-09-06 08:22:02,타이어 
SPB-32209,2024-09-06 08:22:03,기타 
SPB-58020,2024-09-06 08:22:25,체인
SPB-31900,2024-09-06 08:25:13,타이어 
SPB-59832,2024-09-06 08:29:45,기타 
SPB-32030,2024-09-06 08:29:46,페달
SPB-66929,2024-09-06 08:30:32,타이어 
SPB-49321,2024-09-06 08:31:33,기타 
SPB-84501,2024-09-06 08:31:33,안장
SPB-69672,2024-09-06 08:31:52,안장
SPB-67308,2024-09-06 08:34:05,타이어 
SPB-60386,2024-09-06 08:37:55,타이어 
SPB-40199,2024-09-06 08:38:05,타이어 
SPB-69519,2024-09-06 08:38:07,체인
SPB-32309,2024-09-06 08:40:52,체인
SPB-50410,2024-09-06 08:42:29,타이어 
SPB-56450,2024-09-06 08:42:41,기타 
SPB-58630,2024-09-06 08:43:28,기타 
SPB-35973,2024-09-06 08:44:15,타이어 
SPB-33135,2024-09-06 08:45:13,타이어 
SPB-66176,2024-09-06 08:45:17,체인
SPB-41908,2024-09-06 08:45:22,체인
SPB-69875,2024-09-06 08:45:39,기타 
SPB-40748,2024-09-06 08:45:49,체인
SPB-60834,2024-09-06 08:45:55,체인
SPB-54525,2024-09-06 08:46:30,타이어 
SPB-36629,2024-09-06 08:47:41,체인
SPB-48217,2024-09-06 08:47:45,안장
SPB-40990,2024-09-06 08:48:02,타이어 
SPB-59905,2024-09-06 08:48:34,체인
SPB-41180,2024-09-06 08:48:43,안장
SPB-47706,2024-09-06 08:50:15,페달
SPB-46615,2024-09-06 08:50:17,타이어 
SPB-46976,2024-09-06 08:51:39,페달
SPB-33701,2024-09-06 08:51:43,안장
SPB-35244,2024-09-06 08:52:54,체인
SPB-64966,2024-09-06 08:56:00,타이어 
SPB-35754,2024-09-06 08:58:06,기타 
SPB-60173,2024-09-06 09:01:32,체인
SPB-41233,2024-09-06 09:08:36,기타 
SPB-45960,2024-09-06 09:10:51,타이어 
SPB-57969,2024-09-06 09:16:05,체인
SPB-52527,2024-09-06 09:16:46,체인
SPB-32980,2024-09-06 09:19:12,안장
SPB-45916,2024-09-06 09:20:00,체인
SPB-56734,2024-09-06 09:20:07,체인
SPB-65089,2024-09-06 09:20:14,단말기
SPB-32718,2024-09-06 09:20:21,단말기
SPB-34459,2024-09-06 09:21:46,타이어 
SPB-48093,2024-09-06 09:24:40,안장
SPB-32713,2024-09-06 09:26:39,체인
SPB-45875,2024-09-06 09:33:08,기타 
SPB-50131,2024-09-06 09:34:44,타이어 
SPB-42896,2024-09-06 09:36:08,단말기
SPB-31636,2024-09-06 09:36:17,기타 
SPB-48066,2024-09-06 09:38:17,타이어 
SPB-41590,2024-09-06 09:40:41,체인
SPB-65834,2024-09-06 09:43:11,기타 
SPB-45749,2024-09-06 09:46:29,안장
SPB-52747,2024-09-06 09:51:15,타이어 
SPB-44805,2024-09-06 09:52:11,체인
SPB-50223,2024-09-06 10:00:45,기타 
SPB-69543,2024-09-06 10:08:06,기타 
SPB-67084,2024-09-06 10:08:20,안장
SPB-36745,2024-09-06 10:18:02,타이어 
SPB-33282,2024-09-06 10:20:21,페달
SPB-51573,2024-09-06 10:31:34,타이어 
SPB-61246,2024-09-06 10:36:31,기타 
SPB-47637,2024-09-06 10:42:33,페달
SPB-54032,2024-09-06 10:44:02,페달
SPB-42415,2024-09-06 10:44:26,타이어 
SPB-64392,2024-09-06 10:49:34,안장
SPB-49069,2024-09-06 10:52:36,페달
SPB-65161,2024-09-06 10:52:54,타이어 
SPB-69934,2024-09-06 10:54:32,체인
SPB-41524,2024-09-06 10:58:46,타이어 
SPB-66065,2024-09-06 10:59:39,단말기
SPB-48681,2024-09-06 11:00:29,페달
SPB-49016,2024-09-06 11:26:25,기타 
SPB-61309,2024-09-06 11:26:28,단말기
SPB-36108,2024-09-06 11:37:49,기타 
SPB-46337,2024-09-06 12:00:00,기타 
SPB-52925,2024-09-06 12:15:01,단말기
SPB-41346,2024-09-06 12:23:54,타이어 
SPB-61858,2024-09-06 12:31:42,타이어 
SPB-69263,2024-09-06 12:42:16,체인
SPB-57153,2024-09-06 12:42:59,단말기
SPB-41870,2024-09-06 12:46:31,체인
SPB-46902,2024-09-06 12:50:29,타이어 
SPB-30654,2024-09-06 12:57:09,페달
SPB-31546,2024-09-06 13:03:17,페달
SPB-42605,2024-09-06 13:12:46,체인
SPB-69475,2024-09-06 13:22:56,체인
SPB-50248,2024-09-06 13:26:19,체인
SPB-50229,2024-09-06 13:26:24,단말기
SPB-44799,2024-09-06 13:31:16,타이어 
SPB-40036,2024-09-06 13:36:07,안장
SPB-64906,2024-09-06 13:38:37,타이어 
SPB-52784,2024-09-06 13:41:25,안장
SPB-67402,2024-09-06 13:48:23,타이어 
SPB-56037,2024-09-06 13:49:56,타이어 
SPB-44833,2024-09-06 14:16:15,단말기
SPB-40982,2024-09-06 14:16:53,체인
SPB-63111,2024-09-06 14:21:31,타이어 
SPB-53025,2024-09-06 14:23:03,단말기
SPB-59765,2024-09-06 14:23:22,페달
SPB-66260,2024-09-06 14:33:02,타이어 
SPB-57295,2024-09-06 14:47:55,기타 
SPB-56756,2024-09-06 14:53:04,기타 
SPB-57061,2024-09-06 14:55:20,안장
SPB-60695,2024-09-06 15:01:31,안장
SPB-31864,2024-09-06 15:05:59,체인
SPB-43317,2024-09-06 15:09:04,체인
SPB-43003,2024-09-06 15:09:50,체인
SPB-70487,2024-09-06 15:11:08,체인
SPB-83476,2024-09-06 15:14:03,타이어 
SPB-42966,2024-09-06 15:15:21,체인
SPB-57874,2024-09-06 15:23:56,안장
SPB-56269,2024-09-06 15:39:17,페달
SPB-44923,2024-09-06 15:42:01,안장
SPB-35489,2024-09-06 15:42:34,체인
SPB-62218,2024-09-06 15:49:25,기타 
SPB-43475,2024-09-06 16:01:25,체인
SPB-51696,2024-09-06 16:01:36,안장
SPB-57344,2024-09-06 16:02:36,기타 
SPB-65475,2024-09-06 16:04:16,타이어 
SPB-47890,2024-09-06 16:05:16,기타 
SPB-38809,2024-09-06 16:05:17,타이어 
SPB-53454,2024-09-06 16:07:49,안장
SPB-40493,2024-09-06 16:11:49,페달
SPB-45216,2024-09-06 16:12:16,타이어 
SPB-34598,2024-09-06 16:13:17,기타 
SPB-34578,2024-09-06 16:13:26,체인
SPB-56257,2024-09-06 16:14:39,체인
SPB-66680,2024-09-06 16:19:12,기타 
SPB-34557,2024-09-06 16:20:08,안장
SPB-56514,2024-09-06 16:20:08,페달
SPB-37722,2024-09-06 16:21:49,타이어 
SPB-59778,2024-09-06 16:22:36,기타 
SPB-63998,2024-09-06 16:23:45,체인
SPB-30971,2024-09-06 16:28:06,체인
SPB-46554,2024-09-06 16:28:39,타이어 
SPB-42822,2024-09-06 16:31:35,체인
SPB-34442,2024-09-06 16:35:55,페달
SPB-53537,2024-09-06 16:39:41,기타 
SPB-36084,2024-09-06 16:41:15,페달
SPB-44217,2024-09-06 16:42:55,타이어 
SPB-50381,2024-09-06 16:46:16,타이어 
SPB-65154,2024-09-06 16:46:21,기타 
SPB-43698,2024-09-06 16:46:29,페달
SPB-55259,2024-09-06 16:47:44,안장
SPB-36992,2024-09-06 16:52:26,타이어 
SPB-55320,2024-09-06 16:54:46,타이어 
SPB-67431,2024-09-06 16:56:47,타이어 
SPB-65004,2024-09-06 16:57:41,타이어 
SPB-44024,2024-09-06 17:02:09,체인
SPB-44155,2024-09-06 17:02:43,단말기
SPB-33005,2024-09-06 17:04:07,기타 
SPB-83720,2024-09-06 17:05:11,체인
SPB-66490,2024-09-06 17:08:12,타이어 
SPB-67728,2024-09-06 17:08:33,체인
SPB-31684,2024-09-06 17:11:17,체인
SPB-31842,2024-09-06 17:13:59,페달
SPB-56803,2024-09-06 17:17:58,기타 
SPB-67115,2024-09-06 17:18:31,타이어 
SPB-48976,2024-09-06 17:18:36,안장
SPB-44128,2024-09-06 17:19:14,체인
SPB-33558,2024-09-06 17:20:21,타이어 
SPB-55512,2024-09-06 17:21:09,페달
SPB-68319,2024-09-06 17:23:03,페달
SPB-40503,2024-09-06 17:23:04,타이어 
SPB-68784,2024-09-06 17:25:35,기타 
SPB-45307,2024-09-06 17:25:52,기타 
SPB-53583,2024-09-06 17:32:37,기타 
SPB-62604,2024-09-06 17:33:04,체인
SPB-37682,2024-09-06 17:33:08,체인
SPB-42742,2024-09-06 17:33:59,안장
SPB-44559,2024-09-06 17:34:05,안장
SPB-48396,2024-09-06 17:34:33,체인
SPB-48851,2024-09-06 17:38:26,타이어 
SPB-33670,2024-09-06 17:39:14,타이어 
SPB-69709,2024-09-06 17:39:38,체인
SPB-48997,2024-09-06 17:45:21,체인
SPB-65123,2024-09-06 17:45:44,체인
SPB-52911,2024-09-06 17:45:44,타이어 
SPB-58144,2024-09-06 17:46:21,체인
SPB-58647,2024-09-06 17:47:38,체인
SPB-55437,2024-09-06 17:49:20,페달
SPB-70232,2024-09-06 17:49:31,타이어 
SPB-53870,2024-09-06 17:49:51,페달
SPB-32517,2024-09-06 17:51:01,체인
SPB-58205,2024-09-06 17:52:25,체인
SPB-33927,2024-09-06 17:53:13,타이어 
SPB-50940,2024-09-06 17:53:56,안장
SPB-51703,2024-09-06 17:54:23,체인
SPB-57090,2024-09-06 17:55:01,타이어 
SPB-46654,2024-09-06 17:55:24,체인
SPB-63998,2024-09-06 17:58:12,체인
SPB-41207,2024-09-06 17:58:49,체인
SPB-64203,2024-09-06 17:59:33,안장
SPB-64458,2024-09-06 18:01:58,타이어 
SPB-68884,2024-09-06 18:01:59,타이어 
SPB-60213,2024-09-06 18:03:12,페달
SPB-62168,2024-09-06 18:04:35,기타 
SPB-67150,2024-09-06 18:07:23,타이어 
SPB-38603,2024-09-06 18:07:40,단말기
SPB-65210,2024-09-06 18:08:12,체인
SPB-49523,2024-09-06 18:08:51,타이어 
SPB-37537,2024-09-06 18:09:48,페달
SPB-62814,2024-09-06 18:09:54,타이어 
SPB-67555,2024-09-06 18:10:23,체인
SPB-60783,2024-09-06 18:10:47,기타 
SPB-46117,2024-09-06 18:12:28,기타 
SPB-44415,2024-09-06 18:13:31,안장
SPB-49053,2024-09-06 18:14:57,안장
SPB-58487,2024-09-06 18:16:08,기타 
SPB-54235,2024-09-06 18:18:18,타이어 
SPB-57766,2024-09-06 18:19:25,타이어 
SPB-33889,2024-09-06 18:22:03,타이어 
SPB-67133,2024-09-06 18:22:29,안장
SPB-65668,2024-09-06 18:22:31,안장
SPB-59380,2024-09-06 18:22:36,체인
SPB-60076,2024-09-06 18:24:11,기타 
SPB-41433,2024-09-06 18:24:57,안장
SPB-56981,2024-09-06 18:25:48,페달
SPB-55083,2024-09-06 18:25:49,체인
SPB-67901,2024-09-06 18:27:02,타이어 
SPB-65692,2024-09-06 18:27:20,체인
SPB-61337,2024-09-06 18:28:13,안장
SPB-50990,2024-09-06 18:30:18,체인
SPB-44930,2024-09-06 18:31:21,체인
SPB-54644,2024-09-06 18:31:47,페달
SPB-42466,2024-09-06 18:32:20,체인
SPB-59694,2024-09-06 18:33:09,페달
SPB-51549,2024-09-06 18:33:35,페달
SPB-35274,2024-09-06 18:35:51,타이어 
SPB-58753,2024-09-06 18:36:31,페달
SPB-53116,2024-09-06 18:36:46,타이어 
SPB-43917,2024-09-06 18:38:29,기타 
SPB-43666,2024-09-06 18:38:43,체인
SPB-68231,2024-09-06 18:39:40,기타 
SPB-59678,2024-09-06 18:40:03,체인
SPB-41876,2024-09-06 18:40:07,페달
SPB-45147,2024-09-06 18:40:15,기타 
SPB-70225,2024-09-06 18:40:16,안장
SPB-65437,2024-09-06 18:43:25,체인
SPB-56481,2024-09-06 18:45:31,페달
SPB-48087,2024-09-06 18:45:46,페달
SPB-60563,2024-09-06 18:46:12,단말기
SPB-61579,2024-09-06 18:46:55,기타 
SPB-56870,2024-09-06 18:48:05,페달
SPB-49366,2024-09-06 18:48:11,타이어 
SPB-30242,2024-09-06 18:48:39,체인
SPB-65089,2024-09-06 18:49:05,기타 
SPB-54299,2024-09-06 18:49:23,체인
SPB-55063,2024-09-06 18:52:29,체인
SPB-47158,2024-09-06 18:56:53,타이어 
SPB-56242,2024-09-06 19:00:04,타이어 
SPB-60979,2024-09-06 19:00:43,체인
SPB-60681,2024-09-06 19:01:10,단말기
SPB-40982,2024-09-06 19:01:51,체인
SPB-55008,2024-09-06 19:03:24,기타 
SPB-39305,2024-09-06 19:03:24,체인
SPB-48143,2024-09-06 19:03:55,안장
SPB-67172,2024-09-06 19:04:27,기타 
SPB-51595,2024-09-06 19:05:23,타이어 
SPB-57507,2024-09-06 19:06:11,안장
SPB-66275,2024-09-06 19:07:07,타이어 
SPB-48298,2024-09-06 19:09:06,체인
SPB-66481,2024-09-06 19:12:22,기타 
SPB-55948,2024-09-06 19:12:50,체인
SPB-43204,2024-09-06 19:13:24,안장
SPB-69476,2024-09-06 19:13:36,단말기
SPB-47736,2024-09-06 19:14:14,기타 
SPB-40529,2024-09-06 19:14:21,체인
SPB-59596,2024-09-06 19:22:20,페달
SPB-63825,2024-09-06 19:24:04,타이어 
SPB-32597,2024-09-06 19:24:47,페달
SPB-51154,2024-09-06 19:25:31,안장
SPB-35027,2024-09-06 19:26:39,체인
SPB-34802,2024-09-06 19:26:43,타이어 
SPB-69610,2024-09-06 19:27:58,페달
SPB-32783,2024-09-06 19:29:45,기타 
SPB-56678,2024-09-06 19:29:53,기타 
SPB-66288,2024-09-06 19:30:02,타이어 
SPB-66850,2024-09-06 19:30:33,체인
SPB-34669,2024-09-06 19:30:47,페달
SPB-48728,2024-09-06 19:31:43,안장
SPB-56475,2024-09-06 19:34:13,타이어 
SPB-68203,2024-09-06 19:37:35,기타 
SPB-67244,2024-09-06 19:38:26,안장
SPB-34463,2024-09-06 19:38:44,페달
SPB-41698,2024-09-06 19:40:06,타이어 
SPB-39838,2024-09-06 19:40:32,타이어 
SPB-46324,2024-09-06 19:41:18,페달
SPB-38758,2024-09-06 19:42:11,체인
SPB-52833,2024-09-06 19:42:38,타이어 
SPB-62978,2024-09-06 19:47:00,기타 
SPB-60977,2024-09-06 19:47:30,체인
SPB-64690,2024-09-06 19:51:33,타이어 
SPB-45190,2024-09-06 19:52:45,타이어 
SPB-37080,2024-09-06 19:54:59,기타 
SPB-30128,2024-09-06 19:56:36,기타 
SPB-46510,2024-09-06 19:59:20,페달
SPB-67484,2024-09-06 20:04:22,기타 
SPB-38714,2024-09-06 20:06:27,타이어 
SPB-68917,2024-09-06 20:06:43,타이어 
SPB-34873,2024-09-06 20:08:56,안장
SPB-38606,2024-09-06 20:09:18,체인
SPB-59711,2024-09-06 20:12:31,페달
SPB-65662,2024-09-06 20:14:01,타이어 
SPB-44294,2024-09-06 20:16:10,타이어 
SPB-40613,2024-09-06 20:16:31,체인
SPB-48590,2024-09-06 20:19:09,기타 
SPB-50159,2024-09-06 20:21:14,페달
SPB-69211,2024-09-06 20:21:56,체인
SPB-50170,2024-09-06 20:23:05,기타 
SPB-67395,2024-09-06 20:23:15,타이어 
SPB-56908,2024-09-06 20:32:11,기타 
SPB-69149,2024-09-06 20:32:43,단말기
SPB-39782,2024-09-06 20:33:28,체인
SPB-58411,2024-09-06 20:34:10,안장
SPB-42760,2024-09-06 20:35:12,안장
SPB-70314,2024-09-06 20:35:13,타이어 
SPB-31767,2024-09-06 20:41:46,체인
SPB-54665,2024-09-06 20:42:45,체인
SPB-39921,2024-09-06 20:43:39,기타 
SPB-62948,2024-09-06 20:44:26,체인
SPB-39421,2024-09-06 20:45:13,체인
SPB-67698,2024-09-06 20:50:13,기타 
SPB-53513,2024-09-06 20:51:08,페달
SPB-68432,2024-09-06 20:52:01,타이어 
SPB-58035,2024-09-06 20:52:07,기타 
SPB-64511,2024-09-06 20:53:30,타이어 
SPB-31219,2024-09-06 20:56:17,기타 
SPB-55522,2024-09-06 20:57:37,안장
SPB-43916,2024-09-06 20:58:40,타이어 
SPB-31472,2024-09-06 21:00:42,기타 
SPB-53759,2024-09-06 21:03:26,페달
SPB-47769,2024-09-06 21:04:53,페달
SPB-52625,2024-09-06 21:06:04,페달
SPB-59067,2024-09-06 21:08:12,기타 
SPB-57913,2024-09-06 21:10:53,기타 
SPB-64255,2024-09-06 21:11:19,기타 
SPB-56394,2024-09-06 21:17:04,기타 
SPB-68812,2024-09-06 21:22:45,타이어 
SPB-44616,2024-09-06 21:23:08,체인
SPB-56140,2024-09-06 21:23:56,체인
SPB-37109,2024-09-06 21:25:21,기타 
SPB-65263,2024-09-06 21:25:43,체인
SPB-42716,2024-09-06 21:28:32,체인
SPB-56458,2024-09-06 21:28:34,기타 
SPB-49345,2024-09-06 21:31:18,페달
SPB-66752,2024-09-06 21:35:02,기타 
SPB-66942,2024-09-06 21:36:57,타이어 
SPB-40146,2024-09-06 21:38:25,기타 
SPB-30249,2024-09-06 21:39:40,안장
SPB-44691,2024-09-06 21:39:49,기타 
SPB-30304,2024-09-06 21:56:16,기타 
SPB-37932,2024-09-06 21:57:29,단말기
SPB-67869,2024-09-06 21:58:15,페달
SPB-30708,2024-09-06 21:59:00,타이어 
SPB-63466,2024-09-06 22:00:31,안장
SPB-69946,2024-09-06 22:01:54,안장
SPB-40292,2024-09-06 22:02:28,체인
SPB-57634,2024-09-06 22:03:57,페달
SPB-47150,2024-09-06 22:08:25,타이어 
SPB-54967,2024-09-06 22:10:35,페달
SPB-54640,2024-09-06 22:11:44,체인
SPB-59683,2024-09-06 22:13:51,타이어 
SPB-34267,2024-09-06 22:16:13,단말기
SPB-45825,2024-09-06 22:19:13,체인
SPB-44815,2024-09-06 22:22:41,단말기
SPB-47137,2024-09-06 22:22:51,기타 
SPB-39543,2024-09-06 22:23:28,안장
SPB-30799,2024-09-06 22:26:35,체인
SPB-60919,2024-09-06 22:27:30,체인
SPB-53071,2024-09-06 22:27:40,타이어 
SPB-66696,2024-09-06 22:30:20,체인
SPB-51216,2024-09-06 22:32:06,타이어 
SPB-56996,2024-09-06 22:32:46,체인
SPB-47955,2024-09-06 22:35:10,기타 
SPB-58162,2024-09-06 22:38:33,타이어 
SPB-62482,2024-09-06 22:42:26,타이어 
SPB-41678,2024-09-06 22:48:35,안장
SPB-42764,2024-09-06 22:51:11,안장
SPB-43188,2024-09-06 22:57:13,안장
SPB-34706,2024-09-06 22:59:48,안장
SPB-42257,2024-09-06 22:59:56,타이어 
SPB-64546,2024-09-06 23:00:51,기타 
SPB-61589,2024-09-06 23:01:56,기타 
SPB-68677,2024-09-06 23:11:27,기타 
SPB-37074,2024-09-06 23:14:05,기타 
SPB-58175,2024-09-06 23:14:21,페달
SPB-70390,2024-09-06 23:15:15,체인
SPB-64247,2024-09-06 23:19:30,타이어 
SPB-80928,2024-09-06 23:21:04,타이어 
SPB-53827,2024-09-06 23:27:17,안장
SPB-38220,2024-09-06 23:29:12,체인
SPB-36124,2024-09-06 23:35:19,안장
SPB-67226,2024-09-06 23:46:00,체인
SPB-67477,2024-09-06 23:47:40,타이어 
SPB-64958,2024-09-06 23:50:42,타이어 
SPB-57527,2024-09-06 23:52:45,기타 
SPB-67070,2024-09-07 00:08:35,체인
SPB-41223,2024-09-07 00:08:42,체인
SPB-46211,2024-09-07 00:14:15,페달
SPB-51178,2024-09-07 00:14:58,체인
SPB-67512,2024-09-07 00:25:05,타이어 
SPB-59740,2024-09-07 00:25:06,안장
SPB-56610,2024-09-07 00:42:27,안장
SPB-61587,2024-09-07 00:42:56,체인
SPB-64723,2024-09-07 00:43:18,체인
SPB-33932,2024-09-07 00:49:41,타이어 
SPB-35738,2024-09-07 00:50:24,타이어 
SPB-63162,2024-09-07 00:54:08,안장
SPB-50057,2024-09-07 01:17:23,기타 
SPB-41005,2024-09-07 01:25:00,안장
SPB-45811,2024-09-07 01:25:25,타이어 
SPB-37785,2024-09-07 01:26:27,체인
SPB-54632,2024-09-07 01:28:04,타이어 
SPB-43141,2024-09-07 02:26:30,체인
SPB-47475,2024-09-07 03:04:29,타이어 
SPB-66677,2024-09-07 03:05:17,기타 
SPB-66569,2024-09-07 03:12:09,타이어 
SPB-70200,2024-09-07 04:08:56,타이어 
SPB-58564,2024-09-07 04:21:42,안장
SPB-37894,2024-09-07 04:27:36,체인
SPB-48365,2024-09-07 04:28:16,기타 
SPB-48006,2024-09-07 05:30:52,기타 
SPB-67660,2024-09-07 05:51:22,기타 
SPB-44429,2024-09-07 06:15:05,페달
SPB-52012,2024-09-07 06:16:19,단말기
SPB-31635,2024-09-07 06:17:48,체인
SPB-40389,2024-09-07 06:24:54,안장
SPB-35042,2024-09-07 06:46:42,페달
SPB-38054,2024-09-07 06:47:09,안장
SPB-49222,2024-09-07 07:04:29,타이어 
SPB-63748,2024-09-07 07:08:10,체인
SPB-52821,2024-09-07 07:12:46,체인
SPB-48077,2024-09-07 07:20:16,타이어 
SPB-59039,2024-09-07 07:21:26,기타 
SPB-45948,2024-09-07 07:21:44,타이어 
SPB-51644,2024-09-07 07:24:38,체인
SPB-50167,2024-09-07 07:30:11,타이어 
SPB-65151,2024-09-07 07:31:02,타이어 
SPB-67272,2024-09-07 07:31:10,기타 
SPB-64576,2024-09-07 07:54:10,타이어 
SPB-58844,2024-09-07 07:57:17,타이어 
SPB-61652,2024-09-07 07:58:49,체인
SPB-31842,2024-09-07 08:05:22,페달
SPB-32654,2024-09-07 08:10:34,타이어 
SPB-45125,2024-09-07 08:17:43,타이어 
SPB-59796,2024-09-07 08:19:57,단말기
SPB-64980,2024-09-07 08:21:29,페달
SPB-39689,2024-09-07 08:25:46,체인
SPB-43060,2024-09-07 08:27:04,타이어 
SPB-51417,2024-09-07 08:28:03,단말기
SPB-53981,2024-09-07 08:33:50,타이어 
SPB-30320,2024-09-07 08:37:15,기타 
SPB-42764,2024-09-07 08:39:27,기타 
SPB-49535,2024-09-07 08:43:25,타이어 
SPB-57621,2024-09-07 08:47:14,페달
SPB-41524,2024-09-07 08:47:31,기타 
SPB-58420,2024-09-07 08:47:42,기타 
SPB-46952,2024-09-07 08:52:16,단말기
SPB-43570,2024-09-07 08:57:14,안장
SPB-39914,2024-09-07 09:04:59,체인
SPB-44917,2024-09-07 09:06:51,기타 
SPB-41451,2024-09-07 09:10:31,체인
SPB-31137,2024-09-07 09:19:13,기타 
SPB-70360,2024-09-07 09:21:50,페달
SPB-70246,2024-09-07 09:27:21,체인
SPB-47394,2024-09-07 09:29:39,체인
SPB-52545,2024-09-07 09:30:39,타이어 
SPB-30614,2024-09-07 09:39:59,타이어 
SPB-69014,2024-09-07 09:40:29,타이어 
SPB-53830,2024-09-07 09:43:18,타이어 
SPB-65659,2024-09-07 09:44:03,기타 
SPB-58294,2024-09-07 09:45:54,기타 
SPB-55952,2024-09-07 09:47:52,타이어 
SPB-40171,2024-09-07 09:48:26,체인
SPB-61220,2024-09-07 09:49:38,안장
SPB-43174,2024-09-07 09:53:42,체인
SPB-56180,2024-09-07 09:55:17,타이어 
SPB-55925,2024-09-07 09:55:23,타이어 
SPB-47288,2024-09-07 09:55:26,페달
SPB-51348,2024-09-07 09:58:01,타이어 
SPB-50949,2024-09-07 10:06:13,체인
SPB-59239,2024-09-07 10:06:26,기타 
SPB-51787,2024-09-07 10:07:23,타이어 
SPB-48660,2024-09-07 10:07:50,안장
SPB-54212,2024-09-07 10:10:34,체인
SPB-39426,2024-09-07 10:11:14,체인
SPB-49023,2024-09-07 10:13:21,체인
SPB-50184,2024-09-07 10:14:34,페달
SPB-69447,2024-09-07 10:20:36,안장
SPB-42038,2024-09-07 10:23:42,타이어 
SPB-42711,2024-09-07 10:23:56,타이어 
SPB-67511,2024-09-07 10:25:43,기타 
SPB-57066,2024-09-07 10:27:01,기타 
SPB-56639,2024-09-07 10:35:53,기타 
SPB-51689,2024-09-07 10:40:03,페달
SPB-56697,2024-09-07 10:41:42,페달
SPB-31913,2024-09-07 10:44:00,페달
SPB-35341,2024-09-07 10:54:22,체인
SPB-67731,2024-09-07 10:57:24,체인
SPB-43809,2024-09-07 11:05:02,체인
SPB-34134,2024-09-07 11:08:48,기타 
SPB-69894,2024-09-07 11:12:18,체인
SPB-69849,2024-09-07 11:12:50,체인
SPB-53973,2024-09-07 11:13:18,타이어 
SPB-66955,2024-09-07 11:15:19,타이어 
SPB-48721,2024-09-07 11:15:43,기타 
SPB-33786,2024-09-07 11:18:37,체인
SPB-67420,2024-09-07 11:19:05,기타 
SPB-66735,2024-09-07 11:20:15,기타 
SPB-38485,2024-09-07 11:20:53,기타 
SPB-41969,2024-09-07 11:29:24,체인
SPB-59148,2024-09-07 11:30:23,페달
SPB-51569,2024-09-07 11:32:08,페달
SPB-46507,2024-09-07 11:37:09,기타 
SPB-43271,2024-09-07 11:42:05,타이어 
SPB-39788,2024-09-07 11:43:28,체인
SPB-45994,2024-09-07 11:43:38,체인
SPB-34820,2024-09-07 11:46:26,페달
SPB-33188,2024-09-07 11:47:01,체인
SPB-62555,2024-09-07 11:48:16,체인
SPB-41993,2024-09-07 11:49:32,체인
SPB-43066,2024-09-07 11:50:22,체인
SPB-57612,2024-09-07 11:58:46,타이어 
SPB-30691,2024-09-07 12:00:41,페달
SPB-64705,2024-09-07 12:00:56,안장
SPB-34228,2024-09-07 12:01:03,체인
SPB-56494,2024-09-07 12:07:42,페달
SPB-57537,2024-09-07 12:10:35,기타 
SPB-84898,2024-09-07 12:13:25,기타 
SPB-41048,2024-09-07 12:16:19,페달
SPB-69815,2024-09-07 12:16:28,체인
SPB-65629,2024-09-07 12:16:29,기타 
SPB-51795,2024-09-07 12:16:32,페달
SPB-55662,2024-09-07 12:16:37,페달
SPB-32483,2024-09-07 12:17:58,기타 
SPB-52628,2024-09-07 12:21:24,타이어 
SPB-36767,2024-09-07 12:25:17,페달
SPB-58753,2024-09-07 12:32:33,페달
SPB-43141,2024-09-07 12:33:54,기타 
SPB-83106,2024-09-07 12:34:21,타이어 
SPB-33797,2024-09-07 12:36:34,기타 
SPB-46546,2024-09-07 12:36:38,기타 
SPB-53462,2024-09-07 12:43:28,타이어 
SPB-57637,2024-09-07 12:47:15,단말기
SPB-63849,2024-09-07 12:49:34,기타 
SPB-55553,2024-09-07 12:54:08,안장
SPB-30452,2024-09-07 12:56:31,단말기
SPB-41886,2024-09-07 13:01:05,단말기
SPB-54189,2024-09-07 13:02:42,타이어 
SPB-38929,2024-09-07 13:11:57,체인
SPB-43089,2024-09-07 13:12:48,기타 
SPB-32018,2024-09-07 13:14:40,타이어 
SPB-67093,2024-09-07 13:17:27,타이어 
SPB-53471,2024-09-07 13:21:41,페달
SPB-56128,2024-09-07 13:25:47,체인
SPB-50352,2024-09-07 13:31:16,체인
SPB-48094,2024-09-07 13:34:29,기타 
SPB-52693,2024-09-07 13:37:55,타이어 
SPB-35113,2024-09-07 13:42:33,타이어 
SPB-45142,2024-09-07 13:44:43,페달
SPB-47971,2024-09-07 13:46:00,체인
SPB-63315,2024-09-07 13:48:47,안장
SPB-54019,2024-09-07 13:50:20,단말기
SPB-41933,2024-09-07 13:50:47,타이어 
SPB-43396,2024-09-07 13:54:29,기타 
SPB-34899,2024-09-07 13:58:08,타이어 
SPB-61137,2024-09-07 14:00:08,체인
SPB-46313,2024-09-07 14:00:51,단말기
SPB-64593,2024-09-07 14:01:16,기타 
SPB-58097,2024-09-07 14:03:12,페달
SPB-53573,2024-09-07 14:06:43,페달
SPB-31842,2024-09-07 14:08:18,페달
SPB-67834,2024-09-07 14:09:17,기타 
SPB-67685,2024-09-07 14:10:36,페달
SPB-66148,2024-09-07 14:13:47,체인
SPB-35159,2024-09-07 14:14:00,기타 
SPB-45492,2024-09-07 14:14:20,단말기
SPB-43005,2024-09-07 14:17:34,단말기
SPB-35304,2024-09-07 14:18:48,페달
SPB-51173,2024-09-07 14:20:19,체인
SPB-30240,2024-09-07 14:21:59,타이어 
SPB-67152,2024-09-07 14:23:12,기타 
SPB-65185,2024-09-07 14:35:03,타이어 
SPB-56914,2024-09-07 14:38:21,타이어 
SPB-58171,2024-09-07 14:40:49,기타 
SPB-42136,2024-09-07 14:43:59,단말기
SPB-49396,2024-09-07 14:44:23,페달
SPB-37262,2024-09-07 14:46:27,체인
SPB-43193,2024-09-07 14:53:00,체인
SPB-69461,2024-09-07 14:53:18,타이어 
SPB-56557,2024-09-07 14:57:17,기타 
SPB-70214,2024-09-07 14:57:28,안장
SPB-31275,2024-09-07 14:58:12,타이어 
SPB-30462,2024-09-07 14:58:31,기타 
SPB-44083,2024-09-07 15:00:59,기타 
SPB-60150,2024-09-07 15:06:43,안장
SPB-50615,2024-09-07 15:07:57,체인
SPB-69173,2024-09-07 15:12:20,타이어 
SPB-42016,2024-09-07 15:15:05,타이어 
SPB-30551,2024-09-07 15:15:40,기타 
SPB-57634,2024-09-07 15:16:16,페달
SPB-57831,2024-09-07 15:16:17,기타 
SPB-30732,2024-09-07 15:19:31,페달
SPB-43905,2024-09-07 15:21:40,체인
SPB-44853,2024-09-07 15:24:05,타이어 
SPB-39381,2024-09-07 15:25:15,타이어 
SPB-58177,2024-09-07 15:28:33,페달
SPB-31269,2024-09-07 15:29:39,타이어 
SPB-52428,2024-09-07 15:32:45,페달
SPB-54116,2024-09-07 15:33:05,타이어 
SPB-37691,2024-09-07 15:36:47,기타 
SPB-33542,2024-09-07 15:37:08,안장
SPB-39810,2024-09-07 15:37:21,기타 
SPB-60643,2024-09-07 15:40:30,안장
SPB-39972,2024-09-07 15:46:53,체인
SPB-46735,2024-09-07 15:48:30,체인
SPB-55712,2024-09-07 15:50:08,체인
SPB-40517,2024-09-07 15:51:48,안장
SPB-55488,2024-09-07 15:52:24,타이어 
SPB-34669,2024-09-07 15:54:18,페달
SPB-35768,2024-09-07 15:54:25,타이어 
SPB-42442,2024-09-07 15:54:28,타이어 
SPB-30776,2024-09-07 15:54:53,기타 
SPB-50585,2024-09-07 15:55:19,안장
SPB-55165,2024-09-07 15:56:38,체인
SPB-46848,2024-09-07 15:58:58,기타 
SPB-35064,2024-09-07 16:01:45,체인
SPB-58120,2024-09-07 16:02:07,체인
SPB-44528,2024-09-07 16:02:32,체인
SPB-52970,2024-09-07 16:04:43,기타 
SPB-56513,2024-09-07 16:05:46,체인
SPB-30883,2024-09-07 16:06:01,타이어 
SPB-40439,2024-09-07 16:06:51,기타 
SPB-36015,2024-09-07 16:15:12,타이어 
SPB-49544,2024-09-07 16:15:46,기타 
SPB-30590,2024-09-07 16:18:16,안장
SPB-84892,2024-09-07 16:19:28,타이어 
SPB-70288,2024-09-07 16:20:03,기타 
SPB-69896,2024-09-07 16:20:27,체인
SPB-65906,2024-09-07 16:24:54,타이어 
SPB-62132,2024-09-07 16:26:55,안장
SPB-54874,2024-09-07 16:29:45,단말기
SPB-30799,2024-09-07 16:35:53,타이어 
SPB-51634,2024-09-07 16:42:13,타이어 
SPB-41442,2024-09-07 16:46:03,타이어 
SPB-55372,2024-09-07 16:50:38,타이어 
SPB-32627,2024-09-07 16:56:08,타이어 
SPB-45055,2024-09-07 16:57:16,기타 
SPB-59449,2024-09-07 16:58:45,체인
SPB-50443,2024-09-07 17:05:36,페달
SPB-50254,2024-09-07 17:05:54,기타 
SPB-48551,2024-09-07 17:07:01,안장
SPB-30831,2024-09-07 17:12:50,체인
SPB-53581,2024-09-07 17:13:41,타이어 
SPB-68320,2024-09-07 17:16:18,타이어 
SPB-47443,2024-09-07 17:18:52,안장
SPB-51940,2024-09-07 17:20:43,체인
SPB-61252,2024-09-07 17:23:17,타이어 
SPB-48998,2024-09-07 17:24:39,페달
SPB-67371,2024-09-07 17:26:16,안장
SPB-56483,2024-09-07 17:28:57,기타 
SPB-52146,2024-09-07 17:30:08,기타 
SPB-45338,2024-09-07 17:32:38,타이어 
SPB-62911,2024-09-07 17:35:08,체인
SPB-37065,2024-09-07 17:46:17,페달
SPB-30254,2024-09-07 17:46:23,기타 
SPB-70111,2024-09-07 17:50:10,체인
SPB-38105,2024-09-07 17:51:13,체인
SPB-33994,2024-09-07 17:53:05,체인
SPB-60741,2024-09-07 17:53:29,체인
SPB-66857,2024-09-07 17:54:51,체인
SPB-50300,2024-09-07 17:57:51,기타 
SPB-32090,2024-09-07 17:58:26,체인
SPB-33460,2024-09-07 18:01:47,페달
SPB-49551,2024-09-07 18:02:41,안장
SPB-50146,2024-09-07 18:03:15,타이어 
SPB-54313,2024-09-07 18:03:56,안장
SPB-48494,2024-09-07 18:04:19,페달
SPB-58213,2024-09-07 18:05:41,체인
SPB-56049,2024-09-07 18:06:03,타이어 
SPB-66044,2024-09-07 18:07:05,타이어 
SPB-65949,2024-09-07 18:07:44,기타 
SPB-58144,2024-09-07 18:07:53,체인
SPB-48373,2024-09-07 18:11:23,기타 
SPB-52372,2024-09-07 18:12:05,타이어 
SPB-32684,2024-09-07 18:20:10,기타 
SPB-56648,2024-09-07 18:20:36,체인
SPB-59146,2024-09-07 18:21:32,단말기
SPB-41613,2024-09-07 18:21:49,페달
SPB-44579,2024-09-07 18:22:11,체인
SPB-46774,2024-09-07 18:22:50,타이어 
SPB-67840,2024-09-07 18:27:32,타이어 
SPB-46355,2024-09-07 18:28:38,체인
SPB-32498,2024-09-07 18:31:04,기타 
SPB-54260,2024-09-07 18:31:06,타이어 
SPB-63654,2024-09-07 18:33:15,체인
SPB-65829,2024-09-07 18:36:33,타이어 
SPB-58428,2024-09-07 18:37:09,타이어 
SPB-48943,2024-09-07 18:37:17,타이어 
SPB-53759,2024-09-07 18:40:57,페달
SPB-42637,2024-09-07 18:42:09,체인
SPB-35042,2024-09-07 18:45:00,페달
SPB-62843,2024-09-07 18:46:20,타이어 
SPB-51708,2024-09-07 18:47:59,페달
SPB-34669,2024-09-07 18:52:03,페달
SPB-44179,2024-09-07 18:52:33,체인
SPB-38119,2024-09-07 18:57:13,기타 
SPB-80019,2024-09-07 18:59:00,체인
SPB-32218,2024-09-07 19:06:45,타이어 
SPB-44592,2024-09-07 19:07:06,체인
SPB-44721,2024-09-07 19:08:58,기타 
SPB-39514,2024-09-07 19:09:26,기타 
SPB-31406,2024-09-07 19:14:58,체인
SPB-69476,2024-09-07 19:15:52,기타 
SPB-41968,2024-09-07 19:18:25,타이어 
SPB-31844,2024-09-07 19:20:00,페달
SPB-55062,2024-09-07 19:20:40,타이어 
SPB-50856,2024-09-07 19:21:38,타이어 
SPB-57905,2024-09-07 19:25:32,페달
SPB-57797,2024-09-07 19:27:05,체인
SPB-63826,2024-09-07 19:28:44,타이어 
SPB-30692,2024-09-07 19:30:15,안장
SPB-65928,2024-09-07 19:30:55,타이어 
SPB-34221,2024-09-07 19:31:31,타이어 
SPB-46384,2024-09-07 19:32:48,기타 
SPB-34922,2024-09-07 19:33:00,기타 
SPB-68338,2024-09-07 19:36:24,기타 
SPB-37378,2024-09-07 19:40:29,페달
SPB-32886,2024-09-07 19:44:36,기타 
SPB-41902,2024-09-07 19:49:04,단말기
SPB-46549,2024-09-07 19:52:08,페달
SPB-36087,2024-09-07 19:53:55,체인
SPB-64305,2024-09-07 19:56:49,체인
SPB-62881,2024-09-07 20:02:11,안장
SPB-35220,2024-09-07 20:03:09,기타 
SPB-47394,2024-09-07 20:04:47,타이어 
SPB-41762,2024-09-07 20:05:05,체인
SPB-84809,2024-09-07 20:05:42,기타 
SPB-59579,2024-09-07 20:06:52,페달
SPB-46372,2024-09-07 20:12:59,안장
SPB-40695,2024-09-07 20:13:34,안장
SPB-39188,2024-09-07 20:15:26,기타 
SPB-68418,2024-09-07 20:15:38,체인
SPB-60264,2024-09-07 20:16:19,기타 
SPB-41197,2024-09-07 20:18:18,체인
SPB-57057,2024-09-07 20:20:24,타이어 
SPB-62187,2024-09-07 20:23:31,안장
SPB-32429,2024-09-07 20:25:21,기타 
SPB-33313,2024-09-07 20:25:26,안장
SPB-30377,2024-09-07 20:27:46,타이어 
SPB-70085,2024-09-07 20:27:58,안장
SPB-55290,2024-09-07 20:34:34,기타 
SPB-65274,2024-09-07 20:35:42,타이어 
SPB-59029,2024-09-07 20:36:14,기타 
SPB-40758,2024-09-07 20:37:15,체인
SPB-60003,2024-09-07 20:39:15,페달
SPB-81179,2024-09-07 20:42:49,기타 
SPB-40281,2024-09-07 20:43:47,타이어 
SPB-64178,2024-09-07 20:44:06,체인
SPB-35747,2024-09-07 20:44:52,체인
SPB-31400,2024-09-07 20:45:36,페달
SPB-38965,2024-09-07 20:47:57,단말기
SPB-66714,2024-09-07 20:50:19,기타 
SPB-38315,2024-09-07 20:50:20,페달
SPB-65853,2024-09-07 20:51:26,기타 
SPB-39808,2024-09-07 20:52:30,체인
SPB-54956,2024-09-07 20:53:59,기타 
SPB-68999,2024-09-07 20:55:10,타이어 
SPB-34209,2024-09-07 20:55:41,기타 
SPB-66609,2024-09-07 20:59:11,단말기
SPB-66693,2024-09-07 21:03:29,체인
SPB-58353,2024-09-07 21:07:17,체인
SPB-34890,2024-09-07 21:11:50,기타 
SPB-33873,2024-09-07 21:13:11,기타 
SPB-42922,2024-09-07 21:17:19,안장
SPB-42155,2024-09-07 21:17:36,기타 
SPB-46906,2024-09-07 21:18:42,체인
SPB-48655,2024-09-07 21:20:41,기타 
SPB-35435,2024-09-07 21:23:50,체인
SPB-44826,2024-09-07 21:27:35,기타 
SPB-38365,2024-09-07 21:27:57,체인
SPB-33113,2024-09-07 21:28:03,기타 
SPB-65507,2024-09-07 21:28:25,기타 
SPB-60144,2024-09-07 21:28:33,타이어 
SPB-57676,2024-09-07 21:30:39,기타 
SPB-30954,2024-09-07 21:36:31,페달
SPB-56529,2024-09-07 21:37:04,체인
SPB-63002,2024-09-07 21:39:15,기타 
SPB-67046,2024-09-07 21:39:43,안장
SPB-34254,2024-09-07 21:41:28,페달
SPB-66465,2024-09-07 21:42:47,기타 
SPB-58104,2024-09-07 21:47:06,타이어 
SPB-32959,2024-09-07 21:48:21,기타 
SPB-64057,2024-09-07 21:49:44,타이어 
SPB-60985,2024-09-07 21:50:10,기타 
SPB-47297,2024-09-07 21:50:58,체인
SPB-69190,2024-09-07 21:50:59,체인
SPB-39051,2024-09-07 21:51:02,체인
SPB-48115,2024-09-07 21:51:13,타이어 
SPB-59408,2024-09-07 21:53:23,타이어 
SPB-45156,2024-09-07 21:54:29,체인
SPB-45959,2024-09-07 21:54:37,안장
SPB-58046,2024-09-07 21:54:57,타이어 
SPB-42057,2024-09-07 21:55:23,기타 
SPB-61357,2024-09-07 21:55:39,기타 
SPB-41487,2024-09-07 21:55:40,체인
SPB-47811,2024-09-07 21:56:16,타이어 
SPB-55060,2024-09-07 21:58:33,체인
SPB-37423,2024-09-07 21:59:37,타이어 
SPB-51690,2024-09-07 22:02:54,단말기
SPB-68887,2024-09-07 22:04:11,타이어 
SPB-65394,2024-09-07 22:11:03,타이어 
SPB-51149,2024-09-07 22:11:51,단말기
SPB-67671,2024-09-07 22:13:54,타이어 
SPB-65379,2024-09-07 22:13:54,단말기
SPB-54147,2024-09-07 22:15:10,기타 
SPB-54173,2024-09-07 22:16:57,체인
SPB-67530,2024-09-07 22:17:16,페달
SPB-56176,2024-09-07 22:24:55,기타 
SPB-65744,2024-09-07 22:24:59,타이어 
SPB-57922,2024-09-07 22:28:23,타이어 
SPB-53858,2024-09-07 22:29:00,기타 
SPB-41750,2024-09-07 22:30:23,체인
SPB-54920,2024-09-07 22:30:44,단말기
SPB-67555,2024-09-07 22:33:21,체인
SPB-38885,2024-09-07 22:33:22,체인
SPB-54686,2024-09-07 22:33:46,페달
SPB-59061,2024-09-07 22:35:27,기타 
SPB-44263,2024-09-07 22:35:38,타이어 
SPB-43974,2024-09-07 22:38:24,기타 
SPB-57389,2024-09-07 22:39:14,안장
SPB-55623,2024-09-07 22:40:29,안장
SPB-63424,2024-09-07 22:46:15,기타 
SPB-69967,2024-09-07 22:47:08,기타 
SPB-33174,2024-09-07 22:47:29,타이어 
SPB-34089,2024-09-07 22:50:16,단말기
SPB-37759,2024-09-07 22:52:34,페달
SPB-46742,2024-09-07 23:02:32,단말기
SPB-62723,2024-09-07 23:03:16,안장
SPB-40516,2024-09-07 23:06:28,타이어 
SPB-44850,2024-09-07 23:08:34,타이어 
SPB-53271,2024-09-07 23:12:12,단말기
SPB-56348,2024-09-07 23:15:06,기타 
SPB-33714,2024-09-07 23:22:03,안장
SPB-57349,2024-09-07 23:24:37,체인
SPB-69457,2024-09-07 23:25:50,단말기
SPB-35819,2024-09-07 23:29:56,체인
SPB-53303,2024-09-07 23:35:06,타이어 
SPB-52377,2024-09-07 23:40:23,타이어 
SPB-43772,2024-09-07 23:42:07,타이어 
SPB-68388,2024-09-07 23:43:54,체인
SPB-63686,2024-09-07 23:43:59,기타 
SPB-62256,2024-09-07 23:44:53,안장
SPB-64053,2024-09-07 23:50:53,단말기
SPB-41235,2024-09-07 23:52:07,안장
SPB-42310,2024-09-07 23:52:39,타이어 
SPB-37001,2024-09-07 23:55:34,타이어 
SPB-48730,2024-09-08 00:01:20,타이어 
SPB-62050,2024-09-08 00:05:48,안장
SPB-65839,2024-09-08 00:19:27,기타 
SPB-69385,2024-09-08 00:25:39,체인
SPB-66244,2024-09-08 00:28:04,타이어 
SPB-42075,2024-09-08 00:47:17,타이어 
SPB-31941,2024-09-08 00:56:10,체인
SPB-52754,2024-09-08 00:57:52,체인
SPB-67409,2024-09-08 01:00:33,타이어 
SPB-69720,2024-09-08 01:16:22,체인
SPB-44363,2024-09-08 01:16:38,단말기
SPB-54338,2024-09-08 01:30:50,기타 
SPB-35337,2024-09-08 01:31:15,체인
SPB-33404,2024-09-08 01:35:21,기타 
SPB-81653,2024-09-08 01:53:29,체인
SPB-70026,2024-09-08 02:00:30,체인
SPB-66736,2024-09-08 02:05:54,기타 
SPB-65798,2024-09-08 02:28:10,단말기
SPB-63077,2024-09-08 02:50:12,기타 
SPB-41244,2024-09-08 03:00:39,체인
SPB-38649,2024-09-08 03:22:32,체인
SPB-39405,2024-09-08 03:42:43,타이어 
SPB-64432,2024-09-08 04:35:38,타이어 
SPB-48998,2024-09-08 04:55:06,페달
SPB-36258,2024-09-08 06:17:49,타이어 
SPB-59867,2024-09-08 06:28:11,기타 
SPB-55353,2024-09-08 06:30:27,타이어 
SPB-38759,2024-09-08 06:55:02,타이어 
SPB-48955,2024-09-08 06:55:17,기타 
SPB-42761,2024-09-08 07:05:41,단말기
SPB-44732,2024-09-08 07:33:24,체인
SPB-46906,2024-09-08 07:38:03,체인
SPB-33698,2024-09-08 07:42:20,타이어 
SPB-43722,2024-09-08 07:45:33,타이어 
SPB-50980,2024-09-08 07:46:51,타이어 
SPB-58624,2024-09-08 07:50:03,기타 
SPB-40383,2024-09-08 07:55:50,기타 
SPB-63436,2024-09-08 07:57:57,타이어 
SPB-38188,2024-09-08 07:58:50,체인
SPB-53019,2024-09-08 08:04:57,타이어 
SPB-39344,2024-09-08 08:11:37,체인
SPB-48339,2024-09-08 08:17:16,타이어 
SPB-62922,2024-09-08 08:27:35,기타 
SPB-69856,2024-09-08 08:32:29,타이어 
SPB-44415,2024-09-08 08:36:34,안장
SPB-47756,2024-09-08 08:37:02,페달
SPB-37872,2024-09-08 08:38:56,체인
SPB-70364,2024-09-08 08:47:18,체인
SPB-62912,2024-09-08 08:49:51,기타 
SPB-66512,2024-09-08 08:54:33,기타 
SPB-57086,2024-09-08 08:55:51,안장
SPB-54864,2024-09-08 09:09:01,타이어 
SPB-51550,2024-09-08 09:12:19,안장
SPB-36629,2024-09-08 09:12:56,체인
SPB-33365,2024-09-08 09:15:29,기타 
SPB-57634,2024-09-08 09:16:10,체인
SPB-34828,2024-09-08 09:18:50,타이어 
SPB-66197,2024-09-08 09:20:00,타이어 
SPB-66607,2024-09-08 09:27:22,체인
SPB-63436,2024-09-08 09:41:28,타이어 
SPB-47163,2024-09-08 09:43:45,안장
SPB-69594,2024-09-08 09:46:35,안장
SPB-55712,2024-09-08 09:47:52,체인
SPB-57237,2024-09-08 09:48:29,타이어 
SPB-62850,2024-09-08 09:51:31,타이어 
SPB-30731,2024-09-08 09:52:24,타이어 
SPB-39934,2024-09-08 09:53:40,안장
SPB-69490,2024-09-08 09:54:04,체인
SPB-56059,2024-09-08 10:02:50,안장
SPB-58127,2024-09-08 10:06:19,타이어 
SPB-37412,2024-09-08 10:06:26,체인
SPB-60194,2024-09-08 10:07:49,타이어 
SPB-62701,2024-09-08 10:12:20,체인
SPB-37257,2024-09-08 10:15:37,체인
SPB-53223,2024-09-08 10:18:09,체인
SPB-61141,2024-09-08 10:22:59,체인
SPB-51024,2024-09-08 10:26:51,페달
SPB-68862,2024-09-08 10:27:42,기타 
SPB-50734,2024-09-08 10:30:00,기타 
SPB-63780,2024-09-08 10:32:15,페달
SPB-44643,2024-09-08 10:33:53,체인
SPB-40512,2024-09-08 10:35:22,체인
SPB-69659,2024-09-08 10:39:31,기타 
SPB-45928,2024-09-08 10:40:29,체인
SPB-46981,2024-09-08 10:49:39,기타 
SPB-52655,2024-09-08 10:49:46,단말기
SPB-45653,2024-09-08 11:02:25,체인
SPB-44194,2024-09-08 11:03:48,기타 
SPB-55180,2024-09-08 11:05:20,기타 
SPB-59066,2024-09-08 11:11:10,타이어 
SPB-60261,2024-09-08 11:12:10,타이어 
SPB-66106,2024-09-08 11:12:25,타이어 
SPB-36594,2024-09-08 11:16:33,타이어 
SPB-30080,2024-09-08 11:24:44,기타 
SPB-45699,2024-09-08 11:24:46,타이어 
SPB-32804,2024-09-08 11:25:30,타이어 
SPB-34201,2024-09-08 11:28:17,페달
SPB-34210,2024-09-08 11:30:54,페달
SPB-57105,2024-09-08 11:31:00,단말기
SPB-42168,2024-09-08 11:35:26,안장
SPB-46517,2024-09-08 11:36:15,체인
SPB-59775,2024-09-08 11:37:52,안장
SPB-66475,2024-09-08 11:37:57,타이어 
SPB-49198,2024-09-08 11:44:39,타이어 
SPB-40889,2024-09-08 11:46:13,체인
SPB-70129,2024-09-08 11:55:30,체인
SPB-65111,2024-09-08 11:57:49,페달
SPB-46460,2024-09-08 11:59:01,안장
SPB-42988,2024-09-08 12:00:18,체인
SPB-34116,2024-09-08 12:00:32,안장
SPB-80775,2024-09-08 12:00:45,기타 
SPB-67202,2024-09-08 12:07:30,타이어 
SPB-54761,2024-09-08 12:07:45,타이어 
SPB-69607,2024-09-08 12:07:48,체인
SPB-30299,2024-09-08 12:10:03,타이어 
SPB-47366,2024-09-08 12:14:31,타이어 
SPB-42841,2024-09-08 12:15:48,안장
SPB-45538,2024-09-08 12:16:31,체인
SPB-53397,2024-09-08 12:20:14,페달
SPB-82708,2024-09-08 12:26:29,타이어 
SPB-41775,2024-09-08 12:27:15,체인
SPB-54404,2024-09-08 12:30:26,타이어 
SPB-61645,2024-09-08 12:32:31,기타 
SPB-34792,2024-09-08 12:32:43,기타 
SPB-55560,2024-09-08 12:38:12,타이어 
SPB-64925,2024-09-08 12:38:28,타이어 
SPB-42973,2024-09-08 12:38:47,타이어 
SPB-55282,2024-09-08 12:42:32,기타 
SPB-66712,2024-09-08 12:45:18,체인
SPB-54019,2024-09-08 12:45:50,단말기
SPB-55191,2024-09-08 12:46:57,페달
SPB-51894,2024-09-08 12:54:07,페달
SPB-69718,2024-09-08 12:54:53,체인
SPB-61108,2024-09-08 12:58:40,타이어 
SPB-50370,2024-09-08 13:14:00,페달
SPB-38258,2024-09-08 13:14:31,기타 
SPB-31576,2024-09-08 13:19:55,기타 
SPB-54692,2024-09-08 13:26:52,안장
SPB-38908,2024-09-08 13:28:11,페달
SPB-42957,2024-09-08 13:33:57,체인
SPB-31761,2024-09-08 13:38:05,타이어 
SPB-51760,2024-09-08 13:38:19,타이어 
SPB-64172,2024-09-08 13:38:40,타이어 
SPB-59768,2024-09-08 13:51:02,체인
SPB-42772,2024-09-08 13:56:13,체인
SPB-62313,2024-09-08 13:57:50,타이어 
SPB-69836,2024-09-08 13:57:58,체인
SPB-59532,2024-09-08 14:06:42,안장
SPB-63492,2024-09-08 14:07:54,안장
SPB-62192,2024-09-08 14:10:02,안장
SPB-56807,2024-09-08 14:10:53,페달
SPB-33149,2024-09-08 14:11:05,체인
SPB-64187,2024-09-08 14:11:29,타이어 
SPB-68901,2024-09-08 14:13:14,타이어 
SPB-60388,2024-09-08 14:15:58,체인
SPB-50879,2024-09-08 14:16:00,체인
SPB-46250,2024-09-08 14:18:41,체인
SPB-65007,2024-09-08 14:18:45,페달
SPB-35162,2024-09-08 14:20:25,기타 
SPB-65894,2024-09-08 14:20:29,타이어 
SPB-42400,2024-09-08 14:22:02,체인
SPB-62937,2024-09-08 14:22:34,기타 
SPB-46887,2024-09-08 14:23:50,체인
SPB-60228,2024-09-08 14:27:01,기타 
SPB-39716,2024-09-08 14:31:34,체인
SPB-32131,2024-09-08 14:31:45,페달
SPB-53053,2024-09-08 14:35:11,기타 
SPB-58333,2024-09-08 14:36:43,체인
SPB-62975,2024-09-08 14:37:02,체인
SPB-58372,2024-09-08 14:37:07,안장
SPB-34165,2024-09-08 14:45:12,기타 
SPB-67028,2024-09-08 14:50:44,기타 
SPB-50156,2024-09-08 14:51:48,체인
SPB-45182,2024-09-08 14:53:29,체인
SPB-84092,2024-09-08 14:54:22,단말기
SPB-43635,2024-09-08 14:55:56,단말기
SPB-39380,2024-09-08 14:56:21,기타 
SPB-59682,2024-09-08 14:58:45,안장
SPB-65547,2024-09-08 14:59:50,체인
SPB-36139,2024-09-08 15:00:09,타이어 
SPB-59073,2024-09-08 15:00:12,페달
SPB-40204,2024-09-08 15:01:20,체인
SPB-38420,2024-09-08 15:01:29,안장
SPB-44957,2024-09-08 15:01:37,체인
SPB-33026,2024-09-08 15:03:58,안장
SPB-69575,2024-09-08 15:05:44,체인
SPB-43633,2024-09-08 15:06:00,체인
SPB-65308,2024-09-08 15:07:43,안장
SPB-59089,2024-09-08 15:09:27,페달
SPB-62873,2024-09-08 15:17:21,체인
SPB-65236,2024-09-08 15:19:52,타이어 
SPB-30219,2024-09-08 15:24:52,기타 
SPB-53107,2024-09-08 15:26:50,체인
SPB-43698,2024-09-08 15:36:05,페달
SPB-31435,2024-09-08 15:44:32,페달
SPB-44722,2024-09-08 15:45:41,기타 
SPB-67530,2024-09-08 15:47:05,체인
SPB-34334,2024-09-08 15:48:08,체인
SPB-45166,2024-09-08 15:51:33,타이어 
SPB-68467,2024-09-08 15:55:18,타이어 
SPB-66302,2024-09-08 15:58:28,체인
SPB-50978,2024-09-08 16:00:42,안장
SPB-52225,2024-09-08 16:02:49,안장
SPB-69616,2024-09-08 16:08:25,체인
SPB-39708,2024-09-08 16:11:08,기타 
SPB-42539,2024-09-08 16:11:39,체인
SPB-63334,2024-09-08 16:17:43,타이어 
SPB-65711,2024-09-08 16:19:14,체인
SPB-46320,2024-09-08 16:20:35,체인
SPB-37602,2024-09-08 16:21:57,기타 
SPB-37797,2024-09-08 16:24:19,체인
SPB-40272,2024-09-08 16:26:20,타이어 
SPB-63614,2024-09-08 16:28:02,타이어 
SPB-56672,2024-09-08 16:29:05,기타 
SPB-54294,2024-09-08 16:30:30,타이어 
SPB-60431,2024-09-08 16:30:59,체인
SPB-44418,2024-09-08 16:31:25,타이어 
SPB-45818,2024-09-08 16:35:04,타이어 
SPB-58097,2024-09-08 16:39:20,페달
SPB-65506,2024-09-08 16:41:12,기타 
SPB-46727,2024-09-08 16:44:09,안장
SPB-70434,2024-09-08 16:47:41,기타 
SPB-66578,2024-09-08 16:48:53,페달
SPB-52868,2024-09-08 16:52:17,기타 
SPB-70449,2024-09-08 16:53:59,타이어 
SPB-41078,2024-09-08 16:56:01,타이어 
SPB-38874,2024-09-08 16:56:11,기타 
SPB-51239,2024-09-08 16:56:16,페달
SPB-68027,2024-09-08 16:58:26,안장
SPB-44635,2024-09-08 17:01:16,체인
SPB-57548,2024-09-08 17:02:53,타이어 
SPB-49345,2024-09-08 17:08:25,체인
SPB-44733,2024-09-08 17:10:09,타이어 
SPB-56269,2024-09-08 17:10:28,페달
SPB-40968,2024-09-08 17:11:06,타이어 
SPB-41276,2024-09-08 17:11:29,타이어 
SPB-63348,2024-09-08 17:12:29,단말기
SPB-64505,2024-09-08 17:14:08,단말기
SPB-30834,2024-09-08 17:15:01,체인
SPB-47237,2024-09-08 17:15:02,타이어 
SPB-64118,2024-09-08 17:15:30,단말기
SPB-62136,2024-09-08 17:15:57,안장
SPB-53565,2024-09-08 17:25:26,페달
SPB-39356,2024-09-08 17:25:40,기타 
SPB-65407,2024-09-08 17:27:03,체인
SPB-70305,2024-09-08 17:27:43,안장
SPB-30234,2024-09-08 17:28:23,페달
SPB-64924,2024-09-08 17:28:32,기타 
SPB-58326,2024-09-08 17:28:35,체인
SPB-49462,2024-09-08 17:31:16,타이어 
SPB-62870,2024-09-08 17:34:06,체인
SPB-66910,2024-09-08 17:35:25,체인
SPB-70152,2024-09-08 17:37:39,타이어 
SPB-30926,2024-09-08 17:37:52,체인
SPB-63912,2024-09-08 17:38:05,안장
SPB-38015,2024-09-08 17:39:41,기타 
SPB-68303,2024-09-08 17:42:24,타이어 
SPB-54424,2024-09-08 17:45:30,타이어 
SPB-63536,2024-09-08 17:45:40,체인
SPB-62084,2024-09-08 17:50:13,안장
SPB-35297,2024-09-08 17:50:24,단말기
SPB-56847,2024-09-08 17:51:10,기타 
SPB-57735,2024-09-08 17:51:31,체인
SPB-66571,2024-09-08 17:52:08,타이어 
SPB-69940,2024-09-08 17:53:11,타이어 
SPB-34586,2024-09-08 17:54:17,타이어 
SPB-59566,2024-09-08 17:55:40,기타 
SPB-69800,2024-09-08 17:57:27,체인
SPB-58596,2024-09-08 17:57:46,타이어 
SPB-37956,2024-09-08 17:58:54,타이어 
SPB-68108,2024-09-08 18:01:08,타이어 
SPB-52093,2024-09-08 18:03:49,타이어 
SPB-55279,2024-09-08 18:05:48,기타 
SPB-37349,2024-09-08 18:05:59,안장
SPB-56253,2024-09-08 18:06:44,페달
SPB-67718,2024-09-08 18:06:44,타이어 
SPB-41723,2024-09-08 18:07:08,타이어 
SPB-31948,2024-09-08 18:09:47,체인
SPB-35362,2024-09-08 18:11:39,체인
SPB-57301,2024-09-08 18:12:33,체인
SPB-63638,2024-09-08 18:14:07,기타 
SPB-44118,2024-09-08 18:14:20,타이어 
SPB-42697,2024-09-08 18:17:58,타이어 
SPB-35205,2024-09-08 18:18:12,안장
SPB-56630,2024-09-08 18:18:38,기타 
SPB-62279,2024-09-08 18:19:31,기타 
SPB-50282,2024-09-08 18:20:03,기타 
SPB-57573,2024-09-08 18:22:47,타이어 
SPB-36592,2024-09-08 18:22:52,타이어 
SPB-47478,2024-09-08 18:24:50,타이어 
SPB-64836,2024-09-08 18:27:45,타이어 
SPB-64630,2024-09-08 18:29:13,타이어 
SPB-41525,2024-09-08 18:30:11,단말기
SPB-43463,2024-09-08 18:30:15,체인
SPB-57483,2024-09-08 18:30:25,타이어 
SPB-48196,2024-09-08 18:31:14,페달
SPB-51130,2024-09-08 18:39:28,기타 
SPB-34850,2024-09-08 18:39:33,안장
SPB-35931,2024-09-08 18:43:53,타이어 
SPB-39341,2024-09-08 18:48:51,체인
SPB-60240,2024-09-08 18:49:52,타이어 
SPB-37893,2024-09-08 18:55:34,타이어 
SPB-34255,2024-09-08 18:56:53,단말기
SPB-39002,2024-09-08 18:57:59,단말기
SPB-38605,2024-09-08 18:58:23,안장
SPB-44024,2024-09-08 19:00:09,기타 
SPB-67912,2024-09-08 19:02:22,체인
SPB-44263,2024-09-08 19:03:09,체인
SPB-80160,2024-09-08 19:03:55,기타 
SPB-48307,2024-09-08 19:04:53,타이어 
SPB-33136,2024-09-08 19:08:14,타이어 
SPB-58104,2024-09-08 19:09:05,페달
SPB-39722,2024-09-08 19:11:14,페달
SPB-67272,2024-09-08 19:14:29,기타 
SPB-59274,2024-09-08 19:16:13,기타 
SPB-30348,2024-09-08 19:16:21,타이어 
SPB-69849,2024-09-08 19:16:54,체인
SPB-69249,2024-09-08 19:21:11,페달
SPB-43715,2024-09-08 19:23:01,체인
SPB-82892,2024-09-08 19:24:30,타이어 
SPB-45171,2024-09-08 19:24:53,안장
SPB-41914,2024-09-08 19:25:11,체인
SPB-39570,2024-09-08 19:25:45,기타 
SPB-41093,2024-09-08 19:29:29,체인
SPB-47588,2024-09-08 19:29:44,기타 
SPB-82241,2024-09-08 19:35:36,체인
SPB-37872,2024-09-08 19:38:15,체인
SPB-39380,2024-09-08 19:39:30,체인
SPB-58166,2024-09-08 19:39:37,체인
SPB-47372,2024-09-08 19:44:25,기타 
SPB-64801,2024-09-08 19:47:54,기타 
SPB-48393,2024-09-08 19:48:34,타이어 
SPB-33542,2024-09-08 19:52:23,안장
SPB-64977,2024-09-08 19:54:50,체인
SPB-81136,2024-09-08 19:55:05,페달
SPB-50282,2024-09-08 19:55:08,체인
SPB-69593,2024-09-08 20:00:04,기타 
SPB-82470,2024-09-08 20:01:31,기타 
SPB-39210,2024-09-08 20:06:18,단말기
SPB-61624,2024-09-08 20:10:05,안장
SPB-47230,2024-09-08 20:10:28,타이어 
SPB-59561,2024-09-08 20:11:08,타이어 
SPB-68691,2024-09-08 20:12:11,페달
SPB-57481,2024-09-08 20:13:06,기타 
SPB-52009,2024-09-08 20:13:41,페달
SPB-35525,2024-09-08 20:20:57,기타 
SPB-31978,2024-09-08 20:22:29,기타 
SPB-68440,2024-09-08 20:25:07,기타 
SPB-48971,2024-09-08 20:25:25,안장
SPB-30507,2024-09-08 20:29:07,기타 
SPB-46906,2024-09-08 20:30:17,타이어 
SPB-35598,2024-09-08 20:30:30,타이어 
SPB-38687,2024-09-08 20:31:05,페달
SPB-67731,2024-09-08 20:31:23,타이어 
SPB-51937,2024-09-08 20:40:57,타이어 
SPB-31179,2024-09-08 20:43:01,기타 
SPB-52615,2024-09-08 20:43:40,안장
SPB-81256,2024-09-08 20:48:18,기타 
SPB-56053,2024-09-08 20:50:20,타이어 
SPB-45732,2024-09-08 20:50:36,타이어 
SPB-53934,2024-09-08 20:53:02,기타 
SPB-66240,2024-09-08 20:54:22,안장
SPB-68883,2024-09-08 20:55:55,기타 
SPB-53035,2024-09-08 20:56:04,타이어 
SPB-37158,2024-09-08 20:56:09,체인
SPB-65864,2024-09-08 20:58:00,타이어 
SPB-30849,2024-09-08 21:00:24,타이어 
SPB-59241,2024-09-08 21:02:28,타이어 
SPB-46666,2024-09-08 21:02:57,페달
SPB-42123,2024-09-08 21:05:07,타이어 
SPB-59087,2024-09-08 21:10:26,체인
SPB-56611,2024-09-08 21:11:01,페달
SPB-42741,2024-09-08 21:11:05,안장
SPB-65886,2024-09-08 21:11:54,체인
SPB-55837,2024-09-08 21:12:42,페달
SPB-46688,2024-09-08 21:15:06,체인
SPB-68787,2024-09-08 21:16:06,체인
SPB-41645,2024-09-08 21:17:22,기타 
SPB-38452,2024-09-08 21:17:55,기타 
SPB-36392,2024-09-08 21:22:17,체인
SPB-47352,2024-09-08 21:26:00,안장
SPB-65606,2024-09-08 21:26:15,기타 
SPB-60603,2024-09-08 21:31:21,체인
SPB-58712,2024-09-08 21:32:09,체인
SPB-48213,2024-09-08 21:38:32,단말기
SPB-70050,2024-09-08 21:38:41,체인
SPB-30628,2024-09-08 21:39:53,안장
SPB-62654,2024-09-08 21:39:55,기타 
SPB-53150,2024-09-08 21:40:39,기타 
SPB-41705,2024-09-08 21:44:38,페달
SPB-59684,2024-09-08 21:48:31,단말기
SPB-48794,2024-09-08 21:51:30,기타 
SPB-43542,2024-09-08 21:53:10,체인
SPB-45112,2024-09-08 21:57:32,체인
SPB-38987,2024-09-08 21:58:29,페달
SPB-65846,2024-09-08 21:59:12,단말기
SPB-61877,2024-09-08 21:59:43,기타 
SPB-46823,2024-09-08 21:59:58,기타 
SPB-37818,2024-09-08 22:01:22,기타 
SPB-58946,2024-09-08 22:01:49,체인
SPB-38176,2024-09-08 22:01:59,체인
SPB-46899,2024-09-08 22:02:03,기타 
SPB-36020,2024-09-08 22:02:06,페달
SPB-44461,2024-09-08 22:04:07,페달
SPB-36044,2024-09-08 22:04:40,타이어 
SPB-33216,2024-09-08 22:06:11,기타 
SPB-42345,2024-09-08 22:07:43,타이어 
SPB-41048,2024-09-08 22:09:25,체인
SPB-41294,2024-09-08 22:10:12,체인
SPB-31148,2024-09-08 22:13:23,기타 
SPB-61057,2024-09-08 22:13:57,기타 
SPB-64131,2024-09-08 22:14:13,체인
SPB-44177,2024-09-08 22:15:42,체인
SPB-33517,2024-09-08 22:17:47,단말기
SPB-59680,2024-09-08 22:18:20,안장
SPB-67858,2024-09-08 22:22:00,페달
SPB-50882,2024-09-08 22:25:26,타이어 
SPB-55279,2024-09-08 22:26:02,기타 
SPB-45042,2024-09-08 22:26:04,체인
SPB-33381,2024-09-08 22:27:11,기타 
SPB-40401,2024-09-08 22:27:43,기타 
SPB-63780,2024-09-08 22:28:56,체인
SPB-69187,2024-09-08 22:30:15,체인
SPB-66992,2024-09-08 22:31:02,기타 
SPB-30552,2024-09-08 22:31:46,기타 
SPB-55461,2024-09-08 22:35:56,타이어 
SPB-31565,2024-09-08 22:37:00,기타 
SPB-60415,2024-09-08 22:39:59,타이어 
SPB-40982,2024-09-08 22:41:14,체인
SPB-40550,2024-09-08 22:46:47,체인
SPB-53027,2024-09-08 23:01:09,체인
SPB-48595,2024-09-08 23:06:13,체인
SPB-67151,2024-09-08 23:06:43,체인
SPB-53427,2024-09-08 23:06:56,기타 
SPB-60610,2024-09-08 23:21:09,체인
SPB-56696,2024-09-08 23:26:49,타이어 
SPB-30600,2024-09-08 23:27:00,기타 
SPB-67376,2024-09-08 23:46:18,체인
SPB-46059,2024-09-08 23:46:25,안장
SPB-65849,2024-09-08 23:54:25,타이어 
SPB-37173,2024-09-08 23:56:51,체인
SPB-39062,2024-09-09 00:04:17,페달
SPB-59563,2024-09-09 00:05:09,타이어 
SPB-62363,2024-09-09 00:08:49,체인
SPB-65870,2024-09-09 00:10:55,체인
SPB-41590,2024-09-09 00:12:01,체인
SPB-31703,2024-09-09 00:14:31,기타 
SPB-30886,2024-09-09 00:16:20,타이어 
SPB-38359,2024-09-09 00:16:51,체인
SPB-47262,2024-09-09 00:17:40,안장
SPB-55007,2024-09-09 00:20:27,타이어 
SPB-66501,2024-09-09 00:23:57,체인
SPB-45077,2024-09-09 00:33:18,체인
SPB-46446,2024-09-09 00:45:35,기타 
SPB-64036,2024-09-09 00:54:54,타이어 
SPB-67368,2024-09-09 00:59:28,타이어 
SPB-45226,2024-09-09 01:01:35,체인
SPB-61129,2024-09-09 01:19:11,타이어 
SPB-61994,2024-09-09 01:32:23,체인
SPB-59008,2024-09-09 01:32:47,페달
SPB-62822,2024-09-09 02:02:28,체인
SPB-80530,2024-09-09 02:13:40,타이어 
SPB-32971,2024-09-09 02:16:13,기타 
SPB-32866,2024-09-09 02:41:59,기타 
SPB-60515,2024-09-09 02:45:46,타이어 
SPB-41669,2024-09-09 02:50:40,타이어 
SPB-36046,2024-09-09 04:25:10,타이어 
SPB-48230,2024-09-09 04:43:13,체인
SPB-60099,2024-09-09 04:59:19,타이어 
SPB-56727,2024-09-09 05:11:51,안장
SPB-51203,2024-09-09 05:12:22,타이어 
SPB-36539,2024-09-09 05:12:48,타이어 
SPB-68191,2024-09-09 05:26:12,체인
SPB-69049,2024-09-09 05:30:24,페달
SPB-66193,2024-09-09 05:39:01,안장
SPB-65400,2024-09-09 05:41:39,기타 
SPB-54103,2024-09-09 05:42:04,단말기
SPB-69314,2024-09-09 05:43:04,체인
SPB-58317,2024-09-09 05:44:56,페달
SPB-35288,2024-09-09 05:49:16,타이어 
SPB-69284,2024-09-09 06:04:25,타이어 
SPB-61300,2024-09-09 06:11:36,체인
SPB-45795,2024-09-09 06:14:26,타이어 
SPB-52383,2024-09-09 06:21:41,타이어 
SPB-45171,2024-09-09 06:21:46,안장
SPB-67978,2024-09-09 06:25:17,체인
SPB-67337,2024-09-09 06:27:41,페달
SPB-39775,2024-09-09 06:31:30,안장
SPB-81766,2024-09-09 06:32:55,타이어 
SPB-59121,2024-09-09 06:33:30,안장
SPB-45274,2024-09-09 06:36:07,안장
SPB-42887,2024-09-09 06:36:13,타이어 
SPB-31129,2024-09-09 06:38:19,타이어 
SPB-35249,2024-09-09 06:39:05,페달
SPB-41078,2024-09-09 06:53:17,타이어 
SPB-63143,2024-09-09 06:58:21,기타 
SPB-65478,2024-09-09 07:01:25,기타 
SPB-66276,2024-09-09 07:05:49,타이어 
SPB-56680,2024-09-09 07:08:11,기타 
SPB-56775,2024-09-09 07:08:13,타이어 
SPB-56509,2024-09-09 07:08:52,페달
SPB-67517,2024-09-09 07:11:51,타이어 
SPB-69986,2024-09-09 07:16:18,체인
SPB-48512,2024-09-09 07:17:26,타이어 
SPB-48862,2024-09-09 07:17:27,단말기
SPB-43205,2024-09-09 07:18:42,기타 
SPB-69837,2024-09-09 07:19:00,페달
SPB-66200,2024-09-09 07:19:54,타이어 
SPB-38303,2024-09-09 07:21:57,페달
SPB-43820,2024-09-09 07:23:05,안장
SPB-60966,2024-09-09 07:23:53,안장
SPB-65936,2024-09-09 07:24:39,체인
SPB-47349,2024-09-09 07:25:19,체인
SPB-61526,2024-09-09 07:28:21,페달
SPB-39247,2024-09-09 07:28:29,페달
SPB-31282,2024-09-09 07:28:38,체인
SPB-43800,2024-09-09 07:30:22,체인
SPB-69992,2024-09-09 07:31:01,타이어 
SPB-32450,2024-09-09 07:33:40,안장
SPB-59811,2024-09-09 07:34:19,안장
SPB-63243,2024-09-09 07:34:22,타이어 
SPB-59112,2024-09-09 07:34:36,기타 
SPB-35411,2024-09-09 07:37:24,타이어 
SPB-45920,2024-09-09 07:37:46,안장
SPB-46787,2024-09-09 07:42:15,타이어 
SPB-45326,2024-09-09 07:43:59,기타 
SPB-35292,2024-09-09 07:51:44,체인
SPB-65125,2024-09-09 07:53:23,기타 
SPB-55058,2024-09-09 07:54:24,체인
SPB-59245,2024-09-09 07:54:58,기타 
SPB-64480,2024-09-09 07:55:06,체인
SPB-53490,2024-09-09 07:55:14,체인
SPB-38138,2024-09-09 07:56:28,체인
SPB-51333,2024-09-09 07:57:11,기타 
SPB-84518,2024-09-09 07:57:37,기타 
SPB-69486,2024-09-09 07:57:51,단말기
SPB-50906,2024-09-09 07:58:18,타이어 
SPB-51172,2024-09-09 07:59:26,안장
SPB-35388,2024-09-09 07:59:27,페달
SPB-47992,2024-09-09 07:59:55,체인
SPB-62792,2024-09-09 07:59:59,기타 
SPB-51131,2024-09-09 08:01:08,체인
SPB-53892,2024-09-09 08:02:22,기타 
SPB-69263,2024-09-09 08:02:43,타이어 
SPB-52794,2024-09-09 08:02:57,페달
SPB-33366,2024-09-09 08:03:12,기타 
SPB-34160,2024-09-09 08:03:27,안장
SPB-64980,2024-09-09 08:03:56,체인
SPB-43211,2024-09-09 08:05:36,안장
SPB-41654,2024-09-09 08:05:49,기타 
SPB-47380,2024-09-09 08:06:10,안장
SPB-61543,2024-09-09 08:07:08,안장
SPB-64454,2024-09-09 08:14:40,체인
SPB-54882,2024-09-09 08:14:57,타이어 
SPB-36966,2024-09-09 08:17:12,페달
SPB-40134,2024-09-09 08:18:02,체인
SPB-64591,2024-09-09 08:18:44,타이어 
SPB-30118,2024-09-09 08:22:22,타이어 
SPB-45114,2024-09-09 08:22:28,안장
SPB-49024,2024-09-09 08:23:26,페달
SPB-66450,2024-09-09 08:23:53,체인
SPB-39060,2024-09-09 08:25:06,체인
SPB-53989,2024-09-09 08:26:06,기타 
SPB-54482,2024-09-09 08:26:59,타이어 
SPB-70246,2024-09-09 08:27:06,체인
SPB-52818,2024-09-09 08:27:47,체인
SPB-62937,2024-09-09 08:27:48,타이어 
SPB-62576,2024-09-09 08:29:21,체인
SPB-37378,2024-09-09 08:29:56,페달
SPB-39363,2024-09-09 08:30:11,타이어 
SPB-56504,2024-09-09 08:31:43,타이어 
SPB-55005,2024-09-09 08:31:50,체인
SPB-52285,2024-09-09 08:33:10,기타 
SPB-38742,2024-09-09 08:33:43,기타 
SPB-45850,2024-09-09 08:35:34,체인
SPB-60599,2024-09-09 08:36:55,체인
SPB-46432,2024-09-09 08:37:48,체인
SPB-30783,2024-09-09 08:38:08,기타 
SPB-55131,2024-09-09 08:38:13,기타 
SPB-41445,2024-09-09 08:39:35,타이어 
SPB-65615,2024-09-09 08:39:46,체인
SPB-61955,2024-09-09 08:39:50,체인
SPB-48486,2024-09-09 08:42:28,타이어 
SPB-62256,2024-09-09 08:42:34,안장
SPB-39802,2024-09-09 08:43:49,체인
SPB-41020,2024-09-09 08:44:10,타이어 
SPB-44480,2024-09-09 08:44:17,체인
SPB-43607,2024-09-09 08:45:01,타이어 
SPB-32576,2024-09-09 08:45:04,페달
SPB-66748,2024-09-09 08:46:49,타이어 
SPB-47765,2024-09-09 08:48:26,페달
SPB-41026,2024-09-09 08:49:25,체인
SPB-38045,2024-09-09 08:50:26,기타 
SPB-67951,2024-09-09 08:50:34,타이어 
SPB-32691,2024-09-09 08:52:43,타이어 
SPB-52088,2024-09-09 08:53:23,체인
SPB-57606,2024-09-09 08:54:46,체인
SPB-48444,2024-09-09 08:55:11,타이어 
SPB-36587,2024-09-09 08:55:15,기타 
SPB-57022,2024-09-09 08:56:23,체인
SPB-42385,2024-09-09 08:56:54,타이어 
SPB-37952,2024-09-09 08:57:03,안장
SPB-48514,2024-09-09 08:57:40,타이어 
SPB-48704,2024-09-09 08:59:59,체인
SPB-50198,2024-09-09 09:00:49,타이어 
SPB-65434,2024-09-09 09:00:50,페달
SPB-40012,2024-09-09 09:01:01,안장
SPB-56775,2024-09-09 09:01:34,기타 
SPB-55535,2024-09-09 09:02:50,체인
SPB-30468,2024-09-09 09:05:37,기타 
SPB-43687,2024-09-09 09:07:36,체인
SPB-69385,2024-09-09 09:08:14,기타 
SPB-49014,2024-09-09 09:09:15,기타 
SPB-36084,2024-09-09 09:12:57,페달
SPB-45222,2024-09-09 09:13:12,타이어 
SPB-30168,2024-09-09 09:16:16,페달
SPB-80240,2024-09-09 09:18:40,타이어 
SPB-31894,2024-09-09 09:18:59,기타 
SPB-54428,2024-09-09 09:19:29,체인
SPB-51583,2024-09-09 09:19:36,타이어 
SPB-38687,2024-09-09 09:21:18,체인
SPB-69917,2024-09-09 09:27:51,기타 
SPB-38453,2024-09-09 09:30:10,체인
SPB-45473,2024-09-09 09:30:13,체인
SPB-80663,2024-09-09 09:32:46,타이어 
SPB-49213,2024-09-09 09:35:14,타이어 
SPB-34733,2024-09-09 09:35:32,체인
SPB-60325,2024-09-09 09:38:25,타이어 
SPB-33949,2024-09-09 09:38:35,체인
SPB-84248,2024-09-09 09:45:11,타이어 
SPB-59325,2024-09-09 09:46:08,기타 
SPB-31578,2024-09-09 09:51:21,기타 
SPB-37354,2024-09-09 09:52:46,타이어 
SPB-65614,2024-09-09 09:53:07,타이어 
SPB-52040,2024-09-09 09:53:56,페달
SPB-35094,2024-09-09 09:59:15,체인
SPB-37458,2024-09-09 10:00:23,체인
SPB-55684,2024-09-09 10:01:47,체인
SPB-58951,2024-09-09 10:05:51,페달
SPB-45352,2024-09-09 10:07:00,안장
SPB-56282,2024-09-09 10:07:07,타이어 
SPB-61654,2024-09-09 10:11:41,페달
SPB-63217,2024-09-09 10:12:21,타이어 
SPB-47629,2024-09-09 10:23:31,타이어 
SPB-35977,2024-09-09 10:24:15,타이어 
SPB-48514,2024-09-09 10:28:42,타이어 
SPB-36046,2024-09-09 10:29:23,타이어 
SPB-34503,2024-09-09 10:31:59,안장
SPB-60420,2024-09-09 10:32:25,타이어 
SPB-69462,2024-09-09 10:32:36,페달
SPB-55202,2024-09-09 10:40:19,페달
SPB-61623,2024-09-09 10:41:59,기타 
SPB-39782,2024-09-09 10:42:20,타이어 
SPB-43119,2024-09-09 10:47:41,체인
SPB-30036,2024-09-09 10:51:09,페달
SPB-66843,2024-09-09 10:53:16,타이어 
SPB-34269,2024-09-09 10:54:48,단말기
SPB-45644,2024-09-09 10:55:38,안장
SPB-69641,2024-09-09 10:56:04,안장
SPB-62477,2024-09-09 10:57:08,타이어 
SPB-35604,2024-09-09 11:06:27,안장
SPB-70025,2024-09-09 11:09:45,기타 
SPB-48977,2024-09-09 11:17:09,타이어 
SPB-40760,2024-09-09 11:17:22,기타 
SPB-62997,2024-09-09 11:17:51,페달
SPB-42466,2024-09-09 11:18:04,타이어 
SPB-40712,2024-09-09 11:19:40,기타 
SPB-31571,2024-09-09 11:20:53,기타 
SPB-41726,2024-09-09 11:21:03,체인
SPB-52740,2024-09-09 11:22:56,안장
SPB-42751,2024-09-09 11:26:01,체인
SPB-41915,2024-09-09 11:27:02,페달
SPB-62891,2024-09-09 11:31:21,타이어 
SPB-63879,2024-09-09 11:33:16,기타 
SPB-64875,2024-09-09 11:33:33,기타 
SPB-55455,2024-09-09 11:40:34,타이어 
SPB-70176,2024-09-09 11:40:56,페달
SPB-47973,2024-09-09 11:49:21,안장
SPB-47335,2024-09-09 11:53:47,체인
SPB-51927,2024-09-09 11:54:33,체인
SPB-64678,2024-09-09 11:57:47,기타 
SPB-39505,2024-09-09 12:02:47,기타 
SPB-68241,2024-09-09 12:04:15,체인
SPB-60433,2024-09-09 12:05:05,체인
SPB-63563,2024-09-09 12:06:13,타이어 
SPB-66218,2024-09-09 12:06:16,기타 
SPB-43492,2024-09-09 12:08:51,타이어 
SPB-52009,2024-09-09 12:09:05,체인
SPB-50882,2024-09-09 12:11:52,타이어 
SPB-43174,2024-09-09 12:13:17,체인
SPB-48242,2024-09-09 12:13:39,타이어 
SPB-64668,2024-09-09 12:21:21,타이어 
SPB-66913,2024-09-09 12:22:37,타이어 
SPB-67284,2024-09-09 12:24:20,기타 
SPB-35356,2024-09-09 12:27:34,기타 
SPB-68018,2024-09-09 12:28:38,타이어 
SPB-32893,2024-09-09 12:36:57,타이어 
SPB-46515,2024-09-09 12:39:32,체인
SPB-57332,2024-09-09 12:55:23,타이어 
SPB-54122,2024-09-09 12:56:33,안장
SPB-68036,2024-09-09 13:00:58,기타 
SPB-61522,2024-09-09 13:01:45,타이어 
SPB-65476,2024-09-09 13:02:11,기타 
SPB-44488,2024-09-09 13:06:31,기타 
SPB-40102,2024-09-09 13:11:22,타이어 
SPB-69250,2024-09-09 13:13:49,체인
SPB-66092,2024-09-09 13:16:39,타이어 
SPB-58826,2024-09-09 13:18:12,안장
SPB-32446,2024-09-09 13:18:45,기타 
SPB-52468,2024-09-09 13:24:17,단말기
SPB-67534,2024-09-09 13:37:52,타이어 
SPB-48809,2024-09-09 13:50:38,페달
SPB-59118,2024-09-09 13:55:24,기타 
SPB-43432,2024-09-09 14:00:00,타이어 
SPB-46178,2024-09-09 14:14:07,기타 
SPB-45985,2024-09-09 14:15:34,페달
SPB-64311,2024-09-09 14:18:00,타이어 
SPB-48115,2024-09-09 14:22:04,단말기
SPB-61023,2024-09-09 14:39:25,타이어 
SPB-59407,2024-09-09 14:40:09,타이어 
SPB-44589,2024-09-09 14:49:03,타이어 
SPB-47027,2024-09-09 14:58:32,타이어 
SPB-39701,2024-09-09 15:07:41,체인
SPB-32299,2024-09-09 15:09:55,타이어 
SPB-56022,2024-09-09 15:11:57,페달
SPB-54177,2024-09-09 15:14:37,타이어 
SPB-50723,2024-09-09 15:16:23,타이어 
SPB-40265,2024-09-09 15:16:36,안장
SPB-31449,2024-09-09 15:20:24,체인
SPB-40839,2024-09-09 15:21:57,체인
SPB-60513,2024-09-09 15:22:24,체인
SPB-70071,2024-09-09 15:23:04,체인
SPB-40535,2024-09-09 15:23:29,타이어 
SPB-55752,2024-09-09 15:23:56,안장
SPB-41256,2024-09-09 15:25:18,안장
SPB-36629,2024-09-09 15:28:15,체인
SPB-58437,2024-09-09 15:29:58,체인
SPB-67229,2024-09-09 15:31:12,기타 
SPB-45852,2024-09-09 15:32:03,타이어 
SPB-66871,2024-09-09 15:34:49,기타 
SPB-33444,2024-09-09 15:36:30,기타 
SPB-60669,2024-09-09 15:39:03,안장
SPB-61637,2024-09-09 15:44:02,페달
SPB-64675,2024-09-09 15:44:24,안장
SPB-59815,2024-09-09 15:47:19,페달
SPB-43747,2024-09-09 15:48:36,안장
SPB-57193,2024-09-09 15:50:54,타이어 
SPB-46221,2024-09-09 15:57:31,단말기
SPB-70331,2024-09-09 15:57:46,체인
SPB-61344,2024-09-09 15:58:41,타이어 
SPB-30461,2024-09-09 16:04:46,체인
SPB-36024,2024-09-09 16:11:49,안장
SPB-66924,2024-09-09 16:20:09,기타 
SPB-65585,2024-09-09 16:20:29,기타 
SPB-67640,2024-09-09 16:29:57,기타 
SPB-66912,2024-09-09 16:30:42,타이어 
SPB-31885,2024-09-09 16:31:20,기타 
SPB-65656,2024-09-09 16:35:16,단말기
SPB-53942,2024-09-09 16:35:55,체인
SPB-69103,2024-09-09 16:36:37,안장
SPB-39315,2024-09-09 16:39:46,체인
SPB-50824,2024-09-09 16:39:47,타이어 
SPB-61654,2024-09-09 16:40:19,기타 
SPB-44535,2024-09-09 16:41:23,체인
SPB-47726,2024-09-09 16:43:05,페달
SPB-32082,2024-09-09 16:43:09,안장
SPB-46395,2024-09-09 16:45:07,기타 
SPB-37125,2024-09-09 16:46:04,타이어 
SPB-32497,2024-09-09 16:50:18,기타 
SPB-45491,2024-09-09 16:51:20,안장
SPB-64943,2024-09-09 16:52:05,타이어 
SPB-43740,2024-09-09 16:55:14,페달
SPB-35187,2024-09-09 16:55:50,체인
SPB-57734,2024-09-09 16:56:46,타이어 
SPB-38865,2024-09-09 16:57:45,기타 
SPB-56493,2024-09-09 17:02:07,페달
SPB-51958,2024-09-09 17:05:47,페달
SPB-37132,2024-09-09 17:05:58,안장
SPB-46256,2024-09-09 17:07:27,타이어 
SPB-33018,2024-09-09 17:09:15,타이어 
SPB-58851,2024-09-09 17:10:09,타이어 
SPB-37962,2024-09-09 17:10:56,기타 
SPB-60701,2024-09-09 17:13:46,체인
SPB-70312,2024-09-09 17:13:49,타이어 
SPB-58839,2024-09-09 17:15:55,페달
SPB-58278,2024-09-09 17:16:05,기타 
SPB-63734,2024-09-09 17:17:47,타이어 
SPB-59494,2024-09-09 17:18:52,단말기
SPB-63966,2024-09-09 17:19:52,타이어 
SPB-41404,2024-09-09 17:20:35,체인
SPB-65284,2024-09-09 17:22:09,타이어 
SPB-66103,2024-09-09 17:23:50,체인
SPB-53768,2024-09-09 17:26:30,기타 
SPB-30022,2024-09-09 17:26:56,체인
SPB-50360,2024-09-09 17:30:54,안장
SPB-63237,2024-09-09 17:35:14,체인
SPB-59964,2024-09-09 17:36:39,안장
SPB-38908,2024-09-09 17:37:19,체인
SPB-48673,2024-09-09 17:37:32,타이어 
SPB-55964,2024-09-09 17:37:46,기타 
SPB-63093,2024-09-09 17:38:13,안장
SPB-58848,2024-09-09 17:41:51,체인
SPB-67700,2024-09-09 17:44:00,안장
SPB-53688,2024-09-09 17:44:15,타이어 
SPB-67933,2024-09-09 17:44:50,체인
SPB-62308,2024-09-09 17:45:27,체인
SPB-66574,2024-09-09 17:45:55,타이어 
SPB-62532,2024-09-09 17:46:34,안장
SPB-41016,2024-09-09 17:48:04,타이어 
SPB-42910,2024-09-09 17:48:41,안장
SPB-39855,2024-09-09 17:49:53,타이어 
SPB-52231,2024-09-09 17:51:22,기타 
SPB-42266,2024-09-09 17:52:17,페달
SPB-31397,2024-09-09 17:52:52,체인
SPB-32750,2024-09-09 17:55:41,타이어 
SPB-33305,2024-09-09 17:56:25,타이어 
SPB-52476,2024-09-09 17:56:27,페달
SPB-31105,2024-09-09 17:57:08,타이어 
SPB-64735,2024-09-09 17:57:45,기타 
SPB-44263,2024-09-09 17:58:13,체인
SPB-63469,2024-09-09 17:58:50,타이어 
SPB-40404,2024-09-09 17:59:09,페달
SPB-50598,2024-09-09 17:59:19,체인
SPB-50106,2024-09-09 18:02:03,기타 
SPB-30234,2024-09-09 18:05:01,체인
SPB-56022,2024-09-09 18:06:22,페달
SPB-55283,2024-09-09 18:07:03,체인
SPB-62993,2024-09-09 18:08:33,타이어 
SPB-84724,2024-09-09 18:09:29,타이어 
SPB-60006,2024-09-09 18:09:30,타이어 
SPB-39526,2024-09-09 18:10:00,안장
SPB-69837,2024-09-09 18:10:01,기타 
SPB-65782,2024-09-09 18:10:32,페달
SPB-64486,2024-09-09 18:10:44,타이어 
SPB-45916,2024-09-09 18:11:53,체인
SPB-56734,2024-09-09 18:11:59,체인
SPB-65089,2024-09-09 18:12:09,체인
SPB-70232,2024-09-09 18:12:31,타이어 
SPB-56590,2024-09-09 18:12:33,안장
SPB-32426,2024-09-09 18:12:43,기타 
SPB-69672,2024-09-09 18:14:51,안장
SPB-59427,2024-09-09 18:15:13,기타 
SPB-31372,2024-09-09 18:15:46,안장
SPB-60646,2024-09-09 18:16:21,안장
SPB-61028,2024-09-09 18:18:23,체인
SPB-58746,2024-09-09 18:18:39,기타 
SPB-48775,2024-09-09 18:18:48,타이어 
SPB-51401,2024-09-09 18:19:10,기타 
SPB-31294,2024-09-09 18:20:33,체인
SPB-46806,2024-09-09 18:20:43,체인
SPB-32548,2024-09-09 18:21:02,타이어 
SPB-56870,2024-09-09 18:21:05,타이어 
SPB-55764,2024-09-09 18:21:54,페달
SPB-54300,2024-09-09 18:22:05,페달
SPB-70462,2024-09-09 18:23:13,기타 
SPB-59816,2024-09-09 18:23:15,페달
SPB-47142,2024-09-09 18:23:49,체인
SPB-42708,2024-09-09 18:24:09,안장
SPB-61067,2024-09-09 18:26:20,타이어 
SPB-69214,2024-09-09 18:26:33,체인
SPB-37772,2024-09-09 18:27:51,안장
SPB-55878,2024-09-09 18:29:05,기타 
SPB-55724,2024-09-09 18:29:22,페달
SPB-56843,2024-09-09 18:31:35,체인
SPB-31964,2024-09-09 18:31:45,타이어 
SPB-50099,2024-09-09 18:32:16,타이어 
SPB-38779,2024-09-09 18:32:24,체인
SPB-46283,2024-09-09 18:33:07,타이어 
SPB-35819,2024-09-09 18:33:08,기타 
SPB-31575,2024-09-09 18:35:02,타이어 
SPB-48510,2024-09-09 18:38:14,페달
SPB-69979,2024-09-09 18:38:40,기타 
SPB-41344,2024-09-09 18:38:48,안장
SPB-30808,2024-09-09 18:38:51,타이어 
SPB-58239,2024-09-09 18:40:14,기타 
SPB-56504,2024-09-09 18:40:25,체인
SPB-69807,2024-09-09 18:40:38,체인
SPB-42020,2024-09-09 18:40:57,안장
SPB-52980,2024-09-09 18:41:05,타이어 
SPB-58706,2024-09-09 18:41:42,타이어 
SPB-62399,2024-09-09 18:41:54,기타 
SPB-43864,2024-09-09 18:41:54,기타 
SPB-36139,2024-09-09 18:42:22,타이어 
SPB-54670,2024-09-09 18:44:04,페달
SPB-70083,2024-09-09 18:44:21,기타 
SPB-69762,2024-09-09 18:44:26,안장
SPB-57990,2024-09-09 18:45:09,체인
SPB-34101,2024-09-09 18:45:39,안장
SPB-50348,2024-09-09 18:46:16,타이어 
SPB-53721,2024-09-09 18:46:57,타이어 
SPB-55291,2024-09-09 18:47:12,페달
SPB-39106,2024-09-09 18:47:17,안장
SPB-57015,2024-09-09 18:48:40,타이어 
SPB-57760,2024-09-09 18:49:23,체인
SPB-53666,2024-09-09 18:49:27,타이어 
SPB-61873,2024-09-09 18:49:38,안장
SPB-56274,2024-09-09 18:49:40,체인
SPB-43727,2024-09-09 18:50:12,타이어 
SPB-58583,2024-09-09 18:50:48,타이어 
SPB-59972,2024-09-09 18:52:14,타이어 
SPB-40148,2024-09-09 18:53:17,체인
SPB-43211,2024-09-09 18:56:07,기타 
SPB-51188,2024-09-09 18:56:20,체인
SPB-48535,2024-09-09 18:58:49,기타 
SPB-54538,2024-09-09 18:59:26,타이어 
SPB-50148,2024-09-09 18:59:56,타이어 
SPB-47727,2024-09-09 19:01:52,타이어 
SPB-55702,2024-09-09 19:02:16,타이어 
SPB-34257,2024-09-09 19:03:23,기타 
SPB-68128,2024-09-09 19:04:51,타이어 
SPB-60869,2024-09-09 19:05:06,안장
SPB-81349,2024-09-09 19:06:01,타이어 
SPB-62045,2024-09-09 19:06:16,체인
SPB-57868,2024-09-09 19:07:42,타이어 
SPB-64902,2024-09-09 19:07:44,타이어 
SPB-41723,2024-09-09 19:08:26,기타 
SPB-68287,2024-09-09 19:09:30,단말기
SPB-52271,2024-09-09 19:10:40,페달
SPB-80455,2024-09-09 19:11:27,체인
SPB-47147,2024-09-09 19:11:54,단말기
SPB-36966,2024-09-09 19:13:12,체인
SPB-39418,2024-09-09 19:14:12,체인
SPB-47926,2024-09-09 19:14:30,체인
SPB-34481,2024-09-09 19:14:55,타이어 
SPB-58104,2024-09-09 19:15:17,타이어 
SPB-80761,2024-09-09 19:17:56,기타 
SPB-31926,2024-09-09 19:18:00,타이어 
SPB-50800,2024-09-09 19:19:20,타이어 
SPB-53597,2024-09-09 19:19:26,체인
SPB-30208,2024-09-09 19:19:54,타이어 
SPB-41448,2024-09-09 19:22:26,체인
SPB-62035,2024-09-09 19:22:54,타이어 
SPB-33438,2024-09-09 19:23:27,기타 
SPB-47996,2024-09-09 19:24:43,타이어 
SPB-64989,2024-09-09 19:25:07,타이어 
SPB-45678,2024-09-09 19:27:50,타이어 
SPB-35548,2024-09-09 19:27:56,기타 
SPB-51236,2024-09-09 19:29:07,기타 
SPB-47966,2024-09-09 19:29:08,페달
SPB-55482,2024-09-09 19:29:52,기타 
SPB-69726,2024-09-09 19:30:50,체인
SPB-67147,2024-09-09 19:31:01,기타 
SPB-54242,2024-09-09 19:32:47,타이어 
SPB-43865,2024-09-09 19:34:24,안장
SPB-33554,2024-09-09 19:35:24,기타 
SPB-41211,2024-09-09 19:35:40,안장
SPB-34616,2024-09-09 19:36:41,기타 
SPB-42021,2024-09-09 19:38:52,체인
SPB-57065,2024-09-09 19:41:10,페달
SPB-50168,2024-09-09 19:42:06,기타 
SPB-70494,2024-09-09 19:42:37,기타 
SPB-65775,2024-09-09 19:43:50,단말기
SPB-41447,2024-09-09 19:43:57,기타 
SPB-57341,2024-09-09 19:47:37,타이어 
SPB-66081,2024-09-09 19:48:21,체인
SPB-46735,2024-09-09 19:48:25,체인
SPB-38184,2024-09-09 19:49:11,기타 
SPB-57363,2024-09-09 19:50:12,타이어 
SPB-61854,2024-09-09 19:51:46,체인
SPB-58204,2024-09-09 19:53:25,기타 
SPB-64002,2024-09-09 19:54:56,기타 
SPB-60813,2024-09-09 19:56:10,체인
SPB-46524,2024-09-09 19:57:32,체인
SPB-65605,2024-09-09 19:57:46,단말기
SPB-31891,2024-09-09 19:58:53,체인
SPB-41430,2024-09-09 20:01:45,체인
SPB-55143,2024-09-09 20:02:26,타이어 
SPB-34991,2024-09-09 20:02:57,타이어 
SPB-32020,2024-09-09 20:03:20,체인
SPB-69808,2024-09-09 20:09:01,단말기
SPB-67372,2024-09-09 20:10:02,타이어 
SPB-46648,2024-09-09 20:10:45,기타 
SPB-45689,2024-09-09 20:11:03,단말기
SPB-69552,2024-09-09 20:12:13,기타 
SPB-36395,2024-09-09 20:13:11,기타 
SPB-42536,2024-09-09 20:14:30,타이어 
SPB-62331,2024-09-09 20:17:02,체인
SPB-37355,2024-09-09 20:18:28,단말기
SPB-60680,2024-09-09 20:18:32,기타 
SPB-60179,2024-09-09 20:20:06,타이어 
SPB-34684,2024-09-09 20:20:50,기타 
SPB-56777,2024-09-09 20:23:35,타이어 
SPB-56179,2024-09-09 20:24:59,기타 
SPB-44675,2024-09-09 20:25:25,체인
SPB-46945,2024-09-09 20:26:46,타이어 
SPB-56754,2024-09-09 20:27:58,기타 
SPB-67289,2024-09-09 20:28:44,기타 
SPB-69476,2024-09-09 20:29:22,기타 
SPB-51626,2024-09-09 20:29:46,체인
SPB-42973,2024-09-09 20:29:48,체인
SPB-43715,2024-09-09 20:30:37,체인
SPB-60555,2024-09-09 20:30:38,기타 
SPB-34211,2024-09-09 20:31:14,체인
SPB-45047,2024-09-09 20:31:16,타이어 
SPB-60749,2024-09-09 20:33:09,체인
SPB-38794,2024-09-09 20:33:47,체인
SPB-31303,2024-09-09 20:34:02,타이어 
SPB-46790,2024-09-09 20:34:50,페달
SPB-62634,2024-09-09 20:35:51,페달
SPB-43862,2024-09-09 20:36:08,체인
SPB-59990,2024-09-09 20:37:05,기타 
SPB-42624,2024-09-09 20:37:09,체인
SPB-57156,2024-09-09 20:38:03,페달
SPB-83648,2024-09-09 20:39:23,타이어 
SPB-62865,2024-09-09 20:40:20,페달
SPB-56489,2024-09-09 20:44:10,기타 
SPB-44177,2024-09-09 20:45:29,페달
SPB-33618,2024-09-09 20:46:12,타이어 
SPB-36591,2024-09-09 20:47:03,타이어 
SPB-59392,2024-09-09 20:47:46,타이어 
SPB-66263,2024-09-09 20:48:57,타이어 
SPB-34681,2024-09-09 20:49:59,타이어 
SPB-42920,2024-09-09 20:50:36,체인
SPB-56928,2024-09-09 20:51:44,페달
SPB-53456,2024-09-09 20:53:48,타이어 
SPB-45105,2024-09-09 21:02:51,타이어 
SPB-67747,2024-09-09 21:03:26,타이어 
SPB-39486,2024-09-09 21:04:41,페달
SPB-69796,2024-09-09 21:08:27,타이어 
SPB-67949,2024-09-09 21:09:40,단말기
SPB-63610,2024-09-09 21:12:24,체인
SPB-48871,2024-09-09 21:13:02,체인
SPB-67944,2024-09-09 21:16:34,기타 
SPB-45837,2024-09-09 21:17:05,페달
SPB-55740,2024-09-09 21:19:18,안장
SPB-47291,2024-09-09 21:20:57,기타 
SPB-50090,2024-09-09 21:22:03,페달
SPB-41312,2024-09-09 21:22:41,안장
SPB-52744,2024-09-09 21:23:50,페달
SPB-59087,2024-09-09 21:24:10,체인
SPB-53381,2024-09-09 21:24:37,안장
SPB-68409,2024-09-09 21:28:20,체인
SPB-53877,2024-09-09 21:28:50,안장
SPB-59631,2024-09-09 21:30:48,체인
SPB-51452,2024-09-09 21:31:33,타이어 
SPB-51053,2024-09-09 21:33:24,타이어 
SPB-51051,2024-09-09 21:35:48,타이어 
SPB-70242,2024-09-09 21:36:46,페달
SPB-57808,2024-09-09 21:37:36,타이어 
SPB-55979,2024-09-09 21:38:46,단말기
SPB-59812,2024-09-09 21:38:52,페달
SPB-42470,2024-09-09 21:40:00,타이어 
SPB-54949,2024-09-09 21:40:01,기타 
SPB-52609,2024-09-09 21:41:24,체인
SPB-32366,2024-09-09 21:46:54,기타 
SPB-56775,2024-09-09 21:47:08,타이어 
SPB-61852,2024-09-09 21:47:23,기타 
SPB-63961,2024-09-09 21:48:10,단말기
SPB-36942,2024-09-09 21:48:28,체인
SPB-67490,2024-09-09 21:48:37,타이어 
SPB-33149,2024-09-09 21:51:41,체인
SPB-40997,2024-09-09 21:52:27,기타 
SPB-55423,2024-09-09 21:55:39,체인
SPB-44329,2024-09-09 21:56:41,타이어 
SPB-46892,2024-09-09 21:56:52,페달
SPB-52626,2024-09-09 21:56:53,기타 
SPB-65840,2024-09-09 22:02:17,타이어 
SPB-81234,2024-09-09 22:02:59,타이어 
SPB-44732,2024-09-09 22:04:32,체인
SPB-38440,2024-09-09 22:04:59,타이어 
SPB-56361,2024-09-09 22:06:54,타이어 
SPB-60754,2024-09-09 22:10:39,기타 
SPB-41817,2024-09-09 22:14:11,타이어 
SPB-54643,2024-09-09 22:14:20,타이어 
SPB-60638,2024-09-09 22:14:40,안장
SPB-50061,2024-09-09 22:15:47,기타 
SPB-69726,2024-09-09 22:16:51,기타 
SPB-54103,2024-09-09 22:16:57,타이어 
SPB-66798,2024-09-09 22:18:27,타이어 
SPB-44863,2024-09-09 22:19:42,기타 
SPB-40102,2024-09-09 22:20:07,타이어 
SPB-81799,2024-09-09 22:22:44,기타 
SPB-43496,2024-09-09 22:24:42,타이어 
SPB-51903,2024-09-09 22:27:02,타이어 
SPB-37998,2024-09-09 22:27:11,체인
SPB-42287,2024-09-09 22:28:36,기타 
SPB-49027,2024-09-09 22:33:16,페달
SPB-38042,2024-09-09 22:34:51,타이어 
SPB-49151,2024-09-09 22:35:24,기타 
SPB-56846,2024-09-09 22:37:29,타이어 
SPB-30233,2024-09-09 22:39:55,타이어 
SPB-39903,2024-09-09 22:52:25,안장
SPB-33454,2024-09-09 22:58:12,안장
SPB-31823,2024-09-09 22:59:16,안장
SPB-67589,2024-09-09 23:03:50,체인
SPB-30393,2024-09-09 23:13:30,타이어 
SPB-36686,2024-09-09 23:13:40,단말기
SPB-38430,2024-09-09 23:17:38,체인
SPB-53385,2024-09-09 23:19:08,체인
SPB-56273,2024-09-09 23:19:55,기타 
SPB-47986,2024-09-09 23:20:54,체인
SPB-59808,2024-09-09 23:22:36,타이어 
SPB-52692,2024-09-09 23:22:39,페달
SPB-40427,2024-09-09 23:29:21,체인
SPB-62948,2024-09-09 23:30:23,체인
SPB-43123,2024-09-09 23:45:01,체인
SPB-52257,2024-09-09 23:47:11,기타 
SPB-63177,2024-09-09 23:52:34,타이어 
SPB-39700,2024-09-09 23:57:05,안장
SPB-34763,2024-09-10 00:01:46,기타 
SPB-31830,2024-09-10 00:09:57,기타 
SPB-49005,2024-09-10 00:13:46,페달
SPB-66532,2024-09-10 00:20:11,타이어 
SPB-69836,2024-09-10 00:21:19,체인
SPB-35649,2024-09-10 00:25:04,안장
SPB-68146,2024-09-10 00:42:24,타이어 
SPB-41543,2024-09-10 00:53:25,페달
SPB-52628,2024-09-10 00:56:03,안장
SPB-62802,2024-09-10 00:56:48,타이어 
SPB-84428,2024-09-10 01:01:48,기타 
SPB-35407,2024-09-10 01:24:05,체인
SPB-39251,2024-09-10 01:39:02,기타 
SPB-43666,2024-09-10 01:48:31,체인
SPB-59611,2024-09-10 01:54:37,체인
SPB-58868,2024-09-10 02:03:31,체인
SPB-31548,2024-09-10 02:08:59,타이어 
SPB-41689,2024-09-10 02:10:23,체인
SPB-45448,2024-09-10 02:29:49,안장
SPB-31324,2024-09-10 05:12:46,기타 
SPB-33394,2024-09-10 05:41:28,기타 
SPB-38953,2024-09-10 05:46:50,타이어 
SPB-53792,2024-09-10 05:50:30,타이어 
SPB-56353,2024-09-10 06:22:00,기타 
SPB-32435,2024-09-10 06:23:19,페달
SPB-52488,2024-09-10 06:27:49,타이어 
SPB-46048,2024-09-10 06:33:52,체인
SPB-53836,2024-09-10 06:34:48,기타 
SPB-59785,2024-09-10 06:35:18,타이어 
SPB-44386,2024-09-10 06:36:38,안장
SPB-37787,2024-09-10 06:37:33,체인
SPB-45552,2024-09-10 06:38:10,타이어 
SPB-66455,2024-09-10 06:38:41,기타 
SPB-40096,2024-09-10 06:43:16,기타 
SPB-68877,2024-09-10 06:45:42,타이어 
SPB-47040,2024-09-10 06:46:23,타이어 
SPB-58581,2024-09-10 06:48:44,타이어 
SPB-42764,2024-09-10 06:49:24,타이어 
SPB-42113,2024-09-10 06:57:55,타이어 
SPB-42809,2024-09-10 07:04:47,체인
SPB-33399,2024-09-10 07:05:23,타이어 
SPB-62728,2024-09-10 07:05:30,체인
SPB-32597,2024-09-10 07:12:40,기타 
SPB-52427,2024-09-10 07:13:53,타이어 
SPB-55751,2024-09-10 07:14:40,체인
SPB-66214,2024-09-10 07:18:15,기타 
SPB-56961,2024-09-10 07:20:00,기타 
SPB-56209,2024-09-10 07:21:54,타이어 
SPB-63819,2024-09-10 07:23:33,타이어 
SPB-31405,2024-09-10 07:23:44,안장
SPB-54121,2024-09-10 07:25:31,타이어 
SPB-61815,2024-09-10 07:26:06,타이어 
SPB-54284,2024-09-10 07:38:19,페달
SPB-33099,2024-09-10 07:38:39,기타 
SPB-70045,2024-09-10 07:42:28,체인
SPB-42344,2024-09-10 07:44:13,타이어 
SPB-41575,2024-09-10 07:44:44,체인
SPB-58177,2024-09-10 07:45:53,페달
SPB-30865,2024-09-10 07:46:01,기타 
SPB-64199,2024-09-10 07:46:39,타이어 
SPB-66862,2024-09-10 07:47:15,기타 
SPB-63527,2024-09-10 07:48:56,안장
SPB-68139,2024-09-10 07:48:57,단말기
SPB-60181,2024-09-10 07:49:53,안장
SPB-68564,2024-09-10 07:50:58,안장
SPB-61277,2024-09-10 07:51:24,안장
SPB-47716,2024-09-10 07:51:25,기타 
SPB-43852,2024-09-10 07:52:42,체인
SPB-60767,2024-09-10 07:52:44,타이어 
SPB-42222,2024-09-10 07:53:39,페달
SPB-63733,2024-09-10 07:54:50,안장
SPB-38462,2024-09-10 07:56:21,체인
SPB-53098,2024-09-10 07:57:25,타이어 
SPB-49189,2024-09-10 07:58:06,체인
SPB-60539,2024-09-10 07:59:01,타이어 
SPB-50002,2024-09-10 08:00:46,타이어 
SPB-39404,2024-09-10 08:00:57,페달
SPB-32185,2024-09-10 08:02:16,타이어 
SPB-57090,2024-09-10 08:03:23,타이어 
SPB-58162,2024-09-10 08:03:46,체인
SPB-53360,2024-09-10 08:06:19,타이어 
SPB-45393,2024-09-10 08:07:21,타이어 
SPB-33070,2024-09-10 08:09:45,타이어 
SPB-62050,2024-09-10 08:09:58,체인
SPB-67380,2024-09-10 08:11:45,기타 
SPB-55955,2024-09-10 08:12:51,타이어 
SPB-63592,2024-09-10 08:13:47,기타 
SPB-34022,2024-09-10 08:15:06,체인
SPB-57851,2024-09-10 08:15:14,페달
SPB-68578,2024-09-10 08:15:32,체인
SPB-34645,2024-09-10 08:15:46,타이어 
SPB-31584,2024-09-10 08:15:55,페달
SPB-63325,2024-09-10 08:16:43,타이어 
SPB-66502,2024-09-10 08:17:06,타이어 
SPB-57537,2024-09-10 08:17:27,기타 
SPB-53189,2024-09-10 08:17:33,기타 
SPB-56896,2024-09-10 08:17:45,체인
SPB-33663,2024-09-10 08:19:16,체인
SPB-55704,2024-09-10 08:19:45,타이어 
SPB-44339,2024-09-10 08:20:22,기타 
SPB-33974,2024-09-10 08:24:14,체인
SPB-57867,2024-09-10 08:24:16,안장
SPB-33338,2024-09-10 08:25:03,체인
SPB-48816,2024-09-10 08:25:12,페달
SPB-48103,2024-09-10 08:25:20,기타 
SPB-64938,2024-09-10 08:25:29,타이어 
SPB-66633,2024-09-10 08:25:33,타이어 
SPB-31050,2024-09-10 08:26:18,기타 
SPB-41588,2024-09-10 08:26:27,안장
SPB-61653,2024-09-10 08:26:58,체인
SPB-54155,2024-09-10 08:27:13,타이어 
SPB-40646,2024-09-10 08:27:16,페달
SPB-39419,2024-09-10 08:30:17,기타 
SPB-58146,2024-09-10 08:30:41,페달
SPB-59974,2024-09-10 08:31:31,타이어 
SPB-41193,2024-09-10 08:32:27,안장
SPB-65117,2024-09-10 08:34:27,기타 
SPB-44383,2024-09-10 08:36:47,체인
SPB-53485,2024-09-10 08:36:58,체인
SPB-69187,2024-09-10 08:38:08,안장
SPB-35309,2024-09-10 08:38:09,기타 
SPB-67790,2024-09-10 08:38:22,타이어 
SPB-41661,2024-09-10 08:38:22,기타 
SPB-53134,2024-09-10 08:39:12,페달
SPB-55540,2024-09-10 08:39:38,페달
SPB-46944,2024-09-10 08:40:30,체인
SPB-49107,2024-09-10 08:40:30,체인
SPB-46510,2024-09-10 08:43:46,페달
SPB-56449,2024-09-10 08:50:29,타이어 
SPB-45993,2024-09-10 08:50:36,기타 
SPB-38608,2024-09-10 08:51:10,기타 
SPB-36532,2024-09-10 08:51:48,페달
SPB-54523,2024-09-10 08:52:34,타이어 
SPB-33384,2024-09-10 08:52:40,체인
SPB-41437,2024-09-10 08:52:59,체인
SPB-50698,2024-09-10 08:53:35,체인
SPB-53202,2024-09-10 08:54:18,페달
SPB-50701,2024-09-10 08:54:33,페달
SPB-55286,2024-09-10 08:54:34,타이어 
SPB-57849,2024-09-10 08:54:39,기타 
SPB-55276,2024-09-10 08:55:09,타이어 
SPB-45356,2024-09-10 08:56:12,기타 
SPB-46848,2024-09-10 08:56:19,안장
SPB-48961,2024-09-10 08:56:41,페달
SPB-56865,2024-09-10 08:56:47,기타 
SPB-30663,2024-09-10 08:56:57,안장
SPB-51645,2024-09-10 08:57:24,페달
SPB-38188,2024-09-10 08:57:46,체인
SPB-35745,2024-09-10 08:57:48,체인
SPB-62410,2024-09-10 08:58:17,타이어 
SPB-33078,2024-09-10 08:59:29,페달
SPB-63946,2024-09-10 08:59:56,안장
SPB-64883,2024-09-10 09:00:27,기타 
SPB-47673,2024-09-10 09:03:20,체인
SPB-61102,2024-09-10 09:05:07,타이어 
SPB-62728,2024-09-10 09:05:30,페달
SPB-41457,2024-09-10 09:06:18,체인
SPB-69510,2024-09-10 09:09:42,체인
SPB-47536,2024-09-10 09:15:14,체인
SPB-36649,2024-09-10 09:20:58,체인
SPB-33017,2024-09-10 09:21:08,기타 
SPB-55504,2024-09-10 09:23:38,단말기
SPB-53324,2024-09-10 09:23:38,체인
SPB-67656,2024-09-10 09:24:41,체인
SPB-60367,2024-09-10 09:25:01,페달
SPB-60057,2024-09-10 09:25:03,페달
SPB-46817,2024-09-10 09:25:43,타이어 
SPB-41343,2024-09-10 09:33:11,타이어 
SPB-30944,2024-09-10 09:33:46,타이어 
SPB-38792,2024-09-10 09:35:52,기타 
SPB-50300,2024-09-10 09:38:37,타이어 
SPB-58545,2024-09-10 09:39:27,페달
SPB-68368,2024-09-10 09:47:01,타이어 
SPB-42098,2024-09-10 09:49:23,페달
SPB-42106,2024-09-10 09:49:43,체인
SPB-52359,2024-09-10 09:52:51,안장
SPB-48264,2024-09-10 09:53:32,타이어 
SPB-55162,2024-09-10 09:57:06,체인
SPB-57367,2024-09-10 10:01:01,기타 
SPB-36381,2024-09-10 10:05:40,안장
SPB-52791,2024-09-10 10:11:59,타이어 
SPB-50556,2024-09-10 10:14:18,타이어 
SPB-31426,2024-09-10 10:14:41,타이어 
SPB-36027,2024-09-10 10:17:03,체인
SPB-44771,2024-09-10 10:19:50,타이어 
SPB-64432,2024-09-10 10:27:41,타이어 
SPB-69325,2024-09-10 10:29:15,체인
SPB-67571,2024-09-10 10:40:12,기타 
SPB-41635,2024-09-10 10:40:15,타이어 
SPB-56271,2024-09-10 10:47:35,페달
SPB-64567,2024-09-10 10:50:07,기타 
SPB-62728,2024-09-10 10:51:44,체인
SPB-69837,2024-09-10 10:52:14,기타 
SPB-43317,2024-09-10 10:57:18,체인
SPB-41939,2024-09-10 11:07:31,타이어 
SPB-56644,2024-09-10 11:20:31,타이어 
SPB-55321,2024-09-10 11:25:04,타이어 
SPB-32254,2024-09-10 11:28:36,안장
SPB-33951,2024-09-10 11:31:16,체인
SPB-54439,2024-09-10 11:33:25,기타 
SPB-47000,2024-09-10 11:34:21,타이어 
SPB-65671,2024-09-10 11:40:15,타이어 
SPB-59598,2024-09-10 11:41:08,페달
SPB-69952,2024-09-10 11:41:39,기타 
SPB-69503,2024-09-10 11:43:07,체인
SPB-33654,2024-09-10 11:45:26,타이어 
SPB-65663,2024-09-10 11:51:14,기타 
SPB-65131,2024-09-10 11:51:29,타이어 
SPB-34205,2024-09-10 11:53:23,타이어 
SPB-40294,2024-09-10 12:00:37,단말기
SPB-40055,2024-09-10 12:03:39,안장
SPB-42976,2024-09-10 12:09:03,체인
SPB-48701,2024-09-10 12:10:19,체인
SPB-63169,2024-09-10 12:15:02,타이어 
SPB-53495,2024-09-10 12:17:31,타이어 
SPB-66047,2024-09-10 12:18:02,타이어 
SPB-60053,2024-09-10 12:20:10,단말기
SPB-45059,2024-09-10 12:21:10,기타 
SPB-30907,2024-09-10 12:23:53,단말기
SPB-56821,2024-09-10 12:25:22,타이어 
SPB-40927,2024-09-10 12:28:30,타이어 
SPB-44132,2024-09-10 12:33:33,타이어 
SPB-41681,2024-09-10 12:39:22,기타 
SPB-31603,2024-09-10 12:40:44,타이어 
SPB-40023,2024-09-10 12:48:03,안장
SPB-32893,2024-09-10 12:53:09,타이어 
SPB-55749,2024-09-10 12:55:03,기타 
SPB-56611,2024-09-10 13:04:05,페달
SPB-65967,2024-09-10 13:09:39,페달
SPB-69811,2024-09-10 13:13:13,타이어 
SPB-41766,2024-09-10 13:13:47,기타 
SPB-63393,2024-09-10 13:13:57,안장
SPB-33664,2024-09-10 13:29:41,기타 
SPB-70007,2024-09-10 13:31:33,기타 
SPB-51815,2024-09-10 13:32:34,타이어 
SPB-36946,2024-09-10 13:34:49,단말기
SPB-69212,2024-09-10 13:49:18,체인
SPB-41734,2024-09-10 13:52:57,안장
SPB-56450,2024-09-10 13:57:44,기타 
SPB-44528,2024-09-10 13:59:36,체인
SPB-43175,2024-09-10 13:59:57,타이어 
SPB-66798,2024-09-10 14:04:18,타이어 
SPB-53606,2024-09-10 14:13:52,기타 
SPB-40121,2024-09-10 14:14:52,체인
SPB-40166,2024-09-10 14:15:23,안장
SPB-37354,2024-09-10 14:16:19,타이어 
SPB-58067,2024-09-10 14:31:00,안장
SPB-53570,2024-09-10 14:42:11,타이어 
SPB-51690,2024-09-10 14:53:19,기타 
SPB-45482,2024-09-10 15:10:54,타이어 
SPB-62361,2024-09-10 15:13:33,체인
SPB-34857,2024-09-10 15:14:21,페달
SPB-30485,2024-09-10 15:20:40,타이어 
SPB-48501,2024-09-10 15:21:54,기타 
SPB-40646,2024-09-10 15:25:03,체인
SPB-64941,2024-09-10 15:29:35,타이어 
SPB-65005,2024-09-10 15:31:25,안장
SPB-64557,2024-09-10 15:33:40,안장
SPB-70035,2024-09-10 15:34:24,체인
SPB-39604,2024-09-10 15:39:40,체인
SPB-61645,2024-09-10 15:43:31,타이어 
SPB-32624,2024-09-10 15:53:45,타이어 
SPB-53451,2024-09-10 15:59:04,페달
SPB-42428,2024-09-10 15:59:28,타이어 
SPB-30967,2024-09-10 16:01:29,페달
SPB-52785,2024-09-10 16:02:53,체인
SPB-57269,2024-09-10 16:03:11,타이어 
SPB-55005,2024-09-10 16:03:26,체인
SPB-36925,2024-09-10 16:08:19,체인
SPB-65506,2024-09-10 16:14:22,타이어 
SPB-46150,2024-09-10 16:19:07,체인
SPB-55756,2024-09-10 16:19:54,타이어 
SPB-47072,2024-09-10 16:20:43,타이어 
SPB-57034,2024-09-10 16:22:04,기타 
SPB-70478,2024-09-10 16:22:27,기타 
SPB-33695,2024-09-10 16:28:03,단말기
SPB-48046,2024-09-10 16:28:26,페달
SPB-65714,2024-09-10 16:29:23,페달
SPB-64564,2024-09-10 16:34:04,타이어 
SPB-33251,2024-09-10 16:34:44,타이어 
SPB-68662,2024-09-10 16:34:52,타이어 
SPB-62668,2024-09-10 16:38:30,안장
SPB-55753,2024-09-10 16:38:41,타이어 
SPB-64716,2024-09-10 16:41:33,타이어 
SPB-69049,2024-09-10 16:42:13,체인
SPB-38433,2024-09-10 16:44:56,기타 
SPB-69277,2024-09-10 16:47:15,타이어 
SPB-58020,2024-09-10 16:49:50,체인
SPB-64480,2024-09-10 16:53:04,안장
SPB-61073,2024-09-10 16:54:26,안장
SPB-51128,2024-09-10 17:01:17,체인
SPB-30701,2024-09-10 17:04:52,체인
SPB-56735,2024-09-10 17:07:41,기타 
SPB-33088,2024-09-10 17:08:10,타이어 
SPB-32473,2024-09-10 17:10:22,페달
SPB-40576,2024-09-10 17:12:17,체인
SPB-60433,2024-09-10 17:12:53,타이어 
SPB-64338,2024-09-10 17:14:06,타이어 
SPB-70387,2024-09-10 17:16:03,타이어 
SPB-46261,2024-09-10 17:20:17,페달
SPB-40788,2024-09-10 17:21:43,페달
SPB-34785,2024-09-10 17:23:09,타이어 
SPB-44656,2024-09-10 17:25:11,체인
SPB-46771,2024-09-10 17:42:59,타이어 
SPB-50443,2024-09-10 17:44:08,페달
SPB-57407,2024-09-10 17:44:09,기타 
SPB-50085,2024-09-10 17:44:51,체인
SPB-61022,2024-09-10 17:46:37,체인
SPB-63724,2024-09-10 17:47:07,체인
SPB-58997,2024-09-10 17:47:18,페달
SPB-58482,2024-09-10 17:49:23,체인
SPB-44843,2024-09-10 17:50:39,단말기
SPB-84063,2024-09-10 17:51:01,타이어 
SPB-33095,2024-09-10 17:52:01,체인
SPB-39022,2024-09-10 17:53:16,타이어 
SPB-51179,2024-09-10 17:54:21,페달
SPB-45430,2024-09-10 17:54:51,타이어 
SPB-55126,2024-09-10 17:58:27,체인
SPB-34738,2024-09-10 17:59:22,체인
SPB-64254,2024-09-10 17:59:37,타이어 
SPB-61151,2024-09-10 17:59:40,타이어 
SPB-31533,2024-09-10 18:01:48,기타 
SPB-54790,2024-09-10 18:03:00,체인
SPB-40252,2024-09-10 18:04:47,안장
SPB-52036,2024-09-10 18:04:48,기타 
SPB-67385,2024-09-10 18:06:04,타이어 
SPB-50274,2024-09-10 18:06:22,타이어 
SPB-41310,2024-09-10 18:06:28,안장
SPB-50422,2024-09-10 18:08:18,안장
SPB-43379,2024-09-10 18:08:36,체인
SPB-43784,2024-09-10 18:09:38,페달
SPB-32696,2024-09-10 18:09:40,페달
SPB-64704,2024-09-10 18:10:20,타이어 
SPB-32472,2024-09-10 18:10:55,타이어 
SPB-44290,2024-09-10 18:11:15,타이어 
SPB-58815,2024-09-10 18:11:29,체인
SPB-48961,2024-09-10 18:12:40,체인
SPB-65747,2024-09-10 18:13:00,안장
SPB-61531,2024-09-10 18:14:03,타이어 
SPB-51091,2024-09-10 18:14:05,타이어 
SPB-35900,2024-09-10 18:14:34,타이어 
SPB-63399,2024-09-10 18:15:05,타이어 
SPB-60154,2024-09-10 18:15:11,기타 
SPB-43440,2024-09-10 18:15:22,기타 
SPB-66959,2024-09-10 18:16:02,체인
SPB-83949,2024-09-10 18:16:04,타이어 
SPB-33821,2024-09-10 18:16:38,타이어 
SPB-33949,2024-09-10 18:16:44,체인
SPB-36696,2024-09-10 18:17:41,타이어 
SPB-57604,2024-09-10 18:18:31,페달
SPB-45857,2024-09-10 18:19:08,체인
SPB-69777,2024-09-10 18:19:42,타이어 
SPB-65352,2024-09-10 18:22:23,기타 
SPB-62651,2024-09-10 18:23:34,기타 
SPB-36206,2024-09-10 18:23:50,체인
SPB-33899,2024-09-10 18:24:14,타이어 
SPB-51660,2024-09-10 18:24:58,타이어 
SPB-49444,2024-09-10 18:25:18,타이어 
SPB-54631,2024-09-10 18:25:52,타이어 
SPB-62458,2024-09-10 18:26:48,체인
SPB-30559,2024-09-10 18:27:38,체인
SPB-38038,2024-09-10 18:29:18,페달
SPB-59260,2024-09-10 18:31:06,기타 
SPB-60633,2024-09-10 18:32:52,체인
SPB-57389,2024-09-10 18:35:58,안장
SPB-70086,2024-09-10 18:37:27,체인
SPB-31969,2024-09-10 18:38:09,체인
SPB-61852,2024-09-10 18:38:16,페달
SPB-33899,2024-09-10 18:39:07,타이어 
SPB-43375,2024-09-10 18:39:34,타이어 
SPB-61523,2024-09-10 18:40:23,안장
SPB-49373,2024-09-10 18:41:34,안장
SPB-31842,2024-09-10 18:41:36,체인
SPB-66163,2024-09-10 18:42:14,안장
SPB-61936,2024-09-10 18:43:30,단말기
SPB-35775,2024-09-10 18:43:55,체인
SPB-62572,2024-09-10 18:45:52,타이어 
SPB-48400,2024-09-10 18:46:59,체인
SPB-58862,2024-09-10 18:46:59,체인
SPB-65879,2024-09-10 18:47:22,체인
SPB-50761,2024-09-10 18:47:42,안장
SPB-59938,2024-09-10 18:47:47,기타 
SPB-64432,2024-09-10 18:50:17,타이어 
SPB-46640,2024-09-10 18:50:48,안장
SPB-54978,2024-09-10 18:51:58,체인
SPB-53214,2024-09-10 18:53:46,타이어 
SPB-57052,2024-09-10 18:54:39,기타 
SPB-65079,2024-09-10 18:55:01,체인
SPB-41598,2024-09-10 18:55:48,안장
SPB-59856,2024-09-10 18:56:24,기타 
SPB-33087,2024-09-10 18:56:37,체인
SPB-43668,2024-09-10 18:56:39,안장
SPB-48312,2024-09-10 18:58:01,타이어 
SPB-58291,2024-09-10 18:58:20,페달
SPB-54200,2024-09-10 18:59:51,페달
SPB-41267,2024-09-10 19:01:13,타이어 
SPB-57428,2024-09-10 19:01:32,기타 
SPB-60121,2024-09-10 19:02:17,안장
SPB-39341,2024-09-10 19:02:42,체인
SPB-39698,2024-09-10 19:03:04,체인
SPB-47494,2024-09-10 19:04:01,기타 
SPB-30717,2024-09-10 19:04:07,타이어 
SPB-39732,2024-09-10 19:04:08,체인
SPB-60466,2024-09-10 19:04:40,타이어 
SPB-57174,2024-09-10 19:05:51,안장
SPB-49472,2024-09-10 19:06:32,타이어 
SPB-66902,2024-09-10 19:06:53,타이어 
SPB-37826,2024-09-10 19:07:21,기타 
SPB-33661,2024-09-10 19:07:53,타이어 
SPB-54790,2024-09-10 19:08:45,체인
SPB-38845,2024-09-10 19:10:38,체인
SPB-46428,2024-09-10 19:10:58,타이어 
SPB-51349,2024-09-10 19:13:20,안장
SPB-64947,2024-09-10 19:14:59,기타 
SPB-36432,2024-09-10 19:15:59,기타 
SPB-30236,2024-09-10 19:16:30,체인
SPB-60321,2024-09-10 19:16:47,타이어 
SPB-59620,2024-09-10 19:17:13,기타 
SPB-31216,2024-09-10 19:17:14,체인
SPB-51561,2024-09-10 19:17:20,타이어 
SPB-31785,2024-09-10 19:17:29,타이어 
SPB-63374,2024-09-10 19:18:53,기타 
SPB-34404,2024-09-10 19:20:04,체인
SPB-61177,2024-09-10 19:22:42,체인
SPB-47937,2024-09-10 19:23:42,타이어 
SPB-33149,2024-09-10 19:24:22,체인
SPB-38660,2024-09-10 19:25:04,타이어 
SPB-69616,2024-09-10 19:26:51,체인
SPB-54687,2024-09-10 19:26:53,타이어 
SPB-62048,2024-09-10 19:28:32,기타 
SPB-34825,2024-09-10 19:30:12,타이어 
SPB-35144,2024-09-10 19:32:27,안장
SPB-30435,2024-09-10 19:32:56,타이어 
SPB-66633,2024-09-10 19:32:58,타이어 
SPB-42571,2024-09-10 19:33:00,체인
SPB-40292,2024-09-10 19:33:08,타이어 
SPB-47554,2024-09-10 19:34:39,안장
SPB-67905,2024-09-10 19:34:44,타이어 
SPB-55007,2024-09-10 19:36:07,타이어 
SPB-67241,2024-09-10 19:36:17,체인
SPB-54967,2024-09-10 19:38:41,페달
SPB-69890,2024-09-10 19:39:28,타이어 
SPB-70324,2024-09-10 19:40:23,체인
SPB-61232,2024-09-10 19:40:25,안장
SPB-43700,2024-09-10 19:41:56,체인
SPB-38888,2024-09-10 19:44:46,안장
SPB-61724,2024-09-10 19:45:05,체인
SPB-50199,2024-09-10 19:45:26,기타 
SPB-36734,2024-09-10 19:47:21,타이어 
SPB-59123,2024-09-10 19:47:41,페달
SPB-31859,2024-09-10 19:49:15,체인
SPB-54011,2024-09-10 19:50:23,타이어 
SPB-32446,2024-09-10 19:50:29,기타 
SPB-42910,2024-09-10 19:52:10,안장
SPB-44597,2024-09-10 19:52:17,페달
SPB-41241,2024-09-10 19:53:22,타이어 
SPB-53817,2024-09-10 19:55:10,기타 
SPB-61679,2024-09-10 19:55:59,타이어 
SPB-42931,2024-09-10 19:56:51,안장
SPB-31127,2024-09-10 19:56:53,안장
SPB-69947,2024-09-10 19:58:24,체인
SPB-63568,2024-09-10 19:58:43,타이어 
SPB-39294,2024-09-10 20:03:21,체인
SPB-32067,2024-09-10 20:05:33,타이어 
SPB-69295,2024-09-10 20:11:22,안장
SPB-52583,2024-09-10 20:11:40,페달
SPB-39568,2024-09-10 20:11:42,단말기
SPB-68684,2024-09-10 20:11:45,체인
SPB-37181,2024-09-10 20:12:29,타이어 
SPB-41205,2024-09-10 20:14:06,체인
SPB-58666,2024-09-10 20:19:51,기타 
SPB-52847,2024-09-10 20:23:13,체인
SPB-44596,2024-09-10 20:24:46,기타 
SPB-39030,2024-09-10 20:25:34,기타 
SPB-57370,2024-09-10 20:25:47,기타 
SPB-44064,2024-09-10 20:26:12,안장
SPB-52748,2024-09-10 20:26:47,타이어 
SPB-65248,2024-09-10 20:28:49,타이어 
SPB-56830,2024-09-10 20:34:37,기타 
SPB-48560,2024-09-10 20:34:51,기타 
SPB-56558,2024-09-10 20:36:36,체인
SPB-45905,2024-09-10 20:38:08,기타 
SPB-54517,2024-09-10 20:40:47,체인
SPB-56019,2024-09-10 20:45:04,안장
SPB-47250,2024-09-10 20:45:18,기타 
SPB-35272,2024-09-10 20:47:08,안장
SPB-62917,2024-09-10 20:48:06,기타 
SPB-51108,2024-09-10 20:51:31,기타 
SPB-84997,2024-09-10 20:53:05,기타 
SPB-56333,2024-09-10 20:54:19,타이어 
SPB-45571,2024-09-10 20:54:37,체인
SPB-56353,2024-09-10 20:58:49,타이어 
SPB-66448,2024-09-10 20:59:40,안장
SPB-62377,2024-09-10 20:59:47,안장
SPB-37027,2024-09-10 21:00:43,안장
SPB-37962,2024-09-10 21:01:09,체인
SPB-50331,2024-09-10 21:01:09,타이어 
SPB-31585,2024-09-10 21:03:20,기타 
SPB-30926,2024-09-10 21:03:42,타이어 
SPB-46385,2024-09-10 21:06:31,페달
SPB-59625,2024-09-10 21:07:24,기타 
SPB-47836,2024-09-10 21:08:39,체인
SPB-43716,2024-09-10 21:11:11,기타 
SPB-68234,2024-09-10 21:11:58,기타 
SPB-43016,2024-09-10 21:12:05,체인
SPB-30647,2024-09-10 21:12:58,타이어 
SPB-36330,2024-09-10 21:13:37,안장
SPB-44275,2024-09-10 21:14:32,타이어 
SPB-45895,2024-09-10 21:19:20,체인
SPB-43960,2024-09-10 21:20:19,타이어 
SPB-68804,2024-09-10 21:21:16,타이어 
SPB-67780,2024-09-10 21:23:31,기타 
SPB-69852,2024-09-10 21:24:05,안장
SPB-44845,2024-09-10 21:24:15,체인
SPB-53704,2024-09-10 21:26:12,안장
SPB-36430,2024-09-10 21:27:16,타이어 
SPB-64864,2024-09-10 21:28:06,타이어 
SPB-56067,2024-09-10 21:29:24,안장
SPB-42258,2024-09-10 21:31:13,타이어 
SPB-67485,2024-09-10 21:31:53,타이어 
SPB-44292,2024-09-10 21:33:02,단말기
SPB-63650,2024-09-10 21:34:27,타이어 
SPB-66413,2024-09-10 21:34:30,타이어 
SPB-50723,2024-09-10 21:35:13,기타 
SPB-41589,2024-09-10 21:35:57,타이어 
SPB-41034,2024-09-10 21:39:00,기타 
SPB-61174,2024-09-10 21:40:58,체인
SPB-56468,2024-09-10 21:43:18,기타 
SPB-67273,2024-09-10 21:45:31,타이어 
SPB-43980,2024-09-10 21:47:55,단말기
SPB-43327,2024-09-10 21:49:54,타이어 
SPB-53294,2024-09-10 21:50:14,기타 
SPB-58394,2024-09-10 21:52:33,기타 
SPB-45213,2024-09-10 21:54:57,기타 
SPB-61763,2024-09-10 21:55:02,안장
SPB-61377,2024-09-10 21:56:33,안장
SPB-32047,2024-09-10 21:56:54,기타 
SPB-56332,2024-09-10 21:59:23,타이어 
SPB-30223,2024-09-10 22:03:05,타이어 
SPB-30233,2024-09-10 22:06:33,타이어 
SPB-65126,2024-09-10 22:07:46,타이어 
SPB-67524,2024-09-10 22:09:01,체인
SPB-43779,2024-09-10 22:09:37,타이어 
SPB-40052,2024-09-10 22:10:13,기타 
SPB-64604,2024-09-10 22:12:37,체인
SPB-57193,2024-09-10 22:14:30,타이어 
SPB-64246,2024-09-10 22:17:02,안장
SPB-69878,2024-09-10 22:18:57,체인
SPB-64875,2024-09-10 22:20:23,안장
SPB-45709,2024-09-10 22:20:32,타이어 
SPB-33586,2024-09-10 22:23:48,안장
SPB-43950,2024-09-10 22:24:31,타이어 
SPB-36137,2024-09-10 22:27:44,체인
SPB-33200,2024-09-10 22:27:45,체인
SPB-47671,2024-09-10 22:27:54,단말기
SPB-58095,2024-09-10 22:28:26,체인
SPB-36688,2024-09-10 22:29:47,단말기
SPB-40016,2024-09-10 22:31:21,체인
SPB-32841,2024-09-10 22:33:01,체인
SPB-62401,2024-09-10 22:33:01,타이어 
SPB-55332,2024-09-10 22:38:22,안장
SPB-38388,2024-09-10 22:38:27,타이어 
SPB-54360,2024-09-10 22:38:41,타이어 
SPB-68230,2024-09-10 22:39:01,타이어 
SPB-49242,2024-09-10 22:40:23,기타 
SPB-67554,2024-09-10 22:41:03,타이어 
SPB-38687,2024-09-10 22:41:57,기타 
SPB-65541,2024-09-10 22:42:13,타이어 
SPB-62112,2024-09-10 22:45:03,타이어 
SPB-50482,2024-09-10 22:46:11,타이어 
SPB-65715,2024-09-10 22:46:40,기타 
SPB-30174,2024-09-10 22:51:07,안장
SPB-42237,2024-09-10 22:52:16,타이어 
SPB-35435,2024-09-10 22:54:36,체인
SPB-55512,2024-09-10 22:57:39,페달
SPB-44805,2024-09-10 22:58:04,체인
SPB-48432,2024-09-10 23:01:09,안장
SPB-70419,2024-09-10 23:03:05,타이어 
SPB-57585,2024-09-10 23:06:42,안장
SPB-80327,2024-09-10 23:07:19,기타 
SPB-65665,2024-09-10 23:07:51,단말기
SPB-63372,2024-09-10 23:09:39,안장
SPB-56760,2024-09-10 23:10:36,페달
SPB-39274,2024-09-10 23:12:33,안장
SPB-52229,2024-09-10 23:14:04,페달
SPB-43353,2024-09-10 23:14:30,타이어 
SPB-41975,2024-09-10 23:17:24,페달
SPB-62948,2024-09-10 23:17:50,체인
SPB-55372,2024-09-10 23:18:00,타이어 
SPB-68609,2024-09-10 23:18:55,페달
SPB-46192,2024-09-10 23:19:22,페달
SPB-60770,2024-09-10 23:21:10,기타 
SPB-53967,2024-09-10 23:22:07,페달
SPB-40970,2024-09-10 23:24:05,안장
SPB-47297,2024-09-10 23:26:40,타이어 
SPB-35626,2024-09-10 23:29:33,기타 
SPB-66245,2024-09-10 23:43:42,기타 
SPB-64019,2024-09-11 00:05:48,기타 
SPB-66234,2024-09-11 00:25:28,타이어 
SPB-34165,2024-09-11 00:26:36,단말기
SPB-41618,2024-09-11 00:31:08,체인
SPB-53931,2024-09-11 00:50:14,기타 
SPB-66112,2024-09-11 00:52:00,기타 
SPB-46754,2024-09-11 01:01:15,단말기
SPB-66862,2024-09-11 01:03:17,단말기
SPB-43687,2024-09-11 01:21:55,체인
SPB-46211,2024-09-11 01:26:54,체인
SPB-44047,2024-09-11 01:45:01,체인
SPB-57865,2024-09-11 02:03:39,체인
SPB-41085,2024-09-11 02:47:20,기타 
SPB-42783,2024-09-11 03:22:09,타이어 
SPB-59780,2024-09-11 04:05:48,타이어 
SPB-69777,2024-09-11 04:08:09,타이어 
SPB-66399,2024-09-11 05:05:25,타이어 
SPB-57509,2024-09-11 05:19:10,타이어 
SPB-44656,2024-09-11 05:41:04,체인
SPB-37822,2024-09-11 05:42:08,안장
SPB-40624,2024-09-11 05:48:27,페달
SPB-55973,2024-09-11 05:54:40,타이어 
SPB-42973,2024-09-11 05:56:54,기타 
SPB-65407,2024-09-11 06:10:27,체인
SPB-30614,2024-09-11 06:12:52,타이어 
SPB-53535,2024-09-11 06:19:39,타이어 
SPB-39212,2024-09-11 06:25:23,타이어 
SPB-69212,2024-09-11 06:28:36,체인
SPB-63269,2024-09-11 06:29:57,안장
SPB-56399,2024-09-11 06:30:04,기타 
SPB-43071,2024-09-11 06:35:24,기타 
SPB-68140,2024-09-11 06:41:13,체인
SPB-69875,2024-09-11 06:44:44,기타 
SPB-46144,2024-09-11 06:45:41,안장
SPB-66169,2024-09-11 06:46:32,타이어 
SPB-82937,2024-09-11 06:47:27,기타 
SPB-83774,2024-09-11 06:47:44,기타 
SPB-58812,2024-09-11 06:49:49,페달
SPB-54404,2024-09-11 06:53:12,기타 
SPB-65596,2024-09-11 06:55:27,기타 
SPB-43921,2024-09-11 06:56:54,타이어 
SPB-58503,2024-09-11 06:58:14,기타 
SPB-64990,2024-09-11 06:58:20,타이어 
SPB-49340,2024-09-11 07:03:47,페달
SPB-69312,2024-09-11 07:11:19,타이어 
SPB-64472,2024-09-11 07:11:46,타이어 
SPB-43311,2024-09-11 07:12:13,기타 
SPB-52428,2024-09-11 07:15:45,페달
SPB-54711,2024-09-11 07:17:10,타이어 
SPB-49146,2024-09-11 07:19:18,타이어 
SPB-50364,2024-09-11 07:24:08,타이어 
SPB-34750,2024-09-11 07:27:10,체인
SPB-81611,2024-09-11 07:27:42,체인
SPB-42729,2024-09-11 07:28:39,단말기
SPB-46887,2024-09-11 07:29:00,기타 
SPB-35499,2024-09-11 07:29:05,체인
SPB-42287,2024-09-11 07:29:12,페달
SPB-70136,2024-09-11 07:29:22,타이어 
SPB-67517,2024-09-11 07:29:54,타이어 
SPB-56207,2024-09-11 07:30:59,기타 
SPB-31871,2024-09-11 07:34:10,타이어 
SPB-46516,2024-09-11 07:34:26,기타 
SPB-67295,2024-09-11 07:35:04,기타 
SPB-56628,2024-09-11 07:36:23,타이어 
SPB-54353,2024-09-11 07:38:38,기타 
SPB-45012,2024-09-11 07:39:51,페달
SPB-55527,2024-09-11 07:41:46,타이어 
SPB-42575,2024-09-11 07:42:25,안장
SPB-41196,2024-09-11 07:42:36,안장
SPB-38950,2024-09-11 07:44:20,체인
SPB-63241,2024-09-11 07:44:57,타이어 
SPB-58460,2024-09-11 07:45:01,기타 
SPB-31941,2024-09-11 07:45:41,페달
SPB-50054,2024-09-11 07:45:51,페달
SPB-33890,2024-09-11 07:46:39,기타 
SPB-64988,2024-09-11 07:47:00,타이어 
SPB-50586,2024-09-11 07:48:01,타이어 
SPB-64841,2024-09-11 07:48:31,타이어 
SPB-36440,2024-09-11 07:49:02,기타 
SPB-60031,2024-09-11 07:49:26,타이어 
SPB-67578,2024-09-11 07:49:31,체인
SPB-57194,2024-09-11 07:49:42,기타 
SPB-68375,2024-09-11 07:50:20,페달
SPB-33404,2024-09-11 07:52:32,체인
SPB-62701,2024-09-11 07:53:52,페달
SPB-52306,2024-09-11 07:54:00,기타 
SPB-65904,2024-09-11 07:54:09,타이어 
SPB-32816,2024-09-11 07:54:54,기타 
SPB-48854,2024-09-11 07:56:21,페달
SPB-30500,2024-09-11 07:56:22,타이어 
SPB-56795,2024-09-11 07:56:35,기타 
SPB-63243,2024-09-11 07:59:41,타이어 
SPB-54955,2024-09-11 07:59:42,타이어 
SPB-53733,2024-09-11 08:00:37,타이어 
SPB-36977,2024-09-11 08:00:50,타이어 
SPB-57491,2024-09-11 08:01:01,타이어 
SPB-63723,2024-09-11 08:02:51,타이어 
SPB-66293,2024-09-11 08:03:41,기타 
SPB-55899,2024-09-11 08:03:51,타이어 
SPB-69198,2024-09-11 08:05:32,타이어 
SPB-53385,2024-09-11 08:06:56,기타 
SPB-46259,2024-09-11 08:09:56,기타 
SPB-46586,2024-09-11 08:10:43,체인
SPB-43832,2024-09-11 08:10:50,체인
SPB-51128,2024-09-11 08:11:26,단말기
SPB-62121,2024-09-11 08:12:28,체인
SPB-46578,2024-09-11 08:14:47,타이어 
SPB-34404,2024-09-11 08:15:39,기타 
SPB-35402,2024-09-11 08:15:52,기타 
SPB-65720,2024-09-11 08:16:45,타이어 
SPB-41749,2024-09-11 08:16:45,안장
SPB-32127,2024-09-11 08:17:10,타이어 
SPB-52235,2024-09-11 08:18:40,페달
SPB-44052,2024-09-11 08:20:40,체인
SPB-58023,2024-09-11 08:20:49,타이어 
SPB-56476,2024-09-11 08:20:54,기타 
SPB-64794,2024-09-11 08:21:15,기타 
SPB-33451,2024-09-11 08:21:21,타이어 
SPB-41845,2024-09-11 08:22:42,타이어 
SPB-55540,2024-09-11 08:23:12,페달
SPB-43077,2024-09-11 08:23:57,체인
SPB-42376,2024-09-11 08:25:33,타이어 
SPB-34819,2024-09-11 08:25:41,페달
SPB-37109,2024-09-11 08:28:09,타이어 
SPB-61458,2024-09-11 08:28:37,안장
SPB-53825,2024-09-11 08:28:53,타이어 
SPB-69188,2024-09-11 08:29:09,타이어 
SPB-63824,2024-09-11 08:29:11,기타 
SPB-37629,2024-09-11 08:29:49,타이어 
SPB-34715,2024-09-11 08:30:39,기타 
SPB-63508,2024-09-11 08:31:07,기타 
SPB-83522,2024-09-11 08:31:48,페달
SPB-60529,2024-09-11 08:32:34,안장
SPB-37894,2024-09-11 08:32:51,체인
SPB-67186,2024-09-11 08:34:51,타이어 
SPB-53276,2024-09-11 08:36:31,페달
SPB-82802,2024-09-11 08:38:17,체인
SPB-32076,2024-09-11 08:38:17,안장
SPB-35526,2024-09-11 08:38:36,안장
SPB-38431,2024-09-11 08:39:39,체인
SPB-80331,2024-09-11 08:45:56,기타 
SPB-50929,2024-09-11 08:46:14,타이어 
SPB-38647,2024-09-11 08:46:34,안장
SPB-36354,2024-09-11 08:47:48,기타 
SPB-45837,2024-09-11 08:48:17,체인
SPB-45784,2024-09-11 08:50:54,체인
SPB-38362,2024-09-11 08:52:05,체인
SPB-42260,2024-09-11 08:52:41,안장
SPB-68489,2024-09-11 08:52:49,체인
SPB-38980,2024-09-11 08:52:50,안장
SPB-57279,2024-09-11 08:53:03,안장
SPB-35071,2024-09-11 08:53:44,페달
SPB-70440,2024-09-11 08:53:52,기타 
SPB-44375,2024-09-11 08:54:18,기타 
SPB-48650,2024-09-11 08:54:58,체인
SPB-36079,2024-09-11 08:57:50,안장
SPB-50812,2024-09-11 08:58:24,타이어 
SPB-50719,2024-09-11 08:58:47,타이어 
SPB-51701,2024-09-11 08:59:11,기타 
SPB-56074,2024-09-11 08:59:50,기타 
SPB-47394,2024-09-11 09:00:43,체인
SPB-62991,2024-09-11 09:02:09,기타 
SPB-37955,2024-09-11 09:02:37,타이어 
SPB-69864,2024-09-11 09:05:03,체인
SPB-33082,2024-09-11 09:05:40,기타 
SPB-42022,2024-09-11 09:07:41,체인
SPB-53199,2024-09-11 09:08:26,안장
SPB-54929,2024-09-11 09:08:58,체인
SPB-31209,2024-09-11 09:09:53,안장
SPB-40260,2024-09-11 09:14:02,체인
SPB-64989,2024-09-11 09:17:30,타이어 
SPB-70407,2024-09-11 09:26:48,기타 
SPB-41411,2024-09-11 09:27:18,체인
SPB-54554,2024-09-11 09:29:11,페달
SPB-62000,2024-09-11 09:30:09,페달
SPB-33095,2024-09-11 09:30:23,체인
SPB-66776,2024-09-11 09:32:37,기타 
SPB-67166,2024-09-11 09:32:59,체인
SPB-60177,2024-09-11 09:33:00,단말기
SPB-41667,2024-09-11 09:33:25,안장
SPB-69867,2024-09-11 09:36:22,체인
SPB-62033,2024-09-11 09:38:37,타이어 
SPB-67762,2024-09-11 09:39:54,체인
SPB-39599,2024-09-11 09:40:03,체인
SPB-82727,2024-09-11 09:40:25,체인
SPB-54387,2024-09-11 09:43:23,기타 
SPB-63895,2024-09-11 09:43:55,타이어 
SPB-57733,2024-09-11 09:44:17,페달
SPB-68162,2024-09-11 09:46:49,단말기
SPB-68411,2024-09-11 09:47:32,체인
SPB-31012,2024-09-11 09:48:50,타이어 
SPB-38693,2024-09-11 09:50:16,체인
SPB-63772,2024-09-11 09:50:49,타이어 
SPB-46050,2024-09-11 09:51:21,페달
SPB-69044,2024-09-11 09:52:57,타이어 
SPB-53550,2024-09-11 09:53:26,체인
SPB-45214,2024-09-11 09:54:33,타이어 
SPB-66313,2024-09-11 09:56:11,체인
SPB-45197,2024-09-11 09:56:16,체인
SPB-35476,2024-09-11 10:00:14,타이어 
SPB-56529,2024-09-11 10:03:50,페달
SPB-34718,2024-09-11 10:03:54,타이어 
SPB-31967,2024-09-11 10:10:01,타이어 
SPB-55741,2024-09-11 10:13:40,타이어 
SPB-68616,2024-09-11 10:15:58,기타 
SPB-31291,2024-09-11 10:16:48,기타 
SPB-48805,2024-09-11 10:21:29,체인
SPB-61037,2024-09-11 10:22:28,체인
SPB-67239,2024-09-11 10:27:28,기타 
SPB-36440,2024-09-11 10:28:09,기타 
SPB-51372,2024-09-11 10:30:56,타이어 
SPB-58899,2024-09-11 10:32:45,타이어 
SPB-46889,2024-09-11 10:41:53,기타 
SPB-68490,2024-09-11 10:45:02,페달
SPB-64471,2024-09-11 10:45:39,페달
SPB-51171,2024-09-11 10:47:14,타이어 
SPB-57164,2024-09-11 10:49:27,단말기
SPB-38884,2024-09-11 10:52:45,안장
SPB-30729,2024-09-11 10:53:48,안장
SPB-48573,2024-09-11 10:55:04,타이어 
SPB-53583,2024-09-11 11:04:33,타이어 
SPB-41902,2024-09-11 11:23:45,체인
SPB-63592,2024-09-11 11:24:30,타이어 
SPB-50483,2024-09-11 11:28:47,페달
SPB-38908,2024-09-11 11:31:25,체인
SPB-69377,2024-09-11 11:36:49,체인
SPB-62999,2024-09-11 11:37:48,체인
SPB-62792,2024-09-11 11:41:43,단말기
SPB-64493,2024-09-11 11:55:42,안장
SPB-83132,2024-09-11 11:56:04,기타 
SPB-64031,2024-09-11 12:03:28,기타 
SPB-40698,2024-09-11 12:08:15,안장
SPB-64388,2024-09-11 12:16:34,기타 
SPB-33804,2024-09-11 12:21:08,기타 
SPB-55649,2024-09-11 12:22:58,타이어 
SPB-48182,2024-09-11 12:25:00,페달
SPB-53875,2024-09-11 12:31:41,타이어 
SPB-68402,2024-09-11 12:38:24,기타 
SPB-66962,2024-09-11 12:43:04,기타 
SPB-59587,2024-09-11 12:46:17,체인
SPB-66182,2024-09-11 12:48:07,타이어 
SPB-68173,2024-09-11 12:54:02,기타 
SPB-53367,2024-09-11 12:54:38,페달
SPB-67827,2024-09-11 12:58:00,페달
SPB-51905,2024-09-11 12:58:25,타이어 
SPB-36157,2024-09-11 12:59:27,안장
SPB-45362,2024-09-11 13:00:12,페달
SPB-64442,2024-09-11 13:11:06,타이어 
SPB-58375,2024-09-11 13:11:09,타이어 
SPB-57480,2024-09-11 13:11:38,기타 
SPB-49034,2024-09-11 13:20:07,기타 
SPB-48466,2024-09-11 13:22:43,단말기
SPB-69475,2024-09-11 13:24:15,기타 
SPB-65683,2024-09-11 13:24:33,기타 
SPB-53489,2024-09-11 13:25:47,단말기
SPB-68409,2024-09-11 13:26:39,페달
SPB-57408,2024-09-11 13:27:17,타이어 
SPB-61857,2024-09-11 13:31:43,타이어 
SPB-45264,2024-09-11 13:31:52,안장
SPB-47737,2024-09-11 13:37:13,기타 
SPB-66214,2024-09-11 13:37:42,타이어 
SPB-44638,2024-09-11 13:39:12,타이어 
SPB-39884,2024-09-11 13:40:47,체인
SPB-68829,2024-09-11 13:44:37,기타 
SPB-34745,2024-09-11 13:45:00,기타 
SPB-42618,2024-09-11 13:45:27,기타 
SPB-38430,2024-09-11 13:45:55,체인
SPB-30138,2024-09-11 13:47:34,타이어 
SPB-38313,2024-09-11 13:51:47,체인
SPB-53486,2024-09-11 14:00:29,페달
SPB-46735,2024-09-11 14:02:43,체인
SPB-67320,2024-09-11 14:09:42,타이어 
SPB-50904,2024-09-11 14:10:15,타이어 
SPB-64124,2024-09-11 14:11:31,타이어 
SPB-31978,2024-09-11 14:31:30,타이어 
SPB-38389,2024-09-11 14:31:30,체인
SPB-63697,2024-09-11 14:47:43,타이어 
SPB-64293,2024-09-11 14:48:37,단말기
SPB-31449,2024-09-11 14:52:30,체인
SPB-58152,2024-09-11 15:06:41,타이어 
SPB-67660,2024-09-11 15:12:53,기타 
SPB-60504,2024-09-11 15:28:55,타이어 
SPB-30506,2024-09-11 15:31:04,단말기
SPB-47348,2024-09-11 15:32:51,체인
SPB-55195,2024-09-11 15:33:28,단말기
SPB-45277,2024-09-11 15:40:30,체인
SPB-62667,2024-09-11 15:41:11,기타 
SPB-47593,2024-09-11 15:46:29,타이어 
SPB-55792,2024-09-11 15:52:03,기타 
SPB-69957,2024-09-11 15:53:19,체인
SPB-39271,2024-09-11 15:56:40,기타 
SPB-57888,2024-09-11 15:58:58,기타 
SPB-69503,2024-09-11 16:16:07,체인
SPB-45509,2024-09-11 16:18:17,기타 
SPB-66501,2024-09-11 16:18:33,단말기
SPB-56788,2024-09-11 16:19:53,체인
SPB-32231,2024-09-11 16:20:59,체인
SPB-40301,2024-09-11 16:24:11,타이어 
SPB-56843,2024-09-11 16:25:16,타이어 
SPB-32343,2024-09-11 16:30:18,체인
SPB-66965,2024-09-11 16:30:29,타이어 
SPB-46235,2024-09-11 16:31:36,체인
SPB-58371,2024-09-11 16:36:20,안장
SPB-58216,2024-09-11 16:36:48,타이어 
SPB-64199,2024-09-11 16:39:22,타이어 
SPB-56872,2024-09-11 16:40:46,페달
SPB-58280,2024-09-11 16:43:38,타이어 
SPB-45929,2024-09-11 16:47:16,체인
SPB-59680,2024-09-11 16:48:11,타이어 
SPB-48558,2024-09-11 16:50:26,체인
SPB-56507,2024-09-11 16:51:31,안장
SPB-47426,2024-09-11 16:51:46,기타 
SPB-44863,2024-09-11 16:55:32,안장
SPB-65643,2024-09-11 16:56:01,타이어 
SPB-35176,2024-09-11 16:56:28,기타 
SPB-30125,2024-09-11 16:58:17,체인
SPB-56636,2024-09-11 16:59:40,타이어 
SPB-70333,2024-09-11 17:00:38,체인
SPB-67279,2024-09-11 17:01:02,타이어 
SPB-34480,2024-09-11 17:06:28,타이어 
SPB-66751,2024-09-11 17:06:59,기타 
SPB-44432,2024-09-11 17:07:59,기타 
SPB-35170,2024-09-11 17:08:17,체인
SPB-38950,2024-09-11 17:08:31,체인
SPB-57607,2024-09-11 17:09:43,체인
SPB-39006,2024-09-11 17:15:16,체인
SPB-43910,2024-09-11 17:15:25,체인
SPB-66371,2024-09-11 17:15:31,타이어 
SPB-41940,2024-09-11 17:18:00,페달
SPB-45263,2024-09-11 17:18:07,기타 
SPB-58891,2024-09-11 17:19:58,타이어 
SPB-32483,2024-09-11 17:23:55,기타 
SPB-36337,2024-09-11 17:29:38,체인
SPB-48015,2024-09-11 17:31:06,체인
SPB-38011,2024-09-11 17:31:26,체인
SPB-51322,2024-09-11 17:35:25,안장
SPB-67082,2024-09-11 17:36:46,기타 
SPB-59658,2024-09-11 17:38:10,기타 
SPB-55262,2024-09-11 17:39:28,타이어 
SPB-48121,2024-09-11 17:42:06,타이어 
SPB-62217,2024-09-11 17:43:25,체인
SPB-35574,2024-09-11 17:46:54,안장
SPB-61059,2024-09-11 17:48:19,기타 
SPB-30785,2024-09-11 17:48:32,타이어 
SPB-46097,2024-09-11 17:51:06,체인
SPB-34026,2024-09-11 17:51:08,타이어 
SPB-51899,2024-09-11 17:52:18,타이어 
SPB-55870,2024-09-11 17:52:23,안장
SPB-42516,2024-09-11 17:52:34,페달
SPB-82312,2024-09-11 17:55:07,안장
SPB-42986,2024-09-11 17:55:53,기타 
SPB-40379,2024-09-11 17:56:01,안장
SPB-60053,2024-09-11 17:57:41,타이어 
SPB-84247,2024-09-11 17:59:42,안장
SPB-62282,2024-09-11 18:00:36,기타 
SPB-39375,2024-09-11 18:01:05,기타 
SPB-30822,2024-09-11 18:05:51,기타 
SPB-50253,2024-09-11 18:06:12,타이어 
SPB-56417,2024-09-11 18:07:31,체인
SPB-55616,2024-09-11 18:08:51,기타 
SPB-39357,2024-09-11 18:09:26,기타 
SPB-69655,2024-09-11 18:09:50,타이어 
SPB-50698,2024-09-11 18:10:05,기타 
SPB-51496,2024-09-11 18:11:31,체인
SPB-58506,2024-09-11 18:11:33,기타 
SPB-57113,2024-09-11 18:12:30,타이어 
SPB-81466,2024-09-11 18:12:36,타이어 
SPB-56861,2024-09-11 18:13:06,페달
SPB-56756,2024-09-11 18:13:29,체인
SPB-34308,2024-09-11 18:14:15,타이어 
SPB-31366,2024-09-11 18:15:06,기타 
SPB-53949,2024-09-11 18:15:44,타이어 
SPB-35728,2024-09-11 18:15:49,페달
SPB-57276,2024-09-11 18:16:15,타이어 
SPB-64503,2024-09-11 18:17:16,기타 
SPB-57542,2024-09-11 18:18:04,타이어 
SPB-30831,2024-09-11 18:18:33,페달
SPB-62706,2024-09-11 18:18:43,안장
SPB-48682,2024-09-11 18:21:13,타이어 
SPB-43605,2024-09-11 18:21:40,안장
SPB-49142,2024-09-11 18:22:14,타이어 
SPB-63190,2024-09-11 18:22:26,기타 
SPB-67524,2024-09-11 18:24:10,타이어 
SPB-56533,2024-09-11 18:25:53,타이어 
SPB-81308,2024-09-11 18:25:55,타이어 
SPB-46270,2024-09-11 18:26:14,페달
SPB-53223,2024-09-11 18:26:32,페달
SPB-34431,2024-09-11 18:27:36,체인
SPB-43253,2024-09-11 18:27:44,체인
SPB-35630,2024-09-11 18:29:41,타이어 
SPB-50042,2024-09-11 18:30:49,페달
SPB-52229,2024-09-11 18:31:05,페달
SPB-45190,2024-09-11 18:32:49,페달
SPB-51879,2024-09-11 18:34:15,체인
SPB-36066,2024-09-11 18:34:30,타이어 
SPB-65638,2024-09-11 18:35:17,페달
SPB-35744,2024-09-11 18:36:42,체인
SPB-36890,2024-09-11 18:37:50,페달
SPB-58450,2024-09-11 18:40:25,페달
SPB-42665,2024-09-11 18:41:53,체인
SPB-57884,2024-09-11 18:43:13,페달
SPB-40781,2024-09-11 18:43:52,체인
SPB-60555,2024-09-11 18:45:09,타이어 
SPB-51365,2024-09-11 18:45:43,타이어 
SPB-61507,2024-09-11 18:45:48,타이어 
SPB-47044,2024-09-11 18:47:15,기타 
SPB-31794,2024-09-11 18:47:38,체인
SPB-70053,2024-09-11 18:49:36,체인
SPB-45180,2024-09-11 18:49:57,페달
SPB-70046,2024-09-11 18:52:47,타이어 
SPB-65863,2024-09-11 18:53:10,체인
SPB-40467,2024-09-11 18:53:51,안장
SPB-44463,2024-09-11 18:54:37,체인
SPB-44003,2024-09-11 18:56:37,체인
SPB-32094,2024-09-11 18:56:57,타이어 
SPB-46260,2024-09-11 18:57:16,타이어 
SPB-65893,2024-09-11 18:59:29,타이어 
SPB-50484,2024-09-11 19:00:30,기타 
SPB-68729,2024-09-11 19:02:15,기타 
SPB-48201,2024-09-11 19:04:40,타이어 
SPB-65526,2024-09-11 19:05:15,단말기
SPB-56953,2024-09-11 19:05:58,페달
SPB-67422,2024-09-11 19:05:59,타이어 
SPB-56124,2024-09-11 19:06:24,기타 
SPB-37312,2024-09-11 19:08:02,기타 
SPB-51975,2024-09-11 19:09:28,기타 
SPB-33559,2024-09-11 19:09:33,기타 
SPB-47340,2024-09-11 19:10:22,단말기
SPB-38463,2024-09-11 19:11:21,타이어 
SPB-52225,2024-09-11 19:18:28,체인
SPB-43866,2024-09-11 19:22:09,타이어 
SPB-58129,2024-09-11 19:22:55,기타 
SPB-38009,2024-09-11 19:24:09,기타 
SPB-56832,2024-09-11 19:24:45,기타 
SPB-52453,2024-09-11 19:29:36,페달
SPB-43141,2024-09-11 19:30:01,체인
SPB-36127,2024-09-11 19:33:40,기타 
SPB-53016,2024-09-11 19:33:50,타이어 
SPB-37475,2024-09-11 19:34:39,체인
SPB-64141,2024-09-11 19:35:01,단말기
SPB-50454,2024-09-11 19:37:28,타이어 
SPB-59718,2024-09-11 19:37:51,체인
SPB-31271,2024-09-11 19:38:21,페달
SPB-67218,2024-09-11 19:39:24,타이어 
SPB-53975,2024-09-11 19:39:34,페달
SPB-66569,2024-09-11 19:43:58,체인
SPB-57493,2024-09-11 19:45:17,기타 
SPB-52053,2024-09-11 19:45:41,타이어 
SPB-30895,2024-09-11 19:46:35,체인
SPB-58811,2024-09-11 19:48:46,기타 
SPB-40724,2024-09-11 19:49:31,안장
SPB-40752,2024-09-11 19:53:13,타이어 
SPB-50003,2024-09-11 19:55:30,기타 
SPB-51082,2024-09-11 19:55:31,타이어 
SPB-47183,2024-09-11 19:56:31,안장
SPB-50430,2024-09-11 19:57:55,안장
SPB-45813,2024-09-11 19:58:28,페달
SPB-47542,2024-09-11 19:59:36,타이어 
SPB-54897,2024-09-11 19:59:44,타이어 
SPB-43289,2024-09-11 20:00:22,기타 
SPB-36352,2024-09-11 20:04:20,타이어 
SPB-30132,2024-09-11 20:04:40,안장
SPB-59261,2024-09-11 20:06:29,타이어 
SPB-64606,2024-09-11 20:07:13,기타 
SPB-32198,2024-09-11 20:07:49,페달
SPB-67139,2024-09-11 20:10:35,타이어 
SPB-69115,2024-09-11 20:12:13,기타 
SPB-47145,2024-09-11 20:12:32,타이어 
SPB-51239,2024-09-11 20:14:15,페달
SPB-66953,2024-09-11 20:16:00,기타 
SPB-30848,2024-09-11 20:16:48,안장
SPB-58487,2024-09-11 20:17:34,단말기
SPB-58301,2024-09-11 20:23:56,타이어 
SPB-50488,2024-09-11 20:24:27,기타 
SPB-53456,2024-09-11 20:28:41,타이어 
SPB-53297,2024-09-11 20:32:14,안장
SPB-67248,2024-09-11 20:32:59,타이어 
SPB-55126,2024-09-11 20:35:00,타이어 
SPB-31400,2024-09-11 20:38:44,페달
SPB-60076,2024-09-11 20:41:04,타이어 
SPB-68564,2024-09-11 20:41:47,안장
SPB-65819,2024-09-11 20:41:54,기타 
SPB-54595,2024-09-11 20:42:28,페달
SPB-54209,2024-09-11 20:44:16,기타 
SPB-42378,2024-09-11 20:45:15,안장
SPB-58648,2024-09-11 20:45:48,타이어 
SPB-34257,2024-09-11 20:50:07,체인
SPB-39102,2024-09-11 20:53:36,안장
SPB-32400,2024-09-11 20:55:14,안장
SPB-53605,2024-09-11 20:56:34,체인
SPB-50723,2024-09-11 20:57:55,타이어 
SPB-54403,2024-09-11 21:00:52,페달
SPB-67231,2024-09-11 21:00:54,기타 
SPB-44626,2024-09-11 21:01:29,단말기
SPB-58063,2024-09-11 21:02:51,안장
SPB-37331,2024-09-11 21:03:15,기타 
SPB-48564,2024-09-11 21:03:28,타이어 
SPB-30062,2024-09-11 21:04:52,타이어 
SPB-68787,2024-09-11 21:05:35,체인
SPB-58095,2024-09-11 21:08:36,체인
SPB-59052,2024-09-11 21:09:02,타이어 
SPB-33099,2024-09-11 21:13:00,기타 
SPB-69378,2024-09-11 21:13:57,기타 
SPB-33941,2024-09-11 21:15:43,안장
SPB-63862,2024-09-11 21:20:40,타이어 
SPB-68551,2024-09-11 21:21:52,타이어 
SPB-52085,2024-09-11 21:23:06,페달
SPB-69674,2024-09-11 21:24:14,체인
SPB-45039,2024-09-11 21:26:03,기타 
SPB-37570,2024-09-11 21:26:51,기타 
SPB-42057,2024-09-11 21:27:24,타이어 
SPB-56898,2024-09-11 21:32:31,페달
SPB-37938,2024-09-11 21:40:22,기타 
SPB-55470,2024-09-11 21:41:17,타이어 
SPB-38176,2024-09-11 21:45:27,페달
SPB-53955,2024-09-11 21:51:31,체인
SPB-62123,2024-09-11 21:53:39,타이어 
SPB-51170,2024-09-11 21:55:39,단말기
SPB-31088,2024-09-11 22:01:42,체인
SPB-41358,2024-09-11 22:04:14,기타 
SPB-39417,2024-09-11 22:06:09,타이어 
SPB-65971,2024-09-11 22:06:44,페달
SPB-59114,2024-09-11 22:07:46,타이어 
SPB-69741,2024-09-11 22:12:15,기타 
SPB-52178,2024-09-11 22:13:21,페달
SPB-52247,2024-09-11 22:14:03,기타 
SPB-53669,2024-09-11 22:15:45,체인
SPB-36791,2024-09-11 22:27:42,타이어 
SPB-39201,2024-09-11 22:28:50,기타 
SPB-67376,2024-09-11 22:30:16,페달
SPB-44229,2024-09-11 22:33:26,체인
SPB-62701,2024-09-11 22:35:25,페달
SPB-50027,2024-09-11 22:40:30,타이어 
SPB-46693,2024-09-11 22:44:10,안장
SPB-69678,2024-09-11 22:54:59,체인
SPB-57194,2024-09-11 23:01:51,기타 
SPB-64637,2024-09-11 23:02:59,기타 
SPB-50423,2024-09-11 23:11:06,기타 
SPB-63027,2024-09-11 23:11:20,단말기
SPB-67385,2024-09-11 23:23:25,체인
SPB-37706,2024-09-11 23:32:46,페달
SPB-55314,2024-09-11 23:36:35,기타 
SPB-45310,2024-09-11 23:44:35,타이어 
SPB-40967,2024-09-11 23:58:21,기타 
SPB-58846,2024-09-12 00:04:00,단말기
SPB-64299,2024-09-12 00:06:00,안장
SPB-66674,2024-09-12 01:38:57,기타 
SPB-39792,2024-09-12 02:43:07,안장
SPB-48300,2024-09-12 04:20:46,타이어 
SPB-54414,2024-09-12 05:37:50,페달
SPB-55291,2024-09-12 05:49:10,페달
SPB-67278,2024-09-12 05:49:23,타이어 
SPB-44656,2024-09-12 06:06:29,체인
SPB-46825,2024-09-12 07:37:31,타이어 
SPB-63570,2024-09-12 07:53:39,타이어 
SPB-43185,2024-09-12 07:56:55,타이어 
SPB-61618,2024-09-12 08:21:57,체인
SPB-54815,2024-09-12 08:22:06,페달
SPB-65476,2024-09-12 08:56:02,체인
SPB-50159,2024-09-12 09:19:42,단말기
SPB-49092,2024-09-12 09:40:04,타이어 
SPB-30906,2024-09-12 09:44:57,기타 
SPB-37958,2024-09-12 10:33:32,기타 
SPB-62268,2024-09-12 11:34:01,기타 
SPB-55071,2024-09-12 11:56:35,타이어 
SPB-43279,2024-09-12 12:01:46,타이어 
SPB-31999,2024-09-12 12:05:08,타이어 
SPB-45483,2024-09-12 12:08:43,안장
SPB-54011,2024-09-12 12:09:03,기타 
SPB-64740,2024-09-12 12:14:43,타이어 
SPB-65812,2024-09-12 12:18:20,타이어 
SPB-63242,2024-09-12 12:19:36,타이어 
SPB-59062,2024-09-12 12:42:36,체인
SPB-51681,2024-09-12 12:45:31,체인
SPB-69472,2024-09-12 12:49:26,체인
SPB-44579,2024-09-12 12:50:00,체인
SPB-44805,2024-09-12 12:50:45,체인
SPB-58790,2024-09-12 13:04:54,기타 
SPB-42905,2024-09-12 13:10:27,체인
SPB-40024,2024-09-12 13:28:11,체인
SPB-46713,2024-09-12 13:31:53,타이어 
SPB-60943,2024-09-12 13:42:11,체인
SPB-67947,2024-09-12 13:57:58,타이어 
SPB-45445,2024-09-12 14:17:07,체인
SPB-63187,2024-09-12 14:39:37,안장
SPB-38631,2024-09-12 15:37:01,체인
SPB-43135,2024-09-12 16:02:39,페달
SPB-59116,2024-09-12 16:34:36,기타 
SPB-34022,2024-09-12 16:40:03,체인
SPB-32602,2024-09-12 16:53:04,체인
SPB-54339,2024-09-12 17:11:33,기타 
SPB-39349,2024-09-12 17:22:24,타이어 
SPB-34184,2024-09-12 17:28:57,타이어 
SPB-60919,2024-09-12 17:29:33,체인
SPB-67137,2024-09-12 17:30:19,페달
SPB-48795,2024-09-12 17:43:56,기타 
SPB-67129,2024-09-12 17:45:47,타이어 
SPB-31178,2024-09-12 17:49:24,타이어 
SPB-39648,2024-09-12 17:50:42,기타 
SPB-54945,2024-09-12 17:53:01,페달
SPB-40876,2024-09-12 17:59:13,타이어 
SPB-36200,2024-09-12 18:01:34,타이어 
SPB-47318,2024-09-12 18:10:33,단말기
SPB-66544,2024-09-12 18:15:12,기타 
SPB-58729,2024-09-12 18:15:35,타이어 
SPB-51704,2024-09-12 18:17:25,체인
SPB-33344,2024-09-12 18:19:29,기타 
SPB-48176,2024-09-12 18:21:59,타이어 
SPB-41499,2024-09-12 18:22:08,체인
SPB-54520,2024-09-12 18:26:13,타이어 
SPB-42907,2024-09-12 18:28:29,체인
SPB-54627,2024-09-12 18:31:27,체인
SPB-38186,2024-09-12 18:35:26,기타 
SPB-43465,2024-09-12 18:36:23,기타 
SPB-33488,2024-09-12 18:36:44,기타 
SPB-56287,2024-09-12 18:49:44,타이어 
SPB-37665,2024-09-12 18:50:14,단말기
SPB-69520,2024-09-12 18:51:31,체인
SPB-45117,2024-09-12 18:52:12,타이어 
SPB-66055,2024-09-12 18:52:31,체인
SPB-65936,2024-09-12 18:54:23,안장
SPB-35656,2024-09-12 18:54:26,체인
SPB-50773,2024-09-12 18:57:26,체인
SPB-63627,2024-09-12 18:58:48,타이어 
SPB-70469,2024-09-12 18:59:42,기타 
SPB-32487,2024-09-12 19:01:06,체인
SPB-55858,2024-09-12 19:02:36,타이어 
SPB-43320,2024-09-12 19:05:04,단말기
SPB-65670,2024-09-12 19:07:00,기타 
SPB-69593,2024-09-12 19:07:55,타이어 
SPB-61097,2024-09-12 19:10:17,안장
SPB-54721,2024-09-12 19:10:55,기타 
SPB-36479,2024-09-12 19:11:21,안장
SPB-47731,2024-09-12 19:11:30,기타 
SPB-30368,2024-09-12 19:12:19,기타 
SPB-66521,2024-09-12 19:12:30,페달
SPB-39723,2024-09-12 19:16:19,기타 
SPB-36381,2024-09-12 19:18:07,타이어 
SPB-48721,2024-09-12 19:19:06,기타 
SPB-55399,2024-09-12 19:24:51,기타 
SPB-64506,2024-09-12 19:26:11,페달
SPB-46275,2024-09-12 19:28:26,체인
SPB-57134,2024-09-12 19:33:36,페달
SPB-30937,2024-09-12 19:33:53,타이어 
SPB-51308,2024-09-12 19:39:22,타이어 
SPB-83889,2024-09-12 19:40:48,타이어 
SPB-40440,2024-09-12 19:40:51,체인
SPB-84021,2024-09-12 19:41:15,타이어 
SPB-61618,2024-09-12 19:44:13,체인
SPB-51027,2024-09-12 19:45:37,타이어 
SPB-39749,2024-09-12 19:47:55,안장
SPB-56271,2024-09-12 19:49:22,단말기
SPB-48877,2024-09-12 19:59:19,기타 
SPB-40882,2024-09-12 20:00:06,안장
SPB-34110,2024-09-12 20:03:12,타이어 
SPB-69976,2024-09-12 20:14:34,타이어 
SPB-31457,2024-09-12 20:15:32,타이어 
SPB-35666,2024-09-12 20:18:26,타이어 
SPB-66682,2024-09-12 20:21:16,페달
SPB-51953,2024-09-12 20:23:07,타이어 
SPB-59424,2024-09-12 20:23:52,단말기
SPB-46346,2024-09-12 20:24:04,타이어 
SPB-68105,2024-09-12 20:25:44,단말기
SPB-51080,2024-09-12 20:26:14,기타 
SPB-57296,2024-09-12 20:29:43,페달
SPB-59349,2024-09-12 20:30:13,기타 
SPB-67028,2024-09-12 20:37:33,타이어 
SPB-56634,2024-09-12 20:38:05,안장
SPB-62246,2024-09-12 20:40:13,타이어 
SPB-44133,2024-09-12 20:40:49,안장
SPB-68414,2024-09-12 20:45:55,기타 
SPB-40982,2024-09-12 20:46:50,체인
SPB-63526,2024-09-12 20:48:36,타이어 
SPB-51764,2024-09-12 20:49:40,체인
SPB-60371,2024-09-12 20:51:51,안장
SPB-31939,2024-09-12 20:57:44,타이어 
SPB-48047,2024-09-12 20:58:01,체인
SPB-55222,2024-09-12 21:00:28,기타 
SPB-56257,2024-09-12 21:05:31,체인
SPB-52536,2024-09-12 21:09:43,타이어 
SPB-42716,2024-09-12 21:14:49,체인
SPB-63286,2024-09-12 21:14:54,기타 
SPB-62239,2024-09-12 21:15:03,타이어 
SPB-52488,2024-09-12 21:17:06,단말기
SPB-62128,2024-09-12 21:17:26,체인
SPB-36400,2024-09-12 21:17:42,타이어 
SPB-80536,2024-09-12 21:18:26,안장
SPB-58763,2024-09-12 21:22:56,안장
SPB-48231,2024-09-12 21:29:23,기타 
SPB-53877,2024-09-12 21:36:37,안장
SPB-57220,2024-09-12 21:38:40,기타 
SPB-43736,2024-09-12 21:39:32,기타 
SPB-57964,2024-09-12 21:45:16,페달
SPB-39415,2024-09-12 21:47:25,페달
SPB-33766,2024-09-12 21:47:31,페달
SPB-42843,2024-09-12 21:49:50,안장
SPB-41081,2024-09-12 21:55:42,타이어 
SPB-56962,2024-09-12 21:56:38,기타 
SPB-61794,2024-09-12 21:58:31,체인
SPB-40576,2024-09-12 21:59:44,체인
SPB-60363,2024-09-12 21:59:55,체인
SPB-40270,2024-09-12 22:00:34,체인
SPB-34852,2024-09-12 22:00:45,기타 
SPB-30014,2024-09-12 22:00:52,체인
SPB-32044,2024-09-12 22:00:53,타이어 
SPB-65785,2024-09-12 22:02:20,단말기
SPB-64097,2024-09-12 22:03:35,안장
SPB-60361,2024-09-12 22:04:35,체인
SPB-66753,2024-09-12 22:06:25,타이어 
SPB-58635,2024-09-12 22:09:33,안장
SPB-67102,2024-09-12 22:10:12,체인
SPB-56490,2024-09-12 22:10:14,기타 
SPB-47706,2024-09-12 22:10:26,페달
SPB-34022,2024-09-12 22:15:32,체인
SPB-67166,2024-09-12 22:16:58,체인
SPB-42330,2024-09-12 22:18:53,페달
SPB-35267,2024-09-12 22:20:15,체인
SPB-57637,2024-09-12 22:20:23,기타 
SPB-42254,2024-09-12 22:24:45,기타 
SPB-39161,2024-09-12 22:29:31,안장
SPB-48472,2024-09-12 22:30:46,페달
SPB-38229,2024-09-12 22:38:24,체인
SPB-48073,2024-09-12 22:46:20,안장
SPB-43780,2024-09-12 22:46:53,체인
SPB-67276,2024-09-12 22:48:16,타이어 
SPB-47699,2024-09-12 22:50:00,타이어 
SPB-57083,2024-09-12 22:50:26,페달
SPB-56760,2024-09-12 22:56:29,페달
SPB-56288,2024-09-12 23:05:54,기타 
SPB-66948,2024-09-12 23:12:01,단말기
SPB-55962,2024-09-12 23:18:31,체인
SPB-53532,2024-09-12 23:19:11,안장
SPB-65603,2024-09-12 23:24:20,기타 
SPB-57744,2024-09-12 23:24:40,체인
SPB-82914,2024-09-12 23:25:09,기타 
SPB-43039,2024-09-12 23:42:28,타이어 
SPB-35848,2024-09-12 23:45:45,타이어 
SPB-65883,2024-09-12 23:46:22,타이어 
SPB-30418,2024-09-12 23:47:46,타이어 
SPB-44152,2024-09-12 23:52:54,체인
SPB-47793,2024-09-12 23:54:25,기타 
SPB-68136,2024-09-12 23:59:56,페달
SPB-56725,2024-09-13 00:31:02,페달
SPB-45477,2024-09-13 00:47:35,타이어 
SPB-55885,2024-09-13 00:50:40,기타 
SPB-51091,2024-09-13 00:57:24,타이어 
SPB-35193,2024-09-13 02:58:37,타이어 
SPB-57933,2024-09-13 03:08:44,타이어 
SPB-30872,2024-09-13 05:31:34,타이어 
SPB-41414,2024-09-13 06:34:04,타이어 
SPB-53540,2024-09-13 06:47:56,타이어 
SPB-45879,2024-09-13 06:49:35,안장
SPB-68714,2024-09-13 06:54:25,페달
SPB-56389,2024-09-13 06:58:01,페달
SPB-62978,2024-09-13 06:59:20,체인
SPB-38885,2024-09-13 07:02:44,체인
SPB-46299,2024-09-13 07:05:15,기타 
SPB-55811,2024-09-13 07:07:33,타이어 
SPB-80605,2024-09-13 07:10:39,체인
SPB-57411,2024-09-13 07:12:32,체인
SPB-51472,2024-09-13 07:20:06,기타 
SPB-43178,2024-09-13 07:24:34,타이어 
SPB-34051,2024-09-13 07:26:28,기타 
SPB-46697,2024-09-13 07:28:01,안장
SPB-39209,2024-09-13 07:32:13,기타 
SPB-64618,2024-09-13 07:34:24,타이어 
SPB-50605,2024-09-13 07:41:29,단말기
SPB-39193,2024-09-13 07:43:33,체인
SPB-60894,2024-09-13 07:46:51,기타 
SPB-30539,2024-09-13 07:47:09,체인
SPB-66780,2024-09-13 07:47:55,기타 
SPB-48099,2024-09-13 07:50:00,체인
SPB-44847,2024-09-13 07:52:52,안장
SPB-46395,2024-09-13 07:54:47,체인
SPB-34482,2024-09-13 07:56:26,체인
SPB-48337,2024-09-13 07:58:04,기타 
SPB-64365,2024-09-13 07:59:04,체인
SPB-33534,2024-09-13 07:59:12,타이어 
SPB-52430,2024-09-13 07:59:28,타이어 
SPB-56862,2024-09-13 07:59:58,타이어 
SPB-64723,2024-09-13 08:01:48,타이어 
SPB-35186,2024-09-13 08:01:50,타이어 
SPB-46267,2024-09-13 08:04:32,체인
SPB-30785,2024-09-13 08:06:02,타이어 
SPB-51879,2024-09-13 08:10:16,페달
SPB-64100,2024-09-13 08:10:19,기타 
SPB-59097,2024-09-13 08:15:04,기타 
SPB-69425,2024-09-13 08:15:22,안장
SPB-33909,2024-09-13 08:15:46,기타 
SPB-46267,2024-09-13 08:17:29,체인
SPB-49237,2024-09-13 08:19:31,기타 
SPB-44227,2024-09-13 08:20:50,체인
SPB-66250,2024-09-13 08:22:25,타이어 
SPB-61562,2024-09-13 08:23:34,페달
SPB-60008,2024-09-13 08:26:49,기타 
SPB-61918,2024-09-13 08:26:57,체인
SPB-51798,2024-09-13 08:27:23,기타 
SPB-31285,2024-09-13 08:29:14,페달
SPB-42016,2024-09-13 08:31:26,타이어 
SPB-61900,2024-09-13 08:31:58,기타 
SPB-39743,2024-09-13 08:32:40,타이어 
SPB-34794,2024-09-13 08:34:41,기타 
SPB-33322,2024-09-13 08:35:19,타이어 
SPB-40176,2024-09-13 08:35:27,기타 
SPB-41022,2024-09-13 08:37:45,타이어 
SPB-44880,2024-09-13 08:37:50,타이어 
SPB-59673,2024-09-13 08:38:09,기타 
SPB-35449,2024-09-13 08:41:10,체인
SPB-69728,2024-09-13 08:41:46,타이어 
SPB-50630,2024-09-13 08:44:15,안장
SPB-55797,2024-09-13 08:44:19,단말기
SPB-69632,2024-09-13 08:46:35,안장
SPB-52598,2024-09-13 08:48:46,안장
SPB-62962,2024-09-13 08:50:40,타이어 
SPB-61644,2024-09-13 08:52:14,타이어 
SPB-51914,2024-09-13 08:52:35,기타 
SPB-56942,2024-09-13 08:52:46,기타 
SPB-69510,2024-09-13 08:53:24,체인
SPB-50694,2024-09-13 08:53:29,단말기
SPB-53168,2024-09-13 08:53:31,기타 
SPB-39637,2024-09-13 08:57:17,타이어 
SPB-69348,2024-09-13 08:59:50,기타 
SPB-61846,2024-09-13 09:03:14,타이어 
SPB-36003,2024-09-13 09:04:25,페달
SPB-52872,2024-09-13 09:06:03,타이어 
SPB-32728,2024-09-13 09:08:06,체인
SPB-55781,2024-09-13 09:12:51,체인
SPB-42465,2024-09-13 09:16:28,타이어 
SPB-53497,2024-09-13 09:18:25,단말기
SPB-70200,2024-09-13 09:20:19,타이어 
SPB-51846,2024-09-13 09:20:39,체인
SPB-60641,2024-09-13 09:20:41,타이어 
SPB-58760,2024-09-13 09:21:06,단말기
SPB-81883,2024-09-13 09:23:37,타이어 
SPB-45920,2024-09-13 09:26:27,타이어 
SPB-41879,2024-09-13 09:28:32,체인
SPB-41912,2024-09-13 09:30:44,기타 
SPB-41441,2024-09-13 09:31:50,기타 
SPB-57128,2024-09-13 09:39:54,페달
SPB-61093,2024-09-13 09:40:20,타이어 
SPB-65223,2024-09-13 09:40:37,타이어 
SPB-41781,2024-09-13 09:45:40,타이어 
SPB-39859,2024-09-13 09:46:38,페달
SPB-48235,2024-09-13 09:47:17,타이어 
SPB-64540,2024-09-13 09:47:19,체인
SPB-51238,2024-09-13 09:47:52,타이어 
SPB-43862,2024-09-13 09:50:28,체인
SPB-59102,2024-09-13 09:51:35,기타 
SPB-60190,2024-09-13 09:56:21,체인
SPB-55266,2024-09-13 10:03:45,체인
SPB-43486,2024-09-13 10:10:11,기타 
SPB-48471,2024-09-13 10:11:35,안장
SPB-60113,2024-09-13 10:13:24,타이어 
SPB-47655,2024-09-13 10:20:40,체인
SPB-69531,2024-09-13 10:23:20,안장
SPB-51239,2024-09-13 10:25:46,페달
SPB-43193,2024-09-13 10:27:53,체인
SPB-68374,2024-09-13 10:35:51,체인
SPB-68405,2024-09-13 10:37:28,기타 
SPB-42929,2024-09-13 10:37:40,안장
SPB-65291,2024-09-13 10:37:53,기타 
SPB-42716,2024-09-13 10:38:31,체인
SPB-64396,2024-09-13 10:47:26,기타 
SPB-30081,2024-09-13 10:51:35,단말기
SPB-58742,2024-09-13 10:58:44,안장
SPB-66453,2024-09-13 11:00:34,기타 
SPB-46347,2024-09-13 11:12:12,체인
SPB-65471,2024-09-13 11:23:24,타이어 
SPB-64369,2024-09-13 11:28:47,체인
SPB-58119,2024-09-13 11:30:54,기타 
SPB-38465,2024-09-13 11:39:34,안장
SPB-41739,2024-09-13 11:52:34,체인
SPB-58948,2024-09-13 11:55:06,단말기
SPB-63455,2024-09-13 11:59:50,타이어 
SPB-51774,2024-09-13 12:10:31,체인
SPB-59363,2024-09-13 12:13:24,단말기
SPB-53741,2024-09-13 12:14:40,페달
SPB-66906,2024-09-13 12:20:09,타이어 
SPB-51428,2024-09-13 12:21:00,타이어 
SPB-65423,2024-09-13 12:29:02,기타 
SPB-48677,2024-09-13 12:32:40,타이어 
SPB-42042,2024-09-13 12:36:02,체인
SPB-68334,2024-09-13 12:41:50,타이어 
SPB-58098,2024-09-13 13:00:13,타이어 
SPB-58510,2024-09-13 13:08:56,체인
SPB-39004,2024-09-13 13:09:37,타이어 
SPB-65228,2024-09-13 15:44:49,타이어 
SPB-68263,2024-09-13 16:34:07,페달
SPB-68322,2024-09-13 16:38:33,타이어 
SPB-50064,2024-09-13 16:45:30,기타 
SPB-37646,2024-09-13 16:51:33,체인
SPB-53825,2024-09-13 17:13:22,기타 
SPB-48115,2024-09-13 17:13:33,기타 
SPB-65051,2024-09-13 17:21:12,기타 
SPB-62276,2024-09-13 17:24:20,타이어 
SPB-45266,2024-09-13 17:28:40,단말기
SPB-31465,2024-09-13 17:30:26,기타 
SPB-51239,2024-09-13 17:32:51,페달
SPB-49448,2024-09-13 17:33:45,기타 
SPB-66137,2024-09-13 17:35:22,안장
SPB-67370,2024-09-13 17:43:26,기타 
SPB-66759,2024-09-13 17:48:15,기타 
SPB-42096,2024-09-13 17:50:00,기타 
SPB-69596,2024-09-13 17:51:28,체인
SPB-37174,2024-09-13 17:52:10,안장
SPB-56134,2024-09-13 17:56:22,기타 
SPB-67403,2024-09-13 17:59:13,타이어 
SPB-65034,2024-09-13 18:04:54,페달
SPB-32009,2024-09-13 18:06:01,타이어 
SPB-47098,2024-09-13 18:06:47,타이어 
SPB-42907,2024-09-13 18:14:06,페달
SPB-51109,2024-09-13 18:18:42,안장
SPB-56104,2024-09-13 18:24:35,기타 
SPB-66698,2024-09-13 18:24:59,타이어 
SPB-44591,2024-09-13 18:27:29,기타 
SPB-60754,2024-09-13 18:29:10,기타 
SPB-58785,2024-09-13 18:33:49,타이어 
SPB-40250,2024-09-13 18:47:31,안장
SPB-38971,2024-09-13 18:50:32,타이어 
SPB-38779,2024-09-13 18:50:58,체인
SPB-31130,2024-09-13 18:53:07,기타 
SPB-34875,2024-09-13 18:59:10,기타 
SPB-35812,2024-09-13 19:07:28,페달
SPB-47315,2024-09-13 19:08:07,기타 
SPB-68850,2024-09-13 19:16:23,체인
SPB-49316,2024-09-13 19:19:46,기타 
SPB-46395,2024-09-13 19:26:25,체인
SPB-55044,2024-09-13 19:29:54,기타 
SPB-61299,2024-09-13 19:36:53,타이어 
SPB-44513,2024-09-13 19:37:30,체인
SPB-67202,2024-09-13 19:37:50,체인
SPB-54653,2024-09-13 19:38:36,기타 
SPB-69320,2024-09-13 19:38:42,타이어 
SPB-53280,2024-09-13 19:54:38,기타 
SPB-69250,2024-09-13 20:39:09,체인
SPB-51897,2024-09-13 20:41:34,기타 
SPB-41797,2024-09-13 20:55:21,타이어 
SPB-47230,2024-09-13 21:43:14,기타 
SPB-41420,2024-09-13 21:52:48,안장
SPB-46609,2024-09-13 22:57:14,체인
SPB-58389,2024-09-13 23:22:47,타이어 
SPB-67465,2024-09-13 23:54:05,기타 
SPB-35462,2024-09-13 23:56:17,단말기
SPB-59548,2024-09-13 23:56:55,단말기
SPB-30385,2024-09-14 00:58:05,타이어 
SPB-37481,2024-09-14 01:02:13,안장
SPB-51800,2024-09-14 01:06:51,기타 
SPB-55350,2024-09-14 01:29:03,페달
SPB-35199,2024-09-14 01:34:14,기타 
SPB-67047,2024-09-14 01:38:23,타이어 
SPB-52557,2024-09-14 01:53:25,안장
SPB-33409,2024-09-14 02:14:10,기타 
SPB-58141,2024-09-14 03:03:44,기타 
SPB-56680,2024-09-14 03:35:15,페달
SPB-58891,2024-09-14 04:26:31,페달
SPB-51377,2024-09-14 06:05:25,페달
SPB-61609,2024-09-14 06:12:18,타이어 
SPB-34364,2024-09-14 06:14:25,체인
SPB-37483,2024-09-14 06:51:32,타이어 
SPB-40056,2024-09-14 07:00:57,타이어 
SPB-66815,2024-09-14 07:06:12,타이어 
SPB-58487,2024-09-14 07:22:47,체인
SPB-65103,2024-09-14 07:23:39,기타 
SPB-59365,2024-09-14 07:43:55,체인
SPB-49544,2024-09-14 07:48:16,체인
SPB-59120,2024-09-14 07:57:51,타이어 
SPB-52935,2024-09-14 07:58:39,단말기
SPB-46267,2024-09-14 08:03:24,체인
SPB-80513,2024-09-14 08:08:58,타이어 
SPB-64408,2024-09-14 08:23:07,안장
SPB-62325,2024-09-14 08:23:51,안장
SPB-59215,2024-09-14 08:23:53,기타 
SPB-65806,2024-09-14 08:24:06,타이어 
SPB-54595,2024-09-14 08:45:23,페달
SPB-66318,2024-09-14 09:01:52,타이어 
SPB-60802,2024-09-14 09:05:32,페달
SPB-38691,2024-09-14 09:05:40,체인
SPB-67376,2024-09-14 09:05:59,체인
SPB-64487,2024-09-14 09:11:43,페달
SPB-57300,2024-09-14 09:14:07,페달
SPB-69728,2024-09-14 09:18:52,타이어 
SPB-44656,2024-09-14 09:19:08,체인
SPB-59482,2024-09-14 09:23:46,단말기
SPB-65521,2024-09-14 09:32:47,타이어 
SPB-69403,2024-09-14 09:33:29,체인
SPB-70337,2024-09-14 09:33:49,기타 
SPB-67924,2024-09-14 09:38:51,타이어 
SPB-56778,2024-09-14 09:40:31,체인
SPB-53023,2024-09-14 09:40:40,페달
SPB-59446,2024-09-14 09:41:31,안장
SPB-69282,2024-09-14 09:42:49,안장
SPB-60310,2024-09-14 09:50:48,타이어 
SPB-47211,2024-09-14 09:53:18,체인
SPB-35162,2024-09-14 09:57:45,기타 
SPB-58907,2024-09-14 09:57:54,기타 
SPB-38365,2024-09-14 09:59:40,기타 
SPB-49477,2024-09-14 10:04:42,기타 
SPB-68293,2024-09-14 10:08:54,기타 
SPB-52137,2024-09-14 10:09:39,타이어 
SPB-56436,2024-09-14 10:15:14,기타 
SPB-60804,2024-09-14 10:18:22,안장
SPB-67187,2024-09-14 10:21:05,기타 
SPB-62985,2024-09-14 10:21:41,안장
SPB-49195,2024-09-14 10:39:25,단말기
SPB-62706,2024-09-14 10:44:27,페달
SPB-69097,2024-09-14 10:50:03,타이어 
SPB-51447,2024-09-14 10:51:26,타이어 
SPB-50846,2024-09-14 10:53:14,페달
SPB-34318,2024-09-14 10:58:39,기타 
SPB-60616,2024-09-14 11:02:56,타이어 
SPB-54520,2024-09-14 11:03:55,타이어 
SPB-32474,2024-09-14 11:05:10,타이어 
SPB-57961,2024-09-14 11:05:27,체인
SPB-66432,2024-09-14 11:08:12,타이어 
SPB-68880,2024-09-14 11:09:46,타이어 
SPB-51878,2024-09-14 11:14:16,타이어 
SPB-36101,2024-09-14 11:16:03,페달
SPB-49113,2024-09-14 11:16:05,안장
SPB-36231,2024-09-14 11:16:40,타이어 
SPB-67665,2024-09-14 11:19:38,체인
SPB-56843,2024-09-14 11:19:47,체인
SPB-65531,2024-09-14 11:25:31,페달
SPB-58148,2024-09-14 11:29:37,기타 
SPB-32368,2024-09-14 11:32:50,기타 
SPB-39732,2024-09-14 11:49:47,체인
SPB-48122,2024-09-14 11:49:53,단말기
SPB-40301,2024-09-14 11:49:58,타이어 
SPB-53650,2024-09-14 11:51:47,체인
SPB-69792,2024-09-14 11:54:32,체인
SPB-30507,2024-09-14 11:58:37,기타 
SPB-56153,2024-09-14 11:59:03,체인
SPB-47219,2024-09-14 12:03:13,타이어 
SPB-67458,2024-09-14 12:03:20,타이어 
SPB-46437,2024-09-14 12:06:33,안장
SPB-46222,2024-09-14 12:13:55,안장
SPB-48558,2024-09-14 12:15:05,페달
SPB-69262,2024-09-14 12:15:54,체인
SPB-32593,2024-09-14 12:16:16,단말기
SPB-63081,2024-09-14 12:18:07,페달
SPB-68017,2024-09-14 12:20:10,기타 
SPB-35193,2024-09-14 12:23:21,체인
SPB-30736,2024-09-14 12:23:37,타이어 
SPB-61496,2024-09-14 12:24:30,체인
SPB-56722,2024-09-14 12:24:42,페달
SPB-43638,2024-09-14 12:25:43,기타 
SPB-57662,2024-09-14 12:29:28,안장
SPB-45946,2024-09-14 12:30:24,타이어 
SPB-47811,2024-09-14 12:30:31,타이어 
SPB-56734,2024-09-14 12:30:44,페달
SPB-65089,2024-09-14 12:30:50,타이어 
SPB-63269,2024-09-14 12:34:55,체인
SPB-55509,2024-09-14 12:35:15,체인
SPB-65322,2024-09-14 12:37:35,기타 
SPB-66654,2024-09-14 12:38:58,체인
SPB-32282,2024-09-14 12:39:22,페달
SPB-54664,2024-09-14 12:42:50,타이어 
SPB-63232,2024-09-14 12:43:57,타이어 
SPB-43038,2024-09-14 12:44:28,체인
SPB-54402,2024-09-14 12:49:44,타이어 
SPB-45217,2024-09-14 12:56:07,페달
SPB-51070,2024-09-14 13:03:38,기타 
SPB-51532,2024-09-14 13:25:33,기타 
SPB-53831,2024-09-14 13:29:58,기타 
SPB-59348,2024-09-14 13:30:39,타이어 
SPB-51022,2024-09-14 13:32:07,단말기
SPB-65553,2024-09-14 13:39:40,단말기
SPB-38543,2024-09-14 13:46:10,체인
SPB-46068,2024-09-14 13:46:53,기타 
SPB-48950,2024-09-14 13:51:25,단말기
SPB-54349,2024-09-14 13:55:01,페달
SPB-66855,2024-09-14 13:57:39,기타 
SPB-62642,2024-09-14 13:58:05,페달
SPB-64425,2024-09-14 14:04:58,타이어 
SPB-50496,2024-09-14 14:14:39,단말기
SPB-30066,2024-09-14 14:16:11,기타 
SPB-30145,2024-09-14 14:20:05,타이어 
SPB-42528,2024-09-14 14:23:20,기타 
SPB-47654,2024-09-14 14:25:51,기타 
SPB-44939,2024-09-14 14:33:02,타이어 
SPB-30776,2024-09-14 14:44:44,기타 
SPB-59577,2024-09-14 14:54:27,페달
SPB-54231,2024-09-14 15:01:22,체인
SPB-30618,2024-09-14 15:01:45,기타 
SPB-47883,2024-09-14 15:03:13,단말기
SPB-50835,2024-09-14 15:06:57,페달
SPB-58637,2024-09-14 15:08:41,페달
SPB-62112,2024-09-14 15:08:55,타이어 
SPB-51366,2024-09-14 15:09:18,기타 
SPB-67139,2024-09-14 15:09:55,페달
SPB-63819,2024-09-14 15:10:30,타이어 
SPB-61077,2024-09-14 15:12:28,체인
SPB-58064,2024-09-14 15:14:26,기타 
SPB-62759,2024-09-14 15:15:08,타이어 
SPB-39470,2024-09-14 15:15:42,단말기
SPB-62667,2024-09-14 15:17:47,기타 
SPB-51088,2024-09-14 15:18:30,체인
SPB-34604,2024-09-14 15:21:30,체인
SPB-30539,2024-09-14 15:29:47,기타 
SPB-43908,2024-09-14 15:30:56,안장
SPB-57052,2024-09-14 15:33:20,기타 
SPB-41318,2024-09-14 15:33:51,체인
SPB-45779,2024-09-14 15:33:55,타이어 
SPB-69096,2024-09-14 15:36:28,타이어 
SPB-39352,2024-09-14 15:36:38,기타 
SPB-60678,2024-09-14 15:39:43,타이어 
SPB-66775,2024-09-14 15:44:29,타이어 
SPB-42907,2024-09-14 15:46:43,체인
SPB-35981,2024-09-14 15:49:55,페달
SPB-36096,2024-09-14 15:50:23,타이어 
SPB-64047,2024-09-14 15:53:08,기타 
SPB-68340,2024-09-14 16:00:25,체인
SPB-44306,2024-09-14 16:02:29,안장
SPB-69225,2024-09-14 16:05:18,체인
SPB-40400,2024-09-14 16:05:46,타이어 
SPB-33117,2024-09-14 16:09:01,기타 
SPB-37262,2024-09-14 16:13:11,단말기
SPB-38739,2024-09-14 16:17:35,타이어 
SPB-58939,2024-09-14 16:20:36,기타 
SPB-65627,2024-09-14 16:21:22,타이어 
SPB-32901,2024-09-14 16:21:58,타이어 
SPB-63656,2024-09-14 16:24:59,체인
SPB-60433,2024-09-14 16:25:06,체인
SPB-46267,2024-09-14 16:25:41,체인
SPB-33599,2024-09-14 16:32:04,타이어 
SPB-35086,2024-09-14 16:32:41,페달
SPB-47479,2024-09-14 16:33:50,기타 
SPB-66016,2024-09-14 16:33:55,안장
SPB-48686,2024-09-14 16:36:10,페달
SPB-37412,2024-09-14 16:38:54,체인
SPB-45942,2024-09-14 16:43:21,타이어 
SPB-30930,2024-09-14 16:43:24,페달
SPB-42272,2024-09-14 16:45:55,체인
SPB-65234,2024-09-14 16:45:56,기타 
SPB-46713,2024-09-14 16:45:58,타이어 
SPB-69746,2024-09-14 16:46:54,타이어 
SPB-51659,2024-09-14 16:51:39,타이어 
SPB-47131,2024-09-14 16:52:23,페달
SPB-62701,2024-09-14 16:56:36,페달
SPB-32238,2024-09-14 17:03:34,타이어 
SPB-40747,2024-09-14 17:06:52,단말기
SPB-56351,2024-09-14 17:09:26,체인
SPB-70233,2024-09-14 17:11:14,페달
SPB-69098,2024-09-14 17:14:11,페달
SPB-37582,2024-09-14 17:14:46,기타 
SPB-47230,2024-09-14 17:15:24,체인
SPB-53741,2024-09-14 17:22:42,페달
SPB-56468,2024-09-14 17:30:26,기타 
SPB-46978,2024-09-14 17:33:32,체인
SPB-66149,2024-09-14 17:33:45,기타 
SPB-64120,2024-09-14 17:34:18,기타 
SPB-36466,2024-09-14 17:37:15,페달
SPB-69982,2024-09-14 17:39:00,체인
SPB-57719,2024-09-14 17:39:26,페달
SPB-39671,2024-09-14 17:40:01,기타 
SPB-47985,2024-09-14 17:42:14,기타 
SPB-46161,2024-09-14 17:44:51,타이어 
SPB-32575,2024-09-14 17:47:22,페달
SPB-58862,2024-09-14 17:47:35,안장
SPB-51936,2024-09-14 17:49:32,페달
SPB-67216,2024-09-14 17:49:38,타이어 
SPB-35146,2024-09-14 17:50:30,체인
SPB-57960,2024-09-14 17:57:24,페달
SPB-39579,2024-09-14 18:01:59,기타 
SPB-69929,2024-09-14 18:03:18,기타 
SPB-51247,2024-09-14 18:08:39,타이어 
SPB-53550,2024-09-14 18:09:18,체인
SPB-34830,2024-09-14 18:09:38,체인
SPB-67431,2024-09-14 18:12:18,타이어 
SPB-65987,2024-09-14 18:12:53,체인
SPB-51724,2024-09-14 18:14:30,단말기
SPB-41444,2024-09-14 18:18:14,단말기
SPB-61653,2024-09-14 18:20:41,기타 
SPB-48349,2024-09-14 18:25:13,페달
SPB-34574,2024-09-14 18:26:47,타이어 
SPB-68189,2024-09-14 18:31:39,페달
SPB-40339,2024-09-14 18:34:21,기타 
SPB-58372,2024-09-14 18:37:25,안장
SPB-65980,2024-09-14 18:40:27,타이어 
SPB-61372,2024-09-14 18:40:38,타이어 
SPB-48531,2024-09-14 18:44:13,단말기
SPB-40646,2024-09-14 18:47:34,체인
SPB-64294,2024-09-14 18:47:51,기타 
SPB-81574,2024-09-14 18:49:15,기타 
SPB-55099,2024-09-14 18:49:35,타이어 
SPB-70095,2024-09-14 18:50:24,타이어 
SPB-31844,2024-09-14 18:50:29,페달
SPB-58509,2024-09-14 18:52:35,기타 
SPB-63690,2024-09-14 18:54:34,기타 
SPB-33478,2024-09-14 18:58:23,체인
SPB-42705,2024-09-14 18:59:04,타이어 
SPB-55061,2024-09-14 19:03:52,페달
SPB-47955,2024-09-14 19:08:28,기타 
SPB-31044,2024-09-14 19:13:01,타이어 
SPB-47511,2024-09-14 19:20:44,체인
SPB-59723,2024-09-14 19:26:19,기타 
SPB-67979,2024-09-14 19:26:58,체인
SPB-65220,2024-09-14 19:27:30,체인
SPB-69648,2024-09-14 19:32:35,타이어 
SPB-62451,2024-09-14 19:39:12,안장
SPB-56956,2024-09-14 19:41:26,체인
SPB-33471,2024-09-14 19:41:31,타이어 
SPB-67462,2024-09-14 19:46:34,타이어 
SPB-63399,2024-09-14 19:49:26,타이어 
SPB-32019,2024-09-14 19:57:13,기타 
SPB-63125,2024-09-14 20:01:21,안장
SPB-50154,2024-09-14 20:02:07,기타 
SPB-41687,2024-09-14 20:06:35,기타 
SPB-57599,2024-09-14 20:09:19,페달
SPB-69655,2024-09-14 20:11:38,체인
SPB-30458,2024-09-14 20:14:34,페달
SPB-32765,2024-09-14 20:16:31,기타 
SPB-31358,2024-09-14 20:17:18,기타 
SPB-68374,2024-09-14 20:19:11,체인
SPB-68200,2024-09-14 20:22:32,기타 
SPB-31279,2024-09-14 20:23:34,단말기
SPB-46936,2024-09-14 20:23:57,안장
SPB-68850,2024-09-14 20:24:49,기타 
SPB-69261,2024-09-14 20:26:15,단말기
SPB-57016,2024-09-14 20:31:13,타이어 
SPB-65338,2024-09-14 20:32:01,안장
SPB-57411,2024-09-14 20:34:32,페달
SPB-61461,2024-09-14 20:47:10,페달
SPB-47334,2024-09-14 20:52:22,체인
SPB-62205,2024-09-14 20:53:41,페달
SPB-41928,2024-09-14 20:56:10,타이어 
SPB-51846,2024-09-14 20:56:17,기타 
SPB-62064,2024-09-14 20:57:07,체인
SPB-46836,2024-09-14 21:01:48,체인
SPB-82814,2024-09-14 21:04:28,기타 
SPB-40882,2024-09-14 21:04:46,안장
SPB-60477,2024-09-14 21:05:10,안장
SPB-69385,2024-09-14 21:06:47,체인
SPB-68748,2024-09-14 21:06:53,체인
SPB-67838,2024-09-14 21:09:07,체인
SPB-33793,2024-09-14 21:11:30,타이어 
SPB-60293,2024-09-14 21:12:50,타이어 
SPB-66047,2024-09-14 21:14:38,기타 
SPB-53837,2024-09-14 21:15:06,페달
SPB-54844,2024-09-14 21:17:31,타이어 
SPB-52484,2024-09-14 21:17:48,체인
SPB-44263,2024-09-14 21:19:58,체인
SPB-52193,2024-09-14 21:20:38,기타 
SPB-51024,2024-09-14 21:22:11,페달
SPB-45445,2024-09-14 21:23:14,기타 
SPB-42247,2024-09-14 21:24:21,안장
SPB-41914,2024-09-14 21:27:41,체인
SPB-66736,2024-09-14 21:28:07,기타 
SPB-61767,2024-09-14 21:28:32,타이어 
SPB-48032,2024-09-14 21:34:01,단말기
SPB-66323,2024-09-14 21:34:17,타이어 
SPB-65662,2024-09-14 21:35:24,체인
SPB-44237,2024-09-14 21:38:59,타이어 
SPB-58364,2024-09-14 21:45:07,페달
SPB-51058,2024-09-14 21:52:22,페달
SPB-40758,2024-09-14 21:55:45,페달
SPB-60631,2024-09-14 21:57:37,체인
SPB-61045,2024-09-14 21:58:41,체인
SPB-58126,2024-09-14 22:00:56,체인
SPB-42204,2024-09-14 22:04:32,기타 
SPB-65068,2024-09-14 22:04:43,타이어 
SPB-48099,2024-09-14 22:05:15,체인
SPB-65114,2024-09-14 22:06:00,안장
SPB-57061,2024-09-14 22:07:10,안장
SPB-55667,2024-09-14 22:07:13,페달
SPB-81526,2024-09-14 22:09:08,타이어 
SPB-51425,2024-09-14 22:09:17,페달
SPB-65929,2024-09-14 22:10:37,타이어 
SPB-33902,2024-09-14 22:14:08,기타 
SPB-57773,2024-09-14 22:19:13,타이어 
SPB-34211,2024-09-14 22:20:55,페달
SPB-45451,2024-09-14 22:22:40,페달
SPB-50833,2024-09-14 22:27:31,페달
SPB-53691,2024-09-14 22:33:55,기타 
SPB-66578,2024-09-14 22:34:37,체인
SPB-66680,2024-09-14 22:36:22,타이어 
SPB-67191,2024-09-14 22:42:57,체인
SPB-66251,2024-09-14 22:44:34,체인
SPB-52181,2024-09-14 22:48:40,기타 
SPB-41212,2024-09-14 22:50:48,안장
SPB-68909,2024-09-14 22:52:11,페달
SPB-56760,2024-09-14 22:55:39,페달
SPB-43110,2024-09-14 23:00:00,타이어 
SPB-58314,2024-09-14 23:00:47,타이어 
SPB-55795,2024-09-14 23:02:16,페달
SPB-52428,2024-09-14 23:05:42,페달
SPB-59365,2024-09-14 23:07:58,페달
SPB-64678,2024-09-14 23:13:38,타이어 
SPB-34738,2024-09-14 23:14:09,체인
SPB-54059,2024-09-14 23:18:12,페달
SPB-50819,2024-09-14 23:18:34,기타 
SPB-47329,2024-09-14 23:20:27,체인
SPB-62802,2024-09-14 23:34:17,타이어 
SPB-48040,2024-09-14 23:40:02,페달
SPB-49112,2024-09-14 23:42:05,단말기
SPB-66147,2024-09-14 23:49:45,타이어 
SPB-55639,2024-09-14 23:50:01,기타 
SPB-47051,2024-09-14 23:53:43,체인
SPB-64660,2024-09-14 23:56:38,기타 
SPB-35155,2024-09-14 23:56:57,타이어 
SPB-64760,2024-09-14 23:58:28,기타 
SPB-36088,2024-09-15 00:04:06,타이어 
SPB-30375,2024-09-15 00:09:01,체인
SPB-53783,2024-09-15 00:13:09,타이어 
SPB-58487,2024-09-15 00:14:09,체인
SPB-67811,2024-09-15 00:19:18,페달
SPB-37814,2024-09-15 00:33:11,안장
SPB-45944,2024-09-15 00:53:29,체인
SPB-45946,2024-09-15 00:56:33,타이어 
SPB-45916,2024-09-15 00:56:44,타이어 
SPB-56734,2024-09-15 00:56:54,타이어 
SPB-65102,2024-09-15 00:57:01,타이어 
SPB-60893,2024-09-15 00:57:55,기타 
SPB-64695,2024-09-15 01:01:06,체인
SPB-54548,2024-09-15 01:10:08,안장
SPB-66465,2024-09-15 01:11:25,타이어 
SPB-66909,2024-09-15 01:26:01,기타 
SPB-35738,2024-09-15 01:34:30,타이어 
SPB-41748,2024-09-15 01:41:49,안장
SPB-69575,2024-09-15 01:42:21,기타 
SPB-41902,2024-09-15 01:49:56,체인
SPB-68260,2024-09-15 01:52:43,타이어 
SPB-48461,2024-09-15 02:22:51,체인
SPB-46101,2024-09-15 02:24:58,체인
SPB-52085,2024-09-15 02:37:52,체인
SPB-35620,2024-09-15 02:49:12,기타 
SPB-62617,2024-09-15 02:50:06,안장
SPB-65733,2024-09-15 02:51:02,기타 
SPB-57924,2024-09-15 04:48:56,단말기
SPB-61956,2024-09-15 06:00:21,타이어 
SPB-62584,2024-09-15 06:10:06,타이어 
SPB-65923,2024-09-15 06:19:07,타이어 
SPB-53617,2024-09-15 06:23:18,페달
SPB-49193,2024-09-15 06:27:09,기타 
SPB-68671,2024-09-15 06:41:05,페달
SPB-47966,2024-09-15 06:43:22,페달
SPB-52678,2024-09-15 06:51:14,기타 
SPB-62878,2024-09-15 06:55:14,페달
SPB-57278,2024-09-15 06:59:43,체인
SPB-40599,2024-09-15 07:11:54,체인
SPB-32021,2024-09-15 07:13:15,기타 
SPB-67425,2024-09-15 07:28:39,타이어 
SPB-48433,2024-09-15 07:34:56,타이어 
SPB-64768,2024-09-15 07:39:52,체인
SPB-56538,2024-09-15 07:49:19,기타 
SPB-48798,2024-09-15 07:52:23,기타 
SPB-38242,2024-09-15 07:56:09,체인
SPB-56448,2024-09-15 08:06:32,안장
SPB-67592,2024-09-15 08:14:59,기타 
SPB-41657,2024-09-15 08:17:52,안장
SPB-58280,2024-09-15 08:44:20,타이어 
SPB-66716,2024-09-15 08:46:44,타이어 
SPB-67036,2024-09-15 08:57:42,체인
SPB-55266,2024-09-15 09:05:20,타이어 
SPB-55708,2024-09-15 09:05:31,안장
SPB-48259,2024-09-15 09:07:19,페달
SPB-42698,2024-09-15 09:07:38,체인
SPB-40350,2024-09-15 09:13:05,페달
SPB-56734,2024-09-15 09:19:15,체인
SPB-61457,2024-09-15 09:24:19,타이어 
SPB-39811,2024-09-15 09:35:22,기타 
SPB-51314,2024-09-15 09:36:57,체인
SPB-40247,2024-09-15 09:38:19,타이어 
SPB-42383,2024-09-15 09:39:16,타이어 
SPB-69997,2024-09-15 09:40:15,기타 
SPB-41411,2024-09-15 09:44:21,체인
SPB-63367,2024-09-15 10:09:46,기타 
SPB-44103,2024-09-15 10:12:26,체인
SPB-68909,2024-09-15 10:16:48,페달
SPB-64369,2024-09-15 10:27:29,타이어 
SPB-45290,2024-09-15 10:27:46,안장
SPB-67796,2024-09-15 10:30:23,기타 
SPB-41576,2024-09-15 10:30:45,타이어 
SPB-45749,2024-09-15 10:33:39,안장
SPB-53081,2024-09-15 10:38:43,기타 
SPB-48453,2024-09-15 10:39:06,타이어 
SPB-38901,2024-09-15 10:45:01,안장
SPB-52904,2024-09-15 10:50:52,기타 
SPB-66956,2024-09-15 10:52:39,타이어 
SPB-38714,2024-09-15 10:59:54,단말기
SPB-56831,2024-09-15 11:13:56,페달
SPB-44910,2024-09-15 11:18:30,기타 
SPB-45837,2024-09-15 11:19:44,기타 
SPB-59399,2024-09-15 11:21:50,페달
SPB-31049,2024-09-15 11:24:09,체인
SPB-45946,2024-09-15 11:24:36,타이어 
SPB-47811,2024-09-15 11:24:45,타이어 
SPB-44370,2024-09-15 11:26:30,단말기
SPB-40795,2024-09-15 11:31:15,체인
SPB-83811,2024-09-15 11:31:55,체인
SPB-40768,2024-09-15 11:35:53,체인
SPB-50965,2024-09-15 11:55:27,기타 
SPB-69094,2024-09-15 11:55:45,기타 
SPB-66591,2024-09-15 12:06:06,체인
SPB-47973,2024-09-15 12:06:55,페달
SPB-41838,2024-09-15 12:19:26,안장
SPB-54966,2024-09-15 12:23:36,단말기
SPB-69862,2024-09-15 12:26:13,체인
SPB-59977,2024-09-15 12:28:50,페달
SPB-52878,2024-09-15 12:31:50,단말기
SPB-30871,2024-09-15 12:35:59,기타 
SPB-84116,2024-09-15 12:37:53,기타 
SPB-35292,2024-09-15 12:44:51,체인
SPB-64192,2024-09-15 12:45:18,기타 
SPB-49124,2024-09-15 12:50:12,기타 
SPB-31071,2024-09-15 12:50:36,페달
SPB-48477,2024-09-15 12:54:10,기타 
SPB-66696,2024-09-15 12:57:43,페달
SPB-30217,2024-09-15 13:09:14,안장
SPB-50558,2024-09-15 13:21:16,체인
SPB-40227,2024-09-15 13:35:14,체인
SPB-46267,2024-09-15 13:46:19,체인
SPB-65700,2024-09-15 13:50:35,타이어 
SPB-53532,2024-09-15 13:50:45,안장
SPB-58394,2024-09-15 13:55:04,기타 
SPB-62099,2024-09-15 13:55:40,체인
SPB-58642,2024-09-15 14:13:06,체인
SPB-66677,2024-09-15 14:19:56,타이어 
SPB-63279,2024-09-15 14:23:33,타이어 
SPB-43884,2024-09-15 14:23:34,타이어 
SPB-30132,2024-09-15 14:25:43,안장
SPB-33837,2024-09-15 14:28:44,페달
SPB-67077,2024-09-15 14:30:55,타이어 
SPB-58371,2024-09-15 14:37:38,안장
SPB-48613,2024-09-15 14:39:38,체인
SPB-56349,2024-09-15 14:41:58,타이어 
SPB-42039,2024-09-15 14:48:01,체인
SPB-50250,2024-09-15 14:50:20,페달
SPB-54516,2024-09-15 14:50:46,기타 
SPB-45806,2024-09-15 14:57:32,체인
SPB-31897,2024-09-15 15:10:33,기타 
SPB-32326,2024-09-15 15:10:39,타이어 
SPB-66605,2024-09-15 15:11:48,체인
SPB-38122,2024-09-15 15:19:32,안장
SPB-67020,2024-09-15 15:24:02,타이어 
SPB-32316,2024-09-15 15:24:47,체인
SPB-45708,2024-09-15 15:25:47,타이어 
SPB-60958,2024-09-15 15:38:17,체인
SPB-42696,2024-09-15 15:39:57,기타 
SPB-30672,2024-09-15 15:43:31,기타 
SPB-56508,2024-09-15 15:49:23,타이어 
SPB-65174,2024-09-15 15:54:42,기타 
SPB-45946,2024-09-15 15:57:36,타이어 
SPB-47811,2024-09-15 15:57:43,타이어 
SPB-56734,2024-09-15 15:57:56,타이어 
SPB-49062,2024-09-15 16:00:29,기타 
SPB-48558,2024-09-15 16:02:17,체인
SPB-52199,2024-09-15 16:02:20,타이어 
SPB-67557,2024-09-15 16:11:03,타이어 
SPB-30298,2024-09-15 16:13:50,타이어 
SPB-45391,2024-09-15 16:14:05,체인
SPB-67243,2024-09-15 16:14:40,기타 
SPB-55172,2024-09-15 16:14:59,기타 
SPB-38452,2024-09-15 16:16:49,안장
SPB-57361,2024-09-15 16:23:14,타이어 
SPB-65402,2024-09-15 16:26:56,안장
SPB-67687,2024-09-15 16:27:01,기타 
SPB-34268,2024-09-15 16:27:59,체인
SPB-69983,2024-09-15 16:30:21,기타 
SPB-35493,2024-09-15 16:31:30,안장
SPB-64124,2024-09-15 16:35:26,체인
SPB-45848,2024-09-15 16:41:57,안장
SPB-38709,2024-09-15 16:43:17,기타 
SPB-44177,2024-09-15 16:43:26,체인
SPB-38687,2024-09-15 16:50:20,체인
SPB-60551,2024-09-15 16:52:17,기타 
SPB-42492,2024-09-15 16:56:16,안장
SPB-43259,2024-09-15 16:56:44,기타 
SPB-69985,2024-09-15 16:58:44,체인
SPB-52994,2024-09-15 17:00:34,체인
SPB-55482,2024-09-15 17:03:56,기타 
SPB-46738,2024-09-15 17:06:56,기타 
SPB-40781,2024-09-15 17:13:00,체인
SPB-38160,2024-09-15 17:16:10,기타 
SPB-62392,2024-09-15 17:16:26,기타 
SPB-59115,2024-09-15 17:20:17,타이어 
SPB-60882,2024-09-15 17:20:59,기타 
SPB-68853,2024-09-15 17:21:31,체인
SPB-52348,2024-09-15 17:24:03,안장
SPB-65120,2024-09-15 17:25:13,타이어 
SPB-82235,2024-09-15 17:25:25,타이어 
SPB-38259,2024-09-15 17:28:14,안장
SPB-34335,2024-09-15 17:39:00,페달
SPB-47809,2024-09-15 18:01:29,타이어 
SPB-55255,2024-09-15 18:06:09,기타 
SPB-44084,2024-09-15 18:06:51,타이어 
SPB-63066,2024-09-15 18:11:41,단말기
SPB-69434,2024-09-15 18:12:44,기타 
SPB-49112,2024-09-15 18:14:33,기타 
SPB-43016,2024-09-15 18:15:25,체인
SPB-45392,2024-09-15 18:21:08,타이어 
SPB-60866,2024-09-15 18:21:48,타이어 
SPB-66827,2024-09-15 18:21:49,타이어 
SPB-84925,2024-09-15 18:23:24,타이어 
SPB-58980,2024-09-15 18:25:11,페달
SPB-37953,2024-09-15 18:28:44,체인
SPB-45429,2024-09-15 18:29:04,안장
SPB-44771,2024-09-15 18:30:19,체인
SPB-65876,2024-09-15 18:30:33,기타 
SPB-68744,2024-09-15 18:31:52,기타 
SPB-42913,2024-09-15 18:33:18,타이어 
SPB-55291,2024-09-15 18:33:49,페달
SPB-41728,2024-09-15 18:37:31,체인
SPB-51685,2024-09-15 18:40:19,단말기
SPB-62279,2024-09-15 18:42:31,페달
SPB-46836,2024-09-15 18:43:39,페달
SPB-51956,2024-09-15 18:45:50,페달
SPB-39074,2024-09-15 18:48:22,타이어 
SPB-35035,2024-09-15 18:48:28,페달
SPB-64509,2024-09-15 18:58:49,안장
SPB-50877,2024-09-15 19:00:29,타이어 
SPB-47531,2024-09-15 19:00:37,기타 
SPB-58430,2024-09-15 19:04:27,단말기
SPB-42976,2024-09-15 19:06:35,체인
SPB-54677,2024-09-15 19:10:56,타이어 
SPB-61808,2024-09-15 19:13:25,안장
SPB-68198,2024-09-15 19:14:21,기타 
SPB-65468,2024-09-15 19:15:59,타이어 
SPB-31233,2024-09-15 19:20:40,페달
SPB-68410,2024-09-15 19:23:05,체인
SPB-70480,2024-09-15 19:26:17,기타 
SPB-57424,2024-09-15 19:28:20,안장
SPB-57879,2024-09-15 19:31:11,체인
SPB-38982,2024-09-15 19:31:44,타이어 
SPB-68574,2024-09-15 19:34:36,기타 
SPB-58763,2024-09-15 19:35:48,기타 
SPB-57940,2024-09-15 19:41:15,기타 
SPB-51680,2024-09-15 19:44:02,타이어 
SPB-31817,2024-09-15 19:44:07,타이어 
SPB-67542,2024-09-15 19:44:20,타이어 
SPB-60433,2024-09-15 19:45:20,체인
SPB-67740,2024-09-15 19:45:55,체인
SPB-37640,2024-09-15 19:47:22,체인
SPB-51188,2024-09-15 19:51:39,타이어 
SPB-54430,2024-09-15 19:52:12,안장
SPB-54317,2024-09-15 19:53:34,체인
SPB-45292,2024-09-15 19:55:04,페달
SPB-62706,2024-09-15 19:58:34,체인
SPB-70477,2024-09-15 20:03:42,타이어 
SPB-38332,2024-09-15 20:04:05,체인
SPB-56308,2024-09-15 20:04:55,기타 
SPB-59447,2024-09-15 20:07:03,체인
SPB-48737,2024-09-15 20:09:28,체인
SPB-58276,2024-09-15 20:13:50,기타 
SPB-57969,2024-09-15 20:14:34,체인
SPB-31984,2024-09-15 20:18:24,타이어 
SPB-30387,2024-09-15 20:19:35,기타 
SPB-41230,2024-09-15 20:20:18,체인
SPB-40353,2024-09-15 20:21:43,체인
SPB-63946,2024-09-15 20:23:09,타이어 
SPB-53261,2024-09-15 20:25:14,기타 
SPB-69940,2024-09-15 20:25:46,체인
SPB-36250,2024-09-15 20:27:25,기타 
SPB-40708,2024-09-15 20:29:19,체인
SPB-55199,2024-09-15 20:31:57,타이어 
SPB-42072,2024-09-15 20:32:23,타이어 
SPB-38845,2024-09-15 20:42:04,체인
SPB-42267,2024-09-15 20:42:39,기타 
SPB-48001,2024-09-15 20:46:20,타이어 
SPB-49113,2024-09-15 20:46:57,안장
SPB-63782,2024-09-15 20:47:59,기타 
SPB-35300,2024-09-15 20:49:45,기타 
SPB-58832,2024-09-15 20:50:02,타이어 
SPB-32461,2024-09-15 20:50:27,기타 
SPB-50230,2024-09-15 20:52:47,타이어 
SPB-69013,2024-09-15 20:53:43,기타 
SPB-39731,2024-09-15 20:56:37,체인
SPB-43829,2024-09-15 20:56:59,체인
SPB-43910,2024-09-15 20:58:57,체인
SPB-32472,2024-09-15 21:03:06,체인
SPB-58564,2024-09-15 21:04:08,체인
SPB-33216,2024-09-15 21:04:33,타이어 
SPB-69741,2024-09-15 21:11:42,기타 
SPB-48132,2024-09-15 21:13:25,타이어 
SPB-30218,2024-09-15 21:14:49,체인
SPB-47315,2024-09-15 21:17:27,타이어 
SPB-64062,2024-09-15 21:17:57,타이어 
SPB-68148,2024-09-15 21:18:55,체인
SPB-68931,2024-09-15 21:24:14,기타 
SPB-50530,2024-09-15 21:28:04,페달
SPB-58932,2024-09-15 21:28:38,기타 
SPB-83409,2024-09-15 21:29:35,안장
SPB-70331,2024-09-15 21:32:42,체인
SPB-52557,2024-09-15 21:33:59,안장
SPB-46219,2024-09-15 21:34:02,체인
SPB-65068,2024-09-15 21:35:02,타이어 
SPB-42513,2024-09-15 21:38:44,기타 
SPB-48876,2024-09-15 21:40:26,타이어 
SPB-66028,2024-09-15 21:41:02,기타 
SPB-50106,2024-09-15 21:41:21,타이어 
SPB-45696,2024-09-15 21:46:36,체인
SPB-50941,2024-09-15 21:48:36,타이어 
SPB-64290,2024-09-15 21:49:19,기타 
SPB-65612,2024-09-15 21:50:58,단말기
SPB-44261,2024-09-15 21:52:11,체인
SPB-51595,2024-09-15 22:01:04,기타 
SPB-53111,2024-09-15 22:02:31,타이어 
SPB-30549,2024-09-15 22:02:38,기타 
SPB-45798,2024-09-15 22:03:53,타이어 
SPB-69534,2024-09-15 22:06:09,체인
SPB-30361,2024-09-15 22:06:47,단말기
SPB-66143,2024-09-15 22:10:25,타이어 
SPB-30793,2024-09-15 22:14:30,기타 
SPB-42062,2024-09-15 22:15:08,기타 
SPB-44275,2024-09-15 22:16:12,타이어 
SPB-39299,2024-09-15 22:20:08,타이어 
SPB-47770,2024-09-15 22:21:15,타이어 
SPB-45560,2024-09-15 22:22:38,체인
SPB-65263,2024-09-15 22:23:02,체인
SPB-48066,2024-09-15 22:23:03,기타 
SPB-59248,2024-09-15 22:24:33,페달
SPB-49179,2024-09-15 22:26:37,기타 
SPB-65508,2024-09-15 22:29:32,체인
SPB-39883,2024-09-15 22:30:04,기타 
SPB-34431,2024-09-15 22:30:07,체인
SPB-57969,2024-09-15 22:36:18,체인
SPB-47154,2024-09-15 22:36:34,타이어 
SPB-33642,2024-09-15 22:37:34,기타 
SPB-52713,2024-09-15 22:41:17,안장
SPB-57645,2024-09-15 22:41:36,체인
SPB-57719,2024-09-15 22:41:59,페달
SPB-43138,2024-09-15 22:45:10,기타 
SPB-56847,2024-09-15 22:47:15,기타 
SPB-57209,2024-09-15 22:47:58,체인
SPB-69145,2024-09-15 22:48:59,기타 
SPB-30825,2024-09-15 22:49:25,기타 
SPB-64222,2024-09-15 22:56:04,타이어 
SPB-30238,2024-09-15 22:56:09,체인
SPB-57199,2024-09-15 22:59:50,체인
SPB-70039,2024-09-15 23:07:24,체인
SPB-51458,2024-09-15 23:08:45,단말기
SPB-44190,2024-09-15 23:09:52,체인
SPB-65439,2024-09-15 23:11:16,안장
SPB-69119,2024-09-15 23:13:59,기타 
SPB-40516,2024-09-15 23:16:37,기타 
SPB-48368,2024-09-15 23:18:24,페달
SPB-39582,2024-09-15 23:23:33,안장
SPB-36159,2024-09-15 23:33:43,타이어 
SPB-57988,2024-09-15 23:38:39,타이어 
SPB-54244,2024-09-15 23:46:24,기타 
SPB-46999,2024-09-15 23:48:51,페달
SPB-47983,2024-09-15 23:53:26,안장
SPB-35118,2024-09-16 00:01:05,타이어 
SPB-41704,2024-09-16 00:04:19,페달
SPB-68269,2024-09-16 00:14:15,단말기
SPB-53810,2024-09-16 00:14:42,페달
SPB-44060,2024-09-16 00:25:14,단말기
SPB-65233,2024-09-16 00:29:44,기타 
SPB-35071,2024-09-16 00:31:03,페달
SPB-37846,2024-09-16 00:52:38,안장
SPB-60245,2024-09-16 00:53:26,체인
SPB-45450,2024-09-16 01:11:25,체인
SPB-54899,2024-09-16 01:15:48,체인
SPB-31326,2024-09-16 01:27:23,안장
SPB-57747,2024-09-16 01:28:00,페달
SPB-57227,2024-09-16 01:33:07,단말기
SPB-51137,2024-09-16 02:32:26,타이어 
SPB-48970,2024-09-16 02:36:42,기타 
SPB-39671,2024-09-16 03:01:09,체인
SPB-51628,2024-09-16 03:07:47,체인
SPB-41828,2024-09-16 03:15:50,페달
SPB-61192,2024-09-16 03:35:36,체인
SPB-65393,2024-09-16 03:37:07,체인
SPB-45927,2024-09-16 03:45:38,체인
SPB-52625,2024-09-16 04:09:14,페달
SPB-35139,2024-09-16 05:19:56,체인
SPB-56470,2024-09-16 05:57:16,타이어 
SPB-44047,2024-09-16 06:23:38,체인
SPB-42415,2024-09-16 06:25:48,타이어 
SPB-45998,2024-09-16 07:03:32,타이어 
SPB-63556,2024-09-16 07:05:00,타이어 
SPB-31799,2024-09-16 07:45:39,타이어 
SPB-81862,2024-09-16 07:58:57,단말기
SPB-51407,2024-09-16 08:19:17,안장
SPB-38936,2024-09-16 08:30:08,체인
SPB-55624,2024-09-16 08:35:01,안장
SPB-43964,2024-09-16 09:03:00,체인
SPB-53245,2024-09-16 09:04:14,기타 
SPB-52222,2024-09-16 09:12:29,타이어 
SPB-57819,2024-09-16 09:13:27,체인
SPB-64394,2024-09-16 09:44:44,안장
SPB-66401,2024-09-16 09:44:46,타이어 
SPB-55037,2024-09-16 09:45:39,페달
SPB-50590,2024-09-16 09:46:02,체인
SPB-33134,2024-09-16 09:52:31,타이어 
SPB-36396,2024-09-16 09:54:01,타이어 
SPB-46859,2024-09-16 10:05:00,타이어 
SPB-55195,2024-09-16 10:09:01,체인
SPB-64256,2024-09-16 10:13:22,안장
SPB-68057,2024-09-16 10:16:42,체인
SPB-69874,2024-09-16 10:16:47,기타 
SPB-40989,2024-09-16 10:17:20,체인
SPB-53023,2024-09-16 10:19:48,체인
SPB-53276,2024-09-16 10:20:54,페달
SPB-41774,2024-09-16 10:23:09,타이어 
SPB-66044,2024-09-16 10:26:32,기타 
SPB-46099,2024-09-16 10:28:53,타이어 
SPB-66001,2024-09-16 10:30:12,체인
SPB-54052,2024-09-16 10:36:49,체인
SPB-46916,2024-09-16 10:37:54,타이어 
SPB-43555,2024-09-16 10:37:56,체인
SPB-57592,2024-09-16 10:38:30,타이어 
SPB-70486,2024-09-16 10:39:59,체인
SPB-65220,2024-09-16 10:44:38,타이어 
SPB-57236,2024-09-16 10:48:16,체인
SPB-70291,2024-09-16 10:54:42,체인
SPB-62712,2024-09-16 10:55:59,기타 
SPB-36691,2024-09-16 11:04:41,타이어 
SPB-58637,2024-09-16 11:04:46,페달
SPB-52816,2024-09-16 11:15:58,안장
SPB-57830,2024-09-16 11:20:09,타이어 
SPB-47870,2024-09-16 11:26:44,타이어 
SPB-37972,2024-09-16 11:32:55,체인
SPB-53783,2024-09-16 11:36:30,기타 
SPB-69599,2024-09-16 11:42:30,체인
SPB-34857,2024-09-16 11:43:13,체인
SPB-83648,2024-09-16 11:46:57,타이어 
SPB-62999,2024-09-16 11:49:42,타이어 
SPB-46292,2024-09-16 11:50:54,단말기
SPB-46808,2024-09-16 11:54:31,체인
SPB-42551,2024-09-16 11:55:37,체인
SPB-67139,2024-09-16 11:57:44,기타 
SPB-63403,2024-09-16 11:58:02,안장
SPB-58654,2024-09-16 12:04:33,기타 
SPB-43795,2024-09-16 12:05:16,기타 
SPB-31533,2024-09-16 12:15:33,타이어 
SPB-65713,2024-09-16 12:17:09,타이어 
SPB-45319,2024-09-16 12:17:11,체인
SPB-62322,2024-09-16 12:24:24,체인
SPB-33234,2024-09-16 12:29:48,기타 
SPB-36904,2024-09-16 12:30:31,체인
SPB-57348,2024-09-16 12:36:33,안장
SPB-43968,2024-09-16 12:39:33,타이어 
SPB-37381,2024-09-16 12:41:50,기타 
SPB-66216,2024-09-16 12:53:32,타이어 
SPB-69304,2024-09-16 12:56:14,타이어 
SPB-66693,2024-09-16 12:58:48,체인
SPB-50047,2024-09-16 13:00:04,타이어 
SPB-67199,2024-09-16 13:01:13,페달
SPB-65199,2024-09-16 13:08:50,체인
SPB-39550,2024-09-16 13:43:58,안장
SPB-53190,2024-09-16 13:58:05,페달
SPB-65007,2024-09-16 13:58:10,타이어 
SPB-62965,2024-09-16 14:21:28,타이어 
SPB-43470,2024-09-16 14:24:33,타이어 
SPB-40181,2024-09-16 14:26:07,타이어 
SPB-52341,2024-09-16 14:29:35,체인
SPB-39783,2024-09-16 14:43:05,타이어 
SPB-41430,2024-09-16 14:44:01,체인
SPB-69111,2024-09-16 14:45:52,타이어 
SPB-56508,2024-09-16 14:46:00,타이어 
SPB-45946,2024-09-16 14:46:24,타이어 
SPB-65323,2024-09-16 14:46:34,타이어 
SPB-47811,2024-09-16 14:46:44,타이어 
SPB-80994,2024-09-16 14:47:50,단말기
SPB-64039,2024-09-16 15:08:14,타이어 
SPB-52287,2024-09-16 15:09:53,페달
SPB-56659,2024-09-16 15:16:51,타이어 
SPB-58291,2024-09-16 15:19:16,페달
SPB-64470,2024-09-16 15:22:44,타이어 
SPB-64643,2024-09-16 15:32:30,타이어 
SPB-32916,2024-09-16 15:33:20,타이어 
SPB-57702,2024-09-16 15:33:39,타이어 
SPB-48296,2024-09-16 15:36:33,기타 
SPB-37609,2024-09-16 15:40:05,페달
SPB-65043,2024-09-16 15:40:37,기타 
SPB-48546,2024-09-16 15:48:15,타이어 
SPB-67895,2024-09-16 15:56:01,기타 
SPB-51693,2024-09-16 15:57:16,기타 
SPB-34671,2024-09-16 15:57:22,타이어 
SPB-63870,2024-09-16 15:57:25,타이어 
SPB-58671,2024-09-16 16:01:13,체인
SPB-59576,2024-09-16 16:01:18,페달
SPB-38136,2024-09-16 16:08:03,타이어 
SPB-38165,2024-09-16 16:13:29,타이어 
SPB-39595,2024-09-16 16:19:29,체인
SPB-56508,2024-09-16 16:36:12,타이어 
SPB-65465,2024-09-16 16:37:14,기타 
SPB-50580,2024-09-16 16:39:32,타이어 
SPB-70439,2024-09-16 16:40:32,타이어 
SPB-54728,2024-09-16 16:41:25,안장
SPB-53403,2024-09-16 16:44:04,페달
SPB-35503,2024-09-16 16:52:15,체인
SPB-36974,2024-09-16 16:52:26,단말기
SPB-64571,2024-09-16 16:52:36,안장
SPB-31466,2024-09-16 16:53:41,단말기
SPB-61072,2024-09-16 16:54:30,타이어 
SPB-43527,2024-09-16 16:55:10,단말기
SPB-68307,2024-09-16 16:58:15,페달
SPB-52037,2024-09-16 17:01:18,타이어 
SPB-32336,2024-09-16 17:04:16,안장
SPB-50940,2024-09-16 17:06:42,타이어 
SPB-44270,2024-09-16 17:12:59,타이어 
SPB-30758,2024-09-16 17:24:29,타이어 
SPB-64578,2024-09-16 17:24:30,타이어 
SPB-40398,2024-09-16 17:35:08,타이어 
SPB-55528,2024-09-16 17:36:52,체인
SPB-53989,2024-09-16 17:42:21,기타 
SPB-57858,2024-09-16 17:47:02,체인
SPB-67436,2024-09-16 17:47:41,타이어 
SPB-53390,2024-09-16 17:47:49,페달
SPB-68568,2024-09-16 17:51:30,타이어 
SPB-46221,2024-09-16 17:52:22,체인
SPB-32346,2024-09-16 17:55:28,타이어 
SPB-55361,2024-09-16 17:56:01,페달
SPB-59167,2024-09-16 17:56:30,기타 
SPB-68711,2024-09-16 17:58:23,기타 
SPB-55805,2024-09-16 17:59:50,기타 
SPB-53783,2024-09-16 18:02:11,타이어 
SPB-57149,2024-09-16 18:02:20,체인
SPB-50530,2024-09-16 18:02:31,기타 
SPB-47536,2024-09-16 18:05:43,체인
SPB-50551,2024-09-16 18:09:59,타이어 
SPB-33723,2024-09-16 18:11:55,체인
SPB-51343,2024-09-16 18:15:48,기타 
SPB-30074,2024-09-16 18:20:00,기타 
SPB-32088,2024-09-16 18:20:28,타이어 
SPB-70116,2024-09-16 18:23:11,체인
SPB-68866,2024-09-16 18:23:23,체인
SPB-59332,2024-09-16 18:26:15,단말기
SPB-47779,2024-09-16 18:26:52,단말기
SPB-67755,2024-09-16 18:28:05,기타 
SPB-66247,2024-09-16 18:29:03,기타 
SPB-39408,2024-09-16 18:34:44,페달
SPB-33846,2024-09-16 18:35:29,타이어 
SPB-46981,2024-09-16 18:35:56,타이어 
SPB-68480,2024-09-16 18:39:36,타이어 
SPB-57065,2024-09-16 18:40:43,체인
SPB-35157,2024-09-16 18:45:11,안장
SPB-44102,2024-09-16 18:45:24,타이어 
SPB-47271,2024-09-16 18:51:42,페달
SPB-30539,2024-09-16 18:54:31,기타 
SPB-65849,2024-09-16 18:57:21,타이어 
SPB-47114,2024-09-16 18:58:38,체인
SPB-58564,2024-09-16 19:00:07,페달
SPB-43397,2024-09-16 19:08:16,체인
SPB-37211,2024-09-16 19:13:45,체인
SPB-49500,2024-09-16 19:19:16,타이어 
SPB-65023,2024-09-16 19:23:56,기타 
SPB-55018,2024-09-16 19:24:31,기타 
SPB-37063,2024-09-16 19:24:47,타이어 
SPB-61595,2024-09-16 19:26:52,기타 
SPB-30971,2024-09-16 19:31:46,페달
SPB-65249,2024-09-16 19:32:35,기타 
SPB-47377,2024-09-16 19:33:00,안장
SPB-58364,2024-09-16 19:43:02,페달
SPB-64241,2024-09-16 19:43:23,타이어 
SPB-54502,2024-09-16 19:43:47,안장
SPB-56672,2024-09-16 19:48:50,안장
SPB-53691,2024-09-16 19:50:42,타이어 
SPB-67584,2024-09-16 19:54:37,타이어 
SPB-50968,2024-09-16 19:56:25,타이어 
SPB-66928,2024-09-16 19:59:32,체인
SPB-55579,2024-09-16 20:01:34,기타 
SPB-43761,2024-09-16 20:06:11,안장
SPB-69864,2024-09-16 20:07:31,체인
SPB-54803,2024-09-16 20:13:43,페달
SPB-34560,2024-09-16 20:15:57,타이어 
SPB-56695,2024-09-16 20:16:15,기타 
SPB-53023,2024-09-16 20:18:37,기타 
SPB-32073,2024-09-16 20:18:43,기타 
SPB-40040,2024-09-16 20:19:23,기타 
SPB-30623,2024-09-16 20:19:49,타이어 
SPB-44618,2024-09-16 20:21:23,체인
SPB-32419,2024-09-16 20:22:08,체인
SPB-52725,2024-09-16 20:25:49,체인
SPB-48809,2024-09-16 20:30:32,페달
SPB-46084,2024-09-16 20:31:34,타이어 
SPB-37080,2024-09-16 20:36:13,체인
SPB-54403,2024-09-16 20:38:23,페달
SPB-65027,2024-09-16 20:43:04,기타 
SPB-48812,2024-09-16 20:44:31,안장
SPB-59817,2024-09-16 20:48:06,기타 
SPB-55981,2024-09-16 20:53:16,안장
SPB-61358,2024-09-16 20:54:28,안장
SPB-56833,2024-09-16 20:57:06,단말기
SPB-47933,2024-09-16 21:02:14,단말기
SPB-37640,2024-09-16 21:04:16,체인
SPB-50487,2024-09-16 21:04:19,기타 
SPB-43016,2024-09-16 21:04:22,체인
SPB-68230,2024-09-16 21:07:03,기타 
SPB-64009,2024-09-16 21:11:46,타이어 
SPB-63150,2024-09-16 21:13:53,타이어 
SPB-51549,2024-09-16 21:18:26,타이어 
SPB-58687,2024-09-16 21:24:43,체인
SPB-63726,2024-09-16 21:24:54,기타 
SPB-47501,2024-09-16 21:28:54,타이어 
SPB-46252,2024-09-16 21:50:21,기타 
SPB-65079,2024-09-16 21:51:19,체인
SPB-33521,2024-09-16 21:51:53,기타 
SPB-59158,2024-09-16 21:52:24,기타 
SPB-35127,2024-09-16 21:56:04,페달
SPB-68320,2024-09-16 21:56:06,타이어 
SPB-82043,2024-09-16 21:57:12,페달
SPB-65233,2024-09-16 22:02:48,타이어 
SPB-66800,2024-09-16 22:04:54,체인
SPB-62013,2024-09-16 22:05:33,체인
SPB-46415,2024-09-16 22:07:12,체인
SPB-51580,2024-09-16 22:12:57,타이어 
SPB-48828,2024-09-16 22:16:00,기타 
SPB-57456,2024-09-16 22:18:10,타이어 
SPB-60027,2024-09-16 22:18:11,기타 
SPB-63460,2024-09-16 22:18:43,타이어 
SPB-67229,2024-09-16 22:29:52,타이어 
SPB-36119,2024-09-16 22:30:27,페달
SPB-64249,2024-09-16 22:37:29,기타 
SPB-44509,2024-09-16 22:44:23,타이어 
SPB-32651,2024-09-16 22:46:15,체인
SPB-36131,2024-09-16 22:52:27,타이어 
SPB-35332,2024-09-16 22:53:20,기타 
SPB-44691,2024-09-16 22:56:39,기타 
SPB-56691,2024-09-16 22:58:14,안장
SPB-50505,2024-09-16 23:07:45,안장
SPB-35072,2024-09-16 23:08:46,체인
SPB-34837,2024-09-16 23:13:00,체인
SPB-50441,2024-09-16 23:14:00,기타 
SPB-81610,2024-09-16 23:23:30,단말기
SPB-48636,2024-09-16 23:29:25,타이어 
SPB-53634,2024-09-16 23:36:06,기타 
SPB-39428,2024-09-17 00:00:55,체인
SPB-38367,2024-09-17 00:01:20,체인
SPB-32299,2024-09-17 00:43:39,체인
SPB-35828,2024-09-17 01:25:41,타이어 
SPB-52302,2024-09-17 01:36:33,페달
SPB-59896,2024-09-17 01:37:18,단말기
SPB-35437,2024-09-17 02:46:20,타이어 
SPB-39899,2024-09-17 03:40:21,체인
SPB-44072,2024-09-17 03:44:56,기타 
SPB-43250,2024-09-17 03:55:43,체인
SPB-57204,2024-09-17 04:01:20,체인
SPB-50154,2024-09-17 04:11:47,기타 
SPB-64248,2024-09-17 04:18:15,기타 
SPB-58164,2024-09-17 04:21:37,안장
SPB-56526,2024-09-17 04:55:23,타이어 
SPB-45332,2024-09-17 05:01:46,기타 
SPB-34900,2024-09-17 06:39:51,기타 
SPB-44801,2024-09-17 06:52:07,기타 
SPB-51018,2024-09-17 07:04:17,페달
SPB-54078,2024-09-17 07:08:03,타이어 
SPB-62602,2024-09-17 07:08:08,타이어 
SPB-46150,2024-09-17 07:45:33,체인
SPB-35061,2024-09-17 07:49:00,체인
SPB-41871,2024-09-17 07:52:24,체인
SPB-32270,2024-09-17 07:58:48,페달
SPB-69136,2024-09-17 08:05:53,체인
SPB-36247,2024-09-17 08:10:43,기타 
SPB-55466,2024-09-17 08:18:57,기타 
SPB-46735,2024-09-17 08:22:00,체인
SPB-41890,2024-09-17 08:22:45,페달
SPB-46740,2024-09-17 08:24:27,체인
SPB-44948,2024-09-17 08:26:19,체인
SPB-56253,2024-09-17 08:27:01,기타 
SPB-82856,2024-09-17 08:34:38,단말기
SPB-62616,2024-09-17 08:39:18,타이어 
SPB-69190,2024-09-17 08:42:43,기타 
SPB-32020,2024-09-17 08:46:53,기타 
SPB-50344,2024-09-17 08:50:29,기타 
SPB-51275,2024-09-17 09:07:57,타이어 
SPB-70368,2024-09-17 09:10:29,체인
SPB-55427,2024-09-17 09:17:20,체인
SPB-66557,2024-09-17 09:18:26,타이어 
SPB-70134,2024-09-17 09:29:22,체인
SPB-45113,2024-09-17 09:34:08,체인
SPB-41814,2024-09-17 09:45:33,체인
SPB-64591,2024-09-17 10:17:07,타이어 
SPB-54441,2024-09-17 10:20:16,타이어 
SPB-42065,2024-09-17 10:21:57,타이어 
SPB-51561,2024-09-17 10:27:34,타이어 
SPB-65149,2024-09-17 10:29:55,타이어 
SPB-63963,2024-09-17 10:37:43,타이어 
SPB-62096,2024-09-17 10:38:05,기타 
SPB-58005,2024-09-17 10:42:04,페달
SPB-58673,2024-09-17 11:04:45,타이어 
SPB-39940,2024-09-17 11:04:57,기타 
SPB-39961,2024-09-17 11:11:53,페달
SPB-60424,2024-09-17 11:12:48,기타 
SPB-44353,2024-09-17 11:17:38,안장
SPB-53157,2024-09-17 11:19:00,단말기
SPB-55294,2024-09-17 12:01:17,페달
SPB-45717,2024-09-17 12:03:18,체인
SPB-51703,2024-09-17 12:17:20,체인
SPB-55490,2024-09-17 12:21:18,타이어 
SPB-68888,2024-09-17 12:24:37,기타 
SPB-67545,2024-09-17 12:31:49,체인
SPB-48974,2024-09-17 12:36:42,타이어 
SPB-70159,2024-09-17 12:43:26,기타 
SPB-63657,2024-09-17 12:48:55,기타 
SPB-66739,2024-09-17 13:07:27,체인
SPB-61933,2024-09-17 13:08:45,기타 
SPB-46937,2024-09-17 13:15:10,체인
SPB-60955,2024-09-17 13:36:47,단말기
SPB-31291,2024-09-17 13:39:48,기타 
SPB-43084,2024-09-17 13:45:57,안장
SPB-47685,2024-09-17 13:46:16,체인
SPB-62625,2024-09-17 13:46:44,기타 
SPB-56014,2024-09-17 13:51:15,타이어 
SPB-60418,2024-09-17 13:52:30,안장
SPB-32555,2024-09-17 14:04:20,기타 
SPB-48212,2024-09-17 14:05:35,기타 
SPB-80697,2024-09-17 14:08:27,체인
SPB-80543,2024-09-17 14:25:14,페달
SPB-51958,2024-09-17 14:32:44,체인
SPB-55571,2024-09-17 14:35:52,체인
SPB-65594,2024-09-17 14:36:11,안장
SPB-31835,2024-09-17 14:38:16,타이어 
SPB-32304,2024-09-17 14:39:44,타이어 
SPB-46521,2024-09-17 14:39:48,체인
SPB-60558,2024-09-17 14:42:38,체인
SPB-58867,2024-09-17 14:42:55,기타 
SPB-40247,2024-09-17 14:47:10,기타 
SPB-63207,2024-09-17 15:03:43,체인
SPB-66998,2024-09-17 15:17:30,타이어 
SPB-54281,2024-09-17 15:26:00,타이어 
SPB-44795,2024-09-17 15:29:38,체인
SPB-51742,2024-09-17 15:30:12,기타 
SPB-36453,2024-09-17 15:47:11,타이어 
SPB-45210,2024-09-17 15:49:08,기타 
SPB-67935,2024-09-17 15:52:45,기타 
SPB-66669,2024-09-17 15:53:33,체인
SPB-48702,2024-09-17 15:56:12,타이어 
SPB-42051,2024-09-17 16:03:45,체인
SPB-31948,2024-09-17 16:08:32,페달
SPB-33393,2024-09-17 16:10:05,체인
SPB-62276,2024-09-17 16:13:40,안장
SPB-59733,2024-09-17 16:14:09,타이어 
SPB-38383,2024-09-17 16:14:26,체인
SPB-52153,2024-09-17 16:20:04,기타 
SPB-62096,2024-09-17 16:23:00,기타 
SPB-42426,2024-09-17 16:25:10,체인
SPB-68508,2024-09-17 16:35:41,체인
SPB-56508,2024-09-17 16:35:52,단말기
SPB-56597,2024-09-17 16:35:55,기타 
SPB-53581,2024-09-17 16:37:23,기타 
SPB-63976,2024-09-17 16:39:17,체인
SPB-67187,2024-09-17 16:48:03,타이어 
SPB-68134,2024-09-17 16:48:28,기타 
SPB-43389,2024-09-17 16:57:15,체인
SPB-47156,2024-09-17 17:01:42,타이어 
SPB-61333,2024-09-17 17:09:31,페달
SPB-47815,2024-09-17 17:10:18,체인
SPB-39631,2024-09-17 17:17:17,타이어 
SPB-67255,2024-09-17 17:18:42,페달
SPB-59506,2024-09-17 17:22:13,타이어 
SPB-56956,2024-09-17 17:29:51,페달
SPB-52258,2024-09-17 17:31:15,페달
SPB-39729,2024-09-17 17:34:28,기타 
SPB-44529,2024-09-17 17:57:01,기타 
SPB-58452,2024-09-17 17:57:04,체인
SPB-67877,2024-09-17 18:05:09,기타 
SPB-63920,2024-09-17 18:22:27,타이어 
SPB-46449,2024-09-17 18:23:27,안장
SPB-40566,2024-09-17 18:25:22,체인
SPB-40385,2024-09-17 18:26:45,기타 
SPB-32088,2024-09-17 18:29:05,타이어 
SPB-68889,2024-09-17 18:30:41,체인
SPB-37972,2024-09-17 18:32:49,안장
SPB-34228,2024-09-17 18:41:51,체인
SPB-45210,2024-09-17 18:48:42,기타 
SPB-52147,2024-09-17 18:49:42,타이어 
SPB-38430,2024-09-17 18:52:16,체인
SPB-64885,2024-09-17 18:58:08,체인
SPB-57726,2024-09-17 19:01:00,페달
SPB-42588,2024-09-17 19:01:37,단말기
SPB-58144,2024-09-17 19:03:33,페달
SPB-84429,2024-09-17 19:04:30,타이어 
SPB-31538,2024-09-17 19:05:55,타이어 
SPB-48230,2024-09-17 19:11:16,체인
SPB-38885,2024-09-17 19:12:48,안장
SPB-66055,2024-09-17 19:13:07,페달
SPB-35867,2024-09-17 19:13:47,타이어 
SPB-54292,2024-09-17 19:18:57,타이어 
SPB-30981,2024-09-17 19:19:28,타이어 
SPB-59665,2024-09-17 19:19:41,안장
SPB-30190,2024-09-17 19:19:55,안장
SPB-38219,2024-09-17 19:21:26,체인
SPB-64965,2024-09-17 19:41:32,기타 
SPB-62634,2024-09-17 19:47:27,체인
SPB-52760,2024-09-17 19:51:23,체인
SPB-48279,2024-09-17 19:52:12,타이어 
SPB-32324,2024-09-17 19:54:36,체인
SPB-47512,2024-09-17 19:57:32,기타 
SPB-33927,2024-09-17 19:58:07,타이어 
SPB-37328,2024-09-17 20:04:45,안장
SPB-46065,2024-09-17 20:05:56,단말기
SPB-65794,2024-09-17 20:06:33,타이어 
SPB-68508,2024-09-17 20:12:11,타이어 
SPB-49101,2024-09-17 20:21:28,기타 
SPB-67679,2024-09-17 20:21:43,체인
SPB-70431,2024-09-17 20:23:46,기타 
SPB-64668,2024-09-17 20:27:59,페달
SPB-40768,2024-09-17 20:28:31,체인
SPB-44528,2024-09-17 20:28:40,체인
SPB-42419,2024-09-17 20:30:13,안장
SPB-55740,2024-09-17 20:30:32,기타 
SPB-44717,2024-09-17 20:34:07,안장
SPB-44271,2024-09-17 20:36:18,체인
SPB-44211,2024-09-17 20:43:08,안장
SPB-36385,2024-09-17 20:44:35,안장
SPB-44978,2024-09-17 20:48:08,페달
SPB-40446,2024-09-17 20:51:29,페달
SPB-51596,2024-09-17 20:57:46,타이어 
SPB-66877,2024-09-17 20:58:26,타이어 
SPB-60314,2024-09-17 21:03:58,안장
SPB-44689,2024-09-17 21:05:29,타이어 
SPB-50345,2024-09-17 21:10:27,체인
SPB-48778,2024-09-17 21:18:58,안장
SPB-42080,2024-09-17 21:19:32,단말기
SPB-34979,2024-09-17 21:23:10,단말기
SPB-50454,2024-09-17 21:23:53,기타 
SPB-57298,2024-09-17 21:34:20,기타 
SPB-30710,2024-09-17 21:36:38,타이어 
SPB-33055,2024-09-17 21:37:56,타이어 
SPB-48410,2024-09-17 21:44:11,페달
SPB-67929,2024-09-17 21:51:16,페달
SPB-44742,2024-09-17 21:53:11,체인
SPB-69856,2024-09-17 21:57:36,기타 
SPB-30570,2024-09-17 21:59:02,기타 
SPB-64027,2024-09-17 22:02:18,페달
SPB-42463,2024-09-17 22:08:17,안장
SPB-66797,2024-09-17 22:08:32,체인
SPB-37595,2024-09-17 22:11:04,타이어 
SPB-41457,2024-09-17 22:13:10,체인
SPB-60646,2024-09-17 22:19:54,체인
SPB-41468,2024-09-17 22:21:16,페달
SPB-52583,2024-09-17 22:29:49,페달
SPB-63022,2024-09-17 22:38:23,타이어 
SPB-54362,2024-09-17 22:42:59,타이어 
SPB-62530,2024-09-17 22:43:23,기타 
SPB-50586,2024-09-17 22:47:10,기타 
SPB-47347,2024-09-17 22:57:10,체인
SPB-51130,2024-09-17 22:57:17,기타 
SPB-60420,2024-09-17 22:57:59,타이어 
SPB-84296,2024-09-17 22:58:49,체인
SPB-57917,2024-09-17 23:06:30,타이어 
SPB-50522,2024-09-17 23:17:35,페달
SPB-67610,2024-09-17 23:23:19,기타 
SPB-30682,2024-09-17 23:26:55,체인
SPB-53506,2024-09-17 23:29:47,기타 
SPB-32473,2024-09-17 23:47:37,체인
SPB-43886,2024-09-17 23:51:37,타이어 
SPB-69607,2024-09-17 23:55:41,체인
SPB-33863,2024-09-17 23:57:28,타이어 
SPB-43061,2024-09-17 23:57:47,페달
SPB-40595,2024-09-17 23:59:03,체인
SPB-67295,2024-09-18 00:00:32,타이어 
SPB-67136,2024-09-18 00:02:31,기타 
SPB-61303,2024-09-18 00:02:52,타이어 
SPB-36424,2024-09-18 00:04:46,타이어 
SPB-56188,2024-09-18 00:15:17,기타 
SPB-82155,2024-09-18 00:20:20,기타 
SPB-40296,2024-09-18 00:22:54,기타 
SPB-44124,2024-09-18 00:32:36,체인
SPB-67310,2024-09-18 00:36:12,타이어 
SPB-52660,2024-09-18 00:36:34,기타 
SPB-67239,2024-09-18 00:38:16,기타 
SPB-64112,2024-09-18 00:39:40,기타 
SPB-65166,2024-09-18 00:43:40,타이어 
SPB-55359,2024-09-18 00:46:44,페달
SPB-69503,2024-09-18 01:04:22,안장
SPB-59317,2024-09-18 01:08:00,타이어 
SPB-69676,2024-09-18 01:47:38,체인
SPB-32850,2024-09-18 01:47:59,체인
SPB-32301,2024-09-18 01:48:53,기타 
SPB-62928,2024-09-18 02:12:25,타이어 
SPB-47348,2024-09-18 02:32:20,기타 
SPB-65389,2024-09-18 02:56:44,체인
SPB-67736,2024-09-18 04:19:50,타이어 
SPB-63995,2024-09-18 04:50:50,기타 
SPB-45258,2024-09-18 05:21:54,페달
SPB-49538,2024-09-18 05:28:19,기타 
SPB-34710,2024-09-18 05:30:48,안장
SPB-63411,2024-09-18 05:55:44,기타 
SPB-44578,2024-09-18 06:26:47,체인
SPB-56759,2024-09-18 06:58:47,타이어 
SPB-51628,2024-09-18 07:00:52,페달
SPB-63251,2024-09-18 07:13:48,안장
SPB-60445,2024-09-18 07:19:24,기타 
SPB-66178,2024-09-18 07:23:35,타이어 
SPB-33478,2024-09-18 08:00:16,페달
SPB-45674,2024-09-18 08:09:46,안장
SPB-69215,2024-09-18 08:14:13,체인
SPB-53619,2024-09-18 08:35:52,페달
SPB-41200,2024-09-18 08:35:53,체인
SPB-38483,2024-09-18 08:37:23,타이어 
SPB-68206,2024-09-18 08:45:54,기타 
SPB-69294,2024-09-18 08:54:58,안장
SPB-59577,2024-09-18 09:11:20,안장
SPB-65571,2024-09-18 09:11:51,타이어 
SPB-67590,2024-09-18 09:19:19,타이어 
SPB-32182,2024-09-18 09:26:40,페달
SPB-39294,2024-09-18 09:27:47,페달
SPB-51603,2024-09-18 09:29:53,기타 
SPB-67053,2024-09-18 09:33:01,기타 
SPB-41762,2024-09-18 09:35:40,안장
SPB-45608,2024-09-18 09:35:50,체인
SPB-48662,2024-09-18 09:42:55,기타 
SPB-41525,2024-09-18 09:43:49,타이어 
SPB-45215,2024-09-18 09:43:59,체인
SPB-59906,2024-09-18 09:46:49,체인
SPB-70449,2024-09-18 09:48:22,기타 
SPB-31987,2024-09-18 09:48:57,페달
SPB-66245,2024-09-18 09:50:30,기타 
SPB-67821,2024-09-18 09:51:23,페달
SPB-47326,2024-09-18 09:53:47,타이어 
SPB-46849,2024-09-18 09:54:27,기타 
SPB-40839,2024-09-18 09:55:37,체인
SPB-43538,2024-09-18 09:56:53,페달
SPB-39799,2024-09-18 10:00:44,체인
SPB-59040,2024-09-18 10:03:29,체인
SPB-34518,2024-09-18 10:04:21,안장
SPB-66487,2024-09-18 10:23:17,타이어 
SPB-53323,2024-09-18 10:58:06,타이어 
SPB-52634,2024-09-18 10:59:58,안장
SPB-34488,2024-09-18 11:01:37,타이어 
SPB-52969,2024-09-18 11:08:16,타이어 
SPB-57558,2024-09-18 11:13:46,체인
SPB-67766,2024-09-18 11:18:04,타이어 
SPB-56943,2024-09-18 11:18:10,체인
SPB-31535,2024-09-18 11:18:25,체인
SPB-36978,2024-09-18 11:20:52,체인
SPB-54865,2024-09-18 11:20:55,기타 
SPB-69767,2024-09-18 11:21:58,체인
SPB-51139,2024-09-18 11:22:04,기타 
SPB-61716,2024-09-18 11:25:12,페달
SPB-33604,2024-09-18 11:31:48,기타 
SPB-47356,2024-09-18 11:32:00,안장
SPB-42425,2024-09-18 11:35:12,기타 
SPB-44394,2024-09-18 11:38:44,기타 
SPB-69770,2024-09-18 11:40:54,기타 
SPB-80744,2024-09-18 11:43:25,페달
SPB-48902,2024-09-18 11:48:01,안장
SPB-55988,2024-09-18 11:48:49,페달
SPB-58397,2024-09-18 11:49:48,단말기
SPB-32936,2024-09-18 11:59:59,체인
SPB-66353,2024-09-18 12:07:36,타이어 
SPB-48076,2024-09-18 12:07:55,기타 
SPB-65049,2024-09-18 12:09:03,페달
SPB-70184,2024-09-18 12:13:39,체인
SPB-38887,2024-09-18 12:14:00,페달
SPB-33283,2024-09-18 12:14:13,페달
SPB-52468,2024-09-18 12:15:56,안장
SPB-58002,2024-09-18 12:16:31,안장
SPB-69578,2024-09-18 12:17:03,기타 
SPB-46411,2024-09-18 12:26:31,기타 
SPB-30901,2024-09-18 12:28:06,기타 
SPB-33218,2024-09-18 12:33:30,체인
SPB-56320,2024-09-18 12:36:44,타이어 
SPB-70303,2024-09-18 12:36:50,체인
SPB-82461,2024-09-18 12:37:13,타이어 
SPB-34237,2024-09-18 12:37:54,타이어 
SPB-57194,2024-09-18 12:38:09,타이어 
SPB-54726,2024-09-18 12:46:57,타이어 
SPB-54051,2024-09-18 12:47:24,타이어 
SPB-64478,2024-09-18 12:53:04,타이어 
SPB-52502,2024-09-18 12:58:01,체인
SPB-45171,2024-09-18 13:01:20,안장
SPB-44675,2024-09-18 13:06:04,타이어 
SPB-60339,2024-09-18 13:06:54,체인
SPB-43666,2024-09-18 13:08:22,체인
SPB-30144,2024-09-18 13:09:46,체인
SPB-65748,2024-09-18 13:18:38,타이어 
SPB-60085,2024-09-18 13:21:18,기타 
SPB-66062,2024-09-18 13:23:58,기타 
SPB-44022,2024-09-18 13:35:00,체인
SPB-61940,2024-09-18 13:45:20,타이어 
SPB-67054,2024-09-18 13:45:57,기타 
SPB-63527,2024-09-18 13:48:27,안장
SPB-55922,2024-09-18 13:48:29,기타 
SPB-50590,2024-09-18 13:54:13,타이어 
SPB-67305,2024-09-18 13:55:12,타이어 
SPB-65224,2024-09-18 13:55:42,단말기
SPB-32170,2024-09-18 13:56:50,체인
SPB-64538,2024-09-18 13:59:33,타이어 
SPB-46169,2024-09-18 14:00:09,타이어 
SPB-63659,2024-09-18 14:14:02,기타 
SPB-50669,2024-09-18 14:16:32,타이어 
SPB-65987,2024-09-18 14:20:03,체인
SPB-48215,2024-09-18 14:20:40,타이어 
SPB-70305,2024-09-18 14:23:41,안장
SPB-33759,2024-09-18 14:29:56,체인
SPB-59328,2024-09-18 14:33:06,단말기
SPB-57199,2024-09-18 14:34:28,체인
SPB-56658,2024-09-18 14:36:37,타이어 
SPB-32452,2024-09-18 14:42:53,타이어 
SPB-41590,2024-09-18 14:45:27,체인
SPB-55497,2024-09-18 15:00:15,안장
SPB-52097,2024-09-18 15:17:01,타이어 
SPB-60868,2024-09-18 15:18:54,체인
SPB-37126,2024-09-18 15:20:14,안장
SPB-58851,2024-09-18 15:21:09,기타 
SPB-69634,2024-09-18 15:30:41,기타 
SPB-48705,2024-09-18 15:36:05,타이어 
SPB-52398,2024-09-18 15:38:25,체인
SPB-30621,2024-09-18 15:41:22,타이어 
SPB-45895,2024-09-18 15:49:06,체인
SPB-37921,2024-09-18 15:50:43,체인
SPB-54567,2024-09-18 15:51:29,기타 
SPB-52822,2024-09-18 15:54:49,타이어 
SPB-33510,2024-09-18 16:00:34,기타 
SPB-51410,2024-09-18 16:04:42,체인
SPB-51128,2024-09-18 16:10:10,페달
SPB-44702,2024-09-18 16:10:33,타이어 
SPB-37219,2024-09-18 16:16:39,타이어 
SPB-43031,2024-09-18 16:18:34,체인
SPB-40943,2024-09-18 16:20:03,페달
SPB-56719,2024-09-18 16:21:11,안장
SPB-34776,2024-09-18 16:21:39,타이어 
SPB-41083,2024-09-18 16:27:02,안장
SPB-59969,2024-09-18 16:31:08,안장
SPB-60270,2024-09-18 16:33:04,안장
SPB-34305,2024-09-18 16:38:51,타이어 
SPB-37965,2024-09-18 16:40:51,체인
SPB-39720,2024-09-18 16:41:54,타이어 
SPB-44261,2024-09-18 16:42:49,체인
SPB-58515,2024-09-18 16:43:23,체인
SPB-46906,2024-09-18 16:45:45,체인
SPB-53808,2024-09-18 16:49:19,기타 
SPB-68196,2024-09-18 16:49:30,타이어 
SPB-41858,2024-09-18 16:50:27,체인
SPB-30132,2024-09-18 16:50:51,체인
SPB-66146,2024-09-18 16:55:02,체인
SPB-66907,2024-09-18 16:55:33,체인
SPB-64853,2024-09-18 16:56:31,단말기
SPB-70341,2024-09-18 16:58:58,체인
SPB-48445,2024-09-18 17:00:28,기타 
SPB-42637,2024-09-18 17:01:33,체인
SPB-43925,2024-09-18 17:03:56,체인
SPB-67599,2024-09-18 17:04:19,타이어 
SPB-58498,2024-09-18 17:06:02,타이어 
SPB-66450,2024-09-18 17:08:14,체인
SPB-38244,2024-09-18 17:11:10,페달
SPB-44722,2024-09-18 17:17:37,기타 
SPB-55433,2024-09-18 17:18:47,단말기
SPB-61930,2024-09-18 17:21:05,안장
SPB-47567,2024-09-18 17:21:23,기타 
SPB-35126,2024-09-18 17:23:52,페달
SPB-43017,2024-09-18 17:24:23,체인
SPB-51078,2024-09-18 17:25:19,기타 
SPB-37936,2024-09-18 17:25:43,기타 
SPB-62952,2024-09-18 17:26:59,타이어 
SPB-37419,2024-09-18 17:33:25,타이어 
SPB-39154,2024-09-18 17:36:52,안장
SPB-36453,2024-09-18 17:41:02,기타 
SPB-55847,2024-09-18 17:43:27,페달
SPB-30612,2024-09-18 17:45:02,기타 
SPB-69412,2024-09-18 17:48:38,안장
SPB-63045,2024-09-18 17:48:56,안장
SPB-56489,2024-09-18 17:49:03,기타 
SPB-53152,2024-09-18 17:53:53,페달
SPB-46891,2024-09-18 17:54:25,타이어 
SPB-54079,2024-09-18 17:57:07,타이어 
SPB-59010,2024-09-18 18:00:29,페달
SPB-69927,2024-09-18 18:06:29,체인
SPB-69250,2024-09-18 18:09:06,체인
SPB-41305,2024-09-18 18:12:31,안장
SPB-40225,2024-09-18 18:13:16,체인
SPB-37876,2024-09-18 18:13:16,페달
SPB-30590,2024-09-18 18:13:56,타이어 
SPB-32023,2024-09-18 18:14:06,타이어 
SPB-59711,2024-09-18 18:18:32,타이어 
SPB-39301,2024-09-18 18:18:39,타이어 
SPB-65713,2024-09-18 18:20:45,안장
SPB-34336,2024-09-18 18:23:36,타이어 
SPB-58047,2024-09-18 18:29:29,체인
SPB-43027,2024-09-18 18:31:56,체인
SPB-38176,2024-09-18 18:34:11,페달
SPB-68467,2024-09-18 18:34:27,기타 
SPB-70462,2024-09-18 18:35:24,기타 
SPB-44714,2024-09-18 18:35:27,타이어 
SPB-53905,2024-09-18 18:36:52,페달
SPB-65392,2024-09-18 18:37:41,타이어 
SPB-52624,2024-09-18 18:38:08,체인
SPB-47051,2024-09-18 18:40:13,타이어 
SPB-42075,2024-09-18 18:43:24,안장
SPB-58499,2024-09-18 18:43:49,타이어 
SPB-41026,2024-09-18 18:44:28,체인
SPB-32301,2024-09-18 18:46:01,기타 
SPB-44227,2024-09-18 18:48:52,체인
SPB-57559,2024-09-18 18:53:26,단말기
SPB-51091,2024-09-18 18:54:57,타이어 
SPB-57723,2024-09-18 18:55:05,페달
SPB-45417,2024-09-18 18:55:18,안장
SPB-67036,2024-09-18 18:55:20,타이어 
SPB-59735,2024-09-18 18:56:26,타이어 
SPB-61685,2024-09-18 18:56:34,체인
SPB-53493,2024-09-18 18:59:46,타이어 
SPB-69365,2024-09-18 19:00:17,안장
SPB-67787,2024-09-18 19:00:43,타이어 
SPB-56882,2024-09-18 19:01:25,타이어 
SPB-47206,2024-09-18 19:01:36,단말기
SPB-59081,2024-09-18 19:05:40,단말기
SPB-39441,2024-09-18 19:05:53,기타 
SPB-44909,2024-09-18 19:06:05,기타 
SPB-51767,2024-09-18 19:06:41,기타 
SPB-53549,2024-09-18 19:07:34,타이어 
SPB-44930,2024-09-18 19:12:16,체인
SPB-70116,2024-09-18 19:12:57,체인
SPB-70401,2024-09-18 19:15:29,타이어 
SPB-57287,2024-09-18 19:17:35,타이어 
SPB-67157,2024-09-18 19:18:44,페달
SPB-33428,2024-09-18 19:19:08,기타 
SPB-70337,2024-09-18 19:19:40,기타 
SPB-60963,2024-09-18 19:21:58,체인
SPB-58165,2024-09-18 19:22:17,단말기
SPB-30159,2024-09-18 19:22:44,타이어 
SPB-54426,2024-09-18 19:22:50,단말기
SPB-48257,2024-09-18 19:29:36,기타 
SPB-67470,2024-09-18 19:30:09,타이어 
SPB-64227,2024-09-18 19:31:20,기타 
SPB-60975,2024-09-18 19:33:48,안장
SPB-57199,2024-09-18 19:37:42,페달
SPB-53127,2024-09-18 19:38:06,체인
SPB-51799,2024-09-18 19:38:09,페달
SPB-63271,2024-09-18 19:38:21,타이어 
SPB-60167,2024-09-18 19:39:44,기타 
SPB-66150,2024-09-18 19:40:00,타이어 
SPB-32821,2024-09-18 19:41:07,기타 
SPB-59115,2024-09-18 19:41:15,단말기
SPB-70284,2024-09-18 19:43:17,타이어 
SPB-63373,2024-09-18 19:45:03,페달
SPB-38935,2024-09-18 19:48:28,체인
SPB-70166,2024-09-18 19:51:07,안장
SPB-61079,2024-09-18 19:51:46,체인
SPB-37529,2024-09-18 19:58:32,체인
SPB-65148,2024-09-18 20:00:13,기타 
SPB-49088,2024-09-18 20:03:35,체인
SPB-48949,2024-09-18 20:05:51,타이어 
SPB-36665,2024-09-18 20:10:51,타이어 
SPB-33551,2024-09-18 20:12:10,기타 
SPB-58985,2024-09-18 20:12:41,체인
SPB-44157,2024-09-18 20:13:12,체인
SPB-70129,2024-09-18 20:14:15,체인
SPB-70435,2024-09-18 20:15:08,체인
SPB-65356,2024-09-18 20:15:41,기타 
SPB-46114,2024-09-18 20:16:17,기타 
SPB-31023,2024-09-18 20:16:39,페달
SPB-43106,2024-09-18 20:18:09,기타 
SPB-45674,2024-09-18 20:28:13,안장
SPB-64623,2024-09-18 20:30:11,타이어 
SPB-52958,2024-09-18 20:32:21,체인
SPB-32446,2024-09-18 20:33:04,타이어 
SPB-67038,2024-09-18 20:34:19,체인
SPB-48425,2024-09-18 20:37:41,체인
SPB-68094,2024-09-18 20:37:51,단말기
SPB-67005,2024-09-18 20:38:01,타이어 
SPB-30502,2024-09-18 20:43:47,기타 
SPB-83400,2024-09-18 20:45:34,안장
SPB-40738,2024-09-18 20:55:33,타이어 
SPB-32179,2024-09-18 20:56:27,페달
SPB-39897,2024-09-18 20:57:19,기타 
SPB-50156,2024-09-18 21:04:45,페달
SPB-55911,2024-09-18 21:07:07,페달
SPB-48558,2024-09-18 21:07:27,페달
SPB-68044,2024-09-18 21:08:20,체인
SPB-64063,2024-09-18 21:09:21,기타 
SPB-40989,2024-09-18 21:09:52,체인
SPB-47114,2024-09-18 21:10:31,체인
SPB-55123,2024-09-18 21:10:34,페달
SPB-53624,2024-09-18 21:13:20,페달
SPB-43865,2024-09-18 21:16:29,안장
SPB-34359,2024-09-18 21:17:35,체인
SPB-64059,2024-09-18 21:19:36,기타 
SPB-70223,2024-09-18 21:21:12,안장
SPB-62634,2024-09-18 21:22:30,체인
SPB-57602,2024-09-18 21:23:50,안장
SPB-43232,2024-09-18 21:24:40,체인
SPB-35437,2024-09-18 21:29:29,체인
SPB-63697,2024-09-18 21:34:36,타이어 
SPB-38746,2024-09-18 21:38:54,타이어 
SPB-61577,2024-09-18 21:40:45,체인
SPB-66821,2024-09-18 21:41:53,안장
SPB-61778,2024-09-18 21:42:40,안장
SPB-42667,2024-09-18 21:43:59,페달
SPB-55931,2024-09-18 21:51:23,기타 
SPB-38367,2024-09-18 21:51:34,체인
SPB-51898,2024-09-18 21:52:19,타이어 
SPB-64848,2024-09-18 21:54:49,안장
SPB-67890,2024-09-18 21:57:02,체인
SPB-63055,2024-09-18 21:58:56,타이어 
SPB-55103,2024-09-18 21:59:29,페달
SPB-53102,2024-09-18 22:00:35,기타 
SPB-59954,2024-09-18 22:00:59,안장
SPB-48328,2024-09-18 22:02:01,안장
SPB-35561,2024-09-18 22:04:49,안장
SPB-69186,2024-09-18 22:05:58,체인
SPB-48780,2024-09-18 22:07:05,페달
SPB-38165,2024-09-18 22:08:16,타이어 
SPB-64641,2024-09-18 22:14:15,타이어 
SPB-56508,2024-09-18 22:18:46,페달
SPB-56104,2024-09-18 22:19:14,타이어 
SPB-67117,2024-09-18 22:19:42,기타 
SPB-60525,2024-09-18 22:20:25,기타 
SPB-64482,2024-09-18 22:20:57,타이어 
SPB-65572,2024-09-18 22:21:00,타이어 
SPB-54608,2024-09-18 22:22:22,타이어 
SPB-32261,2024-09-18 22:29:12,페달
SPB-40777,2024-09-18 22:40:29,기타 
SPB-65437,2024-09-18 22:40:33,기타 
SPB-61890,2024-09-18 22:40:47,기타 
SPB-44665,2024-09-18 22:40:59,기타 
SPB-33496,2024-09-18 22:48:42,기타 
SPB-42014,2024-09-18 22:50:16,단말기
SPB-36046,2024-09-18 22:56:18,체인
SPB-43188,2024-09-18 23:04:17,기타 
SPB-53847,2024-09-18 23:17:55,체인
SPB-55781,2024-09-18 23:27:46,체인
SPB-31533,2024-09-18 23:47:36,기타 
SPB-47095,2024-09-18 23:55:18,단말기
SPB-69383,2024-09-18 23:56:19,타이어 
SPB-45463,2024-09-18 23:58:39,안장
SPB-43480,2024-09-19 00:10:41,안장
SPB-45749,2024-09-19 00:13:29,안장
SPB-56006,2024-09-19 00:26:10,기타 
SPB-34982,2024-09-19 00:30:39,단말기
SPB-40664,2024-09-19 00:32:39,기타 
SPB-58929,2024-09-19 00:33:20,페달
SPB-31261,2024-09-19 00:39:35,기타 
SPB-36366,2024-09-19 01:05:51,체인
SPB-31049,2024-09-19 01:14:27,단말기
SPB-62516,2024-09-19 01:18:43,체인
SPB-38366,2024-09-19 01:41:13,안장
SPB-42622,2024-09-19 02:28:44,타이어 
SPB-68619,2024-09-19 02:31:04,타이어 
SPB-62257,2024-09-19 04:27:38,안장
SPB-57675,2024-09-19 04:33:16,타이어 
SPB-62608,2024-09-19 05:14:33,타이어 
SPB-42736,2024-09-19 05:14:45,안장
SPB-54024,2024-09-19 05:20:21,체인
SPB-46071,2024-09-19 05:25:55,타이어 
SPB-32224,2024-09-19 05:31:55,페달
SPB-30735,2024-09-19 05:33:37,체인
SPB-41582,2024-09-19 05:41:43,타이어 
SPB-46172,2024-09-19 05:51:10,체인
SPB-41404,2024-09-19 06:08:10,체인
SPB-57014,2024-09-19 06:08:43,페달
SPB-37304,2024-09-19 06:09:22,안장
SPB-50574,2024-09-19 06:16:42,체인
SPB-48900,2024-09-19 06:17:54,타이어 
SPB-51833,2024-09-19 06:21:32,기타 
SPB-47754,2024-09-19 06:28:02,체인
SPB-64443,2024-09-19 06:30:47,안장
SPB-34330,2024-09-19 06:32:06,타이어 
SPB-68191,2024-09-19 06:34:06,타이어 
SPB-55428,2024-09-19 06:34:18,체인
SPB-68058,2024-09-19 06:49:55,타이어 
SPB-33011,2024-09-19 06:55:17,페달
SPB-33332,2024-09-19 06:59:39,안장
SPB-63462,2024-09-19 07:02:43,기타 
SPB-65414,2024-09-19 07:07:00,타이어 
SPB-31984,2024-09-19 07:09:26,타이어 
SPB-45531,2024-09-19 07:11:17,타이어 
SPB-47595,2024-09-19 07:12:24,타이어 
SPB-35257,2024-09-19 07:16:00,타이어 
SPB-64994,2024-09-19 07:21:24,타이어 
SPB-57925,2024-09-19 07:22:35,체인
SPB-48101,2024-09-19 07:30:50,기타 
SPB-43042,2024-09-19 07:31:47,타이어 
SPB-55526,2024-09-19 07:32:38,기타 
SPB-45768,2024-09-19 07:35:54,기타 
SPB-67090,2024-09-19 07:43:38,타이어 
SPB-67869,2024-09-19 07:44:57,기타 
SPB-82049,2024-09-19 07:45:57,기타 
SPB-53427,2024-09-19 07:46:18,기타 
SPB-31805,2024-09-19 07:46:36,기타 
SPB-51183,2024-09-19 07:46:42,단말기
SPB-58161,2024-09-19 07:48:55,페달
SPB-55764,2024-09-19 07:49:24,타이어 
SPB-68009,2024-09-19 07:52:46,기타 
SPB-52445,2024-09-19 07:55:41,단말기
SPB-56153,2024-09-19 07:56:49,타이어 
SPB-45482,2024-09-19 07:57:45,체인
SPB-47749,2024-09-19 07:58:20,타이어 
SPB-58932,2024-09-19 07:58:58,안장
SPB-51665,2024-09-19 08:00:55,안장
SPB-51604,2024-09-19 08:01:01,페달
SPB-82421,2024-09-19 08:01:32,체인
SPB-54756,2024-09-19 08:02:27,안장
SPB-48642,2024-09-19 08:02:39,타이어 
SPB-34575,2024-09-19 08:03:10,타이어 
SPB-67203,2024-09-19 08:04:47,타이어 
SPB-61148,2024-09-19 08:05:02,기타 
SPB-60410,2024-09-19 08:05:46,타이어 
SPB-48571,2024-09-19 08:06:34,타이어 
SPB-56540,2024-09-19 08:06:41,기타 
SPB-41590,2024-09-19 08:07:11,체인
SPB-32338,2024-09-19 08:08:05,타이어 
SPB-64428,2024-09-19 08:09:38,단말기
SPB-56147,2024-09-19 08:10:58,기타 
SPB-68148,2024-09-19 08:11:26,체인
SPB-69417,2024-09-19 08:12:18,체인
SPB-34299,2024-09-19 08:13:15,기타 
SPB-53035,2024-09-19 08:13:25,체인
SPB-50085,2024-09-19 08:13:40,타이어 
SPB-48876,2024-09-19 08:17:08,타이어 
SPB-62542,2024-09-19 08:19:21,타이어 
SPB-45862,2024-09-19 08:20:20,체인
SPB-68778,2024-09-19 08:20:25,기타 
SPB-53504,2024-09-19 08:20:55,기타 
SPB-62956,2024-09-19 08:21:00,타이어 
SPB-36394,2024-09-19 08:21:36,타이어 
SPB-35311,2024-09-19 08:21:37,타이어 
SPB-41300,2024-09-19 08:21:41,타이어 
SPB-53317,2024-09-19 08:25:19,안장
SPB-84702,2024-09-19 08:26:33,타이어 
SPB-48136,2024-09-19 08:29:52,기타 
SPB-45364,2024-09-19 08:30:19,타이어 
SPB-51537,2024-09-19 08:30:31,타이어 
SPB-50171,2024-09-19 08:30:42,타이어 
SPB-50874,2024-09-19 08:31:03,체인
SPB-31645,2024-09-19 08:33:08,타이어 
SPB-43869,2024-09-19 08:33:12,체인
SPB-55309,2024-09-19 08:36:07,타이어 
SPB-33776,2024-09-19 08:36:24,기타 
SPB-48969,2024-09-19 08:36:52,단말기
SPB-31903,2024-09-19 08:37:20,체인
SPB-56767,2024-09-19 08:37:59,기타 
SPB-37835,2024-09-19 08:38:35,안장
SPB-51660,2024-09-19 08:39:12,기타 
SPB-59389,2024-09-19 08:39:55,페달
SPB-42993,2024-09-19 08:40:34,체인
SPB-52777,2024-09-19 08:40:38,기타 
SPB-43473,2024-09-19 08:43:19,기타 
SPB-46385,2024-09-19 08:43:53,체인
SPB-61540,2024-09-19 08:44:21,타이어 
SPB-68419,2024-09-19 08:44:50,타이어 
SPB-63363,2024-09-19 08:46:40,타이어 
SPB-52768,2024-09-19 08:47:02,체인
SPB-55424,2024-09-19 08:47:04,기타 
SPB-63225,2024-09-19 08:47:07,타이어 
SPB-61860,2024-09-19 08:47:21,기타 
SPB-56330,2024-09-19 08:48:53,타이어 
SPB-43567,2024-09-19 08:49:22,체인
SPB-61320,2024-09-19 08:49:59,타이어 
SPB-51608,2024-09-19 08:50:52,기타 
SPB-64301,2024-09-19 08:51:42,기타 
SPB-45291,2024-09-19 08:52:25,기타 
SPB-48703,2024-09-19 08:52:40,타이어 
SPB-40737,2024-09-19 08:58:03,타이어 
SPB-60958,2024-09-19 08:59:08,체인
SPB-36321,2024-09-19 09:00:14,타이어 
SPB-42771,2024-09-19 09:01:44,기타 
SPB-38601,2024-09-19 09:02:56,안장
SPB-52834,2024-09-19 09:03:19,타이어 
SPB-30208,2024-09-19 09:04:18,체인
SPB-33427,2024-09-19 09:04:30,페달
SPB-70353,2024-09-19 09:07:28,체인
SPB-40809,2024-09-19 09:10:01,기타 
SPB-67256,2024-09-19 09:10:03,단말기
SPB-56122,2024-09-19 09:12:16,체인
SPB-65137,2024-09-19 09:14:54,기타 
SPB-49402,2024-09-19 09:14:57,타이어 
SPB-47898,2024-09-19 09:15:29,타이어 
SPB-54852,2024-09-19 09:16:58,타이어 
SPB-67840,2024-09-19 09:17:03,타이어 
SPB-59308,2024-09-19 09:18:37,타이어 
SPB-31880,2024-09-19 09:21:06,기타 
SPB-65992,2024-09-19 09:22:25,체인
SPB-30312,2024-09-19 09:23:53,체인
SPB-39293,2024-09-19 09:24:53,체인
SPB-41593,2024-09-19 09:24:56,타이어 
SPB-62711,2024-09-19 09:25:01,기타 
SPB-46230,2024-09-19 09:25:55,체인
SPB-67728,2024-09-19 09:29:52,체인
SPB-57296,2024-09-19 09:31:16,체인
SPB-57377,2024-09-19 09:31:44,타이어 
SPB-40630,2024-09-19 09:33:36,타이어 
SPB-32030,2024-09-19 09:34:23,타이어 
SPB-64624,2024-09-19 09:47:43,페달
SPB-47490,2024-09-19 09:48:05,기타 
SPB-40556,2024-09-19 09:48:49,체인
SPB-41732,2024-09-19 09:49:16,페달
SPB-53820,2024-09-19 09:49:55,체인
SPB-84023,2024-09-19 09:52:26,기타 
SPB-58581,2024-09-19 09:54:18,체인
SPB-58169,2024-09-19 09:55:06,기타 
SPB-54419,2024-09-19 09:56:10,타이어 
SPB-33090,2024-09-19 09:56:33,타이어 
SPB-60372,2024-09-19 09:56:48,체인
SPB-63499,2024-09-19 09:58:06,기타 
SPB-51777,2024-09-19 10:01:11,기타 
SPB-39730,2024-09-19 10:02:55,페달
SPB-53087,2024-09-19 10:04:21,페달
SPB-43462,2024-09-19 10:05:07,타이어 
SPB-34225,2024-09-19 10:14:41,타이어 
SPB-57104,2024-09-19 10:19:17,기타 
SPB-69356,2024-09-19 10:23:21,체인
SPB-55011,2024-09-19 10:27:01,기타 
SPB-65066,2024-09-19 10:29:32,타이어 
SPB-33494,2024-09-19 10:31:33,기타 
SPB-38238,2024-09-19 10:34:08,체인
SPB-39033,2024-09-19 10:36:49,타이어 
SPB-45934,2024-09-19 10:37:32,타이어 
SPB-59070,2024-09-19 10:40:31,기타 
SPB-34121,2024-09-19 10:41:41,페달
SPB-32323,2024-09-19 10:44:01,페달
SPB-48085,2024-09-19 10:49:05,단말기
SPB-67355,2024-09-19 10:54:05,타이어 
SPB-66386,2024-09-19 10:55:42,체인
SPB-34960,2024-09-19 10:59:47,안장
SPB-60512,2024-09-19 11:01:00,기타 
SPB-62367,2024-09-19 11:03:09,타이어 
SPB-42426,2024-09-19 11:10:16,체인
SPB-59443,2024-09-19 11:10:22,기타 
SPB-35173,2024-09-19 11:13:03,페달
SPB-69107,2024-09-19 11:19:35,타이어 
SPB-36349,2024-09-19 11:28:34,체인
SPB-37136,2024-09-19 11:29:46,기타 
SPB-40465,2024-09-19 11:33:26,타이어 
SPB-69620,2024-09-19 11:35:28,안장
SPB-46323,2024-09-19 11:36:57,페달
SPB-42168,2024-09-19 11:53:20,안장
SPB-47944,2024-09-19 11:54:46,안장
SPB-55737,2024-09-19 11:58:52,기타 
SPB-45571,2024-09-19 12:01:20,체인
SPB-55123,2024-09-19 12:04:39,페달
SPB-46243,2024-09-19 12:11:27,체인
SPB-52298,2024-09-19 12:25:42,타이어 
SPB-44415,2024-09-19 12:26:54,안장
SPB-60118,2024-09-19 12:33:30,타이어 
SPB-50158,2024-09-19 12:33:40,기타 
SPB-55929,2024-09-19 12:39:52,안장
SPB-42771,2024-09-19 12:42:54,기타 
SPB-67147,2024-09-19 12:46:59,타이어 
SPB-54451,2024-09-19 12:47:12,기타 
SPB-49330,2024-09-19 12:48:34,타이어 
SPB-49357,2024-09-19 12:50:56,체인
SPB-42527,2024-09-19 12:53:54,체인
SPB-64914,2024-09-19 12:58:48,타이어 
SPB-34850,2024-09-19 12:59:37,안장
SPB-45471,2024-09-19 13:03:58,기타 
SPB-34126,2024-09-19 13:06:54,타이어 
SPB-65789,2024-09-19 13:12:27,체인
SPB-70373,2024-09-19 13:20:22,타이어 
SPB-53294,2024-09-19 13:20:58,단말기
SPB-63182,2024-09-19 13:24:47,체인
SPB-46034,2024-09-19 13:28:51,기타 
SPB-52481,2024-09-19 13:36:39,기타 
SPB-55410,2024-09-19 13:42:23,기타 
SPB-41448,2024-09-19 13:47:12,체인
SPB-66835,2024-09-19 13:48:47,타이어 
SPB-49326,2024-09-19 13:50:06,체인
SPB-34457,2024-09-19 13:59:10,기타 
SPB-32080,2024-09-19 13:59:43,타이어 
SPB-54460,2024-09-19 14:09:40,타이어 
SPB-45987,2024-09-19 14:09:59,체인
SPB-41661,2024-09-19 14:10:46,타이어 
SPB-64523,2024-09-19 14:18:56,기타 
SPB-66078,2024-09-19 14:26:19,기타 
SPB-67399,2024-09-19 14:28:36,기타 
SPB-68938,2024-09-19 14:29:12,타이어 
SPB-39381,2024-09-19 14:36:48,안장
SPB-70331,2024-09-19 14:39:07,체인
SPB-60070,2024-09-19 14:40:57,페달
SPB-54991,2024-09-19 14:42:49,타이어 
SPB-44833,2024-09-19 14:45:36,타이어 
SPB-66968,2024-09-19 14:48:04,기타 
SPB-44647,2024-09-19 14:54:14,기타 
SPB-54312,2024-09-19 14:55:07,타이어 
SPB-42392,2024-09-19 14:56:01,페달
SPB-53428,2024-09-19 14:57:08,안장
SPB-37936,2024-09-19 14:57:19,기타 
SPB-41403,2024-09-19 14:57:55,기타 
SPB-64535,2024-09-19 14:59:36,타이어 
SPB-55780,2024-09-19 15:04:29,페달
SPB-37839,2024-09-19 15:09:20,안장
SPB-42317,2024-09-19 15:15:16,체인
SPB-69368,2024-09-19 15:22:29,단말기
SPB-55721,2024-09-19 15:26:14,타이어 
SPB-44238,2024-09-19 15:27:03,안장
SPB-30250,2024-09-19 15:30:37,체인
SPB-70123,2024-09-19 15:31:15,타이어 
SPB-62326,2024-09-19 15:31:25,타이어 
SPB-56223,2024-09-19 15:31:54,타이어 
SPB-55649,2024-09-19 15:34:51,체인
SPB-69853,2024-09-19 15:34:59,기타 
SPB-83836,2024-09-19 15:38:32,기타 
SPB-46395,2024-09-19 15:39:15,체인
SPB-47964,2024-09-19 15:42:48,페달
SPB-48334,2024-09-19 15:45:08,단말기
SPB-65732,2024-09-19 15:48:59,타이어 
SPB-57964,2024-09-19 15:50:16,체인
SPB-63100,2024-09-19 15:51:44,체인
SPB-42361,2024-09-19 16:06:59,단말기
SPB-53650,2024-09-19 16:09:18,체인
SPB-60858,2024-09-19 16:09:18,안장
SPB-64387,2024-09-19 16:12:56,타이어 
SPB-52408,2024-09-19 16:15:14,타이어 
SPB-44959,2024-09-19 16:15:57,체인
SPB-60402,2024-09-19 16:17:06,기타 
SPB-70493,2024-09-19 16:27:08,타이어 
SPB-33345,2024-09-19 16:27:59,타이어 
SPB-53153,2024-09-19 16:28:55,체인
SPB-61470,2024-09-19 16:30:33,타이어 
SPB-64787,2024-09-19 16:31:30,타이어 
SPB-46364,2024-09-19 16:32:21,페달
SPB-55299,2024-09-19 16:34:48,체인
SPB-37330,2024-09-19 16:37:05,안장
SPB-37400,2024-09-19 16:40:25,기타 
SPB-50737,2024-09-19 16:46:06,페달
SPB-52542,2024-09-19 16:46:11,체인
SPB-53523,2024-09-19 16:48:56,안장
SPB-60829,2024-09-19 16:54:44,타이어 
SPB-39489,2024-09-19 16:54:50,안장
SPB-56940,2024-09-19 16:58:18,타이어 
SPB-30944,2024-09-19 17:00:43,타이어 
SPB-62308,2024-09-19 17:00:58,기타 
SPB-57548,2024-09-19 17:05:09,타이어 
SPB-57987,2024-09-19 17:07:14,안장
SPB-43002,2024-09-19 17:12:22,기타 
SPB-50311,2024-09-19 17:12:58,페달
SPB-64670,2024-09-19 17:14:29,기타 
SPB-54760,2024-09-19 17:17:01,타이어 
SPB-62637,2024-09-19 17:18:36,타이어 
SPB-55377,2024-09-19 17:19:15,기타 
SPB-44861,2024-09-19 17:22:26,단말기
SPB-64790,2024-09-19 17:22:49,타이어 
SPB-57256,2024-09-19 17:24:13,안장
SPB-39148,2024-09-19 17:24:20,기타 
SPB-52565,2024-09-19 17:24:31,안장
SPB-50294,2024-09-19 17:25:02,기타 
SPB-63526,2024-09-19 17:25:33,타이어 
SPB-30310,2024-09-19 17:26:20,타이어 
SPB-32347,2024-09-19 17:27:11,타이어 
SPB-65948,2024-09-19 17:31:46,타이어 
SPB-69792,2024-09-19 17:32:53,체인
SPB-39573,2024-09-19 17:33:27,체인
SPB-60329,2024-09-19 17:34:09,타이어 
SPB-64478,2024-09-19 17:35:40,단말기
SPB-39428,2024-09-19 17:39:26,체인
SPB-56016,2024-09-19 17:40:23,타이어 
SPB-40856,2024-09-19 17:41:19,안장
SPB-56509,2024-09-19 17:42:22,체인
SPB-68972,2024-09-19 17:42:25,타이어 
SPB-48090,2024-09-19 17:42:40,타이어 
SPB-63810,2024-09-19 17:44:30,타이어 
SPB-62465,2024-09-19 17:45:26,기타 
SPB-81046,2024-09-19 17:46:41,페달
SPB-33149,2024-09-19 17:47:57,체인
SPB-70353,2024-09-19 17:48:32,체인
SPB-50594,2024-09-19 17:48:42,안장
SPB-34119,2024-09-19 17:53:49,기타 
SPB-45831,2024-09-19 17:56:29,기타 
SPB-64253,2024-09-19 17:58:53,기타 
SPB-44766,2024-09-19 18:00:13,안장
SPB-58356,2024-09-19 18:00:28,안장
SPB-58095,2024-09-19 18:04:36,타이어 
SPB-44934,2024-09-19 18:05:15,안장
SPB-67837,2024-09-19 18:05:15,타이어 
SPB-65738,2024-09-19 18:05:25,타이어 
SPB-37414,2024-09-19 18:05:53,체인
SPB-64989,2024-09-19 18:06:33,타이어 
SPB-63915,2024-09-19 18:06:42,체인
SPB-61154,2024-09-19 18:06:54,안장
SPB-47697,2024-09-19 18:09:03,체인
SPB-43418,2024-09-19 18:09:07,타이어 
SPB-83308,2024-09-19 18:10:27,기타 
SPB-42090,2024-09-19 18:11:02,체인
SPB-49199,2024-09-19 18:12:12,타이어 
SPB-46916,2024-09-19 18:13:03,타이어 
SPB-33099,2024-09-19 18:13:20,체인
SPB-54969,2024-09-19 18:13:30,체인
SPB-31066,2024-09-19 18:13:32,타이어 
SPB-32090,2024-09-19 18:13:52,체인
SPB-50063,2024-09-19 18:14:19,타이어 
SPB-63724,2024-09-19 18:14:41,타이어 
SPB-42227,2024-09-19 18:14:56,안장
SPB-57523,2024-09-19 18:15:24,페달
SPB-58690,2024-09-19 18:17:03,타이어 
SPB-47330,2024-09-19 18:18:32,타이어 
SPB-40903,2024-09-19 18:19:53,체인
SPB-32035,2024-09-19 18:20:07,타이어 
SPB-34347,2024-09-19 18:21:19,타이어 
SPB-45731,2024-09-19 18:22:21,안장
SPB-47376,2024-09-19 18:24:54,체인
SPB-51930,2024-09-19 18:25:17,체인
SPB-46997,2024-09-19 18:27:33,체인
SPB-51013,2024-09-19 18:29:11,기타 
SPB-48674,2024-09-19 18:29:15,기타 
SPB-57065,2024-09-19 18:30:50,타이어 
SPB-64010,2024-09-19 18:32:58,타이어 
SPB-38655,2024-09-19 18:33:17,안장
SPB-31366,2024-09-19 18:34:51,체인
SPB-65155,2024-09-19 18:36:18,타이어 
SPB-55811,2024-09-19 18:36:46,체인
SPB-52576,2024-09-19 18:36:58,타이어 
SPB-30590,2024-09-19 18:38:13,안장
SPB-60629,2024-09-19 18:38:16,페달
SPB-52616,2024-09-19 18:38:20,기타 
SPB-40936,2024-09-19 18:38:24,페달
SPB-33098,2024-09-19 18:40:37,기타 
SPB-52701,2024-09-19 18:40:57,타이어 
SPB-31213,2024-09-19 18:42:11,타이어 
SPB-39031,2024-09-19 18:42:23,안장
SPB-30252,2024-09-19 18:42:31,체인
SPB-43372,2024-09-19 18:44:24,기타 
SPB-46108,2024-09-19 18:44:59,안장
SPB-45256,2024-09-19 18:45:57,체인
SPB-59668,2024-09-19 18:48:24,체인
SPB-57511,2024-09-19 18:49:03,타이어 
SPB-61780,2024-09-19 18:49:18,타이어 
SPB-51137,2024-09-19 18:49:26,타이어 
SPB-45761,2024-09-19 18:50:23,기타 
SPB-48957,2024-09-19 18:53:54,타이어 
SPB-34736,2024-09-19 18:54:04,체인
SPB-52363,2024-09-19 18:54:56,페달
SPB-60691,2024-09-19 18:55:18,안장
SPB-80076,2024-09-19 18:55:49,타이어 
SPB-38303,2024-09-19 18:55:50,체인
SPB-67570,2024-09-19 18:56:09,타이어 
SPB-63072,2024-09-19 18:56:30,타이어 
SPB-66440,2024-09-19 18:56:58,타이어 
SPB-59197,2024-09-19 18:58:11,페달
SPB-56859,2024-09-19 18:58:21,타이어 
SPB-48675,2024-09-19 18:58:52,기타 
SPB-54220,2024-09-19 18:59:11,기타 
SPB-50250,2024-09-19 18:59:12,페달
SPB-53425,2024-09-19 18:59:38,페달
SPB-48125,2024-09-19 18:59:48,체인
SPB-49065,2024-09-19 19:01:17,타이어 
SPB-35920,2024-09-19 19:03:14,기타 
SPB-80820,2024-09-19 19:03:31,기타 
SPB-43152,2024-09-19 19:03:39,타이어 
SPB-54892,2024-09-19 19:03:56,체인
SPB-56165,2024-09-19 19:04:39,기타 
SPB-34211,2024-09-19 19:08:37,체인
SPB-32355,2024-09-19 19:08:41,안장
SPB-40537,2024-09-19 19:08:51,타이어 
SPB-53759,2024-09-19 19:09:38,체인
SPB-60094,2024-09-19 19:10:35,페달
SPB-37256,2024-09-19 19:10:55,타이어 
SPB-50383,2024-09-19 19:11:14,기타 
SPB-51088,2024-09-19 19:12:28,페달
SPB-56896,2024-09-19 19:12:43,기타 
SPB-53138,2024-09-19 19:12:54,단말기
SPB-32149,2024-09-19 19:13:16,타이어 
SPB-52694,2024-09-19 19:13:33,기타 
SPB-66523,2024-09-19 19:14:23,페달
SPB-46486,2024-09-19 19:14:25,체인
SPB-50285,2024-09-19 19:16:31,타이어 
SPB-48351,2024-09-19 19:16:33,페달
SPB-34880,2024-09-19 19:16:49,안장
SPB-46116,2024-09-19 19:17:11,체인
SPB-66789,2024-09-19 19:17:58,타이어 
SPB-56778,2024-09-19 19:18:04,체인
SPB-37331,2024-09-19 19:18:05,기타 
SPB-64054,2024-09-19 19:18:46,기타 
SPB-64166,2024-09-19 19:18:59,기타 
SPB-38238,2024-09-19 19:20:04,체인
SPB-55178,2024-09-19 19:20:51,체인
SPB-46517,2024-09-19 19:21:24,페달
SPB-43752,2024-09-19 19:21:25,페달
SPB-43879,2024-09-19 19:22:04,타이어 
SPB-56839,2024-09-19 19:22:21,타이어 
SPB-70398,2024-09-19 19:23:06,체인
SPB-59342,2024-09-19 19:23:28,체인
SPB-52989,2024-09-19 19:23:58,타이어 
SPB-59163,2024-09-19 19:24:00,안장
SPB-52078,2024-09-19 19:24:35,안장
SPB-39009,2024-09-19 19:24:40,타이어 
SPB-30440,2024-09-19 19:26:45,타이어 
SPB-46117,2024-09-19 19:30:07,체인
SPB-67112,2024-09-19 19:30:58,체인
SPB-60162,2024-09-19 19:31:05,체인
SPB-33027,2024-09-19 19:35:08,타이어 
SPB-41243,2024-09-19 19:35:18,기타 
SPB-59617,2024-09-19 19:36:36,타이어 
SPB-56650,2024-09-19 19:37:27,페달
SPB-62197,2024-09-19 19:38:04,타이어 
SPB-51570,2024-09-19 19:40:43,안장
SPB-31538,2024-09-19 19:41:45,체인
SPB-37048,2024-09-19 19:43:58,타이어 
SPB-69358,2024-09-19 19:44:54,기타 
SPB-32625,2024-09-19 19:45:45,타이어 
SPB-44129,2024-09-19 19:47:52,기타 
SPB-83433,2024-09-19 19:47:56,타이어 
SPB-48178,2024-09-19 19:48:03,타이어 
SPB-62086,2024-09-19 19:49:48,타이어 
SPB-69088,2024-09-19 19:50:13,체인
SPB-61959,2024-09-19 19:50:29,타이어 
SPB-59837,2024-09-19 19:50:48,기타 
SPB-44140,2024-09-19 19:53:23,타이어 
SPB-65329,2024-09-19 19:55:11,타이어 
SPB-37823,2024-09-19 19:55:21,타이어 
SPB-32550,2024-09-19 19:56:27,기타 
SPB-68278,2024-09-19 19:57:20,타이어 
SPB-65383,2024-09-19 19:57:30,페달
SPB-33050,2024-09-19 19:58:26,타이어 
SPB-59774,2024-09-19 20:00:02,체인
SPB-66772,2024-09-19 20:00:35,타이어 
SPB-31912,2024-09-19 20:03:52,페달
SPB-43779,2024-09-19 20:07:06,타이어 
SPB-67412,2024-09-19 20:10:00,타이어 
SPB-61704,2024-09-19 20:10:19,기타 
SPB-43925,2024-09-19 20:15:19,체인
SPB-57836,2024-09-19 20:20:15,타이어 
SPB-41054,2024-09-19 20:22:25,타이어 
SPB-31805,2024-09-19 20:24:07,타이어 
SPB-69925,2024-09-19 20:24:12,페달
SPB-69497,2024-09-19 20:27:43,기타 
SPB-49532,2024-09-19 20:29:07,페달
SPB-46513,2024-09-19 20:29:45,타이어 
SPB-54503,2024-09-19 20:30:28,페달
SPB-35428,2024-09-19 20:30:30,타이어 
SPB-62266,2024-09-19 20:32:07,기타 
SPB-54244,2024-09-19 20:36:01,기타 
SPB-84621,2024-09-19 20:38:22,기타 
SPB-56549,2024-09-19 20:39:52,체인
SPB-52088,2024-09-19 20:43:41,기타 
SPB-33628,2024-09-19 20:48:08,안장
SPB-57524,2024-09-19 20:52:11,체인
SPB-37128,2024-09-19 20:53:26,타이어 
SPB-38219,2024-09-19 20:53:28,체인
SPB-51239,2024-09-19 20:53:55,페달
SPB-59141,2024-09-19 20:54:30,타이어 
SPB-58138,2024-09-19 20:55:09,페달
SPB-68597,2024-09-19 20:56:46,기타 
SPB-58875,2024-09-19 20:59:42,타이어 
SPB-68250,2024-09-19 21:01:43,타이어 
SPB-43379,2024-09-19 21:03:08,체인
SPB-67384,2024-09-19 21:03:17,체인
SPB-58320,2024-09-19 21:04:59,안장
SPB-48494,2024-09-19 21:05:52,타이어 
SPB-62667,2024-09-19 21:08:26,안장
SPB-34429,2024-09-19 21:12:29,타이어 
SPB-57457,2024-09-19 21:14:11,타이어 
SPB-48081,2024-09-19 21:17:19,타이어 
SPB-64231,2024-09-19 21:17:38,기타 
SPB-69481,2024-09-19 21:18:39,기타 
SPB-61886,2024-09-19 21:19:18,기타 
SPB-60649,2024-09-19 21:19:42,타이어 
SPB-54912,2024-09-19 21:19:53,타이어 
SPB-53529,2024-09-19 21:20:53,안장
SPB-68094,2024-09-19 21:21:08,기타 
SPB-55761,2024-09-19 21:21:51,페달
SPB-54334,2024-09-19 21:23:03,페달
SPB-49418,2024-09-19 21:24:23,안장
SPB-66070,2024-09-19 21:25:00,타이어 
SPB-54095,2024-09-19 21:27:24,기타 
SPB-66290,2024-09-19 21:29:36,기타 
SPB-51958,2024-09-19 21:30:34,체인
SPB-69726,2024-09-19 21:31:18,체인
SPB-58113,2024-09-19 21:35:03,타이어 
SPB-51430,2024-09-19 21:36:07,페달
SPB-70142,2024-09-19 21:36:59,체인
SPB-40646,2024-09-19 21:38:38,체인
SPB-57564,2024-09-19 21:38:49,체인
SPB-80667,2024-09-19 21:39:01,페달
SPB-51777,2024-09-19 21:40:56,기타 
SPB-46778,2024-09-19 21:43:06,체인
SPB-61557,2024-09-19 21:44:30,체인
SPB-50693,2024-09-19 21:48:31,페달
SPB-45498,2024-09-19 21:49:02,타이어 
SPB-69389,2024-09-19 21:50:19,기타 
SPB-35485,2024-09-19 21:52:08,안장
SPB-53998,2024-09-19 21:54:31,체인
SPB-31058,2024-09-19 21:56:30,타이어 
SPB-40467,2024-09-19 21:56:46,타이어 
SPB-32565,2024-09-19 21:57:30,페달
SPB-61590,2024-09-19 21:58:56,안장
SPB-66428,2024-09-19 22:00:20,타이어 
SPB-39558,2024-09-19 22:00:49,안장
SPB-62747,2024-09-19 22:01:55,페달
SPB-67709,2024-09-19 22:02:21,단말기
SPB-51722,2024-09-19 22:03:04,안장
SPB-68323,2024-09-19 22:05:07,기타 
SPB-33250,2024-09-19 22:06:25,기타 
SPB-57817,2024-09-19 22:07:43,페달
SPB-46300,2024-09-19 22:09:07,안장
SPB-58929,2024-09-19 22:09:59,페달
SPB-47126,2024-09-19 22:11:31,안장
SPB-46695,2024-09-19 22:12:26,안장
SPB-49025,2024-09-19 22:15:02,타이어 
SPB-53182,2024-09-19 22:16:16,기타 
SPB-39465,2024-09-19 22:18:23,안장
SPB-44478,2024-09-19 22:22:36,안장
SPB-51396,2024-09-19 22:23:33,페달
SPB-60329,2024-09-19 22:24:22,타이어 
SPB-82117,2024-09-19 22:24:37,기타 
SPB-46836,2024-09-19 22:25:11,기타 
SPB-31422,2024-09-19 22:27:01,기타 
SPB-44202,2024-09-19 22:29:45,체인
SPB-32955,2024-09-19 22:30:07,타이어 
SPB-41840,2024-09-19 22:30:27,기타 
SPB-43675,2024-09-19 22:30:38,기타 
SPB-61251,2024-09-19 22:32:46,체인
SPB-42870,2024-09-19 22:36:45,기타 
SPB-41578,2024-09-19 22:37:02,타이어 
SPB-34912,2024-09-19 22:39:06,타이어 
SPB-66074,2024-09-19 22:39:36,타이어 
SPB-66395,2024-09-19 22:41:37,타이어 
SPB-39773,2024-09-19 22:42:26,타이어 
SPB-51552,2024-09-19 22:42:27,타이어 
SPB-44587,2024-09-19 22:42:44,안장
SPB-55476,2024-09-19 22:42:50,체인
SPB-51235,2024-09-19 22:44:02,타이어 
SPB-65460,2024-09-19 22:44:35,기타 
SPB-46473,2024-09-19 22:46:41,단말기
SPB-54592,2024-09-19 22:56:21,타이어 
SPB-33387,2024-09-19 22:58:14,체인
SPB-41828,2024-09-19 23:02:49,단말기
SPB-69933,2024-09-19 23:04:38,기타 
SPB-38640,2024-09-19 23:06:33,체인
SPB-45344,2024-09-19 23:07:12,안장
SPB-62197,2024-09-19 23:08:45,체인
SPB-38450,2024-09-19 23:11:47,타이어 
SPB-64573,2024-09-19 23:37:42,타이어 
SPB-60123,2024-09-19 23:47:57,타이어 
SPB-46130,2024-09-19 23:49:06,기타 
SPB-36534,2024-09-20 00:03:36,타이어 
SPB-84527,2024-09-20 00:07:34,타이어 
SPB-56358,2024-09-20 00:08:16,기타 
SPB-34047,2024-09-20 00:08:34,체인
SPB-67573,2024-09-20 00:14:02,기타 
SPB-56442,2024-09-20 00:16:19,기타 
SPB-39189,2024-09-20 00:35:00,안장
SPB-56140,2024-09-20 00:41:13,안장
SPB-51041,2024-09-20 00:55:34,기타 
SPB-50271,2024-09-20 01:02:37,단말기
SPB-46107,2024-09-20 01:14:28,안장
SPB-54103,2024-09-20 01:39:14,타이어 
SPB-46302,2024-09-20 02:02:12,단말기
SPB-61012,2024-09-20 02:23:23,타이어 
SPB-31026,2024-09-20 03:03:27,안장
SPB-43674,2024-09-20 03:13:27,기타 
SPB-30452,2024-09-20 05:47:02,타이어 
SPB-62013,2024-09-20 05:47:55,체인
SPB-60777,2024-09-20 05:53:40,타이어 
SPB-30736,2024-09-20 05:54:26,페달
SPB-70090,2024-09-20 06:03:53,기타 
SPB-35670,2024-09-20 06:14:54,안장
SPB-33336,2024-09-20 06:37:43,타이어 
SPB-56456,2024-09-20 06:46:58,기타 
SPB-47951,2024-09-20 06:53:07,단말기
SPB-55649,2024-09-20 06:58:34,기타 
SPB-60823,2024-09-20 06:59:04,체인
SPB-51143,2024-09-20 07:09:39,기타 
SPB-56662,2024-09-20 07:16:53,안장
SPB-60168,2024-09-20 07:17:10,페달
SPB-50517,2024-09-20 07:17:57,타이어 
SPB-39884,2024-09-20 07:18:02,안장
SPB-68220,2024-09-20 07:21:25,기타 
SPB-53377,2024-09-20 07:22:54,체인
SPB-57737,2024-09-20 07:22:56,체인
SPB-37182,2024-09-20 07:24:18,기타 
SPB-45252,2024-09-20 07:26:16,안장
SPB-35726,2024-09-20 07:26:16,단말기
SPB-68295,2024-09-20 07:26:49,체인
SPB-54668,2024-09-20 07:28:22,안장
SPB-41605,2024-09-20 07:31:38,안장
SPB-35444,2024-09-20 07:33:32,타이어 
SPB-52333,2024-09-20 07:34:17,안장
SPB-41924,2024-09-20 07:39:06,체인
SPB-50723,2024-09-20 07:43:10,타이어 
SPB-35041,2024-09-20 07:44:21,타이어 
SPB-54320,2024-09-20 07:48:42,타이어 
SPB-55958,2024-09-20 07:48:50,체인
SPB-34699,2024-09-20 07:50:07,체인
SPB-68797,2024-09-20 07:51:43,체인
SPB-38116,2024-09-20 07:53:11,타이어 
SPB-68884,2024-09-20 07:53:27,타이어 
SPB-42431,2024-09-20 07:53:49,타이어 
SPB-69800,2024-09-20 07:54:29,타이어 
SPB-46382,2024-09-20 07:54:56,타이어 
SPB-36129,2024-09-20 07:57:41,기타 
SPB-55924,2024-09-20 07:58:21,기타 
SPB-52878,2024-09-20 07:58:31,타이어 
SPB-47964,2024-09-20 07:58:58,페달
SPB-59979,2024-09-20 08:01:11,페달
SPB-43016,2024-09-20 08:07:18,페달
SPB-69592,2024-09-20 08:11:58,기타 
SPB-36220,2024-09-20 08:16:57,기타 
SPB-47828,2024-09-20 08:17:53,타이어 
SPB-46524,2024-09-20 08:19:09,기타 
SPB-64067,2024-09-20 08:19:14,타이어 
SPB-48000,2024-09-20 08:20:31,기타 
SPB-42515,2024-09-20 08:22:29,타이어 
SPB-51035,2024-09-20 08:23:22,타이어 
SPB-41048,2024-09-20 08:23:42,체인
SPB-63928,2024-09-20 08:25:37,체인
SPB-58063,2024-09-20 08:30:17,페달
SPB-54767,2024-09-20 08:31:52,체인
SPB-45283,2024-09-20 08:34:34,안장
SPB-41550,2024-09-20 08:37:18,안장
SPB-36986,2024-09-20 08:37:53,타이어 
SPB-64424,2024-09-20 08:38:00,페달
SPB-53728,2024-09-20 08:38:14,타이어 
SPB-48160,2024-09-20 08:38:59,기타 
SPB-52843,2024-09-20 08:41:13,단말기
SPB-46002,2024-09-20 08:42:16,체인
SPB-47516,2024-09-20 08:42:32,기타 
SPB-41988,2024-09-20 08:42:39,안장
SPB-35059,2024-09-20 08:43:31,체인
SPB-66718,2024-09-20 08:44:45,안장
SPB-66238,2024-09-20 08:45:26,기타 
SPB-32665,2024-09-20 08:46:39,안장
SPB-70064,2024-09-20 08:48:09,체인
SPB-51950,2024-09-20 08:51:02,기타 
SPB-34228,2024-09-20 08:51:56,체인
SPB-53647,2024-09-20 08:54:09,단말기
SPB-67470,2024-09-20 08:57:01,타이어 
SPB-52048,2024-09-20 08:57:14,기타 
SPB-43715,2024-09-20 08:58:19,체인
SPB-62179,2024-09-20 08:58:32,페달
SPB-56174,2024-09-20 08:58:53,타이어 
SPB-64197,2024-09-20 08:59:44,기타 
SPB-64786,2024-09-20 09:00:42,기타 
SPB-33993,2024-09-20 09:03:46,기타 
SPB-67422,2024-09-20 09:03:49,타이어 
SPB-57933,2024-09-20 09:05:21,타이어 
SPB-67935,2024-09-20 09:06:39,타이어 
SPB-70409,2024-09-20 09:07:26,타이어 
SPB-62033,2024-09-20 09:08:11,기타 
SPB-62883,2024-09-20 09:08:27,체인
SPB-48307,2024-09-20 09:08:37,체인
SPB-35540,2024-09-20 09:10:37,타이어 
SPB-42667,2024-09-20 09:24:00,페달
SPB-38930,2024-09-20 09:30:18,안장
SPB-54650,2024-09-20 09:35:18,페달
SPB-64514,2024-09-20 09:46:53,기타 
SPB-68800,2024-09-20 09:50:08,타이어 
SPB-46670,2024-09-20 09:51:43,체인
SPB-43295,2024-09-20 09:56:48,타이어 
SPB-49366,2024-09-20 09:58:07,타이어 
SPB-45755,2024-09-20 10:03:03,안장
SPB-68685,2024-09-20 10:03:04,타이어 
SPB-64870,2024-09-20 10:04:09,체인
SPB-51430,2024-09-20 10:05:49,페달
SPB-62557,2024-09-20 10:06:44,기타 
SPB-64258,2024-09-20 10:09:08,기타 
SPB-57598,2024-09-20 10:09:13,기타 
SPB-62161,2024-09-20 10:19:06,타이어 
SPB-33759,2024-09-20 10:19:07,기타 
SPB-68407,2024-09-20 10:19:38,기타 
SPB-51443,2024-09-20 10:21:05,기타 
SPB-66755,2024-09-20 10:24:11,기타 
SPB-59983,2024-09-20 10:27:15,기타 
SPB-59808,2024-09-20 10:31:24,타이어 
SPB-64320,2024-09-20 10:39:56,타이어 
SPB-33949,2024-09-20 10:41:53,안장
SPB-48222,2024-09-20 10:51:45,타이어 
SPB-46119,2024-09-20 11:03:22,안장
SPB-33837,2024-09-20 11:05:35,안장
SPB-40652,2024-09-20 11:10:43,안장
SPB-30258,2024-09-20 11:21:52,체인
SPB-48127,2024-09-20 11:39:01,타이어 
SPB-31058,2024-09-20 11:55:31,타이어 
SPB-55780,2024-09-20 12:01:26,페달
SPB-50505,2024-09-20 12:09:44,타이어 
SPB-31518,2024-09-20 12:16:48,단말기
SPB-59790,2024-09-20 12:22:57,타이어 
SPB-40941,2024-09-20 12:35:30,안장
SPB-69720,2024-09-20 12:38:42,타이어 
SPB-66174,2024-09-20 12:40:17,타이어 
SPB-57099,2024-09-20 13:03:28,기타 
SPB-43534,2024-09-20 13:10:17,타이어 
SPB-65620,2024-09-20 13:20:26,기타 
SPB-56904,2024-09-20 13:28:11,페달
SPB-40808,2024-09-20 13:32:05,안장
SPB-31241,2024-09-20 13:35:36,체인
SPB-63159,2024-09-20 13:54:56,기타 
SPB-52245,2024-09-20 14:32:38,타이어 
SPB-34843,2024-09-20 16:05:31,타이어 
SPB-66786,2024-09-20 16:06:13,타이어 
SPB-40166,2024-09-20 18:26:20,타이어 
SPB-66372,2024-09-21 00:51:51,체인
SPB-61366,2024-09-21 02:01:23,타이어 
SPB-54670,2024-09-21 02:41:05,페달
SPB-34856,2024-09-21 04:01:30,체인
SPB-63054,2024-09-21 08:43:22,타이어 
SPB-60183,2024-09-21 09:41:23,페달
SPB-39238,2024-09-21 10:02:48,기타 
SPB-53098,2024-09-21 10:16:50,타이어 
SPB-47962,2024-09-21 10:23:06,타이어 
SPB-38687,2024-09-21 10:37:34,체인
SPB-57429,2024-09-21 10:39:27,타이어 
SPB-67530,2024-09-21 10:43:51,체인
SPB-67209,2024-09-21 10:47:23,체인
SPB-43170,2024-09-21 10:54:16,페달
SPB-59004,2024-09-21 10:57:07,타이어 
SPB-64425,2024-09-21 11:01:03,체인
SPB-69525,2024-09-21 11:12:02,체인
SPB-55563,2024-09-21 11:28:29,기타 
SPB-69505,2024-09-21 11:28:43,체인
SPB-69865,2024-09-21 11:37:08,타이어 
SPB-57439,2024-09-21 11:37:37,안장
SPB-55020,2024-09-21 11:55:14,타이어 
SPB-37990,2024-09-21 12:02:44,기타 
SPB-54170,2024-09-21 12:03:21,타이어 
SPB-66449,2024-09-21 12:04:09,타이어 
SPB-43599,2024-09-21 12:08:40,체인
SPB-80557,2024-09-21 12:10:14,타이어 
SPB-39106,2024-09-21 12:14:21,체인
SPB-36571,2024-09-21 12:15:04,타이어 
SPB-36504,2024-09-21 12:15:32,타이어 
SPB-51112,2024-09-21 12:16:38,기타 
SPB-40018,2024-09-21 12:20:31,기타 
SPB-44920,2024-09-21 12:20:44,체인
SPB-65687,2024-09-21 12:24:23,타이어 
SPB-51178,2024-09-21 12:27:02,기타 
SPB-35695,2024-09-21 12:28:02,기타 
SPB-64273,2024-09-21 12:28:17,기타 
SPB-31029,2024-09-21 12:30:39,기타 
SPB-55176,2024-09-21 12:35:08,단말기
SPB-54131,2024-09-21 12:41:22,타이어 
SPB-42238,2024-09-21 12:42:01,체인
SPB-59337,2024-09-21 12:42:15,기타 
SPB-81954,2024-09-21 12:43:20,페달
SPB-69849,2024-09-21 12:45:56,체인
SPB-64956,2024-09-21 12:48:02,기타 
SPB-42210,2024-09-21 12:49:10,체인
SPB-70400,2024-09-21 12:50:39,타이어 
SPB-66917,2024-09-21 12:51:54,타이어 
SPB-68064,2024-09-21 12:54:08,타이어 
SPB-48186,2024-09-21 12:55:15,타이어 
SPB-42856,2024-09-21 12:55:48,체인
SPB-69864,2024-09-21 12:57:52,체인
SPB-47237,2024-09-21 13:01:47,타이어 
SPB-53472,2024-09-21 13:01:59,체인
SPB-63893,2024-09-21 13:02:06,체인
SPB-49002,2024-09-21 13:05:58,타이어 
SPB-64090,2024-09-21 13:07:32,타이어 
SPB-50905,2024-09-21 13:12:11,페달
SPB-58339,2024-09-21 13:18:20,단말기
SPB-61258,2024-09-21 13:25:34,체인
SPB-51718,2024-09-21 13:25:44,페달
SPB-41013,2024-09-21 13:26:26,타이어 
SPB-62867,2024-09-21 13:29:30,타이어 
SPB-67083,2024-09-21 13:36:20,체인
SPB-32548,2024-09-21 13:38:30,타이어 
SPB-43137,2024-09-21 13:40:02,기타 
SPB-69385,2024-09-21 13:41:04,체인
SPB-55101,2024-09-21 13:45:58,안장
SPB-60022,2024-09-21 13:46:51,안장
SPB-67372,2024-09-21 13:48:25,타이어 
SPB-56274,2024-09-21 13:48:28,페달
SPB-32926,2024-09-21 13:48:52,타이어 
SPB-35958,2024-09-21 13:48:53,타이어 
SPB-46561,2024-09-21 13:51:14,기타 
SPB-45881,2024-09-21 13:56:00,기타 
SPB-47451,2024-09-21 14:05:48,체인
SPB-32014,2024-09-21 14:09:54,타이어 
SPB-50554,2024-09-21 14:12:34,안장
SPB-58803,2024-09-21 14:17:44,타이어 
SPB-61113,2024-09-21 14:22:35,체인
SPB-47113,2024-09-21 14:26:19,체인
SPB-47361,2024-09-21 14:26:19,안장
SPB-32759,2024-09-21 14:27:05,체인
SPB-43506,2024-09-21 14:30:13,단말기
SPB-32004,2024-09-21 14:32:44,기타 
SPB-37471,2024-09-21 14:34:21,타이어 
SPB-59148,2024-09-21 14:38:52,체인
SPB-30104,2024-09-21 14:40:12,타이어 
SPB-31579,2024-09-21 14:41:15,체인
SPB-51157,2024-09-21 14:43:09,타이어 
SPB-51460,2024-09-21 14:49:55,기타 
SPB-68300,2024-09-21 14:50:21,기타 
SPB-33804,2024-09-21 14:50:37,기타 
SPB-56113,2024-09-21 14:50:58,페달
SPB-38936,2024-09-21 14:52:12,체인
SPB-30226,2024-09-21 14:56:13,타이어 
SPB-47377,2024-09-21 14:59:07,타이어 
SPB-59590,2024-09-21 15:05:56,페달
SPB-35259,2024-09-21 15:06:55,체인
SPB-58179,2024-09-21 15:09:32,페달
SPB-45217,2024-09-21 15:12:56,체인
SPB-50143,2024-09-21 15:14:57,안장
SPB-65401,2024-09-21 15:19:11,페달
SPB-42414,2024-09-21 15:21:42,기타 
SPB-56756,2024-09-21 15:21:51,페달
SPB-38779,2024-09-21 15:21:59,체인
SPB-60728,2024-09-21 15:23:33,체인
SPB-50360,2024-09-21 15:23:46,안장
SPB-66092,2024-09-21 15:24:25,타이어 
SPB-50560,2024-09-21 15:25:40,체인
SPB-39121,2024-09-21 15:26:25,기타 
SPB-63824,2024-09-21 15:33:08,체인
SPB-32639,2024-09-21 15:38:37,단말기
SPB-65894,2024-09-21 15:39:11,안장
SPB-60339,2024-09-21 15:41:25,체인
SPB-67969,2024-09-21 15:42:01,기타 
SPB-48919,2024-09-21 15:44:09,타이어 
SPB-57815,2024-09-21 15:44:23,타이어 
SPB-46840,2024-09-21 15:46:33,단말기
SPB-30995,2024-09-21 15:47:28,체인
SPB-50425,2024-09-21 15:47:28,페달
SPB-44528,2024-09-21 15:51:11,체인
SPB-43712,2024-09-21 15:51:53,타이어 
SPB-46480,2024-09-21 15:55:17,기타 
SPB-54010,2024-09-21 15:55:25,페달
SPB-42890,2024-09-21 15:55:55,안장
SPB-50870,2024-09-21 15:56:22,기타 
SPB-31778,2024-09-21 15:57:37,타이어 
SPB-44997,2024-09-21 15:58:41,기타 
SPB-54993,2024-09-21 16:00:33,단말기
SPB-45799,2024-09-21 16:07:35,타이어 
SPB-44245,2024-09-21 16:09:43,체인
SPB-54310,2024-09-21 16:11:39,페달
SPB-67992,2024-09-21 16:11:45,타이어 
SPB-31056,2024-09-21 16:11:51,기타 
SPB-38227,2024-09-21 16:12:50,기타 
SPB-51920,2024-09-21 16:15:27,타이어 
SPB-43432,2024-09-21 16:16:40,체인
SPB-66696,2024-09-21 16:16:54,페달
SPB-69814,2024-09-21 16:18:18,체인
SPB-55001,2024-09-21 16:19:36,체인
SPB-55512,2024-09-21 16:20:13,체인
SPB-54802,2024-09-21 16:20:55,체인
SPB-31198,2024-09-21 16:20:59,체인
SPB-36233,2024-09-21 16:22:55,체인
SPB-61919,2024-09-21 16:27:55,기타 
SPB-65661,2024-09-21 16:33:32,기타 
SPB-64004,2024-09-21 16:36:54,단말기
SPB-32117,2024-09-21 16:37:34,기타 
SPB-67195,2024-09-21 16:38:50,체인
SPB-70347,2024-09-21 16:39:00,기타 
SPB-84885,2024-09-21 16:42:14,체인
SPB-55704,2024-09-21 16:42:22,타이어 
SPB-52336,2024-09-21 16:46:58,기타 
SPB-67723,2024-09-21 16:48:17,체인
SPB-50943,2024-09-21 16:48:48,단말기
SPB-44152,2024-09-21 16:49:21,체인
SPB-40140,2024-09-21 16:50:46,타이어 
SPB-82847,2024-09-21 16:53:56,타이어 
SPB-42468,2024-09-21 16:55:08,안장
SPB-41751,2024-09-21 16:56:35,안장
SPB-56274,2024-09-21 16:56:45,페달
SPB-66797,2024-09-21 16:57:23,타이어 
SPB-33996,2024-09-21 16:59:52,안장
SPB-69580,2024-09-21 17:03:27,타이어 
SPB-59023,2024-09-21 17:06:45,체인
SPB-59437,2024-09-21 17:07:37,체인
SPB-56798,2024-09-21 17:08:25,페달
SPB-46593,2024-09-21 17:08:43,기타 
SPB-65749,2024-09-21 17:11:22,타이어 
SPB-57398,2024-09-21 17:12:58,타이어 
SPB-84702,2024-09-21 17:15:17,타이어 
SPB-57915,2024-09-21 17:15:22,타이어 
SPB-36078,2024-09-21 17:16:11,타이어 
SPB-46574,2024-09-21 17:19:45,기타 
SPB-67577,2024-09-21 17:19:51,타이어 
SPB-41338,2024-09-21 17:20:09,기타 
SPB-67837,2024-09-21 17:23:17,타이어 
SPB-62069,2024-09-21 17:25:37,기타 
SPB-46497,2024-09-21 17:25:59,안장
SPB-64476,2024-09-21 17:28:39,타이어 
SPB-42954,2024-09-21 17:29:11,기타 
SPB-47150,2024-09-21 17:30:06,안장
SPB-31097,2024-09-21 17:32:56,기타 
SPB-55760,2024-09-21 17:33:56,타이어 
SPB-67461,2024-09-21 17:35:33,기타 
SPB-55555,2024-09-21 17:37:33,타이어 
SPB-57248,2024-09-21 17:37:42,타이어 
SPB-84468,2024-09-21 17:45:20,타이어 
SPB-59045,2024-09-21 17:45:28,체인
SPB-40597,2024-09-21 17:47:49,타이어 
SPB-37301,2024-09-21 17:48:08,기타 
SPB-32473,2024-09-21 17:51:51,페달
SPB-69838,2024-09-21 17:52:46,타이어 
SPB-50814,2024-09-21 17:55:16,타이어 
SPB-67840,2024-09-21 17:57:31,기타 
SPB-66937,2024-09-21 17:58:12,타이어 
SPB-82211,2024-09-21 17:58:35,기타 
SPB-51832,2024-09-21 17:58:46,안장
SPB-65889,2024-09-21 17:59:18,타이어 
SPB-62852,2024-09-21 18:02:12,페달
SPB-30144,2024-09-21 18:02:24,페달
SPB-59504,2024-09-21 18:02:24,체인
SPB-63279,2024-09-21 18:05:08,타이어 
SPB-51520,2024-09-21 18:05:21,타이어 
SPB-43741,2024-09-21 18:08:10,타이어 
SPB-69041,2024-09-21 18:09:31,기타 
SPB-33111,2024-09-21 18:10:08,단말기
SPB-46150,2024-09-21 18:19:57,체인
SPB-63541,2024-09-21 18:21:45,기타 
SPB-56807,2024-09-21 18:23:01,타이어 
SPB-53630,2024-09-21 18:24:34,안장
SPB-34580,2024-09-21 18:24:58,안장
SPB-44805,2024-09-21 18:25:59,체인
SPB-50461,2024-09-21 18:26:04,타이어 
SPB-33196,2024-09-21 18:26:08,기타 
SPB-40830,2024-09-21 18:26:51,기타 
SPB-57315,2024-09-21 18:26:54,안장
SPB-42280,2024-09-21 18:29:04,타이어 
SPB-63201,2024-09-21 18:30:52,타이어 
SPB-40681,2024-09-21 18:33:24,기타 
SPB-40857,2024-09-21 18:33:42,안장
SPB-39970,2024-09-21 18:35:25,단말기
SPB-46806,2024-09-21 18:35:50,타이어 
SPB-62596,2024-09-21 18:36:21,안장
SPB-63974,2024-09-21 18:37:21,타이어 
SPB-66875,2024-09-21 18:37:53,체인
SPB-54080,2024-09-21 18:41:11,안장
SPB-34504,2024-09-21 18:41:12,체인
SPB-48824,2024-09-21 18:42:15,타이어 
SPB-33547,2024-09-21 18:42:46,단말기
SPB-63866,2024-09-21 18:47:20,타이어 
SPB-53747,2024-09-21 18:51:19,페달
SPB-69824,2024-09-21 18:52:24,체인
SPB-36934,2024-09-21 18:52:31,기타 
SPB-45180,2024-09-21 18:52:42,페달
SPB-60335,2024-09-21 18:53:39,체인
SPB-63046,2024-09-21 18:55:04,타이어 
SPB-53425,2024-09-21 18:55:06,페달
SPB-37710,2024-09-21 18:57:43,기타 
SPB-40646,2024-09-21 18:59:16,체인
SPB-52264,2024-09-21 19:01:23,기타 
SPB-56367,2024-09-21 19:03:18,체인
SPB-66669,2024-09-21 19:03:42,기타 
SPB-59196,2024-09-21 19:04:54,기타 
SPB-66886,2024-09-21 19:07:14,타이어 
SPB-48180,2024-09-21 19:08:39,타이어 
SPB-66389,2024-09-21 19:10:30,타이어 
SPB-70310,2024-09-21 19:11:21,체인
SPB-48480,2024-09-21 19:11:34,타이어 
SPB-31002,2024-09-21 19:12:53,타이어 
SPB-63544,2024-09-21 19:14:36,기타 
SPB-66222,2024-09-21 19:17:33,체인
SPB-67221,2024-09-21 19:17:41,타이어 
SPB-65541,2024-09-21 19:18:30,타이어 
SPB-63237,2024-09-21 19:22:07,타이어 
SPB-64406,2024-09-21 19:24:48,타이어 
SPB-51910,2024-09-21 19:25:33,페달
SPB-44329,2024-09-21 19:27:07,타이어 
SPB-66135,2024-09-21 19:27:39,안장
SPB-40794,2024-09-21 19:29:15,단말기
SPB-55036,2024-09-21 19:29:37,체인
SPB-30157,2024-09-21 19:30:19,타이어 
SPB-41403,2024-09-21 19:31:39,기타 
SPB-42854,2024-09-21 19:31:58,타이어 
SPB-40487,2024-09-21 19:37:48,체인
SPB-48235,2024-09-21 19:41:43,안장
SPB-48974,2024-09-21 19:44:37,타이어 
SPB-41578,2024-09-21 19:47:06,체인
SPB-63126,2024-09-21 19:50:38,타이어 
SPB-57873,2024-09-21 19:53:54,기타 
SPB-54330,2024-09-21 19:55:02,페달
SPB-46548,2024-09-21 19:55:31,안장
SPB-45235,2024-09-21 20:02:38,안장
SPB-36902,2024-09-21 20:04:23,페달
SPB-67861,2024-09-21 20:05:43,기타 
SPB-59388,2024-09-21 20:05:43,단말기
SPB-43182,2024-09-21 20:08:17,타이어 
SPB-52190,2024-09-21 20:08:31,안장
SPB-62211,2024-09-21 20:09:27,페달
SPB-64114,2024-09-21 20:10:21,기타 
SPB-47234,2024-09-21 20:10:53,기타 
SPB-30237,2024-09-21 20:15:14,기타 
SPB-62774,2024-09-21 20:20:14,단말기
SPB-56406,2024-09-21 20:20:42,단말기
SPB-60631,2024-09-21 20:24:49,페달
SPB-48440,2024-09-21 20:26:10,타이어 
SPB-54623,2024-09-21 20:31:29,체인
SPB-41852,2024-09-21 20:37:24,체인
SPB-42570,2024-09-21 20:37:26,타이어 
SPB-50590,2024-09-21 20:42:28,타이어 
SPB-68508,2024-09-21 20:42:33,타이어 
SPB-56508,2024-09-21 20:42:42,타이어 
SPB-51109,2024-09-21 20:44:31,페달
SPB-52267,2024-09-21 20:56:22,기타 
SPB-69527,2024-09-21 20:56:56,체인
SPB-44676,2024-09-21 21:00:13,체인
SPB-36552,2024-09-21 21:04:26,단말기
SPB-33809,2024-09-21 21:05:04,페달
SPB-62353,2024-09-21 21:07:38,기타 
SPB-61451,2024-09-21 21:08:31,타이어 
SPB-69940,2024-09-21 21:09:41,체인
SPB-43456,2024-09-21 21:13:20,기타 
SPB-43251,2024-09-21 21:15:56,체인
SPB-43937,2024-09-21 21:20:45,체인
SPB-52354,2024-09-21 21:22:11,타이어 
SPB-30438,2024-09-21 21:23:09,안장
SPB-48694,2024-09-21 21:23:50,타이어 
SPB-57017,2024-09-21 21:25:13,기타 
SPB-55402,2024-09-21 21:25:21,기타 
SPB-47113,2024-09-21 21:26:50,타이어 
SPB-44550,2024-09-21 21:29:05,기타 
SPB-55911,2024-09-21 21:29:30,체인
SPB-53806,2024-09-21 21:39:13,단말기
SPB-69606,2024-09-21 21:43:24,체인
SPB-52789,2024-09-21 21:43:33,타이어 
SPB-60568,2024-09-21 21:43:42,안장
SPB-70041,2024-09-21 21:44:26,페달
SPB-46718,2024-09-21 21:45:44,체인
SPB-56799,2024-09-21 21:48:17,타이어 
SPB-66759,2024-09-21 21:55:00,기타 
SPB-47500,2024-09-21 22:01:23,타이어 
SPB-66751,2024-09-21 22:01:23,타이어 
SPB-60631,2024-09-21 22:03:52,체인
SPB-46905,2024-09-21 22:04:17,안장
SPB-66668,2024-09-21 22:05:58,체인
SPB-56378,2024-09-21 22:06:13,체인
SPB-64793,2024-09-21 22:06:40,타이어 
SPB-55025,2024-09-21 22:07:03,기타 
SPB-66249,2024-09-21 22:07:32,기타 
SPB-46117,2024-09-21 22:14:58,체인
SPB-63509,2024-09-21 22:17:27,타이어 
SPB-66695,2024-09-21 22:19:19,기타 
SPB-58375,2024-09-21 22:20:01,기타 
SPB-70484,2024-09-21 22:20:08,체인
SPB-60602,2024-09-21 22:20:13,기타 
SPB-43455,2024-09-21 22:21:51,페달
SPB-59477,2024-09-21 22:24:40,페달
SPB-59825,2024-09-21 22:27:39,타이어 
SPB-67340,2024-09-21 22:30:09,기타 
SPB-61332,2024-09-21 22:31:24,안장
SPB-65460,2024-09-21 22:36:51,기타 
SPB-54665,2024-09-21 22:38:52,단말기
SPB-41729,2024-09-21 22:40:22,기타 
SPB-68361,2024-09-21 22:42:58,체인
SPB-67850,2024-09-21 22:44:12,페달
SPB-39187,2024-09-21 22:45:05,체인
SPB-62176,2024-09-21 22:45:37,체인
SPB-67112,2024-09-21 22:47:05,체인
SPB-40376,2024-09-21 22:49:34,기타 
SPB-38364,2024-09-21 22:54:56,체인
SPB-63298,2024-09-21 23:08:07,단말기
SPB-41096,2024-09-21 23:11:11,타이어 
SPB-30081,2024-09-21 23:12:22,단말기
SPB-41048,2024-09-21 23:14:32,체인
SPB-69816,2024-09-21 23:15:14,타이어 
SPB-53291,2024-09-21 23:16:45,타이어 
SPB-40519,2024-09-21 23:26:21,안장
SPB-67994,2024-09-21 23:27:01,체인
SPB-68697,2024-09-21 23:32:47,기타 
SPB-69108,2024-09-21 23:36:01,체인
SPB-30675,2024-09-21 23:36:43,기타 
SPB-68258,2024-09-21 23:39:09,기타 
SPB-67999,2024-09-21 23:43:14,페달
SPB-61105,2024-09-21 23:44:38,안장
SPB-53022,2024-09-21 23:46:33,단말기
SPB-36851,2024-09-21 23:47:20,안장
SPB-63900,2024-09-21 23:48:34,체인
SPB-46788,2024-09-21 23:48:55,안장
SPB-69146,2024-09-21 23:57:34,기타 
SPB-64088,2024-09-22 00:03:57,체인
SPB-66965,2024-09-22 00:11:05,타이어 
SPB-59406,2024-09-22 00:13:27,안장
SPB-31290,2024-09-22 00:17:14,타이어 
SPB-34820,2024-09-22 00:21:24,체인
SPB-48622,2024-09-22 00:21:59,타이어 
SPB-60472,2024-09-22 00:32:34,기타 
SPB-65502,2024-09-22 00:42:17,안장
SPB-45561,2024-09-22 00:46:17,페달
SPB-65843,2024-09-22 01:02:07,기타 
SPB-45565,2024-09-22 01:02:29,체인
SPB-36019,2024-09-22 01:11:40,체인
SPB-39891,2024-09-22 01:23:12,기타 
SPB-69212,2024-09-22 01:29:51,체인
SPB-40639,2024-09-22 01:38:53,페달
SPB-58784,2024-09-22 01:59:26,타이어 
SPB-60882,2024-09-22 02:07:51,체인
SPB-42088,2024-09-22 02:13:53,타이어 
SPB-64344,2024-09-22 02:42:57,페달
SPB-52375,2024-09-22 03:00:38,체인
SPB-46493,2024-09-22 03:50:22,체인
SPB-52085,2024-09-22 04:09:02,페달
SPB-39511,2024-09-22 04:28:39,안장
SPB-68920,2024-09-22 04:39:44,체인
SPB-36432,2024-09-22 04:46:55,기타 
SPB-54004,2024-09-22 04:50:21,타이어 
SPB-42861,2024-09-22 04:59:12,체인
SPB-63182,2024-09-22 05:24:20,체인
SPB-65261,2024-09-22 05:38:40,기타 
SPB-37123,2024-09-22 05:40:11,페달
SPB-56751,2024-09-22 05:40:53,타이어 
SPB-51755,2024-09-22 06:24:15,타이어 
SPB-61421,2024-09-22 06:25:23,안장
SPB-42736,2024-09-22 06:54:31,타이어 
SPB-41507,2024-09-22 07:01:10,체인
SPB-32494,2024-09-22 07:05:07,체인
SPB-58464,2024-09-22 07:29:17,기타 
SPB-81101,2024-09-22 07:29:26,페달
SPB-32108,2024-09-22 07:37:17,안장
SPB-38040,2024-09-22 07:37:25,체인
SPB-56550,2024-09-22 07:46:04,페달
SPB-68278,2024-09-22 07:53:32,타이어 
SPB-51017,2024-09-22 07:53:37,기타 
SPB-68116,2024-09-22 07:54:22,타이어 
SPB-42715,2024-09-22 08:11:51,안장
SPB-45624,2024-09-22 08:16:43,체인
SPB-47601,2024-09-22 08:20:30,타이어 
SPB-61382,2024-09-22 08:23:35,페달
SPB-61530,2024-09-22 08:30:26,타이어 
SPB-37443,2024-09-22 08:33:28,타이어 
SPB-66693,2024-09-22 08:38:00,체인
SPB-68406,2024-09-22 08:42:32,단말기
SPB-55008,2024-09-22 08:42:51,타이어 
SPB-67559,2024-09-22 08:50:38,타이어 
SPB-64326,2024-09-22 08:53:13,타이어 
SPB-68075,2024-09-22 08:59:49,타이어 
SPB-54508,2024-09-22 09:00:03,타이어 
SPB-58258,2024-09-22 09:01:05,타이어 
SPB-60677,2024-09-22 09:06:53,안장
SPB-30315,2024-09-22 09:10:39,타이어 
SPB-47940,2024-09-22 09:11:16,기타 
SPB-38015,2024-09-22 09:11:38,타이어 
SPB-57760,2024-09-22 09:12:24,타이어 
SPB-47415,2024-09-22 09:13:59,안장
SPB-44326,2024-09-22 09:18:46,페달
SPB-44683,2024-09-22 09:29:23,페달
SPB-58568,2024-09-22 09:31:54,페달
SPB-66364,2024-09-22 09:37:21,타이어 
SPB-32099,2024-09-22 09:38:35,기타 
SPB-57294,2024-09-22 09:46:49,페달
SPB-47600,2024-09-22 09:49:04,단말기
SPB-45401,2024-09-22 09:52:22,체인
SPB-35772,2024-09-22 09:52:56,타이어 
SPB-61805,2024-09-22 09:55:13,체인
SPB-41882,2024-09-22 10:02:17,기타 
SPB-41689,2024-09-22 10:02:21,기타 
SPB-47382,2024-09-22 10:04:16,체인
SPB-83196,2024-09-22 10:06:14,타이어 
SPB-47451,2024-09-22 10:07:15,체인
SPB-54969,2024-09-22 10:08:26,체인
SPB-50230,2024-09-22 10:10:38,타이어 
SPB-54314,2024-09-22 10:11:31,타이어 
SPB-67335,2024-09-22 10:18:17,체인
SPB-48998,2024-09-22 10:22:52,페달
SPB-66896,2024-09-22 10:25:41,체인
SPB-31554,2024-09-22 10:28:47,기타 
SPB-45566,2024-09-22 10:32:36,체인
SPB-47876,2024-09-22 10:33:21,타이어 
SPB-38356,2024-09-22 10:34:54,기타 
SPB-48391,2024-09-22 10:34:59,페달
SPB-60581,2024-09-22 10:39:22,타이어 
SPB-58382,2024-09-22 10:42:01,체인
SPB-67159,2024-09-22 10:42:15,타이어 
SPB-42613,2024-09-22 10:46:26,체인
SPB-45138,2024-09-22 10:49:39,타이어 
SPB-30797,2024-09-22 10:52:19,단말기
SPB-45491,2024-09-22 10:54:00,안장
SPB-69237,2024-09-22 10:56:27,타이어 
SPB-49065,2024-09-22 10:59:15,타이어 
SPB-57183,2024-09-22 11:06:56,체인
SPB-34069,2024-09-22 11:08:29,안장
SPB-43885,2024-09-22 11:08:42,기타 
SPB-62153,2024-09-22 11:10:24,체인
SPB-36214,2024-09-22 11:11:46,체인
SPB-55929,2024-09-22 11:13:19,타이어 
SPB-67489,2024-09-22 11:18:15,타이어 
SPB-47451,2024-09-22 11:21:07,체인
SPB-65529,2024-09-22 11:21:37,타이어 
SPB-66888,2024-09-22 11:28:11,체인
SPB-67922,2024-09-22 11:34:50,타이어 
SPB-66918,2024-09-22 11:35:32,타이어 
SPB-63644,2024-09-22 11:35:57,체인
SPB-67480,2024-09-22 11:37:47,타이어 
SPB-44637,2024-09-22 11:38:44,체인
SPB-55737,2024-09-22 11:40:32,페달
SPB-44558,2024-09-22 11:41:25,기타 
SPB-54787,2024-09-22 11:43:56,기타 
SPB-67892,2024-09-22 11:46:36,체인
SPB-48080,2024-09-22 11:55:06,타이어 
SPB-65260,2024-09-22 11:55:13,안장
SPB-68766,2024-09-22 11:55:22,기타 
SPB-32561,2024-09-22 11:56:33,기타 
SPB-46501,2024-09-22 11:59:55,페달
SPB-46565,2024-09-22 12:01:48,기타 
SPB-40839,2024-09-22 12:05:24,체인
SPB-32399,2024-09-22 12:13:29,페달
SPB-65209,2024-09-22 12:13:53,기타 
SPB-41852,2024-09-22 12:15:27,타이어 
SPB-68508,2024-09-22 12:15:49,체인
SPB-56508,2024-09-22 12:15:58,체인
SPB-31337,2024-09-22 12:16:53,타이어 
SPB-46610,2024-09-22 12:19:24,체인
SPB-43945,2024-09-22 12:20:16,타이어 
SPB-37427,2024-09-22 12:22:07,페달
SPB-30434,2024-09-22 12:22:56,타이어 
SPB-81221,2024-09-22 12:26:57,기타 
SPB-54659,2024-09-22 12:27:32,페달
SPB-33271,2024-09-22 12:34:19,타이어 
SPB-64089,2024-09-22 12:37:00,단말기
SPB-52862,2024-09-22 12:39:37,타이어 
SPB-44440,2024-09-22 12:39:53,기타 
SPB-62428,2024-09-22 12:44:54,타이어 
SPB-57296,2024-09-22 12:48:31,체인
SPB-45455,2024-09-22 12:50:23,체인
SPB-81800,2024-09-22 12:51:33,타이어 
SPB-66124,2024-09-22 12:53:17,기타 
SPB-50129,2024-09-22 12:56:47,단말기
SPB-47611,2024-09-22 12:58:58,타이어 
SPB-48175,2024-09-22 13:03:30,타이어 
SPB-61654,2024-09-22 13:06:23,체인
SPB-43361,2024-09-22 13:11:20,체인
SPB-69925,2024-09-22 13:13:19,체인
SPB-37616,2024-09-22 13:16:05,타이어 
SPB-67604,2024-09-22 13:16:14,기타 
SPB-50910,2024-09-22 13:17:06,타이어 
SPB-33149,2024-09-22 13:17:39,타이어 
SPB-64347,2024-09-22 13:17:42,타이어 
SPB-37491,2024-09-22 13:18:17,기타 
SPB-43027,2024-09-22 13:18:28,체인
SPB-53948,2024-09-22 13:23:05,체인
SPB-66155,2024-09-22 13:24:41,타이어 
SPB-48457,2024-09-22 13:24:43,체인
SPB-33368,2024-09-22 13:27:35,타이어 
SPB-61105,2024-09-22 13:28:37,안장
SPB-64059,2024-09-22 13:39:01,체인
SPB-45297,2024-09-22 13:42:19,기타 
SPB-41370,2024-09-22 13:43:59,페달
SPB-54015,2024-09-22 13:49:10,기타 
SPB-42237,2024-09-22 13:50:11,타이어 
SPB-37672,2024-09-22 13:50:51,타이어 
SPB-49320,2024-09-22 13:52:11,타이어 
SPB-56073,2024-09-22 13:52:42,기타 
SPB-65154,2024-09-22 13:53:03,기타 
SPB-67463,2024-09-22 13:54:14,타이어 
SPB-38159,2024-09-22 13:55:28,타이어 
SPB-56207,2024-09-22 13:55:34,단말기
SPB-70325,2024-09-22 13:56:53,기타 
SPB-45287,2024-09-22 13:59:23,안장
SPB-56672,2024-09-22 14:00:27,타이어 
SPB-43432,2024-09-22 14:01:02,체인
SPB-55245,2024-09-22 14:07:14,체인
SPB-52367,2024-09-22 14:08:06,타이어 
SPB-55066,2024-09-22 14:08:11,타이어 
SPB-35729,2024-09-22 14:09:57,타이어 
SPB-51345,2024-09-22 14:12:19,페달
SPB-50964,2024-09-22 14:13:07,타이어 
SPB-34412,2024-09-22 14:13:39,타이어 
SPB-41785,2024-09-22 14:14:26,페달
SPB-39047,2024-09-22 14:16:54,기타 
SPB-68987,2024-09-22 14:21:38,기타 
SPB-39755,2024-09-22 14:23:39,타이어 
SPB-64233,2024-09-22 14:23:59,타이어 
SPB-46410,2024-09-22 14:25:09,기타 
SPB-52548,2024-09-22 14:29:09,체인
SPB-32849,2024-09-22 14:31:53,타이어 
SPB-62877,2024-09-22 14:32:44,페달
SPB-52424,2024-09-22 14:38:28,타이어 
SPB-63316,2024-09-22 14:39:41,기타 
SPB-39651,2024-09-22 14:42:48,체인
SPB-62788,2024-09-22 14:44:08,단말기
SPB-30408,2024-09-22 14:44:38,체인
SPB-46156,2024-09-22 14:44:42,타이어 
SPB-43074,2024-09-22 14:45:20,체인
SPB-62010,2024-09-22 14:45:38,안장
SPB-60060,2024-09-22 14:48:25,기타 
SPB-40312,2024-09-22 14:49:53,안장
SPB-48074,2024-09-22 14:52:49,타이어 
SPB-41620,2024-09-22 14:54:16,타이어 
SPB-31506,2024-09-22 14:55:56,타이어 
SPB-52930,2024-09-22 14:57:53,체인
SPB-54117,2024-09-22 14:59:11,타이어 
SPB-69275,2024-09-22 15:02:52,체인
SPB-32098,2024-09-22 15:03:08,페달
SPB-51550,2024-09-22 15:05:44,타이어 
SPB-50839,2024-09-22 15:05:50,페달
SPB-48286,2024-09-22 15:06:44,체인
SPB-69923,2024-09-22 15:07:22,체인
SPB-61469,2024-09-22 15:08:28,기타 
SPB-44637,2024-09-22 15:09:24,페달
SPB-43016,2024-09-22 15:14:52,체인
SPB-50004,2024-09-22 15:15:22,기타 
SPB-70063,2024-09-22 15:20:35,체인
SPB-44901,2024-09-22 15:21:59,기타 
SPB-36419,2024-09-22 15:25:28,기타 
SPB-41852,2024-09-22 15:26:25,체인
SPB-68508,2024-09-22 15:26:33,체인
SPB-81135,2024-09-22 15:28:16,타이어 
SPB-60858,2024-09-22 15:30:31,안장
SPB-62088,2024-09-22 15:32:27,안장
SPB-70228,2024-09-22 15:32:31,체인
SPB-83244,2024-09-22 15:33:55,단말기
SPB-57315,2024-09-22 15:34:11,안장
SPB-44261,2024-09-22 15:37:02,체인
SPB-64663,2024-09-22 15:38:14,체인
SPB-44534,2024-09-22 15:40:04,체인
SPB-83720,2024-09-22 15:40:50,체인
SPB-61989,2024-09-22 15:41:27,안장
SPB-66014,2024-09-22 15:42:28,기타 
SPB-54121,2024-09-22 15:46:05,타이어 
SPB-31489,2024-09-22 15:50:07,페달
SPB-43834,2024-09-22 15:50:44,안장
SPB-32666,2024-09-22 15:54:13,체인
SPB-51691,2024-09-22 15:57:31,체인
SPB-56271,2024-09-22 15:57:49,페달
SPB-46314,2024-09-22 15:59:07,안장
SPB-59368,2024-09-22 16:03:27,페달
SPB-33702,2024-09-22 16:03:52,기타 
SPB-36790,2024-09-22 16:07:14,타이어 
SPB-64538,2024-09-22 16:08:35,페달
SPB-46175,2024-09-22 16:08:59,페달
SPB-49347,2024-09-22 16:10:45,체인
SPB-37921,2024-09-22 16:12:24,체인
SPB-64452,2024-09-22 16:13:24,타이어 
SPB-31211,2024-09-22 16:16:17,체인
SPB-46577,2024-09-22 16:17:52,안장
SPB-80633,2024-09-22 16:19:03,체인
SPB-61888,2024-09-22 16:19:36,단말기
SPB-67710,2024-09-22 16:20:33,단말기
SPB-48787,2024-09-22 16:21:22,기타 
SPB-69385,2024-09-22 16:21:26,체인
SPB-52804,2024-09-22 16:23:07,페달
SPB-50590,2024-09-22 16:24:23,타이어 
SPB-67028,2024-09-22 16:24:59,단말기
SPB-62965,2024-09-22 16:27:28,기타 
SPB-40077,2024-09-22 16:28:11,기타 
SPB-48093,2024-09-22 16:30:44,체인
SPB-53955,2024-09-22 16:32:14,타이어 
SPB-69315,2024-09-22 16:34:15,안장
SPB-37822,2024-09-22 16:35:03,안장
SPB-33780,2024-09-22 16:37:13,체인
SPB-62836,2024-09-22 16:38:56,타이어 
SPB-45035,2024-09-22 16:38:59,단말기
SPB-48262,2024-09-22 16:39:04,타이어 
SPB-34481,2024-09-22 16:39:04,기타 
SPB-35273,2024-09-22 16:40:08,기타 
SPB-65465,2024-09-22 16:40:22,단말기
SPB-60912,2024-09-22 16:41:40,타이어 
SPB-40817,2024-09-22 16:41:42,안장
SPB-63719,2024-09-22 16:42:08,타이어 
SPB-63596,2024-09-22 16:42:22,타이어 
SPB-50129,2024-09-22 16:42:37,기타 
SPB-68023,2024-09-22 16:42:47,타이어 
SPB-63113,2024-09-22 16:42:52,타이어 
SPB-33273,2024-09-22 16:44:37,타이어 
SPB-66206,2024-09-22 16:45:20,체인
SPB-48535,2024-09-22 16:46:31,체인
SPB-54357,2024-09-22 16:46:41,기타 
SPB-56685,2024-09-22 16:47:29,안장
SPB-50960,2024-09-22 16:48:09,타이어 
SPB-64229,2024-09-22 16:52:29,타이어 
SPB-34912,2024-09-22 16:52:36,타이어 
SPB-69767,2024-09-22 16:53:15,체인
SPB-38779,2024-09-22 16:54:22,체인
SPB-56689,2024-09-22 16:54:25,안장
SPB-38603,2024-09-22 16:55:55,체인
SPB-59961,2024-09-22 16:56:19,타이어 
SPB-54917,2024-09-22 16:56:21,단말기
SPB-46514,2024-09-22 16:57:23,안장
SPB-40993,2024-09-22 16:58:00,기타 
SPB-61996,2024-09-22 16:58:38,체인
SPB-43753,2024-09-22 16:59:01,타이어 
SPB-65127,2024-09-22 17:00:20,체인
SPB-48829,2024-09-22 17:05:25,타이어 
SPB-31941,2024-09-22 17:08:44,체인
SPB-42909,2024-09-22 17:10:16,기타 
SPB-33199,2024-09-22 17:11:30,안장
SPB-34218,2024-09-22 17:12:09,안장
SPB-30168,2024-09-22 17:13:04,페달
SPB-62964,2024-09-22 17:13:29,페달
SPB-53061,2024-09-22 17:14:22,기타 
SPB-41019,2024-09-22 17:15:26,단말기
SPB-41147,2024-09-22 17:15:49,체인
SPB-42876,2024-09-22 17:16:04,타이어 
SPB-66090,2024-09-22 17:16:59,체인
SPB-55041,2024-09-22 17:18:02,타이어 
SPB-32083,2024-09-22 17:18:18,페달
SPB-66575,2024-09-22 17:19:14,체인
SPB-40442,2024-09-22 17:23:13,타이어 
SPB-61421,2024-09-22 17:23:30,안장
SPB-56928,2024-09-22 17:24:36,페달
SPB-53005,2024-09-22 17:25:15,단말기
SPB-39443,2024-09-22 17:25:29,타이어 
SPB-37457,2024-09-22 17:26:03,타이어 
SPB-35129,2024-09-22 17:26:40,기타 
SPB-67912,2024-09-22 17:27:10,타이어 
SPB-34993,2024-09-22 17:28:03,타이어 
SPB-44717,2024-09-22 17:28:14,안장
SPB-67474,2024-09-22 17:28:43,타이어 
SPB-37897,2024-09-22 17:34:26,체인
SPB-59012,2024-09-22 17:35:56,체인
SPB-30144,2024-09-22 17:36:51,체인
SPB-49176,2024-09-22 17:37:37,체인
SPB-63059,2024-09-22 17:37:40,페달
SPB-59983,2024-09-22 17:37:44,기타 
SPB-46430,2024-09-22 17:38:13,타이어 
SPB-65943,2024-09-22 17:42:14,타이어 
SPB-53636,2024-09-22 17:43:29,체인
SPB-38987,2024-09-22 17:43:37,체인
SPB-57609,2024-09-22 17:43:41,페달
SPB-49366,2024-09-22 17:45:19,타이어 
SPB-35411,2024-09-22 17:45:28,체인
SPB-81784,2024-09-22 17:47:13,타이어 
SPB-52300,2024-09-22 17:48:16,타이어 
SPB-68072,2024-09-22 17:48:17,기타 
SPB-53153,2024-09-22 17:48:57,페달
SPB-57537,2024-09-22 17:49:30,기타 
SPB-44637,2024-09-22 17:50:00,체인
SPB-83671,2024-09-22 17:51:46,기타 
SPB-53752,2024-09-22 17:56:32,페달
SPB-62331,2024-09-22 17:56:47,안장
SPB-45909,2024-09-22 17:59:08,기타 
SPB-69193,2024-09-22 17:59:52,기타 
SPB-81387,2024-09-22 18:01:09,체인
SPB-48525,2024-09-22 18:01:11,안장
SPB-59029,2024-09-22 18:02:07,기타 
SPB-45823,2024-09-22 18:02:23,기타 
SPB-35398,2024-09-22 18:03:20,타이어 
SPB-41734,2024-09-22 18:03:54,타이어 
SPB-33260,2024-09-22 18:04:07,기타 
SPB-31503,2024-09-22 18:04:08,기타 
SPB-32858,2024-09-22 18:04:46,타이어 
SPB-62593,2024-09-22 18:05:42,타이어 
SPB-58964,2024-09-22 18:06:38,체인
SPB-41311,2024-09-22 18:07:06,체인
SPB-41910,2024-09-22 18:07:42,체인
SPB-53545,2024-09-22 18:08:29,체인
SPB-45466,2024-09-22 18:11:02,체인
SPB-30540,2024-09-22 18:12:43,체인
SPB-67071,2024-09-22 18:13:52,기타 
SPB-60520,2024-09-22 18:14:05,체인
SPB-42969,2024-09-22 18:14:05,체인
SPB-66617,2024-09-22 18:15:37,타이어 
SPB-64214,2024-09-22 18:18:35,기타 
SPB-49426,2024-09-22 18:18:38,단말기
SPB-52425,2024-09-22 18:18:45,타이어 
SPB-60811,2024-09-22 18:19:13,단말기
SPB-69676,2024-09-22 18:19:28,체인
SPB-54714,2024-09-22 18:19:29,안장
SPB-38173,2024-09-22 18:20:04,타이어 
SPB-51516,2024-09-22 18:21:39,기타 
SPB-56965,2024-09-22 18:22:30,타이어 
SPB-50291,2024-09-22 18:22:33,페달
SPB-67773,2024-09-22 18:23:00,타이어 
SPB-31023,2024-09-22 18:26:34,페달
SPB-66368,2024-09-22 18:27:21,타이어 
SPB-64061,2024-09-22 18:27:21,타이어 
SPB-46961,2024-09-22 18:29:08,기타 
SPB-51696,2024-09-22 18:30:23,안장
SPB-34420,2024-09-22 18:30:42,타이어 
SPB-46334,2024-09-22 18:32:33,페달
SPB-51264,2024-09-22 18:33:18,체인
SPB-47811,2024-09-22 18:33:44,타이어 
SPB-56811,2024-09-22 18:35:06,단말기
SPB-68604,2024-09-22 18:35:20,기타 
SPB-67965,2024-09-22 18:36:43,타이어 
SPB-49220,2024-09-22 18:38:35,기타 
SPB-47183,2024-09-22 18:39:37,안장
SPB-50981,2024-09-22 18:39:42,페달
SPB-36006,2024-09-22 18:43:51,타이어 
SPB-84079,2024-09-22 18:44:51,타이어 
SPB-48190,2024-09-22 18:49:46,페달
SPB-62964,2024-09-22 18:51:04,페달
SPB-33919,2024-09-22 18:52:51,타이어 
SPB-48298,2024-09-22 18:53:38,단말기
SPB-41435,2024-09-22 18:54:12,기타 
SPB-63201,2024-09-22 18:55:34,기타 
SPB-44323,2024-09-22 18:57:49,기타 
SPB-40966,2024-09-22 18:57:52,타이어 
SPB-41828,2024-09-22 18:58:54,기타 
SPB-69505,2024-09-22 19:00:02,체인
SPB-43356,2024-09-22 19:00:47,안장
SPB-32608,2024-09-22 19:00:51,페달
SPB-35061,2024-09-22 19:01:29,체인
SPB-37055,2024-09-22 19:02:30,체인
SPB-62599,2024-09-22 19:03:16,체인
SPB-61094,2024-09-22 19:05:12,단말기
SPB-69226,2024-09-22 19:05:53,단말기
SPB-59441,2024-09-22 19:08:04,기타 
SPB-56209,2024-09-22 19:15:26,타이어 
SPB-63894,2024-09-22 19:15:57,타이어 
SPB-37413,2024-09-22 19:17:16,타이어 
SPB-63381,2024-09-22 19:23:33,기타 
SPB-64509,2024-09-22 19:24:21,타이어 
SPB-30657,2024-09-22 19:27:12,타이어 
SPB-37683,2024-09-22 19:28:16,체인
SPB-84765,2024-09-22 19:28:34,기타 
SPB-53079,2024-09-22 19:30:35,기타 
SPB-39142,2024-09-22 19:35:21,기타 
SPB-82260,2024-09-22 19:36:24,타이어 
SPB-62784,2024-09-22 19:36:56,기타 
SPB-52913,2024-09-22 19:37:14,페달
SPB-50907,2024-09-22 19:37:25,타이어 
SPB-66560,2024-09-22 19:37:37,기타 
SPB-56658,2024-09-22 19:38:24,안장
SPB-48075,2024-09-22 19:39:31,기타 
SPB-52784,2024-09-22 19:39:48,기타 
SPB-56848,2024-09-22 19:41:08,기타 
SPB-59298,2024-09-22 19:46:42,페달
SPB-60118,2024-09-22 19:46:44,타이어 
SPB-69061,2024-09-22 19:47:21,기타 
SPB-31424,2024-09-22 19:50:25,기타 
SPB-44965,2024-09-22 19:50:41,타이어 
SPB-60387,2024-09-22 19:51:21,타이어 
SPB-64777,2024-09-22 19:51:35,체인
SPB-42451,2024-09-22 19:51:54,기타 
SPB-67003,2024-09-22 19:53:11,타이어 
SPB-59258,2024-09-22 19:54:56,안장
SPB-53055,2024-09-22 19:54:58,타이어 
SPB-45083,2024-09-22 19:55:08,안장
SPB-49315,2024-09-22 19:55:16,타이어 
SPB-54812,2024-09-22 19:55:33,기타 
SPB-54291,2024-09-22 19:55:38,체인
SPB-40122,2024-09-22 20:00:48,타이어 
SPB-62572,2024-09-22 20:02:01,기타 
SPB-32176,2024-09-22 20:02:11,타이어 
SPB-50212,2024-09-22 20:02:23,페달
SPB-61926,2024-09-22 20:07:29,체인
SPB-58422,2024-09-22 20:10:17,안장
SPB-83208,2024-09-22 20:10:40,기타 
SPB-54631,2024-09-22 20:12:43,기타 
SPB-68388,2024-09-22 20:13:03,체인
SPB-67221,2024-09-22 20:16:25,기타 
SPB-30465,2024-09-22 20:16:26,타이어 
SPB-59237,2024-09-22 20:16:49,타이어 
SPB-70000,2024-09-22 20:17:39,타이어 
SPB-54356,2024-09-22 20:21:30,타이어 
SPB-45725,2024-09-22 20:24:20,체인
SPB-43706,2024-09-22 20:25:52,체인
SPB-34577,2024-09-22 20:25:59,단말기
SPB-42196,2024-09-22 20:27:41,체인
SPB-53126,2024-09-22 20:28:30,체인
SPB-31996,2024-09-22 20:29:37,체인
SPB-65242,2024-09-22 20:30:11,안장
SPB-50745,2024-09-22 20:34:29,타이어 
SPB-48844,2024-09-22 20:36:41,타이어 
SPB-53568,2024-09-22 20:36:44,타이어 
SPB-52085,2024-09-22 20:38:54,페달
SPB-66478,2024-09-22 20:39:08,기타 
SPB-53499,2024-09-22 20:39:21,타이어 
SPB-40941,2024-09-22 20:39:30,안장
SPB-53210,2024-09-22 20:40:21,페달
SPB-34381,2024-09-22 20:41:48,단말기
SPB-47022,2024-09-22 20:42:19,체인
SPB-60003,2024-09-22 20:45:47,페달
SPB-52008,2024-09-22 20:46:29,체인
SPB-44283,2024-09-22 20:47:55,페달
SPB-62846,2024-09-22 20:49:02,체인
SPB-44776,2024-09-22 20:53:34,안장
SPB-60370,2024-09-22 20:57:05,체인
SPB-40334,2024-09-22 20:57:35,단말기
SPB-61488,2024-09-22 21:01:51,타이어 
SPB-63509,2024-09-22 21:02:48,타이어 
SPB-40487,2024-09-22 21:05:13,체인
SPB-32481,2024-09-22 21:12:54,타이어 
SPB-67278,2024-09-22 21:15:26,기타 
SPB-57531,2024-09-22 21:15:42,타이어 
SPB-36458,2024-09-22 21:15:46,체인
SPB-38611,2024-09-22 21:18:56,체인
SPB-56138,2024-09-22 21:21:44,체인
SPB-49248,2024-09-22 21:22:37,타이어 
SPB-42535,2024-09-22 21:24:04,체인
SPB-82123,2024-09-22 21:24:20,기타 
SPB-50665,2024-09-22 21:26:28,기타 
SPB-68644,2024-09-22 21:28:39,기타 
SPB-33213,2024-09-22 21:30:25,단말기
SPB-69333,2024-09-22 21:33:17,기타 
SPB-69432,2024-09-22 21:35:49,체인
SPB-41415,2024-09-22 21:36:30,기타 
SPB-34586,2024-09-22 21:37:26,체인
SPB-48459,2024-09-22 21:37:56,타이어 
SPB-35415,2024-09-22 21:45:03,체인
SPB-51919,2024-09-22 21:47:25,페달
SPB-63837,2024-09-22 21:47:28,타이어 
SPB-35019,2024-09-22 21:50:05,타이어 
SPB-63356,2024-09-22 21:53:13,기타 
SPB-41294,2024-09-22 21:54:25,체인
SPB-48956,2024-09-22 21:55:36,타이어 
SPB-42658,2024-09-22 22:00:55,타이어 
SPB-36483,2024-09-22 22:01:19,타이어 
SPB-32127,2024-09-22 22:05:53,기타 
SPB-52281,2024-09-22 22:07:42,타이어 
SPB-45165,2024-09-22 22:08:02,타이어 
SPB-46041,2024-09-22 22:08:54,기타 
SPB-38526,2024-09-22 22:11:34,타이어 
SPB-60274,2024-09-22 22:13:10,단말기
SPB-54519,2024-09-22 22:17:40,단말기
SPB-63104,2024-09-22 22:21:07,기타 
SPB-42292,2024-09-22 22:23:49,기타 
SPB-40990,2024-09-22 22:25:24,체인
SPB-41280,2024-09-22 22:25:33,기타 
SPB-81850,2024-09-22 22:28:47,단말기
SPB-54255,2024-09-22 22:30:31,안장
SPB-66973,2024-09-22 22:35:17,타이어 
SPB-56688,2024-09-22 22:37:45,체인
SPB-32290,2024-09-22 22:42:24,체인
SPB-30303,2024-09-22 22:48:11,타이어 
SPB-60094,2024-09-22 22:48:35,페달
SPB-50129,2024-09-22 22:54:15,기타 
SPB-42700,2024-09-22 22:56:50,페달
SPB-51877,2024-09-22 22:59:32,페달
SPB-39294,2024-09-22 23:01:33,체인
SPB-41852,2024-09-22 23:06:22,타이어 
SPB-65489,2024-09-22 23:07:50,체인
SPB-45254,2024-09-22 23:08:28,체인
SPB-34110,2024-09-22 23:10:38,타이어 
SPB-45832,2024-09-22 23:13:30,체인
SPB-58485,2024-09-22 23:13:42,타이어 
SPB-52916,2024-09-22 23:14:07,안장
SPB-62788,2024-09-22 23:16:11,기타 
SPB-51920,2024-09-22 23:19:50,타이어 
SPB-56003,2024-09-22 23:24:06,기타 
SPB-39617,2024-09-22 23:31:51,체인
SPB-63369,2024-09-22 23:32:29,타이어 
SPB-65126,2024-09-22 23:39:25,타이어 
SPB-69908,2024-09-22 23:43:11,체인
SPB-56852,2024-09-22 23:50:13,체인
SPB-43535,2024-09-22 23:53:55,안장
SPB-46181,2024-09-23 00:01:12,체인
SPB-34048,2024-09-23 00:11:52,안장
SPB-34775,2024-09-23 00:15:02,체인
SPB-58357,2024-09-23 00:16:41,체인
SPB-36743,2024-09-23 00:18:39,체인
SPB-30761,2024-09-23 00:26:40,체인
SPB-55593,2024-09-23 00:30:00,타이어 
SPB-51648,2024-09-23 00:32:00,페달
SPB-37860,2024-09-23 00:37:45,체인
SPB-69313,2024-09-23 00:53:57,체인
SPB-64534,2024-09-23 01:23:07,타이어 
SPB-38524,2024-09-23 01:39:52,체인
SPB-52583,2024-09-23 01:42:03,페달
SPB-38515,2024-09-23 01:45:58,페달
SPB-42534,2024-09-23 01:55:06,타이어 
SPB-63821,2024-09-23 02:03:19,페달
SPB-43314,2024-09-23 02:57:55,체인
SPB-52567,2024-09-23 03:10:11,체인
SPB-46815,2024-09-23 03:32:38,단말기
SPB-52195,2024-09-23 03:42:20,페달
SPB-38914,2024-09-23 03:58:03,기타 
SPB-61567,2024-09-23 04:11:07,기타 
SPB-37785,2024-09-23 04:34:03,체인
SPB-53515,2024-09-23 05:04:34,타이어 
SPB-41729,2024-09-23 05:18:28,체인
SPB-32577,2024-09-23 05:22:12,체인
SPB-31352,2024-09-23 05:28:49,안장
SPB-45033,2024-09-23 05:34:15,안장
SPB-50992,2024-09-23 05:45:30,기타 
SPB-64286,2024-09-23 05:51:03,체인
SPB-46771,2024-09-23 06:06:02,타이어 
SPB-50985,2024-09-23 06:18:38,기타 
SPB-70477,2024-09-23 06:21:59,타이어 
SPB-45113,2024-09-23 06:24:02,체인
SPB-35619,2024-09-23 06:24:50,타이어 
SPB-63585,2024-09-23 06:26:51,기타 
SPB-59304,2024-09-23 06:28:49,타이어 
SPB-51946,2024-09-23 06:29:27,기타 
SPB-66010,2024-09-23 06:35:47,타이어 
SPB-66748,2024-09-23 06:43:32,기타 
SPB-31009,2024-09-23 06:44:37,체인
SPB-63611,2024-09-23 06:45:16,타이어 
SPB-41529,2024-09-23 06:52:56,안장
SPB-47869,2024-09-23 06:55:26,기타 
SPB-61179,2024-09-23 07:01:50,페달
SPB-45189,2024-09-23 07:07:53,체인
SPB-42600,2024-09-23 07:09:22,기타 
SPB-40417,2024-09-23 07:09:38,체인
SPB-56048,2024-09-23 07:10:01,타이어 
SPB-39621,2024-09-23 07:10:36,기타 
SPB-42745,2024-09-23 07:13:55,체인
SPB-48916,2024-09-23 07:14:54,기타 
SPB-47262,2024-09-23 07:15:03,기타 
SPB-65695,2024-09-23 07:15:06,타이어 
SPB-57159,2024-09-23 07:16:50,페달
SPB-57931,2024-09-23 07:16:59,타이어 
SPB-46194,2024-09-23 07:18:13,단말기
SPB-66055,2024-09-23 07:18:20,페달
SPB-39094,2024-09-23 07:21:38,타이어 
SPB-54374,2024-09-23 07:22:09,페달
SPB-59631,2024-09-23 07:22:24,체인
SPB-33817,2024-09-23 07:23:19,단말기
SPB-59479,2024-09-23 07:25:32,타이어 
SPB-70041,2024-09-23 07:29:19,페달
SPB-43764,2024-09-23 07:30:38,타이어 
SPB-48721,2024-09-23 07:34:45,기타 
SPB-57277,2024-09-23 07:35:15,체인
SPB-68972,2024-09-23 07:37:18,타이어 
SPB-41551,2024-09-23 07:40:14,타이어 
SPB-53021,2024-09-23 07:40:33,타이어 
SPB-31104,2024-09-23 07:41:07,타이어 
SPB-45162,2024-09-23 07:41:20,타이어 
SPB-70118,2024-09-23 07:42:53,체인
SPB-56229,2024-09-23 07:43:18,페달
SPB-63309,2024-09-23 07:43:22,타이어 
SPB-68649,2024-09-23 07:44:43,타이어 
SPB-43361,2024-09-23 07:44:50,체인
SPB-59191,2024-09-23 07:46:12,타이어 
SPB-55461,2024-09-23 07:46:27,체인
SPB-61344,2024-09-23 07:47:20,타이어 
SPB-58134,2024-09-23 07:48:37,체인
SPB-46720,2024-09-23 07:49:16,체인
SPB-52469,2024-09-23 07:50:26,체인
SPB-41910,2024-09-23 07:50:29,체인
SPB-47751,2024-09-23 07:51:41,기타 
SPB-41561,2024-09-23 07:51:54,기타 
SPB-42729,2024-09-23 07:52:02,단말기
SPB-32669,2024-09-23 07:52:53,타이어 
SPB-34057,2024-09-23 07:53:04,타이어 
SPB-52795,2024-09-23 07:54:21,페달
SPB-68981,2024-09-23 07:55:50,기타 
SPB-42006,2024-09-23 07:56:30,타이어 
SPB-69094,2024-09-23 07:56:41,타이어 
SPB-30262,2024-09-23 07:58:30,타이어 
SPB-60979,2024-09-23 07:58:39,체인
SPB-60359,2024-09-23 07:59:06,단말기
SPB-60755,2024-09-23 07:59:36,체인
SPB-49026,2024-09-23 08:01:02,체인
SPB-34330,2024-09-23 08:01:04,타이어 
SPB-54011,2024-09-23 08:01:12,기타 
SPB-60868,2024-09-23 08:02:08,체인
SPB-55405,2024-09-23 08:02:41,기타 
SPB-48894,2024-09-23 08:02:44,기타 
SPB-31488,2024-09-23 08:05:27,타이어 
SPB-63038,2024-09-23 08:06:06,체인
SPB-68022,2024-09-23 08:06:16,페달
SPB-41303,2024-09-23 08:06:28,타이어 
SPB-44357,2024-09-23 08:07:35,체인
SPB-53590,2024-09-23 08:08:06,타이어 
SPB-31732,2024-09-23 08:08:22,기타 
SPB-56898,2024-09-23 08:09:23,체인
SPB-44991,2024-09-23 08:09:27,체인
SPB-67268,2024-09-23 08:09:33,타이어 
SPB-62968,2024-09-23 08:09:33,체인
SPB-60195,2024-09-23 08:09:35,타이어 
SPB-53477,2024-09-23 08:10:08,체인
SPB-59130,2024-09-23 08:11:06,체인
SPB-58974,2024-09-23 08:13:26,기타 
SPB-56032,2024-09-23 08:13:34,안장
SPB-30908,2024-09-23 08:14:32,단말기
SPB-68102,2024-09-23 08:14:35,체인
SPB-64676,2024-09-23 08:15:13,기타 
SPB-31348,2024-09-23 08:15:49,타이어 
SPB-69152,2024-09-23 08:16:17,기타 
SPB-63158,2024-09-23 08:16:31,기타 
SPB-56376,2024-09-23 08:16:34,체인
SPB-32184,2024-09-23 08:16:40,타이어 
SPB-50083,2024-09-23 08:19:25,타이어 
SPB-35627,2024-09-23 08:19:42,기타 
SPB-55450,2024-09-23 08:19:48,타이어 
SPB-59645,2024-09-23 08:20:04,체인
SPB-81968,2024-09-23 08:21:33,기타 
SPB-42147,2024-09-23 08:22:04,기타 
SPB-36679,2024-09-23 08:22:14,안장
SPB-59867,2024-09-23 08:22:21,타이어 
SPB-39465,2024-09-23 08:22:36,체인
SPB-69347,2024-09-23 08:23:06,체인
SPB-37099,2024-09-23 08:23:29,페달
SPB-32932,2024-09-23 08:23:56,타이어 
SPB-45624,2024-09-23 08:24:01,체인
SPB-60524,2024-09-23 08:24:09,기타 
SPB-57738,2024-09-23 08:24:20,기타 
SPB-58763,2024-09-23 08:24:44,안장
SPB-58629,2024-09-23 08:25:04,기타 
SPB-83264,2024-09-23 08:25:25,기타 
SPB-52091,2024-09-23 08:26:01,타이어 
SPB-65889,2024-09-23 08:26:27,타이어 
SPB-66741,2024-09-23 08:26:33,체인
SPB-59312,2024-09-23 08:26:51,페달
SPB-51597,2024-09-23 08:27:56,기타 
SPB-67534,2024-09-23 08:30:22,타이어 
SPB-56558,2024-09-23 08:31:02,기타 
SPB-47793,2024-09-23 08:31:32,단말기
SPB-40508,2024-09-23 08:31:55,타이어 
SPB-53283,2024-09-23 08:32:35,타이어 
SPB-54067,2024-09-23 08:35:01,타이어 
SPB-31082,2024-09-23 08:35:13,타이어 
SPB-33469,2024-09-23 08:35:37,타이어 
SPB-69413,2024-09-23 08:36:07,기타 
SPB-54177,2024-09-23 08:36:38,타이어 
SPB-69963,2024-09-23 08:37:23,체인
SPB-34343,2024-09-23 08:37:30,타이어 
SPB-56187,2024-09-23 08:37:35,타이어 
SPB-51321,2024-09-23 08:38:20,타이어 
SPB-34498,2024-09-23 08:39:51,타이어 
SPB-69803,2024-09-23 08:40:46,안장
SPB-47857,2024-09-23 08:41:05,기타 
SPB-45085,2024-09-23 08:41:07,체인
SPB-30309,2024-09-23 08:42:00,페달
SPB-32843,2024-09-23 08:42:45,안장
SPB-38493,2024-09-23 08:42:52,기타 
SPB-61059,2024-09-23 08:43:12,타이어 
SPB-34078,2024-09-23 08:43:17,단말기
SPB-36333,2024-09-23 08:43:27,기타 
SPB-58217,2024-09-23 08:43:28,타이어 
SPB-38085,2024-09-23 08:46:58,타이어 
SPB-65600,2024-09-23 08:47:35,타이어 
SPB-30710,2024-09-23 08:47:41,타이어 
SPB-54744,2024-09-23 08:48:05,기타 
SPB-67555,2024-09-23 08:48:18,체인
SPB-38419,2024-09-23 08:48:28,기타 
SPB-69279,2024-09-23 08:48:37,타이어 
SPB-51908,2024-09-23 08:48:47,안장
SPB-44327,2024-09-23 08:49:14,기타 
SPB-61993,2024-09-23 08:49:43,안장
SPB-67277,2024-09-23 08:51:25,체인
SPB-64900,2024-09-23 08:51:39,타이어 
SPB-54575,2024-09-23 08:52:10,페달
SPB-43422,2024-09-23 08:52:17,안장
SPB-54779,2024-09-23 08:53:31,타이어 
SPB-54897,2024-09-23 08:54:32,기타 
SPB-46314,2024-09-23 08:54:47,기타 
SPB-45743,2024-09-23 08:55:06,기타 
SPB-68848,2024-09-23 08:55:21,기타 
SPB-60080,2024-09-23 08:56:07,기타 
SPB-62997,2024-09-23 08:57:33,타이어 
SPB-55363,2024-09-23 08:57:48,타이어 
SPB-69186,2024-09-23 08:58:23,체인
SPB-41445,2024-09-23 08:58:41,타이어 
SPB-42999,2024-09-23 08:58:51,안장
SPB-48452,2024-09-23 09:00:08,기타 
SPB-48116,2024-09-23 09:00:35,기타 
SPB-49307,2024-09-23 09:01:02,타이어 
SPB-40290,2024-09-23 09:02:11,타이어 
SPB-38340,2024-09-23 09:02:34,타이어 
SPB-67603,2024-09-23 09:03:42,타이어 
SPB-61663,2024-09-23 09:04:01,타이어 
SPB-55264,2024-09-23 09:04:06,안장
SPB-55359,2024-09-23 09:04:27,기타 
SPB-50773,2024-09-23 09:05:03,체인
SPB-49504,2024-09-23 09:06:05,페달
SPB-54883,2024-09-23 09:07:08,타이어 
SPB-64649,2024-09-23 09:11:38,체인
SPB-40759,2024-09-23 09:11:43,체인
SPB-68787,2024-09-23 09:12:14,페달
SPB-36366,2024-09-23 09:13:04,체인
SPB-55609,2024-09-23 09:14:08,페달
SPB-57348,2024-09-23 09:14:24,안장
SPB-36698,2024-09-23 09:15:04,기타 
SPB-41626,2024-09-23 09:15:47,안장
SPB-81850,2024-09-23 09:16:14,기타 
SPB-45882,2024-09-23 09:16:32,안장
SPB-35437,2024-09-23 09:17:06,체인
SPB-38328,2024-09-23 09:18:11,타이어 
SPB-48558,2024-09-23 09:21:45,기타 
SPB-83957,2024-09-23 09:21:58,타이어 
SPB-65308,2024-09-23 09:22:15,단말기
SPB-65551,2024-09-23 09:23:22,안장
SPB-56887,2024-09-23 09:25:21,안장
SPB-43535,2024-09-23 09:26:51,안장
SPB-46625,2024-09-23 09:27:06,안장
SPB-37222,2024-09-23 09:27:16,기타 
SPB-45836,2024-09-23 09:28:07,안장
SPB-31015,2024-09-23 09:28:48,타이어 
SPB-52818,2024-09-23 09:29:11,체인
SPB-81865,2024-09-23 09:31:23,기타 
SPB-39164,2024-09-23 09:32:08,단말기
SPB-32990,2024-09-23 09:32:23,타이어 
SPB-61724,2024-09-23 09:32:52,기타 
SPB-33366,2024-09-23 09:35:37,타이어 
SPB-32422,2024-09-23 09:40:03,타이어 
SPB-48261,2024-09-23 09:43:05,타이어 
SPB-58774,2024-09-23 09:43:22,체인
SPB-64449,2024-09-23 09:46:16,페달
SPB-58195,2024-09-23 09:47:48,타이어 
SPB-36049,2024-09-23 09:48:08,타이어 
SPB-44900,2024-09-23 09:54:47,체인
SPB-54972,2024-09-23 09:57:16,체인
SPB-61127,2024-09-23 09:58:32,페달
SPB-45217,2024-09-23 09:58:47,체인
SPB-36794,2024-09-23 09:59:57,타이어 
SPB-39965,2024-09-23 10:04:36,안장
SPB-44528,2024-09-23 10:09:31,체인
SPB-59721,2024-09-23 10:10:01,체인
SPB-33712,2024-09-23 10:10:05,안장
SPB-33741,2024-09-23 10:10:13,체인
SPB-33999,2024-09-23 10:13:18,안장
SPB-36764,2024-09-23 10:13:49,안장
SPB-45837,2024-09-23 10:14:35,체인
SPB-30099,2024-09-23 10:17:56,단말기
SPB-61873,2024-09-23 10:22:04,페달
SPB-48028,2024-09-23 10:23:00,안장
SPB-56899,2024-09-23 10:25:29,단말기
SPB-53510,2024-09-23 10:25:53,타이어 
SPB-51694,2024-09-23 10:26:33,단말기
SPB-51296,2024-09-23 10:27:16,페달
SPB-63520,2024-09-23 10:29:49,타이어 
SPB-38304,2024-09-23 10:30:19,체인
SPB-54669,2024-09-23 10:30:20,타이어 
SPB-46121,2024-09-23 10:35:09,기타 
SPB-46904,2024-09-23 10:45:27,체인
SPB-51131,2024-09-23 10:46:03,안장
SPB-65334,2024-09-23 10:46:33,기타 
SPB-34117,2024-09-23 10:50:26,안장
SPB-52057,2024-09-23 10:52:02,페달
SPB-68532,2024-09-23 11:04:29,타이어 
SPB-67068,2024-09-23 11:04:36,타이어 
SPB-51303,2024-09-23 11:08:23,타이어 
SPB-68607,2024-09-23 11:10:26,기타 
SPB-39589,2024-09-23 11:13:29,안장
SPB-67571,2024-09-23 11:13:38,체인
SPB-50108,2024-09-23 11:18:05,타이어 
SPB-32422,2024-09-23 11:20:31,안장
SPB-30199,2024-09-23 11:20:46,타이어 
SPB-59629,2024-09-23 11:23:39,체인
SPB-44383,2024-09-23 11:26:43,페달
SPB-35753,2024-09-23 11:26:50,체인
SPB-56020,2024-09-23 11:27:37,타이어 
SPB-56537,2024-09-23 11:27:41,기타 
SPB-55300,2024-09-23 11:30:04,타이어 
SPB-48046,2024-09-23 11:30:13,페달
SPB-43068,2024-09-23 11:32:11,안장
SPB-33253,2024-09-23 11:32:20,타이어 
SPB-67639,2024-09-23 11:35:18,타이어 
SPB-45265,2024-09-23 11:37:10,체인
SPB-51622,2024-09-23 11:37:18,페달
SPB-66438,2024-09-23 11:38:26,기타 
SPB-39643,2024-09-23 11:45:06,타이어 
SPB-65947,2024-09-23 11:49:49,안장
SPB-37778,2024-09-23 11:51:49,페달
SPB-30701,2024-09-23 11:54:05,안장
SPB-46246,2024-09-23 12:13:25,타이어 
SPB-64987,2024-09-23 12:14:32,기타 
SPB-41562,2024-09-23 12:14:52,타이어 
SPB-39043,2024-09-23 12:16:21,기타 
SPB-58163,2024-09-23 12:20:26,타이어 
SPB-61949,2024-09-23 12:21:35,타이어 
SPB-42521,2024-09-23 12:22:04,타이어 
SPB-44444,2024-09-23 12:26:29,타이어 
SPB-36932,2024-09-23 12:28:49,안장
SPB-32412,2024-09-23 12:30:29,페달
SPB-63591,2024-09-23 12:31:25,기타 
SPB-56128,2024-09-23 12:35:33,체인
SPB-50448,2024-09-23 12:36:07,안장
SPB-64732,2024-09-23 12:37:15,단말기
SPB-59075,2024-09-23 12:41:23,페달
SPB-56374,2024-09-23 12:41:58,체인
SPB-53518,2024-09-23 12:42:49,타이어 
SPB-37091,2024-09-23 12:43:34,기타 
SPB-46266,2024-09-23 12:43:50,타이어 
SPB-54407,2024-09-23 12:46:01,타이어 
SPB-67150,2024-09-23 12:54:14,타이어 
SPB-41048,2024-09-23 12:57:51,체인
SPB-38945,2024-09-23 13:02:43,타이어 
SPB-33811,2024-09-23 13:02:55,타이어 
SPB-34743,2024-09-23 13:02:59,안장
SPB-46913,2024-09-23 13:06:25,기타 
SPB-66327,2024-09-23 13:12:07,타이어 
SPB-68614,2024-09-23 13:12:49,체인
SPB-53737,2024-09-23 13:13:30,타이어 
SPB-42215,2024-09-23 13:14:27,기타 
SPB-65596,2024-09-23 13:15:40,체인
SPB-65246,2024-09-23 13:15:54,기타 
SPB-48915,2024-09-23 13:16:15,기타 
SPB-52433,2024-09-23 13:16:18,기타 
SPB-50560,2024-09-23 13:17:28,타이어 
SPB-46327,2024-09-23 13:19:04,기타 
SPB-56874,2024-09-23 13:19:45,페달
SPB-31548,2024-09-23 13:19:56,타이어 
SPB-48635,2024-09-23 13:20:47,안장
SPB-38450,2024-09-23 13:22:05,타이어 
SPB-57875,2024-09-23 13:25:28,타이어 
SPB-62772,2024-09-23 13:29:24,안장
SPB-47601,2024-09-23 13:32:52,기타 
SPB-84497,2024-09-23 13:41:23,타이어 
SPB-54275,2024-09-23 13:46:58,타이어 
SPB-70246,2024-09-23 13:47:16,타이어 
SPB-65600,2024-09-23 13:54:38,타이어 
SPB-63742,2024-09-23 13:55:17,안장
SPB-63577,2024-09-23 14:09:06,기타 
SPB-41852,2024-09-23 14:17:20,안장
SPB-50590,2024-09-23 14:17:26,체인
SPB-68508,2024-09-23 14:17:33,체인
SPB-69111,2024-09-23 14:17:42,체인
SPB-43339,2024-09-23 14:21:10,안장
SPB-45258,2024-09-23 14:22:00,체인
SPB-50954,2024-09-23 14:24:30,페달
SPB-51569,2024-09-23 14:24:32,페달
SPB-65462,2024-09-23 14:26:02,단말기
SPB-69298,2024-09-23 14:30:59,기타 
SPB-57159,2024-09-23 14:31:27,페달
SPB-44235,2024-09-23 14:32:05,타이어 
SPB-37978,2024-09-23 14:32:08,기타 
SPB-66703,2024-09-23 14:39:43,단말기
SPB-31211,2024-09-23 14:44:58,체인
SPB-54896,2024-09-23 14:45:32,기타 
SPB-50339,2024-09-23 14:48:27,기타 
SPB-51211,2024-09-23 14:49:26,기타 
SPB-48106,2024-09-23 15:02:15,기타 
SPB-64626,2024-09-23 15:05:14,안장
SPB-68706,2024-09-23 15:06:01,체인
SPB-50774,2024-09-23 15:07:31,체인
SPB-37953,2024-09-23 15:08:07,체인
SPB-68114,2024-09-23 15:08:48,체인
SPB-37611,2024-09-23 15:10:50,기타 
SPB-60529,2024-09-23 15:13:47,안장
SPB-62777,2024-09-23 15:14:20,단말기
SPB-51571,2024-09-23 15:19:51,단말기
SPB-35471,2024-09-23 15:21:05,기타 
SPB-52647,2024-09-23 15:23:28,타이어 
SPB-45773,2024-09-23 15:24:53,안장
SPB-39046,2024-09-23 15:28:26,안장
SPB-39830,2024-09-23 15:28:42,기타 
SPB-50936,2024-09-23 15:33:33,타이어 
SPB-42368,2024-09-23 15:33:53,체인
SPB-58550,2024-09-23 15:37:09,체인
SPB-44676,2024-09-23 15:38:32,체인
SPB-47065,2024-09-23 15:42:35,기타 
SPB-59383,2024-09-23 15:43:02,기타 
SPB-43060,2024-09-23 15:43:05,타이어 
SPB-40039,2024-09-23 15:45:11,기타 
SPB-53986,2024-09-23 15:46:45,체인
SPB-70129,2024-09-23 15:55:07,체인
SPB-46805,2024-09-23 15:57:16,단말기
SPB-47230,2024-09-23 16:02:00,체인
SPB-41608,2024-09-23 16:02:25,기타 
SPB-65137,2024-09-23 16:02:46,기타 
SPB-58670,2024-09-23 16:04:35,타이어 
SPB-57424,2024-09-23 16:04:42,기타 
SPB-34136,2024-09-23 16:06:01,타이어 
SPB-62064,2024-09-23 16:08:11,체인
SPB-48730,2024-09-23 16:08:18,안장
SPB-44739,2024-09-23 16:09:18,체인
SPB-45800,2024-09-23 16:10:20,안장
SPB-56163,2024-09-23 16:10:43,안장
SPB-41070,2024-09-23 16:12:14,안장
SPB-39398,2024-09-23 16:12:42,체인
SPB-32949,2024-09-23 16:14:06,타이어 
SPB-69385,2024-09-23 16:14:36,타이어 
SPB-31666,2024-09-23 16:19:29,체인
SPB-44097,2024-09-23 16:20:03,페달
SPB-61633,2024-09-23 16:28:32,타이어 
SPB-53026,2024-09-23 16:28:51,체인
SPB-62340,2024-09-23 16:29:24,안장
SPB-54166,2024-09-23 16:32:18,타이어 
SPB-50482,2024-09-23 16:34:55,체인
SPB-70462,2024-09-23 16:37:54,기타 
SPB-66811,2024-09-23 16:38:27,기타 
SPB-36989,2024-09-23 16:40:26,단말기
SPB-54514,2024-09-23 16:41:41,체인
SPB-42007,2024-09-23 16:41:44,체인
SPB-69367,2024-09-23 16:43:12,체인
SPB-38286,2024-09-23 16:44:56,타이어 
SPB-62878,2024-09-23 16:46:10,안장
SPB-54246,2024-09-23 16:46:26,안장
SPB-50981,2024-09-23 16:47:04,기타 
SPB-33867,2024-09-23 16:48:55,체인
SPB-59663,2024-09-23 16:50:34,체인
SPB-69569,2024-09-23 16:50:39,타이어 
SPB-55600,2024-09-23 16:52:58,기타 
SPB-54342,2024-09-23 16:53:47,체인
SPB-56604,2024-09-23 16:57:33,체인
SPB-50022,2024-09-23 16:58:19,단말기
SPB-50512,2024-09-23 17:01:29,안장
SPB-31320,2024-09-23 17:03:00,페달
SPB-58235,2024-09-23 17:03:04,체인
SPB-40381,2024-09-23 17:03:42,안장
SPB-59955,2024-09-23 17:04:22,타이어 
SPB-58553,2024-09-23 17:05:47,안장
SPB-46794,2024-09-23 17:05:51,안장
SPB-38188,2024-09-23 17:06:10,기타 
SPB-39184,2024-09-23 17:07:31,페달
SPB-57814,2024-09-23 17:07:32,타이어 
SPB-66689,2024-09-23 17:07:35,타이어 
SPB-57621,2024-09-23 17:07:43,타이어 
SPB-59393,2024-09-23 17:12:02,체인
SPB-47903,2024-09-23 17:14:05,타이어 
SPB-47156,2024-09-23 17:17:56,타이어 
SPB-58568,2024-09-23 17:18:27,체인
SPB-62440,2024-09-23 17:19:31,페달
SPB-50917,2024-09-23 17:20:30,기타 
SPB-52015,2024-09-23 17:20:56,단말기
SPB-50718,2024-09-23 17:20:59,타이어 
SPB-55571,2024-09-23 17:21:16,페달
SPB-70064,2024-09-23 17:23:04,체인
SPB-43409,2024-09-23 17:24:19,기타 
SPB-47918,2024-09-23 17:28:06,페달
SPB-69588,2024-09-23 17:28:09,타이어 
SPB-37126,2024-09-23 17:28:53,기타 
SPB-69920,2024-09-23 17:29:40,체인
SPB-62745,2024-09-23 17:31:02,안장
SPB-57022,2024-09-23 17:35:35,타이어 
SPB-68266,2024-09-23 17:35:50,안장
SPB-56903,2024-09-23 17:36:07,안장
SPB-33395,2024-09-23 17:37:13,페달
SPB-48813,2024-09-23 17:37:58,기타 
SPB-54975,2024-09-23 17:40:22,안장
SPB-33139,2024-09-23 17:41:23,페달
SPB-54204,2024-09-23 17:41:43,체인
SPB-53998,2024-09-23 17:42:41,페달
SPB-38219,2024-09-23 17:42:58,타이어 
SPB-57461,2024-09-23 17:43:47,체인
SPB-69701,2024-09-23 17:44:12,체인
SPB-57240,2024-09-23 17:44:40,페달
SPB-63999,2024-09-23 17:44:55,타이어 
SPB-55064,2024-09-23 17:46:36,타이어 
SPB-60796,2024-09-23 17:46:46,기타 
SPB-50771,2024-09-23 17:47:40,체인
SPB-49543,2024-09-23 17:48:25,페달
SPB-44279,2024-09-23 17:50:33,안장
SPB-31198,2024-09-23 17:51:08,타이어 
SPB-59277,2024-09-23 17:51:46,페달
SPB-30372,2024-09-23 17:52:46,기타 
SPB-42582,2024-09-23 17:55:50,타이어 
SPB-52436,2024-09-23 17:56:43,타이어 
SPB-60629,2024-09-23 17:57:00,페달
SPB-63687,2024-09-23 17:57:12,타이어 
SPB-38362,2024-09-23 17:57:33,페달
SPB-65598,2024-09-23 18:00:59,기타 
SPB-39232,2024-09-23 18:01:00,안장
SPB-42044,2024-09-23 18:01:44,체인
SPB-58778,2024-09-23 18:01:45,타이어 
SPB-41910,2024-09-23 18:01:58,체인
SPB-45868,2024-09-23 18:04:15,체인
SPB-45163,2024-09-23 18:04:20,체인
SPB-59498,2024-09-23 18:06:04,안장
SPB-30695,2024-09-23 18:06:36,페달
SPB-37414,2024-09-23 18:06:39,체인
SPB-43463,2024-09-23 18:06:41,체인
SPB-41230,2024-09-23 18:07:18,체인
SPB-69824,2024-09-23 18:11:40,페달
SPB-52640,2024-09-23 18:12:01,체인
SPB-57260,2024-09-23 18:12:09,타이어 
SPB-69405,2024-09-23 18:12:26,타이어 
SPB-47376,2024-09-23 18:12:33,체인
SPB-31931,2024-09-23 18:13:27,안장
SPB-35175,2024-09-23 18:14:10,타이어 
SPB-46735,2024-09-23 18:14:38,안장
SPB-53126,2024-09-23 18:15:34,타이어 
SPB-57252,2024-09-23 18:15:56,타이어 
SPB-66895,2024-09-23 18:15:58,체인
SPB-65266,2024-09-23 18:16:54,기타 
SPB-52532,2024-09-23 18:17:06,체인
SPB-42111,2024-09-23 18:17:12,타이어 
SPB-53582,2024-09-23 18:17:47,체인
SPB-41838,2024-09-23 18:18:06,안장
SPB-53175,2024-09-23 18:18:33,기타 
SPB-67266,2024-09-23 18:18:54,타이어 
SPB-31471,2024-09-23 18:19:08,체인
SPB-69286,2024-09-23 18:19:56,체인
SPB-84216,2024-09-23 18:20:07,단말기
SPB-31132,2024-09-23 18:20:11,체인
SPB-67259,2024-09-23 18:20:21,기타 
SPB-64113,2024-09-23 18:21:07,타이어 
SPB-67300,2024-09-23 18:21:11,타이어 
SPB-34042,2024-09-23 18:21:25,기타 
SPB-47926,2024-09-23 18:21:44,체인
SPB-84534,2024-09-23 18:21:51,타이어 
SPB-58776,2024-09-23 18:22:06,체인
SPB-37043,2024-09-23 18:22:17,페달
SPB-50737,2024-09-23 18:22:46,페달
SPB-34620,2024-09-23 18:23:03,기타 
SPB-40927,2024-09-23 18:23:04,기타 
SPB-64934,2024-09-23 18:23:25,체인
SPB-39568,2024-09-23 18:23:27,안장
SPB-58643,2024-09-23 18:23:31,페달
SPB-65732,2024-09-23 18:24:17,타이어 
SPB-67023,2024-09-23 18:25:32,타이어 
SPB-55815,2024-09-23 18:25:54,단말기
SPB-45005,2024-09-23 18:26:05,체인
SPB-56600,2024-09-23 18:26:12,체인
SPB-42793,2024-09-23 18:26:36,체인
SPB-52206,2024-09-23 18:27:23,타이어 
SPB-65807,2024-09-23 18:28:06,타이어 
SPB-67063,2024-09-23 18:28:16,단말기
SPB-47810,2024-09-23 18:28:17,단말기
SPB-64877,2024-09-23 18:28:30,기타 
SPB-69157,2024-09-23 18:29:31,타이어 
SPB-45808,2024-09-23 18:30:21,안장
SPB-67548,2024-09-23 18:30:26,기타 
SPB-63002,2024-09-23 18:30:40,기타 
SPB-47446,2024-09-23 18:30:40,타이어 
SPB-54348,2024-09-23 18:31:04,페달
SPB-61801,2024-09-23 18:31:12,기타 
SPB-54903,2024-09-23 18:31:50,체인
SPB-35205,2024-09-23 18:32:32,체인
SPB-70126,2024-09-23 18:33:25,체인
SPB-33622,2024-09-23 18:33:43,기타 
SPB-54831,2024-09-23 18:34:02,기타 
SPB-63554,2024-09-23 18:34:05,타이어 
SPB-67161,2024-09-23 18:34:30,단말기
SPB-30393,2024-09-23 18:34:43,타이어 
SPB-56766,2024-09-23 18:35:07,타이어 
SPB-64437,2024-09-23 18:35:33,체인
SPB-69849,2024-09-23 18:35:36,체인
SPB-31478,2024-09-23 18:36:29,기타 
SPB-64511,2024-09-23 18:36:33,타이어 
SPB-36456,2024-09-23 18:36:53,타이어 
SPB-55331,2024-09-23 18:37:00,체인
SPB-34672,2024-09-23 18:37:05,타이어 
SPB-66206,2024-09-23 18:37:34,체인
SPB-33391,2024-09-23 18:37:43,기타 
SPB-68488,2024-09-23 18:37:56,타이어 
SPB-30240,2024-09-23 18:37:59,기타 
SPB-44300,2024-09-23 18:38:08,안장
SPB-36283,2024-09-23 18:38:10,타이어 
SPB-44690,2024-09-23 18:38:17,체인
SPB-34404,2024-09-23 18:38:52,체인
SPB-41162,2024-09-23 18:38:58,페달
SPB-53708,2024-09-23 18:39:52,기타 
SPB-47451,2024-09-23 18:39:56,체인
SPB-52156,2024-09-23 18:40:05,페달
SPB-35020,2024-09-23 18:40:15,체인
SPB-45770,2024-09-23 18:41:39,타이어 
SPB-30813,2024-09-23 18:41:46,체인
SPB-53127,2024-09-23 18:42:34,체인
SPB-59202,2024-09-23 18:42:51,기타 
SPB-58008,2024-09-23 18:43:11,기타 
SPB-48854,2024-09-23 18:43:50,페달
SPB-54509,2024-09-23 18:45:11,타이어 
SPB-64254,2024-09-23 18:45:34,기타 
SPB-66073,2024-09-23 18:45:44,기타 
SPB-51011,2024-09-23 18:46:18,타이어 
SPB-51250,2024-09-23 18:47:24,타이어 
SPB-52566,2024-09-23 18:47:32,타이어 
SPB-63308,2024-09-23 18:47:43,타이어 
SPB-48079,2024-09-23 18:48:22,타이어 
SPB-52459,2024-09-23 18:49:43,타이어 
SPB-68015,2024-09-23 18:51:13,체인
SPB-41411,2024-09-23 18:51:54,체인
SPB-37720,2024-09-23 18:52:00,체인
SPB-34037,2024-09-23 18:52:14,기타 
SPB-64799,2024-09-23 18:52:14,체인
SPB-69855,2024-09-23 18:52:37,타이어 
SPB-81034,2024-09-23 18:52:51,페달
SPB-39805,2024-09-23 18:53:27,체인
SPB-42716,2024-09-23 18:53:45,단말기
SPB-40771,2024-09-23 18:53:46,타이어 
SPB-62151,2024-09-23 18:54:14,타이어 
SPB-52511,2024-09-23 18:54:39,페달
SPB-54837,2024-09-23 18:54:48,체인
SPB-30274,2024-09-23 18:54:52,타이어 
SPB-57290,2024-09-23 18:55:52,타이어 
SPB-56785,2024-09-23 18:55:55,기타 
SPB-34323,2024-09-23 18:56:21,타이어 
SPB-57404,2024-09-23 18:56:32,타이어 
SPB-31963,2024-09-23 18:56:40,페달
SPB-54600,2024-09-23 18:56:49,기타 
SPB-45313,2024-09-23 18:58:04,기타 
SPB-34450,2024-09-23 18:59:25,기타 
SPB-57002,2024-09-23 19:00:26,기타 
SPB-33285,2024-09-23 19:00:35,기타 
SPB-48510,2024-09-23 19:00:57,타이어 
SPB-46152,2024-09-23 19:01:58,안장
SPB-47908,2024-09-23 19:03:02,기타 
SPB-57369,2024-09-23 19:03:34,페달
SPB-45857,2024-09-23 19:04:11,체인
SPB-51417,2024-09-23 19:04:20,페달
SPB-60156,2024-09-23 19:04:38,기타 
SPB-33172,2024-09-23 19:05:11,안장
SPB-50442,2024-09-23 19:05:18,체인
SPB-33586,2024-09-23 19:05:27,안장
SPB-53157,2024-09-23 19:05:28,기타 
SPB-36481,2024-09-23 19:05:35,타이어 
SPB-49338,2024-09-23 19:05:41,체인
SPB-62124,2024-09-23 19:06:04,기타 
SPB-70041,2024-09-23 19:07:27,체인
SPB-69836,2024-09-23 19:07:49,체인
SPB-62463,2024-09-23 19:08:17,타이어 
SPB-37872,2024-09-23 19:08:30,체인
SPB-52545,2024-09-23 19:08:49,안장
SPB-51058,2024-09-23 19:09:26,페달
SPB-52622,2024-09-23 19:10:05,타이어 
SPB-70305,2024-09-23 19:10:19,안장
SPB-83629,2024-09-23 19:11:21,페달
SPB-69911,2024-09-23 19:11:51,기타 
SPB-30627,2024-09-23 19:13:04,타이어 
SPB-39121,2024-09-23 19:13:13,기타 
SPB-43181,2024-09-23 19:14:40,타이어 
SPB-38605,2024-09-23 19:14:48,안장
SPB-48617,2024-09-23 19:15:11,타이어 
SPB-31597,2024-09-23 19:15:13,단말기
SPB-31486,2024-09-23 19:15:51,기타 
SPB-47614,2024-09-23 19:16:49,안장
SPB-62667,2024-09-23 19:17:16,안장
SPB-50693,2024-09-23 19:17:33,페달
SPB-37357,2024-09-23 19:19:10,타이어 
SPB-50705,2024-09-23 19:20:02,페달
SPB-43128,2024-09-23 19:20:35,기타 
SPB-54228,2024-09-23 19:21:51,기타 
SPB-83278,2024-09-23 19:22:22,기타 
SPB-48221,2024-09-23 19:24:07,단말기
SPB-47541,2024-09-23 19:24:09,안장
SPB-39903,2024-09-23 19:24:43,안장
SPB-51337,2024-09-23 19:27:05,페달
SPB-61289,2024-09-23 19:27:21,안장
SPB-40556,2024-09-23 19:27:45,체인
SPB-39651,2024-09-23 19:27:55,체인
SPB-49421,2024-09-23 19:28:35,페달
SPB-47328,2024-09-23 19:29:22,체인
SPB-33155,2024-09-23 19:31:45,타이어 
SPB-62879,2024-09-23 19:33:14,페달
SPB-59506,2024-09-23 19:33:24,페달
SPB-55546,2024-09-23 19:33:25,타이어 
SPB-50401,2024-09-23 19:33:56,기타 
SPB-47944,2024-09-23 19:34:46,체인
SPB-40828,2024-09-23 19:35:13,안장
SPB-46653,2024-09-23 19:36:50,페달
SPB-51855,2024-09-23 19:40:21,타이어 
SPB-61405,2024-09-23 19:41:19,타이어 
SPB-33502,2024-09-23 19:42:42,타이어 
SPB-51001,2024-09-23 19:42:57,기타 
SPB-30271,2024-09-23 19:43:10,체인
SPB-67979,2024-09-23 19:43:33,체인
SPB-32932,2024-09-23 19:43:41,기타 
SPB-53641,2024-09-23 19:43:55,기타 
SPB-30745,2024-09-23 19:43:55,기타 
SPB-43364,2024-09-23 19:44:15,기타 
SPB-58546,2024-09-23 19:44:50,페달
SPB-60176,2024-09-23 19:45:45,타이어 
SPB-33932,2024-09-23 19:46:15,기타 
SPB-55115,2024-09-23 19:46:23,페달
SPB-68381,2024-09-23 19:46:52,기타 
SPB-69795,2024-09-23 19:49:09,안장
SPB-38907,2024-09-23 19:49:27,안장
SPB-53945,2024-09-23 19:49:42,안장
SPB-41933,2024-09-23 19:49:52,타이어 
SPB-52227,2024-09-23 19:50:03,체인
SPB-59495,2024-09-23 19:50:08,기타 
SPB-32902,2024-09-23 19:51:24,기타 
SPB-54068,2024-09-23 19:52:59,페달
SPB-52823,2024-09-23 19:54:39,기타 
SPB-35827,2024-09-23 19:54:53,타이어 
SPB-50735,2024-09-23 19:55:05,타이어 
SPB-42151,2024-09-23 19:55:24,체인
SPB-47599,2024-09-23 19:55:59,안장
SPB-60369,2024-09-23 19:56:01,타이어 
SPB-38414,2024-09-23 19:56:21,타이어 
SPB-40864,2024-09-23 19:58:07,안장
SPB-58183,2024-09-23 20:00:39,체인
SPB-47987,2024-09-23 20:01:18,페달
SPB-37262,2024-09-23 20:01:21,기타 
SPB-54845,2024-09-23 20:01:21,단말기
SPB-59570,2024-09-23 20:02:37,기타 
SPB-58591,2024-09-23 20:02:43,타이어 
SPB-62016,2024-09-23 20:02:47,안장
SPB-57445,2024-09-23 20:03:08,타이어 
SPB-32487,2024-09-23 20:03:27,기타 
SPB-43526,2024-09-23 20:03:37,타이어 
SPB-37255,2024-09-23 20:04:35,안장
SPB-66017,2024-09-23 20:06:38,체인
SPB-59524,2024-09-23 20:06:57,기타 
SPB-52097,2024-09-23 20:07:21,타이어 
SPB-59053,2024-09-23 20:08:14,안장
SPB-47004,2024-09-23 20:08:19,타이어 
SPB-53825,2024-09-23 20:09:06,기타 
SPB-41462,2024-09-23 20:09:55,타이어 
SPB-64222,2024-09-23 20:11:14,기타 
SPB-49391,2024-09-23 20:11:22,단말기
SPB-63654,2024-09-23 20:11:27,체인
SPB-34877,2024-09-23 20:13:19,기타 
SPB-57694,2024-09-23 20:14:11,타이어 
SPB-56472,2024-09-23 20:14:38,체인
SPB-70434,2024-09-23 20:18:05,타이어 
SPB-63596,2024-09-23 20:18:40,타이어 
SPB-50590,2024-09-23 20:18:52,타이어 
SPB-68508,2024-09-23 20:19:00,타이어 
SPB-43580,2024-09-23 20:19:03,타이어 
SPB-84607,2024-09-23 20:19:34,타이어 
SPB-48861,2024-09-23 20:20:30,기타 
SPB-31389,2024-09-23 20:20:39,체인
SPB-46415,2024-09-23 20:21:07,체인
SPB-46834,2024-09-23 20:22:01,체인
SPB-57399,2024-09-23 20:22:07,체인
SPB-52634,2024-09-23 20:22:53,안장
SPB-51320,2024-09-23 20:23:03,기타 
SPB-43171,2024-09-23 20:23:55,타이어 
SPB-46819,2024-09-23 20:24:32,타이어 
SPB-50527,2024-09-23 20:25:52,타이어 
SPB-65879,2024-09-23 20:26:46,타이어 
SPB-70076,2024-09-23 20:27:07,체인
SPB-51152,2024-09-23 20:27:12,체인
SPB-52644,2024-09-23 20:27:32,페달
SPB-58025,2024-09-23 20:27:44,타이어 
SPB-52533,2024-09-23 20:29:19,타이어 
SPB-59315,2024-09-23 20:30:31,페달
SPB-50076,2024-09-23 20:30:59,기타 
SPB-48942,2024-09-23 20:31:05,페달
SPB-62380,2024-09-23 20:31:11,체인
SPB-69412,2024-09-23 20:31:40,안장
SPB-59406,2024-09-23 20:34:29,체인
SPB-45893,2024-09-23 20:34:30,체인
SPB-43164,2024-09-23 20:34:44,체인
SPB-30809,2024-09-23 20:35:35,페달
SPB-44520,2024-09-23 20:37:38,타이어 
SPB-32487,2024-09-23 20:38:55,체인
SPB-36891,2024-09-23 20:40:26,기타 
SPB-44349,2024-09-23 20:40:41,안장
SPB-32135,2024-09-23 20:40:56,페달
SPB-47954,2024-09-23 20:42:45,페달
SPB-58196,2024-09-23 20:43:04,안장
SPB-43009,2024-09-23 20:43:09,기타 
SPB-42141,2024-09-23 20:44:43,안장
SPB-42493,2024-09-23 20:44:59,단말기
SPB-51766,2024-09-23 20:45:34,기타 
SPB-36744,2024-09-23 20:45:43,기타 
SPB-39799,2024-09-23 20:46:09,체인
SPB-68590,2024-09-23 20:46:24,타이어 
SPB-46686,2024-09-23 20:46:54,페달
SPB-62990,2024-09-23 20:49:00,타이어 
SPB-48958,2024-09-23 20:49:00,체인
SPB-54892,2024-09-23 20:49:07,페달
SPB-32723,2024-09-23 20:50:04,페달
SPB-46359,2024-09-23 20:50:07,기타 
SPB-52796,2024-09-23 20:50:38,페달
SPB-67327,2024-09-23 20:51:21,타이어 
SPB-44736,2024-09-23 20:52:08,안장
SPB-31989,2024-09-23 20:52:40,기타 
SPB-59438,2024-09-23 20:55:03,기타 
SPB-69182,2024-09-23 20:55:40,타이어 
SPB-39545,2024-09-23 20:56:04,안장
SPB-67102,2024-09-23 20:59:40,페달
SPB-53451,2024-09-23 20:59:59,페달
SPB-60557,2024-09-23 21:00:06,페달
SPB-52087,2024-09-23 21:01:21,체인
SPB-58777,2024-09-23 21:03:06,안장
SPB-70104,2024-09-23 21:03:16,타이어 
SPB-51958,2024-09-23 21:03:19,체인
SPB-58470,2024-09-23 21:04:37,페달
SPB-66439,2024-09-23 21:05:02,타이어 
SPB-67210,2024-09-23 21:06:41,체인
SPB-43925,2024-09-23 21:07:59,안장
SPB-42490,2024-09-23 21:09:52,타이어 
SPB-39654,2024-09-23 21:10:49,페달
SPB-36311,2024-09-23 21:12:16,페달
SPB-61927,2024-09-23 21:12:23,페달
SPB-52604,2024-09-23 21:13:28,안장
SPB-62446,2024-09-23 21:13:44,기타 
SPB-65143,2024-09-23 21:14:21,안장
SPB-58032,2024-09-23 21:15:54,체인
SPB-65745,2024-09-23 21:16:18,타이어 
SPB-52211,2024-09-23 21:16:52,체인
SPB-51890,2024-09-23 21:18:44,체인
SPB-59611,2024-09-23 21:19:27,페달
SPB-67459,2024-09-23 21:20:01,타이어 
SPB-68322,2024-09-23 21:20:35,타이어 
SPB-80536,2024-09-23 21:20:55,안장
SPB-66292,2024-09-23 21:22:31,기타 
SPB-56615,2024-09-23 21:22:41,기타 
SPB-69034,2024-09-23 21:22:51,체인
SPB-34091,2024-09-23 21:23:39,기타 
SPB-81353,2024-09-23 21:24:12,체인
SPB-34228,2024-09-23 21:24:53,체인
SPB-42284,2024-09-23 21:25:26,기타 
SPB-44356,2024-09-23 21:26:58,기타 
SPB-69496,2024-09-23 21:27:02,체인
SPB-50408,2024-09-23 21:27:27,기타 
SPB-35755,2024-09-23 21:28:44,기타 
SPB-37978,2024-09-23 21:28:51,체인
SPB-50671,2024-09-23 21:30:58,기타 
SPB-34470,2024-09-23 21:32:50,타이어 
SPB-64437,2024-09-23 21:34:17,타이어 
SPB-37020,2024-09-23 21:34:50,기타 
SPB-47901,2024-09-23 21:37:51,기타 
SPB-54106,2024-09-23 21:39:07,단말기
SPB-35806,2024-09-23 21:40:50,안장
SPB-42222,2024-09-23 21:41:00,페달
SPB-68512,2024-09-23 21:41:28,기타 
SPB-56853,2024-09-23 21:44:39,타이어 
SPB-64677,2024-09-23 21:46:04,체인
SPB-53312,2024-09-23 21:47:41,타이어 
SPB-69587,2024-09-23 21:47:59,기타 
SPB-49356,2024-09-23 21:48:12,기타 
SPB-49538,2024-09-23 21:49:16,페달
SPB-49535,2024-09-23 21:49:52,타이어 
SPB-57641,2024-09-23 21:49:55,기타 
SPB-65841,2024-09-23 21:50:17,체인
SPB-34586,2024-09-23 21:50:17,체인
SPB-41871,2024-09-23 21:51:24,체인
SPB-32494,2024-09-23 21:52:20,체인
SPB-52970,2024-09-23 21:52:26,타이어 
SPB-48866,2024-09-23 21:53:12,안장
SPB-60264,2024-09-23 21:53:14,체인
SPB-52535,2024-09-23 21:53:21,체인
SPB-36429,2024-09-23 21:54:39,안장
SPB-32368,2024-09-23 21:55:22,타이어 
SPB-49045,2024-09-23 21:55:23,타이어 
SPB-45147,2024-09-23 21:55:30,기타 
SPB-67534,2024-09-23 21:55:37,타이어 
SPB-34429,2024-09-23 21:55:59,타이어 
SPB-65029,2024-09-23 21:59:56,체인
SPB-43361,2024-09-23 22:00:25,체인
SPB-46559,2024-09-23 22:00:42,타이어 
SPB-43607,2024-09-23 22:01:03,타이어 
SPB-38352,2024-09-23 22:05:50,단말기
SPB-51933,2024-09-23 22:06:21,체인
SPB-63167,2024-09-23 22:06:40,안장
SPB-32183,2024-09-23 22:06:57,타이어 
SPB-52983,2024-09-23 22:07:45,안장
SPB-46914,2024-09-23 22:08:22,안장
SPB-31127,2024-09-23 22:09:34,안장
SPB-50823,2024-09-23 22:11:33,페달
SPB-31474,2024-09-23 22:12:21,기타 
SPB-51923,2024-09-23 22:13:14,체인
SPB-54514,2024-09-23 22:14:20,기타 
SPB-38087,2024-09-23 22:16:21,안장
SPB-50583,2024-09-23 22:16:25,기타 
SPB-44743,2024-09-23 22:17:09,안장
SPB-66077,2024-09-23 22:18:16,기타 
SPB-46862,2024-09-23 22:19:57,안장
SPB-40947,2024-09-23 22:20:38,기타 
SPB-69838,2024-09-23 22:20:39,기타 
SPB-62537,2024-09-23 22:20:50,단말기
SPB-43721,2024-09-23 22:21:07,체인
SPB-42688,2024-09-23 22:21:09,단말기
SPB-35873,2024-09-23 22:21:43,체인
SPB-31648,2024-09-23 22:21:48,타이어 
SPB-30710,2024-09-23 22:23:20,타이어 
SPB-66669,2024-09-23 22:26:12,페달
SPB-41646,2024-09-23 22:26:19,체인
SPB-67229,2024-09-23 22:27:28,기타 
SPB-46710,2024-09-23 22:28:46,타이어 
SPB-32019,2024-09-23 22:29:49,기타 
SPB-60101,2024-09-23 22:32:46,페달
SPB-31505,2024-09-23 22:37:10,체인
SPB-54466,2024-09-23 22:41:43,안장
SPB-46279,2024-09-23 22:41:49,타이어 
SPB-45450,2024-09-23 22:42:10,체인
SPB-43834,2024-09-23 22:42:34,페달
SPB-67381,2024-09-23 22:44:52,기타 
SPB-43911,2024-09-23 22:47:05,기타 
SPB-67018,2024-09-23 22:47:50,타이어 
SPB-63906,2024-09-23 22:47:55,타이어 
SPB-52177,2024-09-23 22:49:23,안장
SPB-41348,2024-09-23 22:50:45,체인
SPB-39965,2024-09-23 22:52:30,안장
SPB-33912,2024-09-23 22:58:11,체인
SPB-61536,2024-09-23 23:01:45,단말기
SPB-66365,2024-09-23 23:03:34,타이어 
SPB-30387,2024-09-23 23:04:22,체인
SPB-38256,2024-09-23 23:08:35,안장
SPB-65914,2024-09-23 23:09:12,타이어 
SPB-54409,2024-09-23 23:10:28,기타 
SPB-61191,2024-09-23 23:12:03,타이어 
SPB-45872,2024-09-23 23:14:14,타이어 
SPB-50152,2024-09-23 23:15:04,기타 
SPB-81980,2024-09-23 23:15:58,기타 
SPB-33417,2024-09-23 23:17:05,체인
SPB-41798,2024-09-23 23:17:09,기타 
SPB-65352,2024-09-23 23:18:05,기타 
SPB-41088,2024-09-23 23:20:08,안장
SPB-39037,2024-09-23 23:23:07,기타 
SPB-32861,2024-09-23 23:23:22,페달
SPB-43972,2024-09-23 23:27:55,페달
SPB-30077,2024-09-23 23:28:35,타이어 
SPB-53096,2024-09-23 23:33:14,타이어 
SPB-54692,2024-09-23 23:36:42,안장
SPB-31328,2024-09-23 23:37:02,타이어 
SPB-38508,2024-09-23 23:37:06,체인
SPB-40433,2024-09-23 23:37:23,체인
SPB-53268,2024-09-23 23:38:20,안장
SPB-30672,2024-09-23 23:41:09,체인
SPB-66850,2024-09-23 23:42:09,체인
SPB-51066,2024-09-23 23:42:32,타이어 
SPB-48463,2024-09-23 23:45:55,기타 
SPB-42694,2024-09-23 23:47:59,체인
SPB-46001,2024-09-23 23:55:40,안장
SPB-61522,2024-09-23 23:58:20,페달
SPB-40527,2024-09-24 00:01:59,안장
SPB-65321,2024-09-24 00:03:03,타이어 
SPB-58940,2024-09-24 00:04:51,단말기
SPB-54325,2024-09-24 00:16:45,타이어 
SPB-57486,2024-09-24 00:18:57,기타 
SPB-50182,2024-09-24 00:22:41,기타 
SPB-55814,2024-09-24 00:43:35,타이어 
SPB-58814,2024-09-24 00:44:31,기타 
SPB-30450,2024-09-24 00:54:26,타이어 
SPB-37038,2024-09-24 00:58:34,기타 
SPB-50004,2024-09-24 01:03:13,체인
SPB-65796,2024-09-24 01:09:49,타이어 
SPB-64528,2024-09-24 01:11:47,기타 
SPB-66512,2024-09-24 01:12:09,페달
SPB-69442,2024-09-24 01:17:01,체인
SPB-69550,2024-09-24 01:22:35,단말기
SPB-46038,2024-09-24 01:33:05,기타 
SPB-35193,2024-09-24 01:33:25,기타 
SPB-41759,2024-09-24 01:49:53,체인
SPB-58362,2024-09-24 01:49:55,타이어 
SPB-53232,2024-09-24 02:04:19,기타 
SPB-46832,2024-09-24 02:13:29,페달
SPB-33143,2024-09-24 02:31:50,페달
SPB-64423,2024-09-24 02:35:30,타이어 
SPB-64352,2024-09-24 02:39:48,타이어 
SPB-64144,2024-09-24 02:54:00,단말기
SPB-31435,2024-09-24 03:49:52,기타 
SPB-66447,2024-09-24 04:51:26,타이어 
SPB-81995,2024-09-24 05:01:59,기타 
SPB-52754,2024-09-24 05:52:17,체인
SPB-62379,2024-09-24 05:59:41,기타 
SPB-40119,2024-09-24 06:15:15,체인
SPB-81670,2024-09-24 06:20:50,페달
SPB-56059,2024-09-24 06:25:58,타이어 
SPB-50308,2024-09-24 06:43:32,기타 
SPB-32336,2024-09-24 06:45:43,타이어 
SPB-35361,2024-09-24 06:51:29,체인
SPB-64726,2024-09-24 06:52:37,체인
SPB-51906,2024-09-24 06:56:26,페달
SPB-55185,2024-09-24 06:57:00,기타 
SPB-58872,2024-09-24 07:00:12,페달
SPB-69796,2024-09-24 07:00:22,타이어 
SPB-32029,2024-09-24 07:00:24,타이어 
SPB-58085,2024-09-24 07:00:43,페달
SPB-40504,2024-09-24 07:01:10,안장
SPB-51957,2024-09-24 07:03:31,체인
SPB-65045,2024-09-24 07:09:26,타이어 
SPB-63966,2024-09-24 07:09:43,체인
SPB-54743,2024-09-24 07:10:16,타이어 
SPB-31009,2024-09-24 07:10:40,체인
SPB-34943,2024-09-24 07:11:16,체인
SPB-52590,2024-09-24 07:12:14,기타 
SPB-34692,2024-09-24 07:16:11,타이어 
SPB-49131,2024-09-24 07:17:42,타이어 
SPB-36876,2024-09-24 07:18:24,타이어 
SPB-58238,2024-09-24 07:19:09,타이어 
SPB-56896,2024-09-24 07:21:28,타이어 
SPB-80260,2024-09-24 07:22:31,안장
SPB-65665,2024-09-24 07:24:24,페달
SPB-81076,2024-09-24 07:26:52,페달
SPB-65022,2024-09-24 07:30:20,체인
SPB-43787,2024-09-24 07:31:24,체인
SPB-56965,2024-09-24 07:31:42,타이어 
SPB-57128,2024-09-24 07:34:09,기타 
SPB-67973,2024-09-24 07:34:36,체인
SPB-43861,2024-09-24 07:35:58,페달
SPB-64805,2024-09-24 07:36:30,체인
SPB-67298,2024-09-24 07:36:57,기타 
SPB-47321,2024-09-24 07:37:27,기타 
SPB-32790,2024-09-24 07:37:32,페달
SPB-40054,2024-09-24 07:37:34,체인
SPB-65304,2024-09-24 07:37:39,기타 
SPB-37785,2024-09-24 07:38:26,타이어 
SPB-40013,2024-09-24 07:41:26,기타 
SPB-50690,2024-09-24 07:41:47,페달
SPB-30218,2024-09-24 07:42:06,체인
SPB-46217,2024-09-24 07:42:14,안장
SPB-55359,2024-09-24 07:42:34,체인
SPB-34499,2024-09-24 07:44:00,안장
SPB-42568,2024-09-24 07:45:07,체인
SPB-62555,2024-09-24 07:45:34,타이어 
SPB-38776,2024-09-24 07:45:42,기타 
SPB-67638,2024-09-24 07:46:42,체인
SPB-41525,2024-09-24 07:50:49,타이어 
SPB-65197,2024-09-24 07:52:41,타이어 
SPB-47295,2024-09-24 07:53:14,체인
SPB-56219,2024-09-24 07:53:23,체인
SPB-68576,2024-09-24 07:53:27,타이어 
SPB-43668,2024-09-24 07:53:43,안장
SPB-36761,2024-09-24 07:55:02,체인
SPB-69483,2024-09-24 07:55:31,체인
SPB-41293,2024-09-24 07:55:55,기타 
SPB-46994,2024-09-24 07:56:01,체인
SPB-48769,2024-09-24 07:57:46,타이어 
SPB-46552,2024-09-24 07:59:17,타이어 
SPB-60500,2024-09-24 07:59:32,타이어 
SPB-40982,2024-09-24 08:00:05,체인
SPB-54858,2024-09-24 08:00:10,타이어 
SPB-34480,2024-09-24 08:03:27,페달
SPB-69275,2024-09-24 08:04:04,체인
SPB-63082,2024-09-24 08:04:06,타이어 
SPB-50530,2024-09-24 08:05:06,안장
SPB-53302,2024-09-24 08:06:27,체인
SPB-52101,2024-09-24 08:06:30,타이어 
SPB-51289,2024-09-24 08:06:47,페달
SPB-47572,2024-09-24 08:06:56,타이어 
SPB-49126,2024-09-24 08:08:00,체인
SPB-33333,2024-09-24 08:08:56,단말기
SPB-59438,2024-09-24 08:09:33,체인
SPB-45154,2024-09-24 08:09:41,기타 
SPB-64478,2024-09-24 08:10:37,단말기
SPB-57969,2024-09-24 08:11:15,기타 
SPB-36101,2024-09-24 08:12:22,체인
SPB-66005,2024-09-24 08:13:03,타이어 
SPB-35832,2024-09-24 08:14:07,기타 
SPB-49460,2024-09-24 08:14:18,타이어 
SPB-46042,2024-09-24 08:14:34,체인
SPB-57451,2024-09-24 08:14:58,안장
SPB-66413,2024-09-24 08:15:05,체인
SPB-37604,2024-09-24 08:15:18,안장
SPB-39503,2024-09-24 08:16:19,안장
SPB-34328,2024-09-24 08:16:33,페달
SPB-44891,2024-09-24 08:17:22,타이어 
SPB-32410,2024-09-24 08:17:28,안장
SPB-47103,2024-09-24 08:17:31,타이어 
SPB-61803,2024-09-24 08:17:40,체인
SPB-35633,2024-09-24 08:19:27,안장
SPB-62909,2024-09-24 08:19:41,타이어 
SPB-48268,2024-09-24 08:19:52,타이어 
SPB-44253,2024-09-24 08:21:29,타이어 
SPB-69881,2024-09-24 08:22:19,체인
SPB-66324,2024-09-24 08:23:17,타이어 
SPB-69441,2024-09-24 08:25:02,타이어 
SPB-58213,2024-09-24 08:25:44,타이어 
SPB-82550,2024-09-24 08:25:47,안장
SPB-56299,2024-09-24 08:26:01,기타 
SPB-39665,2024-09-24 08:26:02,기타 
SPB-66086,2024-09-24 08:26:09,타이어 
SPB-32484,2024-09-24 08:28:12,타이어 
SPB-66798,2024-09-24 08:30:11,안장
SPB-40768,2024-09-24 08:30:26,안장
SPB-30481,2024-09-24 08:30:45,타이어 
SPB-55686,2024-09-24 08:34:07,기타 
SPB-39816,2024-09-24 08:34:43,페달
SPB-63734,2024-09-24 08:35:04,타이어 
SPB-44974,2024-09-24 08:35:29,기타 
SPB-31981,2024-09-24 08:36:33,단말기
SPB-68714,2024-09-24 08:36:55,타이어 
SPB-67025,2024-09-24 08:37:07,체인
SPB-41632,2024-09-24 08:38:02,체인
SPB-62664,2024-09-24 08:38:23,타이어 
SPB-56142,2024-09-24 08:39:59,타이어 
SPB-57218,2024-09-24 08:41:04,안장
SPB-66079,2024-09-24 08:41:11,타이어 
SPB-39071,2024-09-24 08:41:53,안장
SPB-32643,2024-09-24 08:42:02,페달
SPB-69262,2024-09-24 08:42:27,페달
SPB-64725,2024-09-24 08:42:36,타이어 
SPB-44202,2024-09-24 08:42:57,체인
SPB-50006,2024-09-24 08:43:06,단말기
SPB-64134,2024-09-24 08:43:15,체인
SPB-39674,2024-09-24 08:46:07,타이어 
SPB-31582,2024-09-24 08:46:30,타이어 
SPB-33059,2024-09-24 08:46:58,페달
SPB-66876,2024-09-24 08:49:02,체인
SPB-64471,2024-09-24 08:49:11,체인
SPB-54930,2024-09-24 08:49:58,타이어 
SPB-51396,2024-09-24 08:50:22,페달
SPB-65595,2024-09-24 08:52:28,기타 
SPB-33432,2024-09-24 08:55:00,타이어 
SPB-49438,2024-09-24 08:56:01,타이어 
SPB-36125,2024-09-24 08:57:03,타이어 
SPB-53786,2024-09-24 08:57:27,타이어 
SPB-32080,2024-09-24 08:57:54,타이어 
SPB-34789,2024-09-24 08:59:30,체인
SPB-57208,2024-09-24 09:00:14,페달
SPB-39377,2024-09-24 09:00:48,체인
SPB-39582,2024-09-24 09:02:38,안장
SPB-44627,2024-09-24 09:02:51,타이어 
SPB-49367,2024-09-24 09:02:56,체인
SPB-61503,2024-09-24 09:02:59,안장
SPB-30662,2024-09-24 09:03:30,기타 
SPB-68565,2024-09-24 09:04:56,타이어 
SPB-36958,2024-09-24 09:07:08,타이어 
SPB-51700,2024-09-24 09:10:38,기타 
SPB-54393,2024-09-24 09:11:09,페달
SPB-69958,2024-09-24 09:11:56,기타 
SPB-65832,2024-09-24 09:12:25,기타 
SPB-35611,2024-09-24 09:14:13,단말기
SPB-38941,2024-09-24 09:14:29,안장
SPB-38169,2024-09-24 09:17:44,타이어 
SPB-80408,2024-09-24 09:19:36,타이어 
SPB-81546,2024-09-24 09:22:37,체인
SPB-49122,2024-09-24 09:23:03,기타 
SPB-62925,2024-09-24 09:23:15,페달
SPB-64207,2024-09-24 09:25:58,안장
SPB-32584,2024-09-24 09:26:25,기타 
SPB-68420,2024-09-24 09:28:22,기타 
SPB-59668,2024-09-24 09:36:17,체인
SPB-52884,2024-09-24 09:37:28,단말기
SPB-51319,2024-09-24 09:40:18,페달
SPB-63341,2024-09-24 09:43:08,타이어 
SPB-58816,2024-09-24 09:44:03,타이어 
SPB-53877,2024-09-24 09:44:40,안장
SPB-62536,2024-09-24 09:48:34,타이어 
SPB-49200,2024-09-24 09:50:36,타이어 
SPB-53755,2024-09-24 09:52:57,안장
SPB-33016,2024-09-24 09:57:01,기타 
SPB-52146,2024-09-24 09:57:26,페달
SPB-47031,2024-09-24 10:04:44,페달
SPB-37660,2024-09-24 10:06:42,타이어 
SPB-44017,2024-09-24 10:06:58,기타 
SPB-34171,2024-09-24 10:10:03,타이어 
SPB-31258,2024-09-24 10:12:18,페달
SPB-68011,2024-09-24 10:13:33,타이어 
SPB-59379,2024-09-24 10:14:08,기타 
SPB-66424,2024-09-24 10:15:03,체인
SPB-43114,2024-09-24 10:21:36,체인
SPB-50529,2024-09-24 10:29:34,체인
SPB-50590,2024-09-24 10:41:57,체인
SPB-54793,2024-09-24 10:49:10,단말기
SPB-40595,2024-09-24 10:51:09,기타 
SPB-57326,2024-09-24 10:57:10,타이어 
SPB-55687,2024-09-24 10:57:14,체인
SPB-49405,2024-09-24 10:58:07,타이어 
SPB-31792,2024-09-24 10:58:22,타이어 
SPB-45566,2024-09-24 11:01:50,체인
SPB-60084,2024-09-24 11:03:26,기타 
SPB-57913,2024-09-24 11:03:58,단말기
SPB-50271,2024-09-24 11:05:01,타이어 
SPB-64967,2024-09-24 11:05:07,타이어 
SPB-51299,2024-09-24 11:10:17,타이어 
SPB-43355,2024-09-24 11:11:44,체인
SPB-31666,2024-09-24 11:16:43,페달
SPB-69830,2024-09-24 11:17:05,체인
SPB-39346,2024-09-24 11:22:08,기타 
SPB-48312,2024-09-24 11:25:57,기타 
SPB-60755,2024-09-24 11:28:01,체인
SPB-53002,2024-09-24 11:29:48,기타 
SPB-62846,2024-09-24 11:31:05,체인
SPB-65202,2024-09-24 11:31:20,체인
SPB-32562,2024-09-24 11:37:12,단말기
SPB-33272,2024-09-24 11:39:36,기타 
SPB-52237,2024-09-24 11:42:56,단말기
SPB-47391,2024-09-24 11:42:58,기타 
SPB-65264,2024-09-24 11:44:35,체인
SPB-38058,2024-09-24 11:45:45,안장
SPB-51728,2024-09-24 11:46:36,체인
SPB-41340,2024-09-24 11:57:40,안장
SPB-44268,2024-09-24 12:04:57,타이어 
SPB-60536,2024-09-24 12:11:21,타이어 
SPB-46963,2024-09-24 12:12:55,타이어 
SPB-50725,2024-09-24 12:15:33,안장
SPB-32327,2024-09-24 12:18:46,체인
SPB-54283,2024-09-24 12:38:46,안장
SPB-53810,2024-09-24 12:39:23,체인
SPB-55858,2024-09-24 12:40:16,타이어 
SPB-44530,2024-09-24 12:47:35,체인
SPB-54076,2024-09-24 12:47:49,안장
SPB-42464,2024-09-24 12:48:08,타이어 
SPB-41223,2024-09-24 12:53:01,체인
SPB-30772,2024-09-24 12:54:30,기타 
SPB-43382,2024-09-24 12:55:24,체인
SPB-49000,2024-09-24 13:03:40,페달
SPB-48828,2024-09-24 13:04:10,체인
SPB-56476,2024-09-24 13:04:35,기타 
SPB-45022,2024-09-24 13:05:27,단말기
SPB-33865,2024-09-24 13:06:48,페달
SPB-53212,2024-09-24 13:07:15,단말기
SPB-64396,2024-09-24 13:13:27,타이어 
SPB-66323,2024-09-24 13:13:36,기타 
SPB-52888,2024-09-24 13:14:03,체인
SPB-39164,2024-09-24 13:17:37,체인
SPB-66203,2024-09-24 13:17:44,단말기
SPB-62158,2024-09-24 13:18:36,기타 
SPB-60508,2024-09-24 13:19:26,안장
SPB-65698,2024-09-24 13:26:36,체인
SPB-40120,2024-09-24 13:26:44,타이어 
SPB-53781,2024-09-24 13:27:48,타이어 
SPB-42379,2024-09-24 13:30:05,체인
SPB-45067,2024-09-24 13:30:28,체인
SPB-51365,2024-09-24 13:31:22,타이어 
SPB-54771,2024-09-24 13:31:46,체인
SPB-65739,2024-09-24 13:31:54,타이어 
SPB-53114,2024-09-24 13:37:23,안장
SPB-35832,2024-09-24 13:38:49,기타 
SPB-64350,2024-09-24 13:39:28,기타 
SPB-52647,2024-09-24 13:50:41,체인
SPB-66846,2024-09-24 13:54:04,체인
SPB-39293,2024-09-24 13:59:26,페달
SPB-44463,2024-09-24 14:01:24,체인
SPB-36608,2024-09-24 14:01:35,타이어 
SPB-42037,2024-09-24 14:05:36,체인
SPB-55746,2024-09-24 14:06:38,안장
SPB-56912,2024-09-24 14:09:36,타이어 
SPB-34686,2024-09-24 14:11:45,체인
SPB-30813,2024-09-24 14:13:51,안장
SPB-53805,2024-09-24 14:14:46,타이어 
SPB-48044,2024-09-24 14:16:52,페달
SPB-68272,2024-09-24 14:21:08,기타 
SPB-64215,2024-09-24 14:27:50,체인
SPB-69041,2024-09-24 14:29:41,기타 
SPB-70041,2024-09-24 14:33:02,체인
SPB-46384,2024-09-24 14:38:33,체인
SPB-52517,2024-09-24 14:38:57,기타 
SPB-69169,2024-09-24 14:45:42,체인
SPB-64500,2024-09-24 14:46:16,기타 
SPB-40220,2024-09-24 14:48:30,안장
SPB-68143,2024-09-24 14:52:01,체인
SPB-51088,2024-09-24 14:52:28,체인
SPB-35391,2024-09-24 15:00:13,체인
SPB-40930,2024-09-24 15:00:54,안장
SPB-45850,2024-09-24 15:02:29,체인
SPB-48512,2024-09-24 15:09:51,페달
SPB-33567,2024-09-24 15:11:24,타이어 
SPB-70245,2024-09-24 15:14:48,체인
SPB-56570,2024-09-24 15:18:47,페달
SPB-34478,2024-09-24 15:20:26,타이어 
SPB-46005,2024-09-24 15:20:46,기타 
SPB-53115,2024-09-24 15:22:55,페달
SPB-55457,2024-09-24 15:24:28,페달
SPB-45104,2024-09-24 15:25:33,체인
SPB-70080,2024-09-24 15:29:38,타이어 
SPB-49166,2024-09-24 15:31:24,타이어 
SPB-51549,2024-09-24 15:31:47,체인
SPB-54084,2024-09-24 15:32:16,안장
SPB-66781,2024-09-24 15:32:30,타이어 
SPB-31397,2024-09-24 15:33:35,체인
SPB-60512,2024-09-24 15:33:58,페달
SPB-30234,2024-09-24 15:38:14,타이어 
SPB-40430,2024-09-24 15:42:37,체인
SPB-66944,2024-09-24 15:43:12,체인
SPB-45637,2024-09-24 15:46:21,타이어 
SPB-65771,2024-09-24 15:46:55,안장
SPB-65858,2024-09-24 15:47:14,체인
SPB-42181,2024-09-24 15:50:21,페달
SPB-66376,2024-09-24 15:54:45,타이어 
SPB-54414,2024-09-24 15:58:58,체인
SPB-36380,2024-09-24 16:00:16,단말기
SPB-37939,2024-09-24 16:01:58,안장
SPB-48340,2024-09-24 16:12:09,안장
SPB-65210,2024-09-24 16:13:21,체인
SPB-56473,2024-09-24 16:16:55,체인
SPB-41910,2024-09-24 16:19:22,체인
SPB-64965,2024-09-24 16:19:52,기타 
SPB-67974,2024-09-24 16:20:00,타이어 
SPB-39549,2024-09-24 16:20:09,타이어 
SPB-47022,2024-09-24 16:20:29,체인
SPB-57032,2024-09-24 16:21:43,체인
SPB-65046,2024-09-24 16:22:08,체인
SPB-53366,2024-09-24 16:28:54,타이어 
SPB-46674,2024-09-24 16:30:50,기타 
SPB-40471,2024-09-24 16:30:57,체인
SPB-58711,2024-09-24 16:31:39,페달
SPB-63691,2024-09-24 16:34:24,타이어 
SPB-33728,2024-09-24 16:40:28,타이어 
SPB-30157,2024-09-24 16:41:40,타이어 
SPB-54600,2024-09-24 16:42:38,기타 
SPB-58126,2024-09-24 16:42:55,타이어 
SPB-81266,2024-09-24 16:43:43,체인
SPB-68093,2024-09-24 16:44:54,체인
SPB-36713,2024-09-24 16:46:51,페달
SPB-64822,2024-09-24 16:49:48,타이어 
SPB-55974,2024-09-24 16:51:21,타이어 
SPB-55037,2024-09-24 16:51:40,페달
SPB-67192,2024-09-24 16:52:46,페달
SPB-63014,2024-09-24 16:57:04,단말기
SPB-70386,2024-09-24 16:59:39,기타 
SPB-30364,2024-09-24 17:00:09,기타 
SPB-45761,2024-09-24 17:00:35,기타 
SPB-37486,2024-09-24 17:03:50,체인
SPB-63887,2024-09-24 17:04:24,기타 
SPB-52875,2024-09-24 17:06:35,타이어 
SPB-54304,2024-09-24 17:06:57,체인
SPB-69799,2024-09-24 17:07:25,기타 
SPB-69659,2024-09-24 17:09:15,체인
SPB-37759,2024-09-24 17:12:57,체인
SPB-59847,2024-09-24 17:14:53,체인
SPB-65687,2024-09-24 17:16:57,타이어 
SPB-44984,2024-09-24 17:16:57,안장
SPB-58624,2024-09-24 17:17:01,체인
SPB-36211,2024-09-24 17:20:22,페달
SPB-67268,2024-09-24 17:23:09,체인
SPB-47918,2024-09-24 17:23:54,페달
SPB-38441,2024-09-24 17:25:51,기타 
SPB-38450,2024-09-24 17:27:20,체인
SPB-61179,2024-09-24 17:28:42,타이어 
SPB-48614,2024-09-24 17:29:04,타이어 
SPB-65134,2024-09-24 17:29:23,타이어 
SPB-35124,2024-09-24 17:31:31,기타 
SPB-52793,2024-09-24 17:35:40,타이어 
SPB-46878,2024-09-24 17:36:05,타이어 
SPB-58512,2024-09-24 17:36:08,타이어 
SPB-50822,2024-09-24 17:37:36,안장
SPB-40071,2024-09-24 17:37:52,안장
SPB-32720,2024-09-24 17:37:52,기타 
SPB-32090,2024-09-24 17:39:12,체인
SPB-56564,2024-09-24 17:39:17,타이어 
SPB-54398,2024-09-24 17:42:28,페달
SPB-55334,2024-09-24 17:42:29,기타 
SPB-53360,2024-09-24 17:42:30,타이어 
SPB-51267,2024-09-24 17:43:15,타이어 
SPB-51818,2024-09-24 17:43:53,기타 
SPB-66285,2024-09-24 17:44:13,안장
SPB-70363,2024-09-24 17:44:13,체인
SPB-64629,2024-09-24 17:45:08,타이어 
SPB-55644,2024-09-24 17:45:14,타이어 
SPB-65380,2024-09-24 17:45:32,안장
SPB-38885,2024-09-24 17:45:50,안장
SPB-58926,2024-09-24 17:47:10,타이어 
SPB-67252,2024-09-24 17:49:46,기타 
SPB-67905,2024-09-24 17:49:47,체인
SPB-65329,2024-09-24 17:50:33,체인
SPB-48067,2024-09-24 17:51:05,기타 
SPB-40978,2024-09-24 17:51:30,체인
SPB-38300,2024-09-24 17:51:56,타이어 
SPB-40967,2024-09-24 17:53:56,체인
SPB-41840,2024-09-24 17:53:57,체인
SPB-58172,2024-09-24 17:54:29,페달
SPB-45636,2024-09-24 17:55:00,체인
SPB-43002,2024-09-24 17:55:36,기타 
SPB-63734,2024-09-24 17:57:18,체인
SPB-42823,2024-09-24 17:57:51,기타 
SPB-57591,2024-09-24 18:00:59,기타 
SPB-40407,2024-09-24 18:01:23,안장
SPB-52640,2024-09-24 18:03:23,체인
SPB-47421,2024-09-24 18:05:46,기타 
SPB-42482,2024-09-24 18:06:36,안장
SPB-35843,2024-09-24 18:06:41,안장
SPB-43257,2024-09-24 18:07:03,타이어 
SPB-39853,2024-09-24 18:07:38,안장
SPB-57492,2024-09-24 18:07:58,체인
SPB-58982,2024-09-24 18:08:43,체인
SPB-48828,2024-09-24 18:09:00,페달
SPB-53752,2024-09-24 18:09:03,타이어 
SPB-57997,2024-09-24 18:09:53,타이어 
SPB-63583,2024-09-24 18:10:04,타이어 
SPB-40277,2024-09-24 18:10:40,체인
SPB-69214,2024-09-24 18:10:45,체인
SPB-44305,2024-09-24 18:10:47,타이어 
SPB-57092,2024-09-24 18:10:47,체인
SPB-37696,2024-09-24 18:11:59,타이어 
SPB-48735,2024-09-24 18:12:01,기타 
SPB-46235,2024-09-24 18:12:30,체인
SPB-45291,2024-09-24 18:12:36,단말기
SPB-40886,2024-09-24 18:12:50,안장
SPB-57241,2024-09-24 18:14:52,페달
SPB-66581,2024-09-24 18:15:50,타이어 
SPB-40529,2024-09-24 18:16:22,페달
SPB-42910,2024-09-24 18:16:25,안장
SPB-49106,2024-09-24 18:16:44,기타 
SPB-60335,2024-09-24 18:16:47,체인
SPB-54466,2024-09-24 18:17:05,안장
SPB-69009,2024-09-24 18:17:15,체인
SPB-63144,2024-09-24 18:17:48,타이어 
SPB-58185,2024-09-24 18:17:50,체인
SPB-33586,2024-09-24 18:17:52,안장
SPB-45640,2024-09-24 18:17:53,기타 
SPB-69048,2024-09-24 18:18:13,타이어 
SPB-35924,2024-09-24 18:19:26,타이어 
SPB-82389,2024-09-24 18:20:27,안장
SPB-43738,2024-09-24 18:20:55,타이어 
SPB-66957,2024-09-24 18:21:29,체인
SPB-35337,2024-09-24 18:22:01,체인
SPB-33841,2024-09-24 18:22:58,페달
SPB-49236,2024-09-24 18:23:30,타이어 
SPB-55473,2024-09-24 18:23:31,페달
SPB-60363,2024-09-24 18:23:47,체인
SPB-59751,2024-09-24 18:24:40,타이어 
SPB-62618,2024-09-24 18:24:41,체인
SPB-41578,2024-09-24 18:26:21,기타 
SPB-68023,2024-09-24 18:26:31,체인
SPB-53948,2024-09-24 18:27:28,체인
SPB-80885,2024-09-24 18:28:05,기타 
SPB-32880,2024-09-24 18:29:26,페달
SPB-70441,2024-09-24 18:30:22,기타 
SPB-54810,2024-09-24 18:30:37,타이어 
SPB-50154,2024-09-24 18:30:51,기타 
SPB-55835,2024-09-24 18:31:05,타이어 
SPB-34404,2024-09-24 18:31:40,체인
SPB-33635,2024-09-24 18:32:27,타이어 
SPB-63849,2024-09-24 18:32:51,타이어 
SPB-57407,2024-09-24 18:33:42,기타 
SPB-47420,2024-09-24 18:34:03,타이어 
SPB-58459,2024-09-24 18:34:03,타이어 
SPB-38744,2024-09-24 18:34:03,타이어 
SPB-61513,2024-09-24 18:34:24,체인
SPB-50161,2024-09-24 18:35:20,체인
SPB-46427,2024-09-24 18:37:20,타이어 
SPB-60110,2024-09-24 18:38:08,페달
SPB-40513,2024-09-24 18:38:23,기타 
SPB-69665,2024-09-24 18:38:32,페달
SPB-59856,2024-09-24 18:41:06,타이어 
SPB-35104,2024-09-24 18:41:07,체인
SPB-31532,2024-09-24 18:41:50,기타 
SPB-45030,2024-09-24 18:42:40,안장
SPB-54704,2024-09-24 18:43:11,타이어 
SPB-48819,2024-09-24 18:44:25,기타 
SPB-69050,2024-09-24 18:44:40,안장
SPB-31305,2024-09-24 18:44:44,기타 
SPB-44361,2024-09-24 18:45:55,체인
SPB-61994,2024-09-24 18:46:36,기타 
SPB-51624,2024-09-24 18:47:46,체인
SPB-50504,2024-09-24 18:47:56,단말기
SPB-67520,2024-09-24 18:48:30,타이어 
SPB-56956,2024-09-24 18:49:20,페달
SPB-40447,2024-09-24 18:49:40,안장
SPB-63516,2024-09-24 18:49:44,타이어 
SPB-66882,2024-09-24 18:50:51,체인
SPB-61931,2024-09-24 18:51:54,타이어 
SPB-39815,2024-09-24 18:52:24,타이어 
SPB-68881,2024-09-24 18:53:56,기타 
SPB-36234,2024-09-24 18:55:31,안장
SPB-50315,2024-09-24 18:55:38,안장
SPB-68611,2024-09-24 18:56:06,기타 
SPB-55005,2024-09-24 18:56:37,페달
SPB-66496,2024-09-24 18:56:44,타이어 
SPB-36852,2024-09-24 18:57:05,타이어 
SPB-52104,2024-09-24 18:57:31,체인
SPB-33700,2024-09-24 18:57:56,페달
SPB-35862,2024-09-24 18:59:04,체인
SPB-45448,2024-09-24 19:00:09,안장
SPB-30320,2024-09-24 19:01:14,기타 
SPB-66824,2024-09-24 19:02:28,타이어 
SPB-64538,2024-09-24 19:02:28,타이어 
SPB-53355,2024-09-24 19:03:54,안장
SPB-68850,2024-09-24 19:04:43,체인
SPB-33831,2024-09-24 19:04:48,체인
SPB-31026,2024-09-24 19:04:49,안장
SPB-57999,2024-09-24 19:04:55,타이어 
SPB-59062,2024-09-24 19:04:58,타이어 
SPB-80587,2024-09-24 19:05:57,타이어 
SPB-45902,2024-09-24 19:06:58,체인
SPB-51432,2024-09-24 19:07:22,체인
SPB-50503,2024-09-24 19:08:12,기타 
SPB-52126,2024-09-24 19:08:21,타이어 
SPB-66884,2024-09-24 19:09:20,타이어 
SPB-80914,2024-09-24 19:09:40,타이어 
SPB-40414,2024-09-24 19:09:46,체인
SPB-61605,2024-09-24 19:11:36,기타 
SPB-55453,2024-09-24 19:12:38,페달
SPB-65476,2024-09-24 19:12:43,기타 
SPB-56566,2024-09-24 19:13:10,체인
SPB-45589,2024-09-24 19:13:16,타이어 
SPB-51833,2024-09-24 19:13:39,체인
SPB-37572,2024-09-24 19:14:57,체인
SPB-56015,2024-09-24 19:15:24,페달
SPB-35082,2024-09-24 19:16:05,기타 
SPB-70039,2024-09-24 19:16:14,체인
SPB-60695,2024-09-24 19:16:15,체인
SPB-44401,2024-09-24 19:17:11,타이어 
SPB-66786,2024-09-24 19:18:51,체인
SPB-61041,2024-09-24 19:19:32,페달
SPB-54767,2024-09-24 19:19:35,페달
SPB-32136,2024-09-24 19:19:46,체인
SPB-57369,2024-09-24 19:19:51,페달
SPB-54377,2024-09-24 19:20:10,타이어 
SPB-68867,2024-09-24 19:22:37,타이어 
SPB-65576,2024-09-24 19:22:42,타이어 
SPB-66954,2024-09-24 19:23:04,체인
SPB-45700,2024-09-24 19:24:29,타이어 
SPB-51993,2024-09-24 19:24:37,타이어 
SPB-54830,2024-09-24 19:26:03,체인
SPB-52626,2024-09-24 19:27:08,기타 
SPB-63435,2024-09-24 19:27:57,안장
SPB-43567,2024-09-24 19:28:26,타이어 
SPB-48555,2024-09-24 19:28:29,체인
SPB-59212,2024-09-24 19:28:49,타이어 
SPB-40083,2024-09-24 19:29:04,안장
SPB-61451,2024-09-24 19:29:22,기타 
SPB-48665,2024-09-24 19:29:28,타이어 
SPB-49178,2024-09-24 19:29:35,체인
SPB-57023,2024-09-24 19:34:23,기타 
SPB-53789,2024-09-24 19:34:52,기타 
SPB-38681,2024-09-24 19:36:12,페달
SPB-60614,2024-09-24 19:36:35,페달
SPB-66424,2024-09-24 19:36:39,기타 
SPB-50805,2024-09-24 19:36:58,체인
SPB-39677,2024-09-24 19:37:07,타이어 
SPB-40203,2024-09-24 19:37:24,체인
SPB-65294,2024-09-24 19:37:36,기타 
SPB-42214,2024-09-24 19:37:43,타이어 
SPB-70130,2024-09-24 19:38:07,기타 
SPB-34980,2024-09-24 19:40:11,안장
SPB-83268,2024-09-24 19:40:52,페달
SPB-50212,2024-09-24 19:43:26,페달
SPB-46154,2024-09-24 19:44:01,타이어 
SPB-31286,2024-09-24 19:45:15,기타 
SPB-53814,2024-09-24 19:45:25,페달
SPB-49296,2024-09-24 19:47:45,타이어 
SPB-46545,2024-09-24 19:49:00,안장
SPB-64940,2024-09-24 19:51:27,체인
SPB-41828,2024-09-24 19:51:53,기타 
SPB-53550,2024-09-24 19:52:51,체인
SPB-54033,2024-09-24 19:53:14,안장
SPB-56547,2024-09-24 19:53:45,체인
SPB-58587,2024-09-24 19:54:25,타이어 
SPB-37872,2024-09-24 19:54:55,체인
SPB-70298,2024-09-24 19:55:23,체인
SPB-48347,2024-09-24 19:56:22,체인
SPB-53116,2024-09-24 19:57:27,타이어 
SPB-57207,2024-09-24 20:00:11,기타 
SPB-35743,2024-09-24 20:00:46,안장
SPB-65176,2024-09-24 20:01:32,타이어 
SPB-48836,2024-09-24 20:03:56,체인
SPB-55837,2024-09-24 20:03:59,기타 
SPB-30611,2024-09-24 20:03:59,페달
SPB-66850,2024-09-24 20:04:08,기타 
SPB-36015,2024-09-24 20:04:48,페달
SPB-35908,2024-09-24 20:07:42,기타 
SPB-37693,2024-09-24 20:09:47,안장
SPB-31500,2024-09-24 20:12:03,체인
SPB-53793,2024-09-24 20:12:25,기타 
SPB-57309,2024-09-24 20:13:11,타이어 
SPB-32609,2024-09-24 20:14:33,페달
SPB-31830,2024-09-24 20:15:44,안장
SPB-63017,2024-09-24 20:18:14,기타 
SPB-53194,2024-09-24 20:22:57,안장
SPB-39418,2024-09-24 20:25:31,단말기
SPB-56346,2024-09-24 20:29:28,타이어 
SPB-64216,2024-09-24 20:30:25,페달
SPB-68343,2024-09-24 20:32:02,단말기
SPB-35192,2024-09-24 20:33:17,체인
SPB-82942,2024-09-24 20:33:32,타이어 
SPB-82730,2024-09-24 20:35:15,기타 
SPB-34748,2024-09-24 20:35:16,기타 
SPB-58846,2024-09-24 20:35:20,타이어 
SPB-44791,2024-09-24 20:35:24,타이어 
SPB-48141,2024-09-24 20:36:00,페달
SPB-55545,2024-09-24 20:37:45,타이어 
SPB-81410,2024-09-24 20:37:50,타이어 
SPB-57431,2024-09-24 20:38:05,안장
SPB-58471,2024-09-24 20:38:57,체인
SPB-52169,2024-09-24 20:39:42,페달
SPB-39082,2024-09-24 20:42:16,타이어 
SPB-45859,2024-09-24 20:42:27,안장
SPB-46942,2024-09-24 20:42:42,안장
SPB-37370,2024-09-24 20:45:04,기타 
SPB-33935,2024-09-24 20:46:54,단말기
SPB-82370,2024-09-24 20:48:25,타이어 
SPB-67455,2024-09-24 20:53:42,타이어 
SPB-33397,2024-09-24 20:54:59,기타 
SPB-63290,2024-09-24 20:55:31,기타 
SPB-38575,2024-09-24 20:58:06,타이어 
SPB-81957,2024-09-24 20:58:23,페달
SPB-34356,2024-09-24 20:59:41,타이어 
SPB-37752,2024-09-24 21:01:22,기타 
SPB-56708,2024-09-24 21:04:16,기타 
SPB-68385,2024-09-24 21:05:33,타이어 
SPB-31874,2024-09-24 21:07:16,페달
SPB-66885,2024-09-24 21:07:26,기타 
SPB-36045,2024-09-24 21:10:45,타이어 
SPB-67631,2024-09-24 21:11:50,페달
SPB-44959,2024-09-24 21:12:25,페달
SPB-62813,2024-09-24 21:12:33,체인
SPB-61022,2024-09-24 21:14:24,기타 
SPB-56649,2024-09-24 21:15:19,체인
SPB-31949,2024-09-24 21:17:08,타이어 
SPB-42200,2024-09-24 21:19:05,체인
SPB-67530,2024-09-24 21:19:09,체인
SPB-67389,2024-09-24 21:21:20,안장
SPB-70383,2024-09-24 21:22:53,안장
SPB-69717,2024-09-24 21:22:56,체인
SPB-41752,2024-09-24 21:23:21,기타 
SPB-49310,2024-09-24 21:26:22,페달
SPB-58841,2024-09-24 21:28:16,타이어 
SPB-68998,2024-09-24 21:28:42,기타 
SPB-68270,2024-09-24 21:31:05,기타 
SPB-70470,2024-09-24 21:32:16,체인
SPB-61398,2024-09-24 21:34:41,안장
SPB-51097,2024-09-24 21:36:34,페달
SPB-32076,2024-09-24 21:37:11,기타 
SPB-50774,2024-09-24 21:37:44,체인
SPB-38447,2024-09-24 21:38:02,안장
SPB-33991,2024-09-24 21:39:41,기타 
SPB-61679,2024-09-24 21:39:50,기타 
SPB-40394,2024-09-24 21:40:35,타이어 
SPB-30262,2024-09-24 21:44:22,타이어 
SPB-60296,2024-09-24 21:46:27,타이어 
SPB-51888,2024-09-24 21:47:30,기타 
SPB-47140,2024-09-24 21:47:30,페달
SPB-34672,2024-09-24 21:48:45,타이어 
SPB-44612,2024-09-24 21:48:53,타이어 
SPB-30263,2024-09-24 21:51:07,단말기
SPB-38987,2024-09-24 21:51:56,페달
SPB-70370,2024-09-24 21:52:09,체인
SPB-52973,2024-09-24 21:53:23,기타 
SPB-67047,2024-09-24 21:55:44,기타 
SPB-47966,2024-09-24 21:56:18,페달
SPB-36218,2024-09-24 21:57:17,체인
SPB-45675,2024-09-24 21:57:22,기타 
SPB-39025,2024-09-24 21:57:24,체인
SPB-62756,2024-09-24 21:57:30,기타 
SPB-60352,2024-09-24 21:58:14,체인
SPB-65666,2024-09-24 22:00:05,타이어 
SPB-69548,2024-09-24 22:00:48,체인
SPB-84254,2024-09-24 22:01:13,기타 
SPB-57406,2024-09-24 22:01:45,기타 
SPB-52180,2024-09-24 22:02:23,안장
SPB-60365,2024-09-24 22:03:20,기타 
SPB-49132,2024-09-24 22:05:09,기타 
SPB-50563,2024-09-24 22:05:57,단말기
SPB-51788,2024-09-24 22:06:57,타이어 
SPB-66953,2024-09-24 22:07:07,체인
SPB-50956,2024-09-24 22:08:18,타이어 
SPB-82698,2024-09-24 22:10:04,타이어 
SPB-53693,2024-09-24 22:10:25,단말기
SPB-54500,2024-09-24 22:12:13,기타 
SPB-63124,2024-09-24 22:12:36,타이어 
SPB-64869,2024-09-24 22:12:50,단말기
SPB-57508,2024-09-24 22:12:59,안장
SPB-65014,2024-09-24 22:13:54,기타 
SPB-50795,2024-09-24 22:13:56,타이어 
SPB-47986,2024-09-24 22:14:08,기타 
SPB-37605,2024-09-24 22:17:11,안장
SPB-57118,2024-09-24 22:17:23,페달
SPB-38138,2024-09-24 22:17:41,체인
SPB-84782,2024-09-24 22:20:56,타이어 
SPB-54912,2024-09-24 22:21:44,타이어 
SPB-47918,2024-09-24 22:23:44,페달
SPB-38634,2024-09-24 22:26:26,기타 
SPB-49254,2024-09-24 22:27:32,기타 
SPB-63713,2024-09-24 22:29:24,타이어 
SPB-64951,2024-09-24 22:29:32,타이어 
SPB-30372,2024-09-24 22:32:24,타이어 
SPB-55063,2024-09-24 22:32:39,체인
SPB-61165,2024-09-24 22:34:36,안장
SPB-70244,2024-09-24 22:34:58,기타 
SPB-83748,2024-09-24 22:35:21,체인
SPB-34405,2024-09-24 22:37:18,기타 
SPB-38611,2024-09-24 22:38:37,체인
SPB-68441,2024-09-24 22:40:19,체인
SPB-34530,2024-09-24 22:41:31,안장
SPB-40747,2024-09-24 22:44:16,페달
SPB-51632,2024-09-24 22:47:36,단말기
SPB-67679,2024-09-24 22:48:39,체인
SPB-32368,2024-09-24 22:48:50,페달
SPB-39846,2024-09-24 22:49:01,타이어 
SPB-31381,2024-09-24 22:50:09,타이어 
SPB-64678,2024-09-24 22:52:53,기타 
SPB-84677,2024-09-24 22:54:30,타이어 
SPB-66755,2024-09-24 22:59:45,기타 
SPB-32245,2024-09-24 23:00:02,페달
SPB-41697,2024-09-24 23:01:37,기타 
SPB-38845,2024-09-24 23:03:40,체인
SPB-68897,2024-09-24 23:06:23,체인
SPB-84185,2024-09-24 23:09:17,안장
SPB-39811,2024-09-24 23:10:11,체인
SPB-40101,2024-09-24 23:10:41,타이어 
SPB-59023,2024-09-24 23:13:58,체인
SPB-58929,2024-09-24 23:14:07,체인
SPB-38501,2024-09-24 23:15:08,기타 
SPB-39805,2024-09-24 23:20:19,페달
SPB-60440,2024-09-24 23:20:20,타이어 
SPB-70200,2024-09-24 23:26:29,타이어 
SPB-43336,2024-09-24 23:27:09,체인
SPB-66434,2024-09-24 23:31:46,단말기
SPB-44186,2024-09-24 23:33:48,안장
SPB-63113,2024-09-24 23:33:51,타이어 
SPB-53127,2024-09-24 23:34:45,체인
SPB-43673,2024-09-24 23:36:03,타이어 
SPB-59773,2024-09-24 23:38:26,타이어 
SPB-44672,2024-09-24 23:39:44,단말기
SPB-37345,2024-09-24 23:43:28,안장
SPB-54656,2024-09-24 23:48:53,타이어 
SPB-38409,2024-09-24 23:52:05,타이어 
SPB-62805,2024-09-24 23:53:55,체인
SPB-80184,2024-09-24 23:58:34,타이어 
SPB-44329,2024-09-25 00:00:28,페달
SPB-44737,2024-09-25 00:01:43,타이어 
SPB-84929,2024-09-25 00:08:12,페달
SPB-69877,2024-09-25 00:16:51,타이어 
SPB-50052,2024-09-25 00:17:08,단말기
SPB-55529,2024-09-25 00:30:43,단말기
SPB-39781,2024-09-25 00:31:29,안장
SPB-62123,2024-09-25 00:33:28,체인
SPB-59663,2024-09-25 00:33:30,체인
SPB-80827,2024-09-25 00:34:55,체인
SPB-51062,2024-09-25 00:36:47,기타 
SPB-41602,2024-09-25 00:48:52,체인
SPB-44933,2024-09-25 00:49:21,체인
SPB-47376,2024-09-25 01:00:07,체인
SPB-44269,2024-09-25 01:09:54,체인
SPB-83668,2024-09-25 01:18:31,타이어 
SPB-67394,2024-09-25 01:23:09,체인
SPB-54191,2024-09-25 01:25:35,기타 
SPB-61951,2024-09-25 01:42:43,기타 
SPB-53185,2024-09-25 02:44:33,체인
SPB-52195,2024-09-25 02:45:01,페달
SPB-52240,2024-09-25 03:21:12,페달
SPB-36145,2024-09-25 03:27:29,타이어 
SPB-41650,2024-09-25 03:28:52,기타 
SPB-56882,2024-09-25 04:41:40,체인
SPB-30830,2024-09-25 05:07:25,타이어 
SPB-66289,2024-09-25 05:26:11,기타 
SPB-47891,2024-09-25 05:29:35,체인
SPB-66290,2024-09-25 05:31:35,기타 
SPB-45048,2024-09-25 05:34:57,타이어 
SPB-35067,2024-09-25 05:42:12,체인
SPB-63835,2024-09-25 05:43:30,체인
SPB-64077,2024-09-25 06:00:09,페달
SPB-59318,2024-09-25 06:06:40,타이어 
SPB-59432,2024-09-25 06:08:15,타이어 
SPB-58310,2024-09-25 06:12:19,단말기
SPB-45571,2024-09-25 06:23:16,타이어 
SPB-33924,2024-09-25 06:23:58,기타 
SPB-68081,2024-09-25 06:24:10,기타 
SPB-68757,2024-09-25 06:29:55,타이어 
SPB-66846,2024-09-25 06:32:02,타이어 
SPB-31135,2024-09-25 06:36:15,체인
SPB-40909,2024-09-25 06:36:44,안장
SPB-59786,2024-09-25 06:37:33,페달
SPB-66937,2024-09-25 06:37:50,타이어 
SPB-49491,2024-09-25 06:43:45,타이어 
SPB-62004,2024-09-25 06:47:57,체인
SPB-43963,2024-09-25 06:49:19,체인
SPB-47371,2024-09-25 06:51:56,기타 
SPB-36400,2024-09-25 06:56:55,타이어 
SPB-31430,2024-09-25 06:57:43,타이어 
SPB-66286,2024-09-25 06:58:47,안장
SPB-40281,2024-09-25 06:59:16,타이어 
SPB-34224,2024-09-25 07:00:21,타이어 
SPB-33587,2024-09-25 07:02:36,기타 
SPB-37256,2024-09-25 07:04:41,기타 
SPB-70092,2024-09-25 07:05:45,단말기
SPB-59479,2024-09-25 07:07:16,타이어 
SPB-55715,2024-09-25 07:07:31,안장
SPB-69918,2024-09-25 07:08:35,체인
SPB-63255,2024-09-25 07:15:05,기타 
SPB-52217,2024-09-25 07:17:49,페달
SPB-67315,2024-09-25 07:18:31,기타 
SPB-54296,2024-09-25 07:18:42,타이어 
SPB-50412,2024-09-25 07:22:07,기타 
SPB-68022,2024-09-25 07:22:12,기타 
SPB-53869,2024-09-25 07:25:43,체인
SPB-49338,2024-09-25 07:31:52,페달
SPB-56012,2024-09-25 07:32:06,안장
SPB-58926,2024-09-25 07:32:27,타이어 
SPB-31596,2024-09-25 07:33:26,기타 
SPB-55579,2024-09-25 07:33:51,체인
SPB-44919,2024-09-25 07:35:05,타이어 
SPB-62721,2024-09-25 07:37:09,안장
SPB-69616,2024-09-25 07:40:07,타이어 
SPB-30497,2024-09-25 07:40:47,타이어 
SPB-66400,2024-09-25 07:42:48,타이어 
SPB-56026,2024-09-25 07:44:10,기타 
SPB-58136,2024-09-25 07:48:59,타이어 
SPB-42866,2024-09-25 07:50:42,안장
SPB-65772,2024-09-25 07:50:48,체인
SPB-56472,2024-09-25 07:51:21,타이어 
SPB-51003,2024-09-25 07:56:16,단말기
SPB-69123,2024-09-25 07:57:34,체인
SPB-67025,2024-09-25 07:58:15,타이어 
SPB-54898,2024-09-25 07:58:18,타이어 
SPB-60884,2024-09-25 07:59:14,타이어 
SPB-68499,2024-09-25 08:00:32,페달
SPB-42467,2024-09-25 08:01:08,타이어 
SPB-37949,2024-09-25 08:02:54,타이어 
SPB-46544,2024-09-25 08:03:24,안장
SPB-31578,2024-09-25 08:05:08,기타 
SPB-31419,2024-09-25 08:06:11,기타 
SPB-57008,2024-09-25 08:07:06,페달
SPB-64526,2024-09-25 08:11:21,안장
SPB-65430,2024-09-25 08:12:12,기타 
SPB-57376,2024-09-25 08:12:54,안장
SPB-58636,2024-09-25 08:13:26,기타 
SPB-70343,2024-09-25 08:14:17,페달
SPB-47304,2024-09-25 08:15:29,체인
SPB-37022,2024-09-25 08:16:23,타이어 
SPB-41364,2024-09-25 08:16:35,체인
SPB-64675,2024-09-25 08:17:14,안장
SPB-48002,2024-09-25 08:20:16,안장
SPB-37935,2024-09-25 08:21:05,안장
SPB-66700,2024-09-25 08:21:35,기타 
SPB-46794,2024-09-25 08:24:25,안장
SPB-45065,2024-09-25 08:25:32,체인
SPB-58527,2024-09-25 08:28:26,기타 
SPB-37414,2024-09-25 08:28:37,체인
SPB-35155,2024-09-25 08:28:45,타이어 
SPB-39694,2024-09-25 08:29:16,페달
SPB-30435,2024-09-25 08:29:47,체인
SPB-31102,2024-09-25 08:30:09,페달
SPB-46828,2024-09-25 08:30:26,타이어 
SPB-62250,2024-09-25 08:30:32,타이어 
SPB-68643,2024-09-25 08:32:27,단말기
SPB-33219,2024-09-25 08:32:30,기타 
SPB-48090,2024-09-25 08:32:50,단말기
SPB-33550,2024-09-25 08:33:33,페달
SPB-69833,2024-09-25 08:34:11,체인
SPB-47678,2024-09-25 08:34:38,안장
SPB-35596,2024-09-25 08:34:41,타이어 
SPB-47976,2024-09-25 08:35:00,페달
SPB-70055,2024-09-25 08:35:04,타이어 
SPB-57465,2024-09-25 08:37:03,페달
SPB-42587,2024-09-25 08:37:18,타이어 
SPB-66143,2024-09-25 08:38:26,기타 
SPB-61303,2024-09-25 08:39:47,체인
SPB-53131,2024-09-25 08:40:08,기타 
SPB-41310,2024-09-25 08:40:28,안장
SPB-35233,2024-09-25 08:40:59,타이어 
SPB-40996,2024-09-25 08:41:09,안장
SPB-42515,2024-09-25 08:41:18,타이어 
SPB-40576,2024-09-25 08:41:25,체인
SPB-37560,2024-09-25 08:41:51,타이어 
SPB-50452,2024-09-25 08:41:59,페달
SPB-54999,2024-09-25 08:42:32,타이어 
SPB-63532,2024-09-25 08:44:00,타이어 
SPB-51467,2024-09-25 08:44:04,안장
SPB-66169,2024-09-25 08:45:12,타이어 
SPB-33195,2024-09-25 08:46:45,타이어 
SPB-58115,2024-09-25 08:47:01,기타 
SPB-62331,2024-09-25 08:48:09,체인
SPB-41790,2024-09-25 08:49:05,안장
SPB-47975,2024-09-25 08:49:06,기타 
SPB-34928,2024-09-25 08:49:22,체인
SPB-63728,2024-09-25 08:49:28,체인
SPB-32261,2024-09-25 08:49:32,페달
SPB-67128,2024-09-25 08:49:53,안장
SPB-31982,2024-09-25 08:51:01,체인
SPB-57463,2024-09-25 08:51:27,체인
SPB-68013,2024-09-25 08:52:18,안장
SPB-36768,2024-09-25 08:53:02,타이어 
SPB-48854,2024-09-25 08:53:04,안장
SPB-32933,2024-09-25 08:53:51,기타 
SPB-31080,2024-09-25 08:58:31,타이어 
SPB-30953,2024-09-25 08:58:34,타이어 
SPB-46294,2024-09-25 08:59:03,안장
SPB-63654,2024-09-25 08:59:55,체인
SPB-61698,2024-09-25 09:00:40,기타 
SPB-42078,2024-09-25 09:01:22,기타 
SPB-70163,2024-09-25 09:01:49,체인
SPB-37524,2024-09-25 09:02:27,단말기
SPB-68343,2024-09-25 09:03:03,단말기
SPB-31631,2024-09-25 09:03:30,타이어 
SPB-46572,2024-09-25 09:04:51,타이어 
SPB-61454,2024-09-25 09:06:28,체인
SPB-32074,2024-09-25 09:06:47,안장
SPB-38695,2024-09-25 09:13:45,타이어 
SPB-67862,2024-09-25 09:15:27,안장
SPB-30157,2024-09-25 09:20:05,기타 
SPB-32272,2024-09-25 09:20:24,타이어 
SPB-50367,2024-09-25 09:20:59,타이어 
SPB-66090,2024-09-25 09:24:55,체인
SPB-57383,2024-09-25 09:25:54,페달
SPB-33398,2024-09-25 09:30:59,체인
SPB-56305,2024-09-25 09:34:47,기타 
SPB-61357,2024-09-25 09:37:53,체인
SPB-31913,2024-09-25 09:38:36,안장
SPB-53062,2024-09-25 09:40:44,페달
SPB-40663,2024-09-25 09:41:32,안장
SPB-64148,2024-09-25 09:42:24,타이어 
SPB-40268,2024-09-25 09:47:22,안장
SPB-61803,2024-09-25 09:52:29,안장
SPB-42756,2024-09-25 09:53:32,체인
SPB-30910,2024-09-25 09:54:44,기타 
SPB-66107,2024-09-25 09:58:36,타이어 
SPB-52030,2024-09-25 10:07:48,기타 
SPB-38885,2024-09-25 10:08:05,안장
SPB-45296,2024-09-25 10:11:13,안장
SPB-70028,2024-09-25 10:16:11,페달
SPB-33063,2024-09-25 10:19:30,체인
SPB-59324,2024-09-25 10:19:44,타이어 
SPB-64462,2024-09-25 10:21:10,기타 
SPB-67724,2024-09-25 10:25:10,기타 
SPB-65987,2024-09-25 10:25:21,체인
SPB-30484,2024-09-25 10:28:37,타이어 
SPB-38286,2024-09-25 10:36:12,타이어 
SPB-59546,2024-09-25 10:36:42,타이어 
SPB-55569,2024-09-25 10:43:41,기타 
SPB-50541,2024-09-25 10:49:32,페달
SPB-48897,2024-09-25 10:56:20,체인
SPB-63997,2024-09-25 11:09:52,타이어 
SPB-38443,2024-09-25 11:14:48,안장
SPB-58624,2024-09-25 11:19:22,체인
SPB-63361,2024-09-25 11:19:30,기타 
SPB-34208,2024-09-25 11:26:27,체인
SPB-63970,2024-09-25 11:28:01,기타 
SPB-51248,2024-09-25 11:29:29,체인
SPB-69932,2024-09-25 11:30:34,체인
SPB-68873,2024-09-25 11:36:25,타이어 
SPB-53816,2024-09-25 11:39:04,안장
SPB-38012,2024-09-25 11:40:19,기타 
SPB-49172,2024-09-25 11:41:34,기타 
SPB-33397,2024-09-25 11:50:58,기타 
SPB-52361,2024-09-25 11:52:49,타이어 
SPB-34343,2024-09-25 11:57:48,타이어 
SPB-67665,2024-09-25 12:01:05,기타 
SPB-33146,2024-09-25 12:02:39,페달
SPB-30415,2024-09-25 12:02:50,타이어 
SPB-65347,2024-09-25 12:04:55,기타 
SPB-40334,2024-09-25 12:05:07,타이어 
SPB-65978,2024-09-25 12:10:08,단말기
SPB-48166,2024-09-25 12:13:59,타이어 
SPB-55795,2024-09-25 12:17:07,체인
SPB-54010,2024-09-25 12:20:04,안장
SPB-32861,2024-09-25 12:24:48,체인
SPB-39503,2024-09-25 12:28:21,타이어 
SPB-58304,2024-09-25 12:29:51,기타 
SPB-34415,2024-09-25 12:33:15,타이어 
SPB-62004,2024-09-25 12:34:02,타이어 
SPB-56734,2024-09-25 12:39:31,안장
SPB-58846,2024-09-25 12:40:37,기타 
SPB-81265,2024-09-25 12:41:05,기타 
SPB-35163,2024-09-25 12:41:12,체인
SPB-64510,2024-09-25 12:41:51,체인
SPB-37091,2024-09-25 12:42:23,단말기
SPB-54888,2024-09-25 12:44:01,체인
SPB-60437,2024-09-25 12:47:10,타이어 
SPB-33110,2024-09-25 12:51:21,기타 
SPB-69520,2024-09-25 12:53:06,체인
SPB-59426,2024-09-25 12:54:43,페달
SPB-48989,2024-09-25 12:58:38,기타 
SPB-50814,2024-09-25 12:58:49,안장
SPB-39131,2024-09-25 12:58:54,체인
SPB-69593,2024-09-25 12:59:46,체인
SPB-67756,2024-09-25 13:00:07,단말기
SPB-46067,2024-09-25 13:00:19,기타 
SPB-54220,2024-09-25 13:02:29,단말기
SPB-44229,2024-09-25 13:06:37,체인
SPB-58857,2024-09-25 13:10:03,기타 
SPB-37953,2024-09-25 13:22:30,페달
SPB-38949,2024-09-25 13:22:58,체인
SPB-65589,2024-09-25 13:25:15,타이어 
SPB-70125,2024-09-25 13:25:27,체인
SPB-80852,2024-09-25 13:25:35,타이어 
SPB-30729,2024-09-25 13:25:55,타이어 
SPB-41048,2024-09-25 13:29:39,체인
SPB-46114,2024-09-25 13:29:50,페달
SPB-38498,2024-09-25 13:32:53,페달
SPB-45565,2024-09-25 13:37:26,단말기
SPB-51795,2024-09-25 13:39:39,기타 
SPB-56367,2024-09-25 13:40:34,페달
SPB-41871,2024-09-25 13:42:19,기타 
SPB-65522,2024-09-25 13:47:01,타이어 
SPB-67187,2024-09-25 13:48:10,타이어 
SPB-55644,2024-09-25 13:48:43,체인
SPB-52085,2024-09-25 13:50:17,체인
SPB-45600,2024-09-25 13:51:02,체인
SPB-53344,2024-09-25 13:54:06,페달
SPB-62743,2024-09-25 13:55:01,안장
SPB-36336,2024-09-25 13:59:40,기타 
SPB-50245,2024-09-25 14:00:18,기타 
SPB-40049,2024-09-25 14:13:00,체인
SPB-67101,2024-09-25 14:14:09,타이어 
SPB-41390,2024-09-25 14:14:35,기타 
SPB-63566,2024-09-25 14:18:54,체인
SPB-66112,2024-09-25 14:19:13,기타 
SPB-64648,2024-09-25 14:22:37,타이어 
SPB-46061,2024-09-25 14:26:15,타이어 
SPB-55453,2024-09-25 14:35:33,체인
SPB-65920,2024-09-25 14:37:50,안장
SPB-32888,2024-09-25 14:39:08,타이어 
SPB-54533,2024-09-25 14:39:10,체인
SPB-48634,2024-09-25 14:43:48,안장
SPB-48637,2024-09-25 14:43:49,안장
SPB-42540,2024-09-25 14:47:05,체인
SPB-54021,2024-09-25 14:49:30,체인
SPB-61933,2024-09-25 14:59:51,기타 
SPB-48163,2024-09-25 15:16:52,체인
SPB-35253,2024-09-25 15:17:35,페달
SPB-54393,2024-09-25 15:18:40,페달
SPB-49435,2024-09-25 15:23:04,페달
SPB-60796,2024-09-25 15:30:57,체인
SPB-43984,2024-09-25 15:31:39,기타 
SPB-59412,2024-09-25 15:32:46,타이어 
SPB-56367,2024-09-25 15:36:54,페달
SPB-69666,2024-09-25 15:37:59,안장
SPB-45136,2024-09-25 15:39:55,체인
SPB-35438,2024-09-25 15:41:25,단말기
SPB-37978,2024-09-25 15:47:10,체인
SPB-50111,2024-09-25 15:47:20,페달
SPB-62683,2024-09-25 15:53:30,단말기
SPB-61252,2024-09-25 16:03:10,타이어 
SPB-42226,2024-09-25 16:04:38,타이어 
SPB-59643,2024-09-25 16:05:03,페달
SPB-69784,2024-09-25 16:09:48,안장
SPB-54303,2024-09-25 16:13:54,기타 
SPB-50343,2024-09-25 16:15:22,타이어 
SPB-60339,2024-09-25 16:18:11,체인
SPB-70398,2024-09-25 16:18:35,체인
SPB-67102,2024-09-25 16:19:10,체인
SPB-45564,2024-09-25 16:19:29,안장
SPB-56316,2024-09-25 16:22:10,페달
SPB-50990,2024-09-25 16:22:47,안장
SPB-48660,2024-09-25 16:22:58,안장
SPB-60503,2024-09-25 16:25:03,단말기
SPB-49175,2024-09-25 16:26:36,기타 
SPB-69617,2024-09-25 16:28:14,타이어 
SPB-57248,2024-09-25 16:31:33,기타 
SPB-59370,2024-09-25 16:32:33,페달
SPB-54122,2024-09-25 16:34:48,체인
SPB-32226,2024-09-25 16:36:50,체인
SPB-39203,2024-09-25 16:38:34,기타 
SPB-69878,2024-09-25 16:40:07,체인
SPB-69013,2024-09-25 16:42:02,기타 
SPB-49037,2024-09-25 16:45:01,기타 
SPB-39811,2024-09-25 16:46:01,체인
SPB-56621,2024-09-25 16:46:07,페달
SPB-45458,2024-09-25 16:49:37,타이어 
SPB-57246,2024-09-25 16:53:04,타이어 
SPB-54882,2024-09-25 16:53:43,체인
SPB-34480,2024-09-25 16:54:52,페달
SPB-52331,2024-09-25 16:55:16,페달
SPB-59014,2024-09-25 16:56:16,페달
SPB-51230,2024-09-25 16:57:06,타이어 
SPB-56603,2024-09-25 16:57:06,기타 
SPB-53914,2024-09-25 16:58:06,타이어 
SPB-62078,2024-09-25 17:00:28,안장
SPB-56446,2024-09-25 17:03:12,안장
SPB-39395,2024-09-25 17:03:58,타이어 
SPB-66759,2024-09-25 17:04:21,타이어 
SPB-37357,2024-09-25 17:05:37,기타 
SPB-45223,2024-09-25 17:08:43,안장
SPB-42923,2024-09-25 17:13:41,타이어 
SPB-34472,2024-09-25 17:14:46,타이어 
SPB-69475,2024-09-25 17:16:03,타이어 
SPB-43401,2024-09-25 17:18:24,기타 
SPB-61139,2024-09-25 17:18:38,체인
SPB-55496,2024-09-25 17:18:40,안장
SPB-81667,2024-09-25 17:21:22,타이어 
SPB-45578,2024-09-25 17:27:02,체인
SPB-62211,2024-09-25 17:27:54,페달
SPB-55124,2024-09-25 17:28:29,타이어 
SPB-47768,2024-09-25 17:31:00,타이어 
SPB-43263,2024-09-25 17:34:15,안장
SPB-65854,2024-09-25 17:34:26,기타 
SPB-50185,2024-09-25 17:35:34,체인
SPB-53419,2024-09-25 17:37:53,체인
SPB-65877,2024-09-25 17:39:33,기타 
SPB-59783,2024-09-25 17:40:16,안장
SPB-62615,2024-09-25 17:40:54,체인
SPB-42293,2024-09-25 17:42:55,단말기
SPB-56904,2024-09-25 17:44:14,체인
SPB-47218,2024-09-25 17:44:32,안장
SPB-47216,2024-09-25 17:48:11,타이어 
SPB-30848,2024-09-25 17:50:12,안장
SPB-63393,2024-09-25 17:51:02,타이어 
SPB-57758,2024-09-25 17:51:44,체인
SPB-34637,2024-09-25 17:52:02,타이어 
SPB-52304,2024-09-25 17:52:36,안장
SPB-59425,2024-09-25 17:53:19,안장
SPB-65852,2024-09-25 17:53:28,페달
SPB-63575,2024-09-25 17:54:13,안장
SPB-58776,2024-09-25 17:56:45,페달
SPB-59726,2024-09-25 17:56:57,기타 
SPB-34257,2024-09-25 17:57:17,페달
SPB-56195,2024-09-25 17:57:29,타이어 
SPB-32086,2024-09-25 17:58:09,단말기
SPB-45936,2024-09-25 17:58:25,타이어 
SPB-34404,2024-09-25 17:58:45,체인
SPB-83540,2024-09-25 18:00:08,타이어 
SPB-45889,2024-09-25 18:01:13,타이어 
SPB-61500,2024-09-25 18:01:16,페달
SPB-44217,2024-09-25 18:03:34,체인
SPB-37928,2024-09-25 18:03:40,체인
SPB-30387,2024-09-25 18:03:47,기타 
SPB-64148,2024-09-25 18:04:48,단말기
SPB-61618,2024-09-25 18:05:33,체인
SPB-59312,2024-09-25 18:05:39,타이어 
SPB-45386,2024-09-25 18:06:28,안장
SPB-68180,2024-09-25 18:06:39,체인
SPB-41824,2024-09-25 18:06:47,타이어 
SPB-64012,2024-09-25 18:06:58,타이어 
SPB-54204,2024-09-25 18:07:32,페달
SPB-46615,2024-09-25 18:07:35,체인
SPB-36761,2024-09-25 18:08:13,타이어 
SPB-68757,2024-09-25 18:08:39,페달
SPB-51669,2024-09-25 18:08:41,체인
SPB-68060,2024-09-25 18:10:14,체인
SPB-47490,2024-09-25 18:10:54,기타 
SPB-61531,2024-09-25 18:12:42,타이어 
SPB-69731,2024-09-25 18:13:27,체인
SPB-57781,2024-09-25 18:15:10,기타 
SPB-60266,2024-09-25 18:15:39,기타 
SPB-56361,2024-09-25 18:16:24,체인
SPB-51281,2024-09-25 18:16:53,타이어 
SPB-63696,2024-09-25 18:16:55,타이어 
SPB-47232,2024-09-25 18:17:34,기타 
SPB-43715,2024-09-25 18:17:59,타이어 
SPB-48391,2024-09-25 18:18:06,페달
SPB-44999,2024-09-25 18:18:46,안장
SPB-40120,2024-09-25 18:19:17,체인
SPB-39530,2024-09-25 18:21:02,타이어 
SPB-58358,2024-09-25 18:21:05,타이어 
SPB-34171,2024-09-25 18:22:48,단말기
SPB-64295,2024-09-25 18:22:53,기타 
SPB-40100,2024-09-25 18:23:03,타이어 
SPB-32483,2024-09-25 18:24:14,기타 
SPB-45113,2024-09-25 18:25:00,체인
SPB-47650,2024-09-25 18:28:01,안장
SPB-58929,2024-09-25 18:28:47,체인
SPB-58177,2024-09-25 18:29:11,페달
SPB-36726,2024-09-25 18:29:23,페달
SPB-61764,2024-09-25 18:29:47,타이어 
SPB-53265,2024-09-25 18:30:47,기타 
SPB-33444,2024-09-25 18:31:04,페달
SPB-52267,2024-09-25 18:32:19,기타 
SPB-31326,2024-09-25 18:32:53,타이어 
SPB-69385,2024-09-25 18:32:59,체인
SPB-34569,2024-09-25 18:33:21,페달
SPB-69578,2024-09-25 18:33:38,기타 
SPB-35448,2024-09-25 18:33:47,체인
SPB-30256,2024-09-25 18:34:53,페달
SPB-34920,2024-09-25 18:34:56,체인
SPB-65527,2024-09-25 18:35:29,기타 
SPB-47748,2024-09-25 18:36:18,페달
SPB-40936,2024-09-25 18:36:37,안장
SPB-35272,2024-09-25 18:36:42,기타 
SPB-35288,2024-09-25 18:38:01,타이어 
SPB-37657,2024-09-25 18:38:31,안장
SPB-62808,2024-09-25 18:38:33,타이어 
SPB-59338,2024-09-25 18:39:38,체인
SPB-68791,2024-09-25 18:39:43,단말기
SPB-64502,2024-09-25 18:39:55,기타 
SPB-54987,2024-09-25 18:40:34,타이어 
SPB-55586,2024-09-25 18:42:20,기타 
SPB-64001,2024-09-25 18:42:22,타이어 
SPB-45209,2024-09-25 18:42:41,안장
SPB-30425,2024-09-25 18:42:42,안장
SPB-40172,2024-09-25 18:43:08,페달
SPB-37266,2024-09-25 18:43:26,안장
SPB-46802,2024-09-25 18:44:12,타이어 
SPB-36936,2024-09-25 18:44:58,페달
SPB-64518,2024-09-25 18:45:03,기타 
SPB-34321,2024-09-25 18:46:51,페달
SPB-42515,2024-09-25 18:47:24,타이어 
SPB-52387,2024-09-25 18:49:37,안장
SPB-57838,2024-09-25 18:50:06,기타 
SPB-34566,2024-09-25 18:50:51,기타 
SPB-51547,2024-09-25 18:54:05,페달
SPB-38551,2024-09-25 18:54:33,기타 
SPB-70055,2024-09-25 18:55:37,타이어 
SPB-68745,2024-09-25 18:56:54,기타 
SPB-40698,2024-09-25 18:57:12,안장
SPB-53161,2024-09-25 18:58:03,기타 
SPB-59842,2024-09-25 18:58:12,페달
SPB-47210,2024-09-25 18:58:44,페달
SPB-35045,2024-09-25 18:58:48,체인
SPB-69753,2024-09-25 18:58:53,체인
SPB-48867,2024-09-25 19:01:15,체인
SPB-56947,2024-09-25 19:01:31,기타 
SPB-70363,2024-09-25 19:01:42,체인
SPB-68557,2024-09-25 19:04:01,기타 
SPB-70186,2024-09-25 19:05:03,기타 
SPB-58483,2024-09-25 19:05:30,타이어 
SPB-66380,2024-09-25 19:06:14,페달
SPB-54422,2024-09-25 19:06:46,타이어 
SPB-40925,2024-09-25 19:06:56,기타 
SPB-67872,2024-09-25 19:07:39,페달
SPB-60566,2024-09-25 19:07:49,체인
SPB-67096,2024-09-25 19:07:57,페달
SPB-32920,2024-09-25 19:08:02,안장
SPB-31033,2024-09-25 19:08:33,기타 
SPB-60562,2024-09-25 19:08:47,기타 
SPB-65361,2024-09-25 19:09:27,타이어 
SPB-34248,2024-09-25 19:09:41,기타 
SPB-32392,2024-09-25 19:09:49,기타 
SPB-30520,2024-09-25 19:10:48,기타 
SPB-60676,2024-09-25 19:10:50,체인
SPB-42914,2024-09-25 19:10:58,단말기
SPB-36408,2024-09-25 19:11:31,타이어 
SPB-37415,2024-09-25 19:11:39,타이어 
SPB-58403,2024-09-25 19:11:44,타이어 
SPB-52818,2024-09-25 19:11:50,체인
SPB-43846,2024-09-25 19:12:39,기타 
SPB-41984,2024-09-25 19:12:47,타이어 
SPB-63945,2024-09-25 19:14:50,타이어 
SPB-47451,2024-09-25 19:15:42,체인
SPB-34915,2024-09-25 19:16:30,체인
SPB-58482,2024-09-25 19:19:00,체인
SPB-35270,2024-09-25 19:19:11,안장
SPB-33095,2024-09-25 19:19:43,기타 
SPB-68942,2024-09-25 19:19:51,기타 
SPB-52145,2024-09-25 19:22:41,체인
SPB-34765,2024-09-25 19:23:04,체인
SPB-30843,2024-09-25 19:23:23,기타 
SPB-62247,2024-09-25 19:24:22,기타 
SPB-66103,2024-09-25 19:26:03,기타 
SPB-64392,2024-09-25 19:26:15,체인
SPB-69967,2024-09-25 19:27:58,기타 
SPB-50504,2024-09-25 19:29:14,안장
SPB-32003,2024-09-25 19:30:10,기타 
SPB-30167,2024-09-25 19:30:11,타이어 
SPB-31986,2024-09-25 19:32:05,타이어 
SPB-60049,2024-09-25 19:32:21,체인
SPB-34526,2024-09-25 19:33:10,페달
SPB-57947,2024-09-25 19:33:15,안장
SPB-57594,2024-09-25 19:33:57,타이어 
SPB-36162,2024-09-25 19:36:14,안장
SPB-41511,2024-09-25 19:36:51,타이어 
SPB-59706,2024-09-25 19:38:41,페달
SPB-59157,2024-09-25 19:39:35,안장
SPB-57107,2024-09-25 19:40:06,타이어 
SPB-50370,2024-09-25 19:40:50,체인
SPB-54986,2024-09-25 19:42:24,기타 
SPB-49359,2024-09-25 19:42:36,타이어 
SPB-35954,2024-09-25 19:42:51,기타 
SPB-31574,2024-09-25 19:44:30,단말기
SPB-46853,2024-09-25 19:46:13,체인
SPB-58961,2024-09-25 19:46:33,기타 
SPB-52951,2024-09-25 19:48:16,안장
SPB-42940,2024-09-25 19:48:48,체인
SPB-35560,2024-09-25 19:49:42,타이어 
SPB-30947,2024-09-25 19:50:13,체인
SPB-67679,2024-09-25 19:50:47,타이어 
SPB-66524,2024-09-25 19:50:48,타이어 
SPB-65971,2024-09-25 19:52:07,체인
SPB-43551,2024-09-25 19:52:32,안장
SPB-63998,2024-09-25 19:55:45,체인
SPB-65081,2024-09-25 19:56:02,단말기
SPB-52425,2024-09-25 19:57:23,페달
SPB-39899,2024-09-25 19:57:39,기타 
SPB-65494,2024-09-25 20:00:12,페달
SPB-44932,2024-09-25 20:00:36,타이어 
SPB-37492,2024-09-25 20:02:15,타이어 
SPB-65625,2024-09-25 20:04:48,타이어 
SPB-35449,2024-09-25 20:05:16,타이어 
SPB-54972,2024-09-25 20:07:50,페달
SPB-47167,2024-09-25 20:08:46,타이어 
SPB-58023,2024-09-25 20:09:16,페달
SPB-40025,2024-09-25 20:10:28,체인
SPB-30541,2024-09-25 20:11:08,체인
SPB-34686,2024-09-25 20:11:28,체인
SPB-53696,2024-09-25 20:11:28,페달
SPB-41161,2024-09-25 20:12:01,기타 
SPB-56376,2024-09-25 20:12:57,타이어 
SPB-67016,2024-09-25 20:13:22,안장
SPB-34837,2024-09-25 20:15:04,체인
SPB-62813,2024-09-25 20:18:02,기타 
SPB-40908,2024-09-25 20:18:41,기타 
SPB-39933,2024-09-25 20:19:19,타이어 
SPB-66013,2024-09-25 20:19:23,기타 
SPB-46577,2024-09-25 20:20:04,체인
SPB-31934,2024-09-25 20:20:16,안장
SPB-64050,2024-09-25 20:20:26,타이어 
SPB-52559,2024-09-25 20:21:56,페달
SPB-52440,2024-09-25 20:23:17,체인
SPB-46796,2024-09-25 20:24:21,체인
SPB-57580,2024-09-25 20:24:36,체인
SPB-33026,2024-09-25 20:24:55,안장
SPB-65642,2024-09-25 20:26:31,기타 
SPB-51765,2024-09-25 20:29:18,기타 
SPB-48407,2024-09-25 20:30:00,안장
SPB-58090,2024-09-25 20:32:09,체인
SPB-81101,2024-09-25 20:33:35,페달
SPB-62508,2024-09-25 20:33:55,타이어 
SPB-61238,2024-09-25 20:36:00,체인
SPB-38796,2024-09-25 20:36:27,페달
SPB-33057,2024-09-25 20:37:38,안장
SPB-41895,2024-09-25 20:40:23,안장
SPB-44337,2024-09-25 20:42:15,페달
SPB-30481,2024-09-25 20:44:53,기타 
SPB-56558,2024-09-25 20:45:31,기타 
SPB-42559,2024-09-25 20:45:37,기타 
SPB-36747,2024-09-25 20:46:06,타이어 
SPB-50334,2024-09-25 20:47:43,체인
SPB-61648,2024-09-25 20:49:16,기타 
SPB-57604,2024-09-25 20:49:57,안장
SPB-61196,2024-09-25 20:51:38,체인
SPB-38470,2024-09-25 20:54:29,페달
SPB-30326,2024-09-25 20:54:58,타이어 
SPB-31519,2024-09-25 20:58:30,안장
SPB-47756,2024-09-25 21:02:27,페달
SPB-54079,2024-09-25 21:03:43,페달
SPB-66895,2024-09-25 21:04:10,체인
SPB-34539,2024-09-25 21:09:05,체인
SPB-69849,2024-09-25 21:09:39,체인
SPB-63980,2024-09-25 21:10:34,타이어 
SPB-51205,2024-09-25 21:10:43,체인
SPB-54985,2024-09-25 21:11:31,체인
SPB-39653,2024-09-25 21:11:47,페달
SPB-44488,2024-09-25 21:12:02,타이어 
SPB-40404,2024-09-25 21:14:32,체인
SPB-40653,2024-09-25 21:15:38,타이어 
SPB-48728,2024-09-25 21:15:47,안장
SPB-61554,2024-09-25 21:16:07,기타 
SPB-68020,2024-09-25 21:16:47,기타 
SPB-65280,2024-09-25 21:17:00,타이어 
SPB-40708,2024-09-25 21:20:51,타이어 
SPB-45848,2024-09-25 21:21:00,안장
SPB-67082,2024-09-25 21:21:43,기타 
SPB-43277,2024-09-25 21:21:45,안장
SPB-35191,2024-09-25 21:22:23,타이어 
SPB-69900,2024-09-25 21:22:25,기타 
SPB-51783,2024-09-25 21:27:18,타이어 
SPB-58841,2024-09-25 21:28:17,타이어 
SPB-43898,2024-09-25 21:31:31,체인
SPB-52823,2024-09-25 21:31:54,타이어 
SPB-49249,2024-09-25 21:32:27,체인
SPB-37966,2024-09-25 21:34:02,페달
SPB-56483,2024-09-25 21:35:46,기타 
SPB-31555,2024-09-25 21:37:29,기타 
SPB-61963,2024-09-25 21:38:29,타이어 
SPB-60460,2024-09-25 21:40:37,타이어 
SPB-43949,2024-09-25 21:40:38,안장
SPB-37418,2024-09-25 21:40:42,타이어 
SPB-32151,2024-09-25 21:41:12,체인
SPB-63232,2024-09-25 21:42:18,체인
SPB-51837,2024-09-25 21:42:42,기타 
SPB-59412,2024-09-25 21:44:12,타이어 
SPB-70402,2024-09-25 21:48:15,기타 
SPB-63033,2024-09-25 21:49:53,기타 
SPB-43661,2024-09-25 21:51:07,체인
SPB-82632,2024-09-25 21:53:07,기타 
SPB-66371,2024-09-25 21:55:51,체인
SPB-61327,2024-09-25 21:55:52,안장
SPB-30228,2024-09-25 21:56:00,체인
SPB-59557,2024-09-25 21:57:04,페달
SPB-60513,2024-09-25 21:59:34,기타 
SPB-39486,2024-09-25 22:00:39,체인
SPB-35676,2024-09-25 22:02:46,체인
SPB-47499,2024-09-25 22:04:01,체인
SPB-65888,2024-09-25 22:04:16,타이어 
SPB-39810,2024-09-25 22:05:34,체인
SPB-32376,2024-09-25 22:05:34,타이어 
SPB-54639,2024-09-25 22:05:48,안장
SPB-61860,2024-09-25 22:08:33,안장
SPB-56829,2024-09-25 22:09:05,타이어 
SPB-63091,2024-09-25 22:10:34,페달
SPB-51284,2024-09-25 22:10:42,기타 
SPB-53510,2024-09-25 22:12:56,페달
SPB-56120,2024-09-25 22:15:08,안장
SPB-44632,2024-09-25 22:15:41,타이어 
SPB-38186,2024-09-25 22:15:42,타이어 
SPB-38746,2024-09-25 22:15:59,타이어 
SPB-50695,2024-09-25 22:17:01,기타 
SPB-82598,2024-09-25 22:18:25,페달
SPB-46207,2024-09-25 22:20:02,기타 
SPB-59770,2024-09-25 22:21:08,타이어 
SPB-46571,2024-09-25 22:21:36,체인
SPB-39060,2024-09-25 22:25:08,체인
SPB-32656,2024-09-25 22:26:22,기타 
SPB-70319,2024-09-25 22:30:12,기타 
SPB-55702,2024-09-25 22:30:42,타이어 
SPB-66799,2024-09-25 22:33:49,기타 
SPB-57581,2024-09-25 22:35:23,체인
SPB-43140,2024-09-25 22:40:11,안장
SPB-38999,2024-09-25 22:44:47,페달
SPB-45166,2024-09-25 22:46:26,페달
SPB-50016,2024-09-25 22:47:28,기타 
SPB-46954,2024-09-25 22:53:15,기타 
SPB-54893,2024-09-25 22:56:25,타이어 
SPB-68271,2024-09-25 22:58:57,타이어 
SPB-66630,2024-09-25 23:05:51,기타 
SPB-43281,2024-09-25 23:07:51,타이어 
SPB-67311,2024-09-25 23:08:00,기타 
SPB-39526,2024-09-25 23:08:19,안장
SPB-68438,2024-09-25 23:12:58,타이어 
SPB-66486,2024-09-25 23:16:28,체인
SPB-48595,2024-09-25 23:28:02,체인
SPB-41174,2024-09-25 23:28:07,기타 
SPB-56673,2024-09-25 23:32:02,기타 
SPB-51549,2024-09-25 23:48:50,타이어 
SPB-50527,2024-09-26 00:06:22,타이어 
SPB-64968,2024-09-26 00:09:57,기타 
SPB-69535,2024-09-26 00:16:17,기타 
SPB-32147,2024-09-26 00:22:40,안장
SPB-40710,2024-09-26 00:27:56,안장
SPB-50331,2024-09-26 00:28:38,타이어 
SPB-64094,2024-09-26 00:32:13,타이어 
SPB-41568,2024-09-26 00:32:46,기타 
SPB-45570,2024-09-26 00:38:10,단말기
SPB-39673,2024-09-26 00:40:42,기타 
SPB-51066,2024-09-26 00:48:23,안장
SPB-46116,2024-09-26 01:23:00,체인
SPB-70173,2024-09-26 01:26:46,체인
SPB-36972,2024-09-26 01:58:59,타이어 
SPB-65428,2024-09-26 02:22:13,안장
SPB-58666,2024-09-26 02:31:04,안장
SPB-36347,2024-09-26 02:32:14,기타 
SPB-66471,2024-09-26 02:56:35,타이어 
SPB-41855,2024-09-26 03:16:27,타이어 
SPB-39537,2024-09-26 05:10:38,타이어 
SPB-51876,2024-09-26 05:17:48,기타 
SPB-63796,2024-09-26 05:40:39,체인
SPB-65055,2024-09-26 05:46:12,타이어 
SPB-45217,2024-09-26 05:48:26,체인
SPB-46836,2024-09-26 05:55:44,체인
SPB-57334,2024-09-26 05:57:49,단말기
SPB-59662,2024-09-26 05:58:12,페달
SPB-56038,2024-09-26 06:06:41,타이어 
SPB-58471,2024-09-26 06:11:25,페달
SPB-33702,2024-09-26 06:23:28,기타 
SPB-66669,2024-09-26 06:29:53,체인
SPB-67762,2024-09-26 06:30:51,체인
SPB-46141,2024-09-26 06:31:01,체인
SPB-44525,2024-09-26 06:31:25,타이어 
SPB-50637,2024-09-26 06:38:02,기타 
SPB-54774,2024-09-26 06:52:58,페달
SPB-33711,2024-09-26 06:53:26,안장
SPB-51170,2024-09-26 06:56:14,단말기
SPB-60383,2024-09-26 06:59:26,체인
SPB-43184,2024-09-26 07:15:35,체인
SPB-50034,2024-09-26 07:17:54,타이어 
SPB-44074,2024-09-26 07:18:14,타이어 
SPB-45736,2024-09-26 07:18:52,타이어 
SPB-47220,2024-09-26 07:19:40,페달
SPB-47693,2024-09-26 07:19:41,타이어 
SPB-45656,2024-09-26 07:20:18,기타 
SPB-43297,2024-09-26 07:21:26,페달
SPB-46450,2024-09-26 07:22:35,타이어 
SPB-34190,2024-09-26 07:25:20,타이어 
SPB-30684,2024-09-26 07:27:34,기타 
SPB-48112,2024-09-26 07:30:01,체인
SPB-47760,2024-09-26 07:32:17,페달
SPB-34928,2024-09-26 07:33:26,체인
SPB-61174,2024-09-26 07:39:59,체인
SPB-61148,2024-09-26 07:40:53,타이어 
SPB-40063,2024-09-26 07:41:07,체인
SPB-47094,2024-09-26 07:43:47,안장
SPB-35938,2024-09-26 07:48:47,타이어 
SPB-39681,2024-09-26 07:54:52,체인
SPB-58507,2024-09-26 07:55:06,안장
SPB-41819,2024-09-26 07:58:30,기타 
SPB-37933,2024-09-26 07:58:42,체인
SPB-50490,2024-09-26 07:59:17,단말기
SPB-55248,2024-09-26 07:59:24,기타 
SPB-67749,2024-09-26 07:59:56,타이어 
SPB-62382,2024-09-26 08:00:25,안장
SPB-46835,2024-09-26 08:00:32,타이어 
SPB-57724,2024-09-26 08:01:15,타이어 
SPB-31076,2024-09-26 08:04:36,안장
SPB-38783,2024-09-26 08:05:47,체인
SPB-30386,2024-09-26 08:07:10,안장
SPB-32586,2024-09-26 08:10:19,페달
SPB-60396,2024-09-26 08:11:57,체인
SPB-38141,2024-09-26 08:12:16,기타 
SPB-56095,2024-09-26 08:12:37,안장
SPB-31089,2024-09-26 08:15:03,단말기
SPB-34161,2024-09-26 08:17:22,타이어 
SPB-59763,2024-09-26 08:20:46,타이어 
SPB-70303,2024-09-26 08:21:27,타이어 
SPB-84128,2024-09-26 08:22:30,페달
SPB-63658,2024-09-26 08:22:53,기타 
SPB-42093,2024-09-26 08:27:43,타이어 
SPB-63999,2024-09-26 08:28:31,타이어 
SPB-33544,2024-09-26 08:28:57,페달
SPB-68839,2024-09-26 08:31:06,기타 
SPB-40257,2024-09-26 08:35:04,안장
SPB-44365,2024-09-26 08:35:59,안장
SPB-40386,2024-09-26 08:38:19,타이어 
SPB-58376,2024-09-26 08:39:05,체인
SPB-42418,2024-09-26 08:39:06,타이어 
SPB-48870,2024-09-26 08:39:49,타이어 
SPB-48374,2024-09-26 08:41:31,페달
SPB-46175,2024-09-26 08:42:13,타이어 
SPB-45212,2024-09-26 08:44:30,페달
SPB-42910,2024-09-26 08:44:50,안장
SPB-40805,2024-09-26 08:45:20,안장
SPB-68047,2024-09-26 08:45:52,타이어 
SPB-32012,2024-09-26 08:46:12,페달
SPB-64815,2024-09-26 08:47:53,안장
SPB-46293,2024-09-26 08:49:32,체인
SPB-54153,2024-09-26 08:50:27,안장
SPB-62051,2024-09-26 08:50:47,체인
SPB-48118,2024-09-26 08:52:35,타이어 
SPB-54334,2024-09-26 08:53:31,기타 
SPB-44386,2024-09-26 08:53:49,단말기
SPB-31449,2024-09-26 08:55:37,체인
SPB-67152,2024-09-26 08:56:40,체인
SPB-50407,2024-09-26 08:57:17,체인
SPB-50561,2024-09-26 08:59:10,타이어 
SPB-39000,2024-09-26 09:00:39,단말기
SPB-43079,2024-09-26 09:00:44,단말기
SPB-37042,2024-09-26 09:03:37,타이어 
SPB-48098,2024-09-26 09:08:50,타이어 
SPB-58046,2024-09-26 09:09:22,페달
SPB-44876,2024-09-26 09:10:07,안장
SPB-51874,2024-09-26 09:13:24,타이어 
SPB-40741,2024-09-26 09:14:21,체인
SPB-52146,2024-09-26 09:16:03,페달
SPB-37250,2024-09-26 09:16:25,기타 
SPB-34468,2024-09-26 09:18:02,기타 
SPB-53568,2024-09-26 09:24:28,기타 
SPB-47506,2024-09-26 09:26:15,안장
SPB-61063,2024-09-26 09:27:01,기타 
SPB-31723,2024-09-26 09:29:02,체인
SPB-54638,2024-09-26 09:32:41,체인
SPB-34324,2024-09-26 09:33:54,기타 
SPB-47156,2024-09-26 09:35:49,단말기
SPB-84696,2024-09-26 09:36:28,체인
SPB-69264,2024-09-26 09:37:49,페달
SPB-64853,2024-09-26 09:38:41,안장
SPB-47624,2024-09-26 09:38:47,타이어 
SPB-67723,2024-09-26 09:40:36,안장
SPB-69627,2024-09-26 09:42:24,체인
SPB-54961,2024-09-26 09:44:47,타이어 
SPB-42396,2024-09-26 09:47:08,체인
SPB-67268,2024-09-26 09:48:41,체인
SPB-41885,2024-09-26 09:54:39,안장
SPB-67224,2024-09-26 09:54:53,안장
SPB-42740,2024-09-26 09:55:25,체인
SPB-83973,2024-09-26 09:58:05,체인
SPB-33151,2024-09-26 10:01:47,체인
SPB-47895,2024-09-26 10:03:20,단말기
SPB-65507,2024-09-26 10:05:51,기타 
SPB-62757,2024-09-26 10:05:55,체인
SPB-48163,2024-09-26 10:07:23,체인
SPB-41827,2024-09-26 10:12:16,기타 
SPB-57321,2024-09-26 10:12:44,기타 
SPB-32149,2024-09-26 10:19:45,안장
SPB-54594,2024-09-26 10:21:39,타이어 
SPB-70011,2024-09-26 10:28:39,안장
SPB-64793,2024-09-26 10:28:43,안장
SPB-69245,2024-09-26 10:29:51,체인
SPB-67996,2024-09-26 10:42:35,기타 
SPB-45557,2024-09-26 10:44:28,체인
SPB-43128,2024-09-26 10:47:15,체인
SPB-45195,2024-09-26 10:54:04,안장
SPB-42460,2024-09-26 10:58:28,체인
SPB-45823,2024-09-26 10:59:15,체인
SPB-47962,2024-09-26 11:03:13,기타 
SPB-37734,2024-09-26 11:04:52,타이어 
SPB-40870,2024-09-26 11:06:41,안장
SPB-53565,2024-09-26 11:09:48,기타 
SPB-34357,2024-09-26 11:13:46,타이어 
SPB-31396,2024-09-26 11:16:37,타이어 
SPB-42512,2024-09-26 11:19:22,체인
SPB-63734,2024-09-26 11:29:43,체인
SPB-50997,2024-09-26 11:31:11,기타 
SPB-63165,2024-09-26 11:32:25,기타 
SPB-60363,2024-09-26 11:34:31,체인
SPB-42471,2024-09-26 11:38:27,체인
SPB-37596,2024-09-26 11:41:05,안장
SPB-46454,2024-09-26 11:44:41,안장
SPB-70303,2024-09-26 11:49:04,페달
SPB-42716,2024-09-26 11:51:29,체인
SPB-48114,2024-09-26 11:52:34,기타 
SPB-39499,2024-09-26 11:52:50,체인
SPB-30718,2024-09-26 11:52:53,단말기
SPB-69703,2024-09-26 11:54:34,기타 
SPB-60571,2024-09-26 12:01:46,안장
SPB-53477,2024-09-26 12:03:44,체인
SPB-42429,2024-09-26 12:09:45,기타 
SPB-47316,2024-09-26 12:13:20,기타 
SPB-37099,2024-09-26 12:16:03,타이어 
SPB-59081,2024-09-26 12:16:50,기타 
SPB-69444,2024-09-26 12:19:16,기타 
SPB-42589,2024-09-26 12:19:25,기타 
SPB-54137,2024-09-26 12:21:25,단말기
SPB-58002,2024-09-26 12:24:07,페달
SPB-56092,2024-09-26 12:29:47,타이어 
SPB-69225,2024-09-26 12:30:31,체인
SPB-61721,2024-09-26 12:33:57,기타 
SPB-31945,2024-09-26 12:39:31,단말기
SPB-36354,2024-09-26 12:42:37,타이어 
SPB-37076,2024-09-26 12:47:34,체인
SPB-43774,2024-09-26 12:48:50,기타 
SPB-67749,2024-09-26 12:52:24,타이어 
SPB-30341,2024-09-26 12:54:10,기타 
SPB-53536,2024-09-26 12:59:54,단말기
SPB-53416,2024-09-26 13:01:14,페달
SPB-66055,2024-09-26 13:03:52,페달
SPB-37189,2024-09-26 13:04:04,체인
SPB-57526,2024-09-26 13:04:57,타이어 
SPB-44463,2024-09-26 13:07:54,체인
SPB-55226,2024-09-26 13:08:35,타이어 
SPB-46136,2024-09-26 13:10:55,타이어 
SPB-44572,2024-09-26 13:18:10,안장
SPB-52648,2024-09-26 13:20:13,타이어 
SPB-46271,2024-09-26 13:21:17,안장
SPB-57287,2024-09-26 13:22:17,페달
SPB-61362,2024-09-26 13:31:11,타이어 
SPB-44369,2024-09-26 13:33:04,기타 
SPB-42272,2024-09-26 13:34:06,페달
SPB-44222,2024-09-26 13:42:08,체인
SPB-56108,2024-09-26 13:44:20,안장
SPB-47384,2024-09-26 13:48:29,타이어 
SPB-40557,2024-09-26 13:48:53,타이어 
SPB-48350,2024-09-26 13:51:32,타이어 
SPB-51629,2024-09-26 13:55:33,타이어 
SPB-51501,2024-09-26 13:56:49,기타 
SPB-61065,2024-09-26 13:57:16,안장
SPB-69290,2024-09-26 14:00:10,기타 
SPB-42424,2024-09-26 14:01:32,체인
SPB-44241,2024-09-26 14:05:07,페달
SPB-45533,2024-09-26 14:05:21,체인
SPB-50174,2024-09-26 14:08:53,기타 
SPB-32990,2024-09-26 14:09:24,페달
SPB-64012,2024-09-26 14:09:50,체인
SPB-65105,2024-09-26 14:10:00,타이어 
SPB-53708,2024-09-26 14:18:55,안장
SPB-34253,2024-09-26 14:20:07,페달
SPB-63472,2024-09-26 14:21:54,타이어 
SPB-58155,2024-09-26 14:22:21,체인
SPB-69627,2024-09-26 14:25:37,체인
SPB-52425,2024-09-26 14:26:49,페달
SPB-64059,2024-09-26 14:27:52,체인
SPB-69187,2024-09-26 14:29:35,체인
SPB-48998,2024-09-26 14:31:09,페달
SPB-52334,2024-09-26 14:34:33,기타 
SPB-45048,2024-09-26 14:34:58,타이어 
SPB-52334,2024-09-26 14:36:11,기타 
SPB-42478,2024-09-26 14:36:44,단말기
SPB-41555,2024-09-26 14:37:50,체인
SPB-63928,2024-09-26 14:39:30,페달
SPB-64991,2024-09-26 14:40:23,타이어 
SPB-46646,2024-09-26 14:40:59,기타 
SPB-68397,2024-09-26 14:45:43,타이어 
SPB-53027,2024-09-26 14:51:45,체인
SPB-37726,2024-09-26 14:52:58,단말기
SPB-59893,2024-09-26 14:59:55,페달
SPB-55283,2024-09-26 15:01:58,기타 
SPB-61325,2024-09-26 15:05:18,기타 
SPB-47193,2024-09-26 15:06:56,타이어 
SPB-38543,2024-09-26 15:10:23,체인
SPB-64725,2024-09-26 15:12:08,타이어 
SPB-47983,2024-09-26 15:13:15,안장
SPB-42053,2024-09-26 15:15:56,체인
SPB-48510,2024-09-26 15:20:06,타이어 
SPB-56943,2024-09-26 15:22:21,체인
SPB-33368,2024-09-26 15:23:56,기타 
SPB-53649,2024-09-26 15:26:58,체인
SPB-47021,2024-09-26 15:28:53,체인
SPB-64960,2024-09-26 15:29:16,타이어 
SPB-63313,2024-09-26 15:33:42,타이어 
SPB-66055,2024-09-26 15:38:44,체인
SPB-49532,2024-09-26 15:41:04,페달
SPB-46012,2024-09-26 15:42:08,페달
SPB-66652,2024-09-26 15:42:31,타이어 
SPB-57649,2024-09-26 15:49:20,타이어 
SPB-30641,2024-09-26 15:50:29,안장
SPB-48614,2024-09-26 15:51:21,안장
SPB-84139,2024-09-26 15:58:58,체인
SPB-54363,2024-09-26 16:02:51,타이어 
SPB-55132,2024-09-26 16:03:50,안장
SPB-61554,2024-09-26 16:05:39,안장
SPB-66471,2024-09-26 16:05:39,타이어 
SPB-70186,2024-09-26 16:07:22,기타 
SPB-69880,2024-09-26 16:07:49,타이어 
SPB-37892,2024-09-26 16:08:48,체인
SPB-31026,2024-09-26 16:14:50,안장
SPB-61489,2024-09-26 16:16:29,체인
SPB-35401,2024-09-26 16:18:02,타이어 
SPB-36819,2024-09-26 16:18:40,타이어 
SPB-61202,2024-09-26 16:20:40,타이어 
SPB-61848,2024-09-26 16:21:58,체인
SPB-68293,2024-09-26 16:24:50,체인
SPB-58568,2024-09-26 16:26:28,체인
SPB-42424,2024-09-26 16:30:26,페달
SPB-54811,2024-09-26 16:34:34,타이어 
SPB-56856,2024-09-26 16:35:01,안장
SPB-58340,2024-09-26 16:36:58,기타 
SPB-47376,2024-09-26 16:38:23,체인
SPB-58236,2024-09-26 16:40:50,체인
SPB-65067,2024-09-26 16:41:07,안장
SPB-67293,2024-09-26 16:41:39,타이어 
SPB-50663,2024-09-26 16:42:18,기타 
SPB-69383,2024-09-26 16:42:19,기타 
SPB-51768,2024-09-26 16:43:23,기타 
SPB-43998,2024-09-26 16:44:00,기타 
SPB-31374,2024-09-26 16:44:26,기타 
SPB-32987,2024-09-26 16:46:37,타이어 
SPB-33668,2024-09-26 16:48:42,타이어 
SPB-40941,2024-09-26 16:50:06,안장
SPB-32083,2024-09-26 16:50:36,체인
SPB-47612,2024-09-26 16:51:37,체인
SPB-48171,2024-09-26 16:53:13,페달
SPB-32820,2024-09-26 16:53:39,기타 
SPB-43137,2024-09-26 16:54:47,체인
SPB-31097,2024-09-26 16:55:29,기타 
SPB-30514,2024-09-26 16:57:30,타이어 
SPB-70331,2024-09-26 16:58:55,기타 
SPB-53673,2024-09-26 16:59:16,타이어 
SPB-46428,2024-09-26 17:00:59,체인
SPB-36144,2024-09-26 17:01:11,안장
SPB-43802,2024-09-26 17:01:33,체인
SPB-57613,2024-09-26 17:04:11,타이어 
SPB-52462,2024-09-26 17:05:38,기타 
SPB-35186,2024-09-26 17:10:20,타이어 
SPB-47792,2024-09-26 17:14:05,타이어 
SPB-66594,2024-09-26 17:14:52,기타 
SPB-59036,2024-09-26 17:17:26,타이어 
SPB-58023,2024-09-26 17:19:34,페달
SPB-39417,2024-09-26 17:20:56,체인
SPB-52401,2024-09-26 17:23:17,타이어 
SPB-59895,2024-09-26 17:24:30,기타 
SPB-55560,2024-09-26 17:25:18,타이어 
SPB-66634,2024-09-26 17:25:24,타이어 
SPB-65907,2024-09-26 17:25:48,기타 
SPB-42333,2024-09-26 17:26:19,안장
SPB-38662,2024-09-26 17:28:06,기타 
SPB-52268,2024-09-26 17:28:43,타이어 
SPB-45765,2024-09-26 17:28:59,안장
SPB-57158,2024-09-26 17:31:29,타이어 
SPB-33405,2024-09-26 17:34:40,안장
SPB-33191,2024-09-26 17:36:54,타이어 
SPB-50460,2024-09-26 17:38:14,체인
SPB-62608,2024-09-26 17:39:02,타이어 
SPB-37080,2024-09-26 17:41:18,체인
SPB-50236,2024-09-26 17:42:24,체인
SPB-41552,2024-09-26 17:42:25,체인
SPB-45307,2024-09-26 17:44:16,체인
SPB-41402,2024-09-26 17:44:44,타이어 
SPB-64835,2024-09-26 17:45:26,타이어 
SPB-46351,2024-09-26 17:49:00,타이어 
SPB-46813,2024-09-26 17:51:54,안장
SPB-43594,2024-09-26 17:53:12,체인
SPB-81917,2024-09-26 17:53:16,페달
SPB-34750,2024-09-26 17:54:51,체인
SPB-63071,2024-09-26 17:55:21,안장
SPB-58664,2024-09-26 18:00:17,체인
SPB-70039,2024-09-26 18:00:45,체인
SPB-34197,2024-09-26 18:01:05,타이어 
SPB-61923,2024-09-26 18:01:41,타이어 
SPB-41646,2024-09-26 18:02:22,타이어 
SPB-52291,2024-09-26 18:04:54,체인
SPB-69105,2024-09-26 18:06:22,페달
SPB-58016,2024-09-26 18:06:33,단말기
SPB-61031,2024-09-26 18:06:34,기타 
SPB-50483,2024-09-26 18:07:25,페달
SPB-61329,2024-09-26 18:09:21,체인
SPB-45215,2024-09-26 18:09:45,체인
SPB-38729,2024-09-26 18:09:56,타이어 
SPB-53908,2024-09-26 18:11:15,타이어 
SPB-35946,2024-09-26 18:12:03,안장
SPB-67679,2024-09-26 18:12:04,체인
SPB-59738,2024-09-26 18:12:58,기타 
SPB-67197,2024-09-26 18:13:02,기타 
SPB-52097,2024-09-26 18:15:58,타이어 
SPB-58925,2024-09-26 18:16:14,타이어 
SPB-53194,2024-09-26 18:16:34,안장
SPB-63808,2024-09-26 18:17:19,안장
SPB-67598,2024-09-26 18:18:11,타이어 
SPB-41351,2024-09-26 18:18:30,안장
SPB-46905,2024-09-26 18:18:33,안장
SPB-82889,2024-09-26 18:18:35,체인
SPB-53434,2024-09-26 18:18:50,체인
SPB-54500,2024-09-26 18:18:55,타이어 
SPB-65486,2024-09-26 18:19:03,안장
SPB-41930,2024-09-26 18:19:12,타이어 
SPB-32412,2024-09-26 18:20:25,체인
SPB-69385,2024-09-26 18:21:38,체인
SPB-52981,2024-09-26 18:23:04,페달
SPB-64816,2024-09-26 18:23:08,기타 
SPB-50521,2024-09-26 18:23:20,타이어 
SPB-53202,2024-09-26 18:25:36,페달
SPB-61693,2024-09-26 18:27:39,타이어 
SPB-68441,2024-09-26 18:28:39,체인
SPB-54398,2024-09-26 18:29:32,체인
SPB-51247,2024-09-26 18:29:50,안장
SPB-49464,2024-09-26 18:31:02,페달
SPB-44359,2024-09-26 18:32:26,체인
SPB-36345,2024-09-26 18:33:12,타이어 
SPB-66153,2024-09-26 18:33:56,안장
SPB-46771,2024-09-26 18:34:38,타이어 
SPB-57338,2024-09-26 18:35:03,타이어 
SPB-46687,2024-09-26 18:35:05,단말기
SPB-42918,2024-09-26 18:35:37,타이어 
SPB-38212,2024-09-26 18:35:55,타이어 
SPB-57991,2024-09-26 18:37:15,페달
SPB-62415,2024-09-26 18:38:21,안장
SPB-47559,2024-09-26 18:38:58,타이어 
SPB-43470,2024-09-26 18:39:15,타이어 
SPB-64474,2024-09-26 18:39:29,타이어 
SPB-50848,2024-09-26 18:40:45,안장
SPB-67328,2024-09-26 18:41:15,기타 
SPB-66909,2024-09-26 18:41:28,타이어 
SPB-54692,2024-09-26 18:41:32,체인
SPB-62788,2024-09-26 18:41:55,타이어 
SPB-63041,2024-09-26 18:42:33,안장
SPB-40396,2024-09-26 18:44:49,기타 
SPB-70474,2024-09-26 18:46:04,기타 
SPB-80908,2024-09-26 18:46:53,페달
SPB-67767,2024-09-26 18:46:54,타이어 
SPB-47543,2024-09-26 18:47:05,페달
SPB-50004,2024-09-26 18:47:40,타이어 
SPB-31962,2024-09-26 18:47:45,체인
SPB-51414,2024-09-26 18:48:03,체인
SPB-66403,2024-09-26 18:49:41,타이어 
SPB-41444,2024-09-26 18:49:56,체인
SPB-42887,2024-09-26 18:51:00,안장
SPB-37700,2024-09-26 18:51:20,타이어 
SPB-66820,2024-09-26 18:51:47,페달
SPB-40650,2024-09-26 18:51:50,안장
SPB-52881,2024-09-26 18:52:24,안장
SPB-58691,2024-09-26 18:52:29,기타 
SPB-34665,2024-09-26 18:52:40,페달
SPB-63826,2024-09-26 18:54:23,기타 
SPB-66660,2024-09-26 18:55:28,체인
SPB-67883,2024-09-26 18:55:40,기타 
SPB-52482,2024-09-26 18:55:42,기타 
SPB-31981,2024-09-26 18:56:39,체인
SPB-60692,2024-09-26 18:59:41,체인
SPB-49392,2024-09-26 19:00:54,타이어 
SPB-52701,2024-09-26 19:02:53,기타 
SPB-65992,2024-09-26 19:03:05,기타 
SPB-33164,2024-09-26 19:03:38,기타 
SPB-51498,2024-09-26 19:03:52,안장
SPB-36237,2024-09-26 19:04:40,체인
SPB-42920,2024-09-26 19:05:53,단말기
SPB-34038,2024-09-26 19:06:00,체인
SPB-56392,2024-09-26 19:06:10,안장
SPB-61340,2024-09-26 19:07:50,기타 
SPB-59123,2024-09-26 19:08:30,페달
SPB-57029,2024-09-26 19:08:32,단말기
SPB-52781,2024-09-26 19:10:11,안장
SPB-70279,2024-09-26 19:12:25,체인
SPB-39456,2024-09-26 19:14:41,타이어 
SPB-60090,2024-09-26 19:15:20,체인
SPB-51528,2024-09-26 19:15:52,안장
SPB-42404,2024-09-26 19:17:01,안장
SPB-37490,2024-09-26 19:17:04,안장
SPB-32210,2024-09-26 19:18:05,기타 
SPB-45689,2024-09-26 19:18:19,타이어 
SPB-30513,2024-09-26 19:18:23,기타 
SPB-57832,2024-09-26 19:19:06,타이어 
SPB-58177,2024-09-26 19:19:35,체인
SPB-53170,2024-09-26 19:20:10,기타 
SPB-38710,2024-09-26 19:23:12,타이어 
SPB-42347,2024-09-26 19:23:43,체인
SPB-59774,2024-09-26 19:24:09,기타 
SPB-39250,2024-09-26 19:26:57,타이어 
SPB-40242,2024-09-26 19:27:32,타이어 
SPB-68963,2024-09-26 19:27:36,타이어 
SPB-47970,2024-09-26 19:27:39,체인
SPB-52708,2024-09-26 19:28:00,안장
SPB-43745,2024-09-26 19:29:05,기타 
SPB-42605,2024-09-26 19:30:43,기타 
SPB-50431,2024-09-26 19:31:29,타이어 
SPB-57988,2024-09-26 19:31:30,페달
SPB-63204,2024-09-26 19:33:02,기타 
SPB-42044,2024-09-26 19:33:06,체인
SPB-58610,2024-09-26 19:33:56,체인
SPB-36099,2024-09-26 19:34:04,안장
SPB-51130,2024-09-26 19:36:35,기타 
SPB-66942,2024-09-26 19:38:04,안장
SPB-50572,2024-09-26 19:38:57,타이어 
SPB-42497,2024-09-26 19:39:28,안장
SPB-53412,2024-09-26 19:39:30,체인
SPB-32452,2024-09-26 19:42:50,체인
SPB-61940,2024-09-26 19:42:58,체인
SPB-63998,2024-09-26 19:43:33,체인
SPB-57975,2024-09-26 19:44:00,기타 
SPB-64577,2024-09-26 19:45:14,기타 
SPB-43761,2024-09-26 19:47:19,안장
SPB-61391,2024-09-26 19:47:57,체인
SPB-42196,2024-09-26 19:49:38,체인
SPB-59119,2024-09-26 19:50:11,페달
SPB-70174,2024-09-26 19:51:26,체인
SPB-70346,2024-09-26 19:52:10,기타 
SPB-52557,2024-09-26 19:52:34,안장
SPB-53183,2024-09-26 19:53:02,체인
SPB-53935,2024-09-26 19:53:26,타이어 
SPB-53324,2024-09-26 19:54:27,체인
SPB-70221,2024-09-26 19:54:29,기타 
SPB-54613,2024-09-26 19:54:47,기타 
SPB-41430,2024-09-26 19:55:19,페달
SPB-61048,2024-09-26 19:58:05,안장
SPB-55610,2024-09-26 20:00:59,체인
SPB-61441,2024-09-26 20:01:18,체인
SPB-84592,2024-09-26 20:01:27,기타 
SPB-53692,2024-09-26 20:05:43,기타 
SPB-33201,2024-09-26 20:07:37,안장
SPB-66154,2024-09-26 20:09:35,체인
SPB-49374,2024-09-26 20:10:26,체인
SPB-33412,2024-09-26 20:11:28,체인
SPB-50028,2024-09-26 20:11:36,안장
SPB-51307,2024-09-26 20:11:48,안장
SPB-36020,2024-09-26 20:13:48,기타 
SPB-84296,2024-09-26 20:15:48,기타 
SPB-48828,2024-09-26 20:18:40,타이어 
SPB-56780,2024-09-26 20:19:07,안장
SPB-59663,2024-09-26 20:19:12,체인
SPB-32218,2024-09-26 20:21:05,타이어 
SPB-59547,2024-09-26 20:21:11,체인
SPB-52128,2024-09-26 20:21:48,타이어 
SPB-54804,2024-09-26 20:22:01,체인
SPB-54962,2024-09-26 20:22:48,기타 
SPB-40943,2024-09-26 20:23:40,페달
SPB-52074,2024-09-26 20:25:39,타이어 
SPB-53164,2024-09-26 20:25:50,타이어 
SPB-46936,2024-09-26 20:26:51,안장
SPB-51550,2024-09-26 20:29:19,체인
SPB-61913,2024-09-26 20:30:02,타이어 
SPB-62880,2024-09-26 20:30:36,페달
SPB-57406,2024-09-26 20:30:37,페달
SPB-51175,2024-09-26 20:30:45,페달
SPB-53525,2024-09-26 20:31:13,체인
SPB-58228,2024-09-26 20:31:39,기타 
SPB-52059,2024-09-26 20:32:03,기타 
SPB-34785,2024-09-26 20:32:26,안장
SPB-57480,2024-09-26 20:33:22,기타 
SPB-55702,2024-09-26 20:33:25,타이어 
SPB-35088,2024-09-26 20:35:39,체인
SPB-53749,2024-09-26 20:36:47,단말기
SPB-37645,2024-09-26 20:36:56,기타 
SPB-36545,2024-09-26 20:37:55,기타 
SPB-44412,2024-09-26 20:46:04,안장
SPB-37092,2024-09-26 20:47:37,체인
SPB-62525,2024-09-26 20:47:37,페달
SPB-50833,2024-09-26 20:47:47,페달
SPB-56790,2024-09-26 20:48:32,안장
SPB-60632,2024-09-26 20:53:24,안장
SPB-31129,2024-09-26 20:53:28,기타 
SPB-54380,2024-09-26 20:54:43,기타 
SPB-31401,2024-09-26 20:54:51,체인
SPB-70075,2024-09-26 20:55:12,타이어 
SPB-30120,2024-09-26 21:00:04,체인
SPB-69952,2024-09-26 21:02:30,체인
SPB-63392,2024-09-26 21:03:58,페달
SPB-52173,2024-09-26 21:04:48,기타 
SPB-55314,2024-09-26 21:07:56,페달
SPB-50804,2024-09-26 21:08:20,기타 
SPB-31052,2024-09-26 21:09:31,체인
SPB-64795,2024-09-26 21:09:35,타이어 
SPB-57250,2024-09-26 21:09:45,체인
SPB-59862,2024-09-26 21:10:28,기타 
SPB-61401,2024-09-26 21:11:39,기타 
SPB-82008,2024-09-26 21:11:46,단말기
SPB-31910,2024-09-26 21:13:22,타이어 
SPB-52818,2024-09-26 21:14:56,체인
SPB-52904,2024-09-26 21:15:06,타이어 
SPB-47632,2024-09-26 21:15:21,타이어 
SPB-55011,2024-09-26 21:18:17,안장
SPB-49137,2024-09-26 21:21:30,페달
SPB-69579,2024-09-26 21:24:49,기타 
SPB-54220,2024-09-26 21:27:19,체인
SPB-68803,2024-09-26 21:27:19,체인
SPB-31083,2024-09-26 21:29:37,안장
SPB-40507,2024-09-26 21:30:41,타이어 
SPB-70255,2024-09-26 21:33:57,타이어 
SPB-32987,2024-09-26 21:36:11,타이어 
SPB-41148,2024-09-26 21:37:52,기타 
SPB-34502,2024-09-26 21:38:54,체인
SPB-44462,2024-09-26 21:40:28,기타 
SPB-52760,2024-09-26 21:40:35,타이어 
SPB-63526,2024-09-26 21:40:37,타이어 
SPB-53550,2024-09-26 21:41:45,체인
SPB-34321,2024-09-26 21:46:28,페달
SPB-38927,2024-09-26 21:52:54,체인
SPB-34600,2024-09-26 21:53:21,체인
SPB-35461,2024-09-26 21:54:03,기타 
SPB-33541,2024-09-26 21:55:21,타이어 
SPB-53100,2024-09-26 21:55:31,타이어 
SPB-48873,2024-09-26 21:56:37,체인
SPB-64567,2024-09-26 21:58:55,기타 
SPB-65536,2024-09-26 21:59:22,기타 
SPB-44450,2024-09-26 22:00:18,단말기
SPB-39671,2024-09-26 22:00:29,체인
SPB-66764,2024-09-26 22:00:37,기타 
SPB-62597,2024-09-26 22:00:45,타이어 
SPB-61675,2024-09-26 22:01:35,기타 
SPB-68437,2024-09-26 22:04:52,타이어 
SPB-51014,2024-09-26 22:13:37,안장
SPB-44873,2024-09-26 22:14:14,체인
SPB-52163,2024-09-26 22:16:03,페달
SPB-59463,2024-09-26 22:16:41,안장
SPB-66227,2024-09-26 22:16:44,기타 
SPB-64675,2024-09-26 22:18:49,타이어 
SPB-39279,2024-09-26 22:20:15,체인
SPB-60622,2024-09-26 22:22:05,기타 
SPB-38173,2024-09-26 22:22:34,타이어 
SPB-41388,2024-09-26 22:24:29,체인
SPB-38225,2024-09-26 22:25:13,타이어 
SPB-58938,2024-09-26 22:26:10,기타 
SPB-38080,2024-09-26 22:26:30,안장
SPB-67263,2024-09-26 22:28:37,타이어 
SPB-69191,2024-09-26 22:33:51,체인
SPB-81043,2024-09-26 22:36:35,기타 
SPB-47266,2024-09-26 22:38:25,타이어 
SPB-30776,2024-09-26 22:38:55,기타 
SPB-66394,2024-09-26 22:39:53,기타 
SPB-35351,2024-09-26 22:46:40,체인
SPB-50144,2024-09-26 22:47:29,체인
SPB-30320,2024-09-26 22:49:42,타이어 
SPB-58133,2024-09-26 22:51:11,타이어 
SPB-52007,2024-09-26 22:51:57,타이어 
SPB-83704,2024-09-26 22:57:21,기타 
SPB-50864,2024-09-26 22:59:35,체인
SPB-41608,2024-09-26 23:01:30,체인
SPB-52528,2024-09-26 23:02:20,단말기
SPB-68743,2024-09-26 23:04:50,타이어 
SPB-37126,2024-09-26 23:05:12,안장
SPB-59762,2024-09-26 23:05:16,페달
SPB-65210,2024-09-26 23:11:40,체인
SPB-30705,2024-09-26 23:14:41,단말기
SPB-69803,2024-09-26 23:15:43,안장
SPB-58994,2024-09-26 23:22:59,타이어 
SPB-67047,2024-09-26 23:24:24,타이어 
SPB-65585,2024-09-26 23:42:04,기타 
SPB-36016,2024-09-26 23:43:09,타이어 
SPB-55375,2024-09-26 23:46:40,기타 
SPB-56648,2024-09-27 00:01:59,페달
SPB-43241,2024-09-27 00:10:53,안장
SPB-63081,2024-09-27 00:18:55,안장
SPB-47674,2024-09-27 00:22:11,안장
SPB-66168,2024-09-27 00:27:31,기타 
SPB-45356,2024-09-27 00:28:07,체인
SPB-48807,2024-09-27 00:35:40,기타 
SPB-68296,2024-09-27 00:43:46,체인
SPB-68002,2024-09-27 00:55:11,기타 
SPB-45310,2024-09-27 00:57:20,체인
SPB-41434,2024-09-27 01:17:48,체인
SPB-56550,2024-09-27 01:23:32,체인
SPB-56420,2024-09-27 01:30:46,페달
SPB-65165,2024-09-27 01:32:16,타이어 
SPB-38052,2024-09-27 01:32:28,체인
SPB-55742,2024-09-27 01:32:59,페달
SPB-52076,2024-09-27 01:39:14,페달
SPB-43641,2024-09-27 01:44:45,체인
SPB-51379,2024-09-27 01:51:21,안장
SPB-45491,2024-09-27 01:56:56,안장
SPB-42559,2024-09-27 01:58:08,기타 
SPB-52654,2024-09-27 02:24:50,타이어 
SPB-62519,2024-09-27 03:01:25,기타 
SPB-45032,2024-09-27 03:19:50,단말기
SPB-49097,2024-09-27 03:28:27,기타 
SPB-55083,2024-09-27 03:36:57,안장
SPB-51617,2024-09-27 03:41:15,안장
SPB-38410,2024-09-27 03:46:29,체인
SPB-69645,2024-09-27 04:37:31,타이어 
SPB-43780,2024-09-27 05:16:07,페달
SPB-38642,2024-09-27 05:22:33,기타 
SPB-44593,2024-09-27 05:30:49,타이어 
SPB-40781,2024-09-27 05:32:40,페달
SPB-62133,2024-09-27 05:36:49,페달
SPB-70466,2024-09-27 05:45:27,기타 
SPB-70361,2024-09-27 05:49:47,페달
SPB-58166,2024-09-27 05:52:52,체인
SPB-47763,2024-09-27 05:55:09,타이어 
SPB-59264,2024-09-27 06:04:42,타이어 
SPB-51097,2024-09-27 06:05:24,체인
SPB-43306,2024-09-27 06:05:40,타이어 
SPB-52430,2024-09-27 06:17:19,안장
SPB-50512,2024-09-27 06:17:47,기타 
SPB-68591,2024-09-27 06:22:13,타이어 
SPB-52425,2024-09-27 06:26:03,페달
SPB-41803,2024-09-27 06:30:30,체인
SPB-59247,2024-09-27 06:44:22,기타 
SPB-48596,2024-09-27 06:46:27,체인
SPB-48408,2024-09-27 06:47:15,타이어 
SPB-50346,2024-09-27 06:50:43,기타 
SPB-35239,2024-09-27 06:51:53,타이어 
SPB-83357,2024-09-27 06:52:09,기타 
SPB-60032,2024-09-27 06:52:15,안장
SPB-34783,2024-09-27 06:53:34,체인
SPB-46606,2024-09-27 06:54:11,기타 
SPB-65380,2024-09-27 06:57:38,안장
SPB-51747,2024-09-27 06:58:01,타이어 
SPB-46255,2024-09-27 06:59:06,안장
SPB-56146,2024-09-27 06:59:43,타이어 
SPB-31679,2024-09-27 07:03:24,체인
SPB-30461,2024-09-27 07:06:39,단말기
SPB-62176,2024-09-27 07:08:17,체인
SPB-30324,2024-09-27 07:08:49,페달
SPB-33711,2024-09-27 07:09:37,안장
SPB-84883,2024-09-27 07:12:18,타이어 
SPB-56569,2024-09-27 07:20:44,타이어 
SPB-57456,2024-09-27 07:20:46,타이어 
SPB-68044,2024-09-27 07:21:54,체인
SPB-55393,2024-09-27 07:23:17,타이어 
SPB-63571,2024-09-27 07:23:17,체인
SPB-37616,2024-09-27 07:25:13,체인
SPB-53926,2024-09-27 07:29:52,안장
SPB-43439,2024-09-27 07:30:08,페달
SPB-55099,2024-09-27 07:32:00,안장
SPB-66320,2024-09-27 07:32:19,체인
SPB-43075,2024-09-27 07:34:19,단말기
SPB-38990,2024-09-27 07:34:27,타이어 
SPB-84361,2024-09-27 07:34:32,타이어 
SPB-67570,2024-09-27 07:34:46,안장
SPB-39716,2024-09-27 07:35:12,안장
SPB-37700,2024-09-27 07:35:41,기타 
SPB-58549,2024-09-27 07:36:18,기타 
SPB-43101,2024-09-27 07:36:45,기타 
SPB-48136,2024-09-27 07:39:59,체인
SPB-62783,2024-09-27 07:43:03,안장
SPB-41303,2024-09-27 07:43:18,기타 
SPB-42396,2024-09-27 07:47:44,체인
SPB-39375,2024-09-27 07:47:53,페달
SPB-50572,2024-09-27 07:48:39,타이어 
SPB-63677,2024-09-27 07:48:42,타이어 
SPB-53336,2024-09-27 07:49:45,안장
SPB-33950,2024-09-27 07:50:43,단말기
SPB-39967,2024-09-27 07:53:35,단말기
SPB-42526,2024-09-27 07:55:17,체인
SPB-45477,2024-09-27 07:55:33,안장
SPB-54677,2024-09-27 07:55:59,기타 
SPB-61568,2024-09-27 07:57:33,기타 
SPB-41540,2024-09-27 07:59:31,안장
SPB-47079,2024-09-27 08:03:43,타이어 
SPB-59755,2024-09-27 08:05:24,단말기
SPB-36233,2024-09-27 08:05:40,기타 
SPB-58460,2024-09-27 08:07:11,타이어 
SPB-66521,2024-09-27 08:07:29,안장
SPB-33640,2024-09-27 08:11:16,타이어 
SPB-64908,2024-09-27 08:11:33,타이어 
SPB-39027,2024-09-27 08:12:06,안장
SPB-30963,2024-09-27 08:12:07,기타 
SPB-55486,2024-09-27 08:12:17,기타 
SPB-62370,2024-09-27 08:14:55,타이어 
SPB-43396,2024-09-27 08:15:48,기타 
SPB-39389,2024-09-27 08:17:13,페달
SPB-39503,2024-09-27 08:17:55,타이어 
SPB-35448,2024-09-27 08:18:18,체인
SPB-61720,2024-09-27 08:19:04,안장
SPB-33693,2024-09-27 08:19:08,기타 
SPB-82382,2024-09-27 08:21:25,타이어 
SPB-63566,2024-09-27 08:21:53,체인
SPB-33586,2024-09-27 08:23:41,기타 
SPB-58925,2024-09-27 08:23:58,타이어 
SPB-55453,2024-09-27 08:24:04,체인
SPB-37807,2024-09-27 08:24:17,타이어 
SPB-43355,2024-09-27 08:24:36,타이어 
SPB-30922,2024-09-27 08:24:36,페달
SPB-45423,2024-09-27 08:25:36,안장
SPB-57299,2024-09-27 08:26:55,타이어 
SPB-67137,2024-09-27 08:27:01,페달
SPB-31996,2024-09-27 08:27:45,체인
SPB-69020,2024-09-27 08:28:30,체인
SPB-52511,2024-09-27 08:28:37,페달
SPB-69864,2024-09-27 08:29:14,체인
SPB-55706,2024-09-27 08:29:23,타이어 
SPB-33888,2024-09-27 08:32:50,페달
SPB-42940,2024-09-27 08:34:42,체인
SPB-34036,2024-09-27 08:35:43,타이어 
SPB-67190,2024-09-27 08:36:25,타이어 
SPB-36605,2024-09-27 08:37:15,안장
SPB-44126,2024-09-27 08:38:58,타이어 
SPB-55278,2024-09-27 08:39:38,타이어 
SPB-30438,2024-09-27 08:40:23,타이어 
SPB-53488,2024-09-27 08:41:02,안장
SPB-38417,2024-09-27 08:42:47,체인
SPB-64588,2024-09-27 08:43:09,타이어 
SPB-62412,2024-09-27 08:44:26,타이어 
SPB-51710,2024-09-27 08:44:35,타이어 
SPB-64225,2024-09-27 08:44:38,안장
SPB-31917,2024-09-27 08:45:18,체인
SPB-59096,2024-09-27 08:46:13,타이어 
SPB-70161,2024-09-27 08:47:00,체인
SPB-58023,2024-09-27 08:47:57,페달
SPB-37953,2024-09-27 08:48:14,체인
SPB-59816,2024-09-27 08:49:08,체인
SPB-44498,2024-09-27 08:49:15,안장
SPB-31434,2024-09-27 08:50:34,기타 
SPB-51831,2024-09-27 08:52:19,기타 
SPB-32669,2024-09-27 08:54:10,타이어 
SPB-67670,2024-09-27 08:55:44,안장
SPB-39327,2024-09-27 08:56:50,체인
SPB-62615,2024-09-27 08:57:01,체인
SPB-52130,2024-09-27 09:04:31,기타 
SPB-41904,2024-09-27 09:04:43,체인
SPB-41782,2024-09-27 09:05:29,타이어 
SPB-38377,2024-09-27 09:06:39,안장
SPB-41932,2024-09-27 09:09:30,안장
SPB-51759,2024-09-27 09:09:32,기타 
SPB-84282,2024-09-27 09:11:15,안장
SPB-60641,2024-09-27 09:12:19,타이어 
SPB-49435,2024-09-27 09:13:07,페달
SPB-38433,2024-09-27 09:14:22,안장
SPB-62809,2024-09-27 09:15:57,체인
SPB-43046,2024-09-27 09:22:27,타이어 
SPB-50791,2024-09-27 09:22:39,기타 
SPB-38649,2024-09-27 09:23:07,타이어 
SPB-68896,2024-09-27 09:23:31,기타 
SPB-42637,2024-09-27 09:25:28,안장
SPB-45258,2024-09-27 09:26:06,체인
SPB-56585,2024-09-27 09:26:54,안장
SPB-64707,2024-09-27 09:27:07,체인
SPB-57574,2024-09-27 09:29:35,체인
SPB-48839,2024-09-27 09:32:17,단말기
SPB-31516,2024-09-27 09:33:01,기타 
SPB-36185,2024-09-27 09:33:27,페달
SPB-68269,2024-09-27 09:33:39,체인
SPB-51957,2024-09-27 09:36:23,체인
SPB-64443,2024-09-27 09:36:23,안장
SPB-32491,2024-09-27 09:37:05,기타 
SPB-53063,2024-09-27 09:40:53,체인
SPB-55163,2024-09-27 09:40:55,타이어 
SPB-65235,2024-09-27 09:41:00,체인
SPB-64588,2024-09-27 09:42:14,타이어 
SPB-36371,2024-09-27 09:42:24,체인
SPB-58641,2024-09-27 09:43:12,페달
SPB-50132,2024-09-27 09:45:18,기타 
SPB-66382,2024-09-27 09:46:23,체인
SPB-42865,2024-09-27 09:57:24,기타 
SPB-61827,2024-09-27 09:58:00,타이어 
SPB-46657,2024-09-27 10:03:50,체인
SPB-54182,2024-09-27 10:10:27,페달
SPB-51467,2024-09-27 10:10:52,체인
SPB-59493,2024-09-27 10:13:41,기타 
SPB-69977,2024-09-27 10:14:59,체인
SPB-33724,2024-09-27 10:17:56,기타 
SPB-60278,2024-09-27 10:19:23,타이어 
SPB-32656,2024-09-27 10:21:32,타이어 
SPB-68459,2024-09-27 10:34:36,타이어 
SPB-34596,2024-09-27 10:41:06,타이어 
SPB-37616,2024-09-27 10:42:54,페달
SPB-34189,2024-09-27 10:44:49,페달
SPB-58813,2024-09-27 10:44:53,페달
SPB-41159,2024-09-27 10:46:50,안장
SPB-55545,2024-09-27 10:48:11,타이어 
SPB-33074,2024-09-27 10:48:35,체인
SPB-35324,2024-09-27 10:48:39,타이어 
SPB-63311,2024-09-27 10:52:09,안장
SPB-45618,2024-09-27 10:52:28,체인
SPB-60274,2024-09-27 10:53:52,타이어 
SPB-47254,2024-09-27 10:55:05,타이어 
SPB-45642,2024-09-27 11:00:46,페달
SPB-46905,2024-09-27 11:00:47,안장
SPB-39713,2024-09-27 11:03:56,타이어 
SPB-39817,2024-09-27 11:04:02,기타 
SPB-43136,2024-09-27 11:04:08,체인
SPB-52925,2024-09-27 11:06:51,체인
SPB-59440,2024-09-27 11:08:10,기타 
SPB-68714,2024-09-27 11:08:31,체인
SPB-42392,2024-09-27 11:17:31,페달
SPB-70128,2024-09-27 11:18:15,체인
SPB-45228,2024-09-27 11:25:58,기타 
SPB-35877,2024-09-27 11:27:42,타이어 
SPB-34857,2024-09-27 11:31:56,체인
SPB-30249,2024-09-27 11:32:18,안장
SPB-34698,2024-09-27 11:32:37,안장
SPB-56219,2024-09-27 11:34:04,타이어 
SPB-42077,2024-09-27 11:35:37,체인
SPB-50029,2024-09-27 11:38:47,기타 
SPB-32988,2024-09-27 11:40:21,체인
SPB-34446,2024-09-27 11:46:08,기타 
SPB-38848,2024-09-27 11:48:23,타이어 
SPB-67206,2024-09-27 11:48:36,타이어 
SPB-69315,2024-09-27 11:50:28,안장
SPB-48276,2024-09-27 11:51:04,단말기
SPB-67501,2024-09-27 11:52:25,타이어 
SPB-36103,2024-09-27 11:53:47,안장
SPB-32498,2024-09-27 11:53:57,기타 
SPB-45344,2024-09-27 11:54:18,안장
SPB-61663,2024-09-27 11:56:18,타이어 
SPB-39801,2024-09-27 11:56:19,체인
SPB-63502,2024-09-27 11:59:22,타이어 
SPB-70314,2024-09-27 12:00:44,타이어 
SPB-65007,2024-09-27 12:05:59,체인
SPB-56483,2024-09-27 12:09:07,페달
SPB-33974,2024-09-27 12:10:41,페달
SPB-65213,2024-09-27 12:11:34,타이어 
SPB-41969,2024-09-27 12:21:20,체인
SPB-69315,2024-09-27 12:25:12,안장
SPB-69245,2024-09-27 12:34:06,체인
SPB-31912,2024-09-27 12:35:05,페달
SPB-37172,2024-09-27 12:35:15,체인
SPB-55510,2024-09-27 12:35:24,타이어 
SPB-50777,2024-09-27 12:44:42,페달
SPB-57902,2024-09-27 12:44:45,페달
SPB-52794,2024-09-27 12:48:11,페달
SPB-37671,2024-09-27 12:53:34,체인
SPB-50415,2024-09-27 12:55:34,기타 
SPB-52504,2024-09-27 13:00:45,타이어 
SPB-32240,2024-09-27 13:03:43,페달
SPB-59032,2024-09-27 13:08:22,체인
SPB-53070,2024-09-27 13:09:26,기타 
SPB-53790,2024-09-27 13:11:08,기타 
SPB-33131,2024-09-27 13:12:00,타이어 
SPB-58576,2024-09-27 13:12:06,타이어 
SPB-60078,2024-09-27 13:12:18,타이어 
SPB-45889,2024-09-27 13:14:38,페달
SPB-51641,2024-09-27 13:14:55,단말기
SPB-83709,2024-09-27 13:19:44,기타 
SPB-31040,2024-09-27 13:26:18,체인
SPB-51440,2024-09-27 13:26:55,페달
SPB-63162,2024-09-27 13:28:11,기타 
SPB-48989,2024-09-27 13:30:19,체인
SPB-44319,2024-09-27 13:30:24,단말기
SPB-31619,2024-09-27 13:33:35,체인
SPB-64059,2024-09-27 13:35:17,체인
SPB-34283,2024-09-27 13:35:48,페달
SPB-39722,2024-09-27 13:36:19,페달
SPB-61653,2024-09-27 13:40:34,단말기
SPB-47052,2024-09-27 13:43:19,페달
SPB-30228,2024-09-27 13:44:17,페달
SPB-34603,2024-09-27 13:48:35,페달
SPB-50388,2024-09-27 13:49:12,기타 
SPB-46095,2024-09-27 13:49:42,기타 
SPB-59050,2024-09-27 13:52:04,타이어 
SPB-52178,2024-09-27 13:54:35,기타 
SPB-32729,2024-09-27 13:57:09,타이어 
SPB-61362,2024-09-27 13:57:18,타이어 
SPB-38035,2024-09-27 14:01:31,타이어 
SPB-33149,2024-09-27 14:01:53,체인
SPB-43025,2024-09-27 14:02:43,페달
SPB-62596,2024-09-27 14:03:24,기타 
SPB-39611,2024-09-27 14:05:52,안장
SPB-59659,2024-09-27 14:10:35,타이어 
SPB-44815,2024-09-27 14:12:19,기타 
SPB-68406,2024-09-27 14:13:47,기타 
SPB-33263,2024-09-27 14:18:09,기타 
SPB-48036,2024-09-27 14:20:52,타이어 
SPB-50313,2024-09-27 14:28:52,기타 
SPB-57569,2024-09-27 14:30:04,기타 
SPB-64471,2024-09-27 14:37:21,안장
SPB-44145,2024-09-27 14:38:01,기타 
SPB-36441,2024-09-27 14:47:40,타이어 
SPB-66410,2024-09-27 14:53:16,기타 
SPB-42414,2024-09-27 14:53:43,기타 
SPB-42406,2024-09-27 14:56:24,기타 
SPB-64191,2024-09-27 15:01:33,기타 
SPB-69655,2024-09-27 15:01:59,체인
SPB-40351,2024-09-27 15:04:28,체인
SPB-31293,2024-09-27 15:06:06,단말기
SPB-59062,2024-09-27 15:09:02,페달
SPB-59739,2024-09-27 15:13:35,체인
SPB-57618,2024-09-27 15:14:24,체인
SPB-30320,2024-09-27 15:16:28,타이어 
SPB-34783,2024-09-27 15:20:25,타이어 
SPB-54692,2024-09-27 15:21:54,체인
SPB-69375,2024-09-27 15:23:04,체인
SPB-68463,2024-09-27 15:24:31,안장
SPB-46574,2024-09-27 15:26:51,체인
SPB-54853,2024-09-27 15:34:22,타이어 
SPB-31469,2024-09-27 15:39:01,안장
SPB-54157,2024-09-27 15:42:42,페달
SPB-37736,2024-09-27 15:42:58,타이어 
SPB-65461,2024-09-27 15:43:35,페달
SPB-34161,2024-09-27 15:44:14,타이어 
SPB-64433,2024-09-27 15:45:20,타이어 
SPB-34974,2024-09-27 15:45:32,페달
SPB-59554,2024-09-27 15:48:39,타이어 
SPB-81290,2024-09-27 15:54:10,페달
SPB-46235,2024-09-27 15:58:31,체인
SPB-57108,2024-09-27 16:03:54,기타 
SPB-34526,2024-09-27 16:05:52,체인
SPB-53153,2024-09-27 16:08:59,페달
SPB-56714,2024-09-27 16:09:21,페달
SPB-34179,2024-09-27 16:17:43,타이어 
SPB-51137,2024-09-27 16:23:08,타이어 
SPB-67694,2024-09-27 16:24:24,체인
SPB-32049,2024-09-27 16:25:10,기타 
SPB-48908,2024-09-27 16:25:41,타이어 
SPB-34224,2024-09-27 16:26:06,체인
SPB-51521,2024-09-27 16:27:07,체인
SPB-59157,2024-09-27 16:31:44,안장
SPB-65567,2024-09-27 16:32:57,타이어 
SPB-69315,2024-09-27 16:33:02,안장
SPB-33574,2024-09-27 16:33:42,기타 
SPB-57000,2024-09-27 16:36:36,타이어 
SPB-39759,2024-09-27 16:37:28,타이어 
SPB-49082,2024-09-27 16:40:38,단말기
SPB-54676,2024-09-27 16:44:31,페달
SPB-61831,2024-09-27 16:44:54,안장
SPB-40851,2024-09-27 16:45:44,타이어 
SPB-40667,2024-09-27 16:46:48,타이어 
SPB-55906,2024-09-27 16:47:15,페달
SPB-30533,2024-09-27 16:47:40,체인
SPB-50710,2024-09-27 16:50:10,기타 
SPB-39212,2024-09-27 16:52:23,체인
SPB-59629,2024-09-27 17:01:17,타이어 
SPB-56834,2024-09-27 17:01:20,페달
SPB-44029,2024-09-27 17:02:39,기타 
SPB-51816,2024-09-27 17:03:09,기타 
SPB-45282,2024-09-27 17:06:21,체인
SPB-44064,2024-09-27 17:07:08,안장
SPB-37080,2024-09-27 17:07:56,체인
SPB-66552,2024-09-27 17:09:28,타이어 
SPB-59187,2024-09-27 17:10:38,기타 
SPB-45445,2024-09-27 17:10:57,체인
SPB-54950,2024-09-27 17:13:40,안장
SPB-43382,2024-09-27 17:13:57,타이어 
SPB-35813,2024-09-27 17:14:00,타이어 
SPB-53179,2024-09-27 17:14:54,기타 
SPB-41385,2024-09-27 17:15:54,타이어 
SPB-44715,2024-09-27 17:16:19,기타 
SPB-62246,2024-09-27 17:16:22,타이어 
SPB-52648,2024-09-27 17:17:31,타이어 
SPB-43575,2024-09-27 17:20:37,체인
SPB-66728,2024-09-27 17:21:18,기타 
SPB-46024,2024-09-27 17:23:55,타이어 
SPB-51915,2024-09-27 17:26:39,안장
SPB-70500,2024-09-27 17:27:45,타이어 
SPB-66096,2024-09-27 17:27:52,기타 
SPB-47939,2024-09-27 17:28:49,타이어 
SPB-30185,2024-09-27 17:29:07,단말기
SPB-38176,2024-09-27 17:30:06,타이어 
SPB-58223,2024-09-27 17:30:31,기타 
SPB-51274,2024-09-27 17:30:34,기타 
SPB-51172,2024-09-27 17:31:46,페달
SPB-45631,2024-09-27 17:32:56,체인
SPB-33711,2024-09-27 17:34:43,안장
SPB-46853,2024-09-27 17:35:30,체인
SPB-40656,2024-09-27 17:39:12,기타 
SPB-34101,2024-09-27 17:39:22,안장
SPB-58069,2024-09-27 17:39:33,단말기
SPB-59496,2024-09-27 17:46:11,기타 
SPB-36572,2024-09-27 17:46:22,안장
SPB-65669,2024-09-27 17:46:23,기타 
SPB-46172,2024-09-27 17:48:03,체인
SPB-50171,2024-09-27 17:48:09,체인
SPB-52570,2024-09-27 17:48:14,기타 
SPB-46577,2024-09-27 17:49:36,체인
SPB-30472,2024-09-27 17:51:04,타이어 
SPB-66564,2024-09-27 17:51:08,안장
SPB-81874,2024-09-27 17:51:15,타이어 
SPB-69148,2024-09-27 17:52:38,타이어 
SPB-57585,2024-09-27 17:53:15,안장
SPB-65407,2024-09-27 17:53:52,타이어 
SPB-57296,2024-09-27 17:57:20,페달
SPB-62572,2024-09-27 17:57:48,기타 
SPB-40973,2024-09-27 17:58:49,안장
SPB-58876,2024-09-27 17:58:54,페달
SPB-57377,2024-09-27 17:59:10,타이어 
SPB-69920,2024-09-27 17:59:10,체인
SPB-43479,2024-09-27 17:59:25,체인
SPB-48558,2024-09-27 18:00:47,기타 
SPB-69525,2024-09-27 18:01:32,체인
SPB-45566,2024-09-27 18:01:53,체인
SPB-48861,2024-09-27 18:01:57,기타 
SPB-65813,2024-09-27 18:02:35,기타 
SPB-55745,2024-09-27 18:03:40,타이어 
SPB-66739,2024-09-27 18:04:00,타이어 
SPB-67256,2024-09-27 18:05:04,타이어 
SPB-38308,2024-09-27 18:06:23,체인
SPB-58340,2024-09-27 18:07:55,단말기
SPB-50379,2024-09-27 18:08:21,단말기
SPB-63678,2024-09-27 18:08:34,기타 
SPB-60553,2024-09-27 18:09:29,페달
SPB-30541,2024-09-27 18:09:59,기타 
SPB-70039,2024-09-27 18:10:33,체인
SPB-38979,2024-09-27 18:12:46,타이어 
SPB-64798,2024-09-27 18:13:09,체인
SPB-42852,2024-09-27 18:13:21,단말기
SPB-58161,2024-09-27 18:13:59,페달
SPB-37670,2024-09-27 18:14:04,체인
SPB-40284,2024-09-27 18:14:32,안장
SPB-64564,2024-09-27 18:15:58,기타 
SPB-39310,2024-09-27 18:16:12,타이어 
SPB-44833,2024-09-27 18:16:15,기타 
SPB-69659,2024-09-27 18:16:26,체인
SPB-56002,2024-09-27 18:16:32,페달
SPB-56135,2024-09-27 18:16:46,기타 
SPB-42662,2024-09-27 18:17:13,기타 
SPB-43304,2024-09-27 18:18:05,체인
SPB-61745,2024-09-27 18:18:56,안장
SPB-51397,2024-09-27 18:19:47,타이어 
SPB-66825,2024-09-27 18:20:24,타이어 
SPB-53132,2024-09-27 18:22:04,기타 
SPB-48391,2024-09-27 18:22:10,페달
SPB-51493,2024-09-27 18:22:19,페달
SPB-33404,2024-09-27 18:22:53,페달
SPB-49245,2024-09-27 18:23:53,단말기
SPB-56709,2024-09-27 18:24:48,페달
SPB-53386,2024-09-27 18:25:52,타이어 
SPB-57860,2024-09-27 18:26:12,기타 
SPB-40095,2024-09-27 18:26:19,안장
SPB-57332,2024-09-27 18:26:39,안장
SPB-40965,2024-09-27 18:27:08,체인
SPB-62778,2024-09-27 18:27:26,타이어 
SPB-64287,2024-09-27 18:27:49,타이어 
SPB-42208,2024-09-27 18:29:28,체인
SPB-30880,2024-09-27 18:29:29,체인
SPB-65091,2024-09-27 18:30:01,기타 
SPB-60548,2024-09-27 18:30:03,안장
SPB-46464,2024-09-27 18:31:13,체인
SPB-50947,2024-09-27 18:32:44,체인
SPB-46546,2024-09-27 18:35:12,타이어 
SPB-69968,2024-09-27 18:35:19,안장
SPB-30271,2024-09-27 18:35:30,페달
SPB-34620,2024-09-27 18:35:44,기타 
SPB-35938,2024-09-27 18:36:01,체인
SPB-45743,2024-09-27 18:37:08,체인
SPB-57087,2024-09-27 18:38:05,타이어 
SPB-36098,2024-09-27 18:38:58,체인
SPB-33350,2024-09-27 18:39:28,타이어 
SPB-46734,2024-09-27 18:40:22,안장
SPB-34577,2024-09-27 18:40:53,페달
SPB-83880,2024-09-27 18:41:35,체인
SPB-41672,2024-09-27 18:43:31,안장
SPB-53306,2024-09-27 18:44:04,페달
SPB-54868,2024-09-27 18:44:38,기타 
SPB-50483,2024-09-27 18:44:45,페달
SPB-34789,2024-09-27 18:45:16,단말기
SPB-30387,2024-09-27 18:46:48,체인
SPB-39926,2024-09-27 18:47:23,안장
SPB-34165,2024-09-27 18:48:54,단말기
SPB-53017,2024-09-27 18:48:54,안장
SPB-46832,2024-09-27 18:48:57,안장
SPB-56517,2024-09-27 18:50:19,기타 
SPB-63821,2024-09-27 18:50:54,체인
SPB-50888,2024-09-27 18:51:20,페달
SPB-69589,2024-09-27 18:52:57,체인
SPB-54393,2024-09-27 18:53:10,페달
SPB-68800,2024-09-27 18:54:23,타이어 
SPB-53829,2024-09-27 18:54:31,체인
SPB-33928,2024-09-27 18:55:32,기타 
SPB-30022,2024-09-27 18:56:33,체인
SPB-47899,2024-09-27 18:57:08,체인
SPB-67572,2024-09-27 18:57:09,타이어 
SPB-66000,2024-09-27 18:57:42,타이어 
SPB-66805,2024-09-27 18:57:46,기타 
SPB-64541,2024-09-27 19:00:55,안장
SPB-68839,2024-09-27 19:01:43,체인
SPB-64925,2024-09-27 19:03:02,타이어 
SPB-43484,2024-09-27 19:04:45,페달
SPB-58821,2024-09-27 19:05:35,페달
SPB-84281,2024-09-27 19:07:01,타이어 
SPB-37691,2024-09-27 19:07:18,안장
SPB-62130,2024-09-27 19:07:52,체인
SPB-58528,2024-09-27 19:08:11,체인
SPB-63041,2024-09-27 19:08:17,안장
SPB-61644,2024-09-27 19:10:33,안장
SPB-50317,2024-09-27 19:11:05,체인
SPB-37274,2024-09-27 19:15:52,페달
SPB-57007,2024-09-27 19:16:46,체인
SPB-32736,2024-09-27 19:17:36,안장
SPB-57103,2024-09-27 19:18:25,체인
SPB-59207,2024-09-27 19:18:50,페달
SPB-31600,2024-09-27 19:19:50,타이어 
SPB-63132,2024-09-27 19:21:48,타이어 
SPB-63077,2024-09-27 19:24:19,타이어 
SPB-34637,2024-09-27 19:24:59,기타 
SPB-64115,2024-09-27 19:25:10,타이어 
SPB-69396,2024-09-27 19:26:29,체인
SPB-45535,2024-09-27 19:26:32,기타 
SPB-31711,2024-09-27 19:27:36,기타 
SPB-70494,2024-09-27 19:27:37,체인
SPB-45127,2024-09-27 19:27:41,체인
SPB-39276,2024-09-27 19:27:46,기타 
SPB-33567,2024-09-27 19:28:28,타이어 
SPB-63002,2024-09-27 19:30:28,기타 
SPB-46453,2024-09-27 19:30:50,페달
SPB-64784,2024-09-27 19:34:05,타이어 
SPB-52407,2024-09-27 19:35:20,체인
SPB-65678,2024-09-27 19:36:38,기타 
SPB-50540,2024-09-27 19:36:44,페달
SPB-59076,2024-09-27 19:36:46,기타 
SPB-58797,2024-09-27 19:38:49,기타 
SPB-63006,2024-09-27 19:39:35,타이어 
SPB-52762,2024-09-27 19:41:21,단말기
SPB-59483,2024-09-27 19:41:22,페달
SPB-33878,2024-09-27 19:44:03,페달
SPB-58363,2024-09-27 19:47:19,기타 
SPB-55356,2024-09-27 19:49:00,타이어 
SPB-53033,2024-09-27 19:51:00,안장
SPB-39387,2024-09-27 19:52:20,안장
SPB-53420,2024-09-27 19:54:16,기타 
SPB-32270,2024-09-27 19:55:12,안장
SPB-42966,2024-09-27 19:56:12,체인
SPB-46192,2024-09-27 19:59:30,체인
SPB-55497,2024-09-27 19:59:48,안장
SPB-54489,2024-09-27 20:03:43,기타 
SPB-55781,2024-09-27 20:05:27,체인
SPB-62064,2024-09-27 20:05:30,체인
SPB-65402,2024-09-27 20:05:37,타이어 
SPB-67047,2024-09-27 20:06:45,타이어 
SPB-30320,2024-09-27 20:07:23,타이어 
SPB-54561,2024-09-27 20:07:32,기타 
SPB-40737,2024-09-27 20:10:00,안장
SPB-59555,2024-09-27 20:12:27,기타 
SPB-55145,2024-09-27 20:15:22,안장
SPB-40746,2024-09-27 20:16:12,체인
SPB-39653,2024-09-27 20:17:57,체인
SPB-31612,2024-09-27 20:18:18,타이어 
SPB-52018,2024-09-27 20:19:07,타이어 
SPB-67016,2024-09-27 20:19:32,안장
SPB-61002,2024-09-27 20:22:11,안장
SPB-64150,2024-09-27 20:22:39,페달
SPB-54648,2024-09-27 20:22:56,안장
SPB-48879,2024-09-27 20:23:28,타이어 
SPB-31325,2024-09-27 20:26:51,기타 
SPB-47535,2024-09-27 20:27:41,안장
SPB-42412,2024-09-27 20:28:24,안장
SPB-63126,2024-09-27 20:29:40,안장
SPB-69982,2024-09-27 20:29:50,체인
SPB-57923,2024-09-27 20:30:51,타이어 
SPB-69898,2024-09-27 20:38:21,체인
SPB-50774,2024-09-27 20:39:17,기타 
SPB-43379,2024-09-27 20:40:50,기타 
SPB-30242,2024-09-27 20:43:24,체인
SPB-59816,2024-09-27 20:43:29,페달
SPB-60638,2024-09-27 20:47:03,안장
SPB-60610,2024-09-27 20:50:35,체인
SPB-56731,2024-09-27 20:52:27,기타 
SPB-46627,2024-09-27 20:53:07,페달
SPB-31089,2024-09-27 20:54:46,기타 
SPB-30880,2024-09-27 20:55:45,타이어 
SPB-61735,2024-09-27 20:55:53,안장
SPB-51175,2024-09-27 20:56:07,체인
SPB-56003,2024-09-27 21:01:50,기타 
SPB-66745,2024-09-27 21:02:48,기타 
SPB-84978,2024-09-27 21:02:56,기타 
SPB-38818,2024-09-27 21:03:07,안장
SPB-70303,2024-09-27 21:04:38,체인
SPB-64576,2024-09-27 21:07:45,단말기
SPB-70142,2024-09-27 21:10:36,체인
SPB-65797,2024-09-27 21:13:20,기타 
SPB-80291,2024-09-27 21:14:13,안장
SPB-46502,2024-09-27 21:15:26,기타 
SPB-37623,2024-09-27 21:15:40,타이어 
SPB-42583,2024-09-27 21:20:45,체인
SPB-41582,2024-09-27 21:23:01,타이어 
SPB-50825,2024-09-27 21:23:26,타이어 
SPB-38109,2024-09-27 21:23:44,기타 
SPB-50345,2024-09-27 21:26:45,기타 
SPB-58674,2024-09-27 21:27:16,페달
SPB-31071,2024-09-27 21:28:46,체인
SPB-53546,2024-09-27 21:31:01,체인
SPB-56583,2024-09-27 21:31:37,타이어 
SPB-55472,2024-09-27 21:32:12,기타 
SPB-40851,2024-09-27 21:32:24,단말기
SPB-49004,2024-09-27 21:33:02,체인
SPB-47547,2024-09-27 21:35:33,타이어 
SPB-59852,2024-09-27 21:36:38,체인
SPB-38980,2024-09-27 21:37:09,페달
SPB-31543,2024-09-27 21:38:53,체인
SPB-33177,2024-09-27 21:39:26,체인
SPB-30923,2024-09-27 21:39:48,안장
SPB-55465,2024-09-27 21:43:34,단말기
SPB-56819,2024-09-27 21:45:31,페달
SPB-40819,2024-09-27 21:46:33,페달
SPB-53252,2024-09-27 21:47:05,기타 
SPB-43479,2024-09-27 21:48:10,체인
SPB-50540,2024-09-27 21:51:14,페달
SPB-67762,2024-09-27 21:52:46,체인
SPB-34237,2024-09-27 21:54:46,기타 
SPB-58471,2024-09-27 21:54:51,기타 
SPB-69022,2024-09-27 21:55:35,타이어 
SPB-66103,2024-09-27 21:55:41,안장
SPB-69313,2024-09-27 21:56:00,안장
SPB-32614,2024-09-27 21:56:29,체인
SPB-42442,2024-09-27 21:59:18,체인
SPB-43860,2024-09-27 21:59:21,타이어 
SPB-54342,2024-09-27 22:03:02,체인
SPB-48816,2024-09-27 22:03:07,체인
SPB-47164,2024-09-27 22:05:06,타이어 
SPB-41970,2024-09-27 22:06:20,안장
SPB-41967,2024-09-27 22:07:55,타이어 
SPB-37683,2024-09-27 22:13:51,페달
SPB-62241,2024-09-27 22:14:23,체인
SPB-47987,2024-09-27 22:20:22,타이어 
SPB-45114,2024-09-27 22:23:24,안장
SPB-55860,2024-09-27 22:25:27,기타 
SPB-46083,2024-09-27 22:27:23,기타 
SPB-43195,2024-09-27 22:29:55,안장
SPB-33467,2024-09-27 22:33:53,체인
SPB-45296,2024-09-27 22:35:15,안장
SPB-54014,2024-09-27 22:36:25,페달
SPB-46403,2024-09-27 22:38:44,타이어 
SPB-40931,2024-09-27 22:41:49,안장
SPB-66693,2024-09-27 22:43:24,페달
SPB-68731,2024-09-27 22:43:53,타이어 
SPB-63827,2024-09-27 22:45:04,기타 
SPB-53383,2024-09-27 22:45:34,기타 
SPB-32911,2024-09-27 22:48:37,타이어 
SPB-46572,2024-09-27 22:50:09,안장
SPB-56625,2024-09-27 23:01:07,타이어 
SPB-38649,2024-09-27 23:01:19,체인
SPB-30697,2024-09-27 23:02:56,체인
SPB-82354,2024-09-27 23:05:42,타이어 
SPB-51696,2024-09-27 23:09:02,타이어 
SPB-34645,2024-09-27 23:16:51,체인
SPB-42579,2024-09-27 23:16:52,체인
SPB-60517,2024-09-27 23:18:22,체인
SPB-49286,2024-09-27 23:19:44,체인
SPB-40795,2024-09-27 23:22:20,기타 
SPB-61815,2024-09-27 23:25:36,체인
SPB-66707,2024-09-27 23:29:16,기타 
SPB-70041,2024-09-27 23:33:16,체인
SPB-55806,2024-09-27 23:34:22,타이어 
SPB-68974,2024-09-27 23:41:46,타이어 
SPB-37734,2024-09-27 23:43:24,타이어 
SPB-48935,2024-09-27 23:53:10,안장
SPB-30378,2024-09-27 23:53:37,체인
SPB-45654,2024-09-27 23:55:43,기타 
SPB-60199,2024-09-27 23:57:10,타이어 
SPB-69591,2024-09-27 23:59:31,타이어 
SPB-47230,2024-09-28 00:00:19,체인
SPB-35334,2024-09-28 00:01:55,체인
SPB-30562,2024-09-28 00:05:38,기타 
SPB-54562,2024-09-28 00:07:59,체인
SPB-47130,2024-09-28 00:13:24,페달
SPB-55582,2024-09-28 00:20:05,단말기
SPB-63196,2024-09-28 00:34:06,단말기
SPB-55244,2024-09-28 00:53:33,타이어 
SPB-47759,2024-09-28 00:54:26,타이어 
SPB-32068,2024-09-28 01:00:46,타이어 
SPB-57211,2024-09-28 01:02:52,안장
SPB-68625,2024-09-28 01:05:56,기타 
SPB-70382,2024-09-28 01:11:59,체인
SPB-64261,2024-09-28 01:13:55,체인
SPB-38711,2024-09-28 01:14:02,기타 
SPB-62724,2024-09-28 01:20:35,타이어 
SPB-60490,2024-09-28 01:25:56,타이어 
SPB-58569,2024-09-28 01:26:15,페달
SPB-57287,2024-09-28 01:27:06,체인
SPB-47774,2024-09-28 01:39:42,기타 
SPB-37727,2024-09-28 01:46:04,페달
SPB-56357,2024-09-28 02:00:15,체인
SPB-47573,2024-09-28 02:03:56,타이어 
SPB-67469,2024-09-28 02:08:02,안장
SPB-60804,2024-09-28 02:13:39,안장
SPB-62299,2024-09-28 02:15:09,페달
SPB-46977,2024-09-28 02:21:27,체인
SPB-56790,2024-09-28 02:34:20,안장
SPB-42953,2024-09-28 02:40:37,기타 
SPB-52304,2024-09-28 02:58:04,안장
SPB-62686,2024-09-28 02:58:22,기타 
SPB-41048,2024-09-28 03:00:59,체인
SPB-43852,2024-09-28 03:18:37,단말기
SPB-41172,2024-09-28 03:25:08,체인
SPB-38927,2024-09-28 03:28:55,타이어 
SPB-64188,2024-09-28 03:33:55,안장
SPB-69283,2024-09-28 03:55:04,체인
SPB-50867,2024-09-28 04:02:18,기타 
SPB-46478,2024-09-28 04:18:39,페달
SPB-33155,2024-09-28 04:25:22,안장
SPB-61913,2024-09-28 05:15:36,타이어 
SPB-31516,2024-09-28 05:19:21,기타 
SPB-45915,2024-09-28 05:48:53,타이어 
SPB-36998,2024-09-28 06:00:57,타이어 
SPB-80898,2024-09-28 06:13:57,타이어 
SPB-57599,2024-09-28 06:20:10,체인
SPB-42684,2024-09-28 06:25:10,체인
SPB-42864,2024-09-28 06:35:19,체인
SPB-56101,2024-09-28 06:51:04,타이어 
SPB-31938,2024-09-28 07:04:42,타이어 
SPB-63441,2024-09-28 07:21:37,타이어 
SPB-69641,2024-09-28 07:22:25,타이어 
SPB-57295,2024-09-28 07:28:18,안장
SPB-41393,2024-09-28 07:28:18,페달
SPB-54840,2024-09-28 07:32:34,기타 
SPB-42230,2024-09-28 07:40:48,안장
SPB-67798,2024-09-28 07:43:16,타이어 
SPB-42619,2024-09-28 07:45:10,타이어 
SPB-63386,2024-09-28 07:45:31,기타 
SPB-30320,2024-09-28 07:52:06,기타 
SPB-35596,2024-09-28 07:53:13,타이어 
SPB-31560,2024-09-28 07:59:50,타이어 
SPB-30225,2024-09-28 08:10:12,체인
SPB-59068,2024-09-28 08:16:11,타이어 
SPB-67693,2024-09-28 08:21:48,기타 
SPB-65725,2024-09-28 08:23:42,타이어 
SPB-60057,2024-09-28 08:25:54,체인
SPB-43429,2024-09-28 08:29:55,안장
SPB-62993,2024-09-28 08:30:54,페달
SPB-44528,2024-09-28 08:37:31,체인
SPB-55123,2024-09-28 08:41:13,체인
SPB-59968,2024-09-28 08:41:46,타이어 
SPB-65742,2024-09-28 08:44:21,기타 
SPB-33425,2024-09-28 08:44:34,타이어 
SPB-48037,2024-09-28 08:45:20,안장
SPB-65469,2024-09-28 08:52:49,타이어 
SPB-68822,2024-09-28 08:54:22,안장
SPB-48622,2024-09-28 08:55:06,타이어 
SPB-42680,2024-09-28 08:55:37,체인
SPB-47733,2024-09-28 08:56:28,안장
SPB-39437,2024-09-28 08:59:33,체인
SPB-61144,2024-09-28 09:00:09,체인
SPB-84701,2024-09-28 09:00:44,기타 
SPB-39511,2024-09-28 09:00:52,안장
SPB-69433,2024-09-28 09:00:52,체인
SPB-31179,2024-09-28 09:05:10,기타 
SPB-57280,2024-09-28 09:07:09,기타 
SPB-61926,2024-09-28 09:09:20,체인
SPB-33098,2024-09-28 09:09:50,타이어 
SPB-33509,2024-09-28 09:12:11,체인
SPB-53146,2024-09-28 09:13:31,타이어 
SPB-44792,2024-09-28 09:15:37,타이어 
SPB-53316,2024-09-28 09:15:48,체인
SPB-67630,2024-09-28 09:16:27,안장
SPB-69549,2024-09-28 09:21:28,체인
SPB-47058,2024-09-28 09:39:21,페달
SPB-67131,2024-09-28 09:39:32,체인
SPB-66669,2024-09-28 09:39:37,체인
SPB-37897,2024-09-28 09:41:59,기타 
SPB-49028,2024-09-28 09:50:04,타이어 
SPB-59805,2024-09-28 09:57:25,체인
SPB-46686,2024-09-28 09:58:02,단말기
SPB-59262,2024-09-28 10:00:05,체인
SPB-58360,2024-09-28 10:03:09,체인
SPB-39617,2024-09-28 10:10:08,페달
SPB-52495,2024-09-28 10:11:46,타이어 
SPB-40758,2024-09-28 10:14:14,체인
SPB-69702,2024-09-28 10:15:50,기타 
SPB-50745,2024-09-28 10:18:01,체인
SPB-55906,2024-09-28 10:18:33,기타 
SPB-67137,2024-09-28 10:19:01,타이어 
SPB-59114,2024-09-28 10:24:59,타이어 
SPB-40372,2024-09-28 10:25:44,페달
SPB-47356,2024-09-28 10:27:19,안장
SPB-68212,2024-09-28 10:32:43,체인
SPB-32151,2024-09-28 10:34:06,단말기
SPB-64138,2024-09-28 10:37:13,타이어 
SPB-32712,2024-09-28 10:37:59,체인
SPB-39443,2024-09-28 10:40:37,타이어 
SPB-62711,2024-09-28 10:41:16,기타 
SPB-33521,2024-09-28 10:41:50,기타 
SPB-30421,2024-09-28 10:45:23,기타 
SPB-55138,2024-09-28 10:46:05,타이어 
SPB-52363,2024-09-28 10:46:21,단말기
SPB-69732,2024-09-28 10:47:57,타이어 
SPB-54924,2024-09-28 10:50:03,타이어 
SPB-55235,2024-09-28 10:54:59,타이어 
SPB-68111,2024-09-28 10:58:16,타이어 
SPB-68324,2024-09-28 11:04:29,단말기
SPB-32058,2024-09-28 11:05:15,체인
SPB-63516,2024-09-28 11:07:17,타이어 
SPB-58324,2024-09-28 11:07:17,기타 
SPB-48610,2024-09-28 11:07:38,안장
SPB-41039,2024-09-28 11:08:21,체인
SPB-62482,2024-09-28 11:08:34,타이어 
SPB-46005,2024-09-28 11:10:05,체인
SPB-47535,2024-09-28 11:12:29,안장
SPB-42525,2024-09-28 11:12:57,타이어 
SPB-65131,2024-09-28 11:13:24,타이어 
SPB-30872,2024-09-28 11:18:26,타이어 
SPB-55305,2024-09-28 11:20:27,체인
SPB-38764,2024-09-28 11:23:19,안장
SPB-46714,2024-09-28 11:31:20,체인
SPB-64716,2024-09-28 11:31:53,페달
SPB-53819,2024-09-28 11:34:07,기타 
SPB-54535,2024-09-28 11:36:15,타이어 
SPB-56893,2024-09-28 11:36:40,타이어 
SPB-57769,2024-09-28 11:39:16,타이어 
SPB-45182,2024-09-28 11:42:11,체인
SPB-30503,2024-09-28 11:42:44,기타 
SPB-47759,2024-09-28 11:44:39,안장
SPB-69412,2024-09-28 11:44:41,안장
SPB-66369,2024-09-28 11:47:47,타이어 
SPB-45641,2024-09-28 11:50:48,체인
SPB-58023,2024-09-28 11:55:48,체인
SPB-50941,2024-09-28 11:58:36,타이어 
SPB-80326,2024-09-28 12:00:53,기타 
SPB-69570,2024-09-28 12:01:22,체인
SPB-65903,2024-09-28 12:03:10,체인
SPB-40892,2024-09-28 12:06:09,타이어 
SPB-60996,2024-09-28 12:07:39,체인
SPB-47468,2024-09-28 12:09:01,타이어 
SPB-53477,2024-09-28 12:11:48,체인
SPB-43432,2024-09-28 12:19:37,체인
SPB-65295,2024-09-28 12:26:39,안장
SPB-59092,2024-09-28 12:27:25,체인
SPB-52292,2024-09-28 12:28:46,체인
SPB-45644,2024-09-28 12:29:00,안장
SPB-42042,2024-09-28 12:29:22,기타 
SPB-37286,2024-09-28 12:32:43,타이어 
SPB-50835,2024-09-28 12:33:01,타이어 
SPB-32800,2024-09-28 12:34:04,타이어 
SPB-68595,2024-09-28 12:34:08,체인
SPB-53089,2024-09-28 12:37:36,안장
SPB-42931,2024-09-28 12:40:35,안장
SPB-40747,2024-09-28 12:41:48,체인
SPB-63290,2024-09-28 12:42:53,타이어 
SPB-51093,2024-09-28 12:42:59,기타 
SPB-63393,2024-09-28 12:45:40,기타 
SPB-67194,2024-09-28 12:47:58,타이어 
SPB-47754,2024-09-28 12:48:45,타이어 
SPB-30489,2024-09-28 12:50:23,기타 
SPB-64756,2024-09-28 12:56:09,타이어 
SPB-59023,2024-09-28 12:57:10,타이어 
SPB-38721,2024-09-28 12:57:27,기타 
SPB-36326,2024-09-28 12:57:51,단말기
SPB-66355,2024-09-28 13:02:10,타이어 
SPB-58868,2024-09-28 13:02:14,기타 
SPB-52981,2024-09-28 13:03:02,페달
SPB-81604,2024-09-28 13:06:43,체인
SPB-66213,2024-09-28 13:07:22,타이어 
SPB-54438,2024-09-28 13:08:30,타이어 
SPB-84616,2024-09-28 13:12:26,기타 
SPB-44517,2024-09-28 13:13:01,체인
SPB-38138,2024-09-28 13:17:53,체인
SPB-62724,2024-09-28 13:18:09,타이어 
SPB-40153,2024-09-28 13:19:43,기타 
SPB-51286,2024-09-28 13:29:18,체인
SPB-57848,2024-09-28 13:33:24,안장
SPB-45754,2024-09-28 13:33:36,타이어 
SPB-59062,2024-09-28 13:36:20,체인
SPB-30464,2024-09-28 13:37:06,타이어 
SPB-52988,2024-09-28 13:38:40,페달
SPB-68922,2024-09-28 13:38:43,체인
SPB-66456,2024-09-28 13:39:55,타이어 
SPB-50112,2024-09-28 13:41:04,페달
SPB-44379,2024-09-28 13:42:37,체인
SPB-30346,2024-09-28 13:43:29,페달
SPB-58297,2024-09-28 13:45:56,안장
SPB-53111,2024-09-28 13:46:26,안장
SPB-60225,2024-09-28 13:47:01,타이어 
SPB-31118,2024-09-28 13:48:57,체인
SPB-50118,2024-09-28 14:00:58,기타 
SPB-64987,2024-09-28 14:01:55,안장
SPB-35543,2024-09-28 14:02:05,체인
SPB-80967,2024-09-28 14:07:08,타이어 
SPB-47948,2024-09-28 14:07:15,기타 
SPB-32991,2024-09-28 14:08:29,타이어 
SPB-60125,2024-09-28 14:09:42,체인
SPB-55286,2024-09-28 14:10:45,타이어 
SPB-66766,2024-09-28 14:11:28,타이어 
SPB-61658,2024-09-28 14:11:37,안장
SPB-70460,2024-09-28 14:13:38,기타 
SPB-42363,2024-09-28 14:13:49,페달
SPB-42197,2024-09-28 14:14:30,안장
SPB-43479,2024-09-28 14:14:38,체인
SPB-32268,2024-09-28 14:15:23,타이어 
SPB-30472,2024-09-28 14:17:35,타이어 
SPB-46704,2024-09-28 14:20:27,기타 
SPB-65344,2024-09-28 14:20:56,기타 
SPB-44924,2024-09-28 14:24:41,체인
SPB-31081,2024-09-28 14:24:52,체인
SPB-36385,2024-09-28 14:27:55,안장
SPB-50662,2024-09-28 14:33:56,안장
SPB-59810,2024-09-28 14:34:00,페달
SPB-54930,2024-09-28 14:39:18,체인
SPB-46790,2024-09-28 14:42:58,체인
SPB-61489,2024-09-28 14:43:19,기타 
SPB-69765,2024-09-28 14:43:25,기타 
SPB-52082,2024-09-28 14:45:40,기타 
SPB-31728,2024-09-28 14:47:16,타이어 
SPB-46405,2024-09-28 14:47:23,체인
SPB-60646,2024-09-28 14:48:47,안장
SPB-51557,2024-09-28 14:51:17,기타 
SPB-35649,2024-09-28 14:51:55,타이어 
SPB-53650,2024-09-28 14:55:46,타이어 
SPB-63092,2024-09-28 14:56:18,타이어 
SPB-42094,2024-09-28 14:58:02,타이어 
SPB-41270,2024-09-28 14:58:54,체인
SPB-43447,2024-09-28 14:59:48,타이어 
SPB-45640,2024-09-28 15:03:05,기타 
SPB-34741,2024-09-28 15:08:02,체인
SPB-55061,2024-09-28 15:11:32,단말기
SPB-40353,2024-09-28 15:14:02,타이어 
SPB-40995,2024-09-28 15:14:04,체인
SPB-64098,2024-09-28 15:14:37,타이어 
SPB-32533,2024-09-28 15:14:55,페달
SPB-69048,2024-09-28 15:19:05,체인
SPB-43259,2024-09-28 15:21:09,기타 
SPB-61647,2024-09-28 15:23:30,안장
SPB-53127,2024-09-28 15:25:37,체인
SPB-46191,2024-09-28 15:28:44,타이어 
SPB-68422,2024-09-28 15:32:07,타이어 
SPB-40371,2024-09-28 15:32:12,기타 
SPB-36211,2024-09-28 15:32:44,페달
SPB-67850,2024-09-28 15:34:47,기타 
SPB-48586,2024-09-28 15:44:40,안장
SPB-56042,2024-09-28 15:45:02,타이어 
SPB-57087,2024-09-28 15:45:26,체인
SPB-44411,2024-09-28 15:45:35,안장
SPB-69307,2024-09-28 15:46:58,안장
SPB-56121,2024-09-28 15:47:13,기타 
SPB-34206,2024-09-28 15:47:38,페달
SPB-33860,2024-09-28 15:50:32,안장
SPB-39966,2024-09-28 15:50:57,타이어 
SPB-50103,2024-09-28 15:52:52,단말기
SPB-43433,2024-09-28 15:52:56,기타 
SPB-41466,2024-09-28 15:53:17,체인
SPB-69312,2024-09-28 15:55:26,페달
SPB-51860,2024-09-28 15:59:03,기타 
SPB-37785,2024-09-28 16:02:50,타이어 
SPB-52970,2024-09-28 16:02:58,타이어 
SPB-63596,2024-09-28 16:03:08,타이어 
SPB-48761,2024-09-28 16:03:56,페달
SPB-45127,2024-09-28 16:04:01,타이어 
SPB-63654,2024-09-28 16:08:11,체인
SPB-32215,2024-09-28 16:08:36,체인
SPB-30248,2024-09-28 16:12:27,기타 
SPB-63626,2024-09-28 16:12:51,타이어 
SPB-64450,2024-09-28 16:13:16,기타 
SPB-36020,2024-09-28 16:13:51,기타 
SPB-51476,2024-09-28 16:15:30,기타 
SPB-41070,2024-09-28 16:15:31,안장
SPB-55589,2024-09-28 16:16:30,페달
SPB-48755,2024-09-28 16:17:39,기타 
SPB-37482,2024-09-28 16:20:00,타이어 
SPB-49491,2024-09-28 16:20:29,체인
SPB-38163,2024-09-28 16:21:01,체인
SPB-70434,2024-09-28 16:21:21,페달
SPB-63596,2024-09-28 16:21:33,페달
SPB-32670,2024-09-28 16:22:46,타이어 
SPB-34140,2024-09-28 16:25:07,기타 
SPB-52782,2024-09-28 16:30:57,기타 
SPB-43340,2024-09-28 16:35:11,타이어 
SPB-56893,2024-09-28 16:41:00,안장
SPB-50501,2024-09-28 16:43:13,기타 
SPB-38652,2024-09-28 16:43:22,안장
SPB-66789,2024-09-28 16:43:40,체인
SPB-65995,2024-09-28 16:47:12,단말기
SPB-65131,2024-09-28 16:47:25,타이어 
SPB-68239,2024-09-28 16:52:59,체인
SPB-54938,2024-09-28 16:53:27,체인
SPB-42689,2024-09-28 16:55:07,체인
SPB-51130,2024-09-28 16:55:55,기타 
SPB-41852,2024-09-28 16:57:38,타이어 
SPB-61809,2024-09-28 16:58:31,타이어 
SPB-63315,2024-09-28 16:59:16,안장
SPB-54148,2024-09-28 17:00:55,페달
SPB-80257,2024-09-28 17:02:45,기타 
SPB-30691,2024-09-28 17:05:07,기타 
SPB-50852,2024-09-28 17:06:29,체인
SPB-66977,2024-09-28 17:06:44,기타 
SPB-57178,2024-09-28 17:07:15,페달
SPB-42557,2024-09-28 17:08:59,안장
SPB-33772,2024-09-28 17:09:14,타이어 
SPB-49099,2024-09-28 17:10:54,타이어 
SPB-61429,2024-09-28 17:11:07,체인
SPB-43627,2024-09-28 17:11:41,체인
SPB-45176,2024-09-28 17:13:25,기타 
SPB-55808,2024-09-28 17:15:23,페달
SPB-54840,2024-09-28 17:16:35,기타 
SPB-63187,2024-09-28 17:17:04,안장
SPB-51602,2024-09-28 17:18:52,기타 
SPB-62340,2024-09-28 17:24:39,타이어 
SPB-41048,2024-09-28 17:25:08,체인
SPB-32776,2024-09-28 17:26:29,타이어 
SPB-68711,2024-09-28 17:26:48,기타 
SPB-69900,2024-09-28 17:27:50,기타 
SPB-59695,2024-09-28 17:30:00,단말기
SPB-52019,2024-09-28 17:34:27,타이어 
SPB-32622,2024-09-28 17:35:23,타이어 
SPB-36753,2024-09-28 17:35:29,안장
SPB-53110,2024-09-28 17:36:16,기타 
SPB-44974,2024-09-28 17:38:42,기타 
SPB-58558,2024-09-28 17:41:03,페달
SPB-49007,2024-09-28 17:42:27,기타 
SPB-43992,2024-09-28 17:43:35,체인
SPB-56805,2024-09-28 17:44:37,페달
SPB-58352,2024-09-28 17:45:50,페달
SPB-38456,2024-09-28 17:46:56,기타 
SPB-37908,2024-09-28 17:47:27,체인
SPB-62557,2024-09-28 17:48:31,타이어 
SPB-65343,2024-09-28 17:48:39,타이어 
SPB-34545,2024-09-28 17:50:40,안장
SPB-62220,2024-09-28 17:51:44,타이어 
SPB-36376,2024-09-28 17:53:11,타이어 
SPB-55637,2024-09-28 17:58:23,체인
SPB-59643,2024-09-28 17:58:37,기타 
SPB-64612,2024-09-28 17:59:59,기타 
SPB-46135,2024-09-28 18:00:14,타이어 
SPB-39958,2024-09-28 18:01:01,체인
SPB-55526,2024-09-28 18:01:15,안장
SPB-54251,2024-09-28 18:03:28,기타 
SPB-68488,2024-09-28 18:05:49,단말기
SPB-31449,2024-09-28 18:06:32,체인
SPB-59883,2024-09-28 18:07:52,페달
SPB-41581,2024-09-28 18:08:48,체인
SPB-56389,2024-09-28 18:10:48,타이어 
SPB-70144,2024-09-28 18:10:52,단말기
SPB-55002,2024-09-28 18:12:15,체인
SPB-51795,2024-09-28 18:16:42,기타 
SPB-44870,2024-09-28 18:16:56,안장
SPB-67638,2024-09-28 18:17:07,기타 
SPB-61640,2024-09-28 18:18:22,안장
SPB-43523,2024-09-28 18:18:36,기타 
SPB-36729,2024-09-28 18:20:18,안장
SPB-54204,2024-09-28 18:20:36,페달
SPB-58368,2024-09-28 18:21:29,페달
SPB-31988,2024-09-28 18:21:36,타이어 
SPB-34133,2024-09-28 18:24:12,기타 
SPB-34449,2024-09-28 18:24:17,타이어 
SPB-50656,2024-09-28 18:25:12,페달
SPB-31658,2024-09-28 18:26:43,타이어 
SPB-34165,2024-09-28 18:28:05,타이어 
SPB-34267,2024-09-28 18:28:17,기타 
SPB-80669,2024-09-28 18:29:29,기타 
SPB-66186,2024-09-28 18:29:55,기타 
SPB-84394,2024-09-28 18:30:12,타이어 
SPB-38364,2024-09-28 18:33:10,기타 
SPB-52068,2024-09-28 18:33:26,타이어 
SPB-50375,2024-09-28 18:33:44,타이어 
SPB-55767,2024-09-28 18:34:08,페달
SPB-64689,2024-09-28 18:40:35,타이어 
SPB-33607,2024-09-28 18:40:37,체인
SPB-51441,2024-09-28 18:41:16,페달
SPB-46168,2024-09-28 18:41:37,타이어 
SPB-51124,2024-09-28 18:41:51,기타 
SPB-44744,2024-09-28 18:42:27,체인
SPB-45721,2024-09-28 18:44:40,기타 
SPB-47406,2024-09-28 18:45:55,안장
SPB-47614,2024-09-28 18:52:52,안장
SPB-39780,2024-09-28 18:53:32,안장
SPB-43651,2024-09-28 18:54:42,체인
SPB-34140,2024-09-28 18:54:56,기타 
SPB-64956,2024-09-28 18:57:05,기타 
SPB-36179,2024-09-28 19:02:24,안장
SPB-62537,2024-09-28 19:03:13,타이어 
SPB-42914,2024-09-28 19:03:33,페달
SPB-54316,2024-09-28 19:07:49,안장
SPB-63300,2024-09-28 19:12:18,기타 
SPB-35035,2024-09-28 19:13:19,타이어 
SPB-36003,2024-09-28 19:13:33,기타 
SPB-60269,2024-09-28 19:14:48,타이어 
SPB-36031,2024-09-28 19:15:04,페달
SPB-50011,2024-09-28 19:15:31,페달
SPB-43172,2024-09-28 19:15:41,체인
SPB-51537,2024-09-28 19:16:23,단말기
SPB-35815,2024-09-28 19:18:15,타이어 
SPB-54209,2024-09-28 19:19:47,체인
SPB-48238,2024-09-28 19:20:06,타이어 
SPB-58094,2024-09-28 19:21:31,페달
SPB-55393,2024-09-28 19:22:47,기타 
SPB-39898,2024-09-28 19:23:28,기타 
SPB-64925,2024-09-28 19:24:44,타이어 
SPB-52443,2024-09-28 19:25:16,페달
SPB-65754,2024-09-28 19:27:36,체인
SPB-36349,2024-09-28 19:29:56,안장
SPB-53863,2024-09-28 19:30:04,타이어 
SPB-30673,2024-09-28 19:31:12,타이어 
SPB-65280,2024-09-28 19:31:26,체인
SPB-67912,2024-09-28 19:33:36,타이어 
SPB-64017,2024-09-28 19:36:26,기타 
SPB-38004,2024-09-28 19:39:44,기타 
SPB-33866,2024-09-28 19:40:06,기타 
SPB-33017,2024-09-28 19:44:28,단말기
SPB-65932,2024-09-28 19:45:04,기타 
SPB-32151,2024-09-28 19:47:31,체인
SPB-57917,2024-09-28 19:48:49,타이어 
SPB-52134,2024-09-28 19:49:13,기타 
SPB-47857,2024-09-28 19:49:30,기타 
SPB-65772,2024-09-28 19:51:03,체인
SPB-47905,2024-09-28 19:51:43,체인
SPB-42081,2024-09-28 19:51:53,기타 
SPB-68593,2024-09-28 19:52:06,타이어 
SPB-67062,2024-09-28 19:52:11,기타 
SPB-46905,2024-09-28 19:52:14,체인
SPB-63443,2024-09-28 19:54:50,타이어 
SPB-66771,2024-09-28 19:55:33,기타 
SPB-43345,2024-09-28 19:55:43,체인
SPB-56592,2024-09-28 19:56:41,기타 
SPB-51469,2024-09-28 20:00:16,체인
SPB-68607,2024-09-28 20:00:46,기타 
SPB-32301,2024-09-28 20:03:35,기타 
SPB-45120,2024-09-28 20:06:53,안장
SPB-69565,2024-09-28 20:09:56,기타 
SPB-34358,2024-09-28 20:11:06,기타 
SPB-40118,2024-09-28 20:11:11,안장
SPB-64361,2024-09-28 20:12:24,타이어 
SPB-50693,2024-09-28 20:12:51,기타 
SPB-59062,2024-09-28 20:14:15,페달
SPB-44805,2024-09-28 20:16:14,체인
SPB-44635,2024-09-28 20:16:21,체인
SPB-51533,2024-09-28 20:16:54,기타 
SPB-56189,2024-09-28 20:16:58,타이어 
SPB-55020,2024-09-28 20:20:45,단말기
SPB-50510,2024-09-28 20:22:33,단말기
SPB-38605,2024-09-28 20:26:04,체인
SPB-50538,2024-09-28 20:26:37,기타 
SPB-50377,2024-09-28 20:28:25,페달
SPB-68136,2024-09-28 20:29:03,체인
SPB-59452,2024-09-28 20:31:39,타이어 
SPB-63991,2024-09-28 20:32:31,기타 
SPB-32548,2024-09-28 20:35:57,타이어 
SPB-66132,2024-09-28 20:36:35,안장
SPB-46274,2024-09-28 20:38:00,기타 
SPB-35257,2024-09-28 20:38:56,체인
SPB-43463,2024-09-28 20:39:51,체인
SPB-60383,2024-09-28 20:41:37,체인
SPB-36793,2024-09-28 20:43:58,타이어 
SPB-38742,2024-09-28 20:44:12,안장
SPB-67118,2024-09-28 20:46:20,기타 
SPB-56670,2024-09-28 20:48:39,안장
SPB-51325,2024-09-28 20:51:31,페달
SPB-39872,2024-09-28 20:55:01,타이어 
SPB-61012,2024-09-28 20:55:36,타이어 
SPB-51871,2024-09-28 20:56:50,기타 
SPB-31947,2024-09-28 20:58:15,기타 
SPB-50752,2024-09-28 20:59:30,페달
SPB-53660,2024-09-28 20:59:55,기타 
SPB-34678,2024-09-28 21:01:19,타이어 
SPB-32595,2024-09-28 21:05:26,기타 
SPB-63469,2024-09-28 21:05:58,체인
SPB-43712,2024-09-28 21:05:59,체인
SPB-60109,2024-09-28 21:08:18,기타 
SPB-64889,2024-09-28 21:09:12,타이어 
SPB-53814,2024-09-28 21:10:54,페달
SPB-69066,2024-09-28 21:11:40,안장
SPB-40284,2024-09-28 21:12:03,안장
SPB-45282,2024-09-28 21:12:23,체인
SPB-53787,2024-09-28 21:12:59,타이어 
SPB-46809,2024-09-28 21:13:01,기타 
SPB-47552,2024-09-28 21:16:38,안장
SPB-68593,2024-09-28 21:17:01,타이어 
SPB-44222,2024-09-28 21:20:04,체인
SPB-46628,2024-09-28 21:21:07,타이어 
SPB-54897,2024-09-28 21:21:18,페달
SPB-31156,2024-09-28 21:22:29,기타 
SPB-31604,2024-09-28 21:24:13,타이어 
SPB-33672,2024-09-28 21:27:30,기타 
SPB-58351,2024-09-28 21:31:48,페달
SPB-65729,2024-09-28 21:32:39,타이어 
SPB-42315,2024-09-28 21:38:28,체인
SPB-56284,2024-09-28 21:44:26,안장
SPB-39684,2024-09-28 21:44:47,체인
SPB-32633,2024-09-28 21:50:44,타이어 
SPB-64814,2024-09-28 21:53:43,기타 
SPB-37570,2024-09-28 21:55:43,타이어 
SPB-32535,2024-09-28 21:56:26,체인
SPB-62153,2024-09-28 21:56:26,안장
SPB-37126,2024-09-28 21:57:27,타이어 
SPB-47379,2024-09-28 22:01:37,타이어 
SPB-64291,2024-09-28 22:07:33,타이어 
SPB-42064,2024-09-28 22:09:25,단말기
SPB-52169,2024-09-28 22:10:06,체인
SPB-44721,2024-09-28 22:10:40,기타 
SPB-52366,2024-09-28 22:10:45,기타 
SPB-45362,2024-09-28 22:15:15,체인
SPB-35507,2024-09-28 22:20:55,안장
SPB-31320,2024-09-28 22:21:22,타이어 
SPB-61886,2024-09-28 22:22:59,기타 
SPB-69219,2024-09-28 22:24:35,기타 
SPB-59029,2024-09-28 22:25:39,기타 
SPB-58700,2024-09-28 22:28:03,체인
SPB-34869,2024-09-28 22:29:55,안장
SPB-83624,2024-09-28 22:30:40,체인
SPB-50707,2024-09-28 22:30:45,단말기
SPB-34484,2024-09-28 22:33:13,페달
SPB-58716,2024-09-28 22:33:19,타이어 
SPB-53090,2024-09-28 22:33:21,타이어 
SPB-44701,2024-09-28 22:34:48,단말기
SPB-66120,2024-09-28 22:34:54,체인
SPB-45394,2024-09-28 22:35:51,기타 
SPB-52711,2024-09-28 22:36:15,기타 
SPB-30080,2024-09-28 22:37:58,타이어 
SPB-39462,2024-09-28 22:39:18,기타 
SPB-69869,2024-09-28 22:41:28,기타 
SPB-54508,2024-09-28 22:46:06,단말기
SPB-56140,2024-09-28 22:47:30,안장
SPB-55080,2024-09-28 22:48:16,기타 
SPB-46241,2024-09-28 22:50:43,타이어 
SPB-30417,2024-09-28 22:50:59,단말기
SPB-31558,2024-09-28 22:52:02,페달
SPB-63385,2024-09-28 22:54:10,체인
SPB-55899,2024-09-28 23:00:52,기타 
SPB-59036,2024-09-28 23:02:08,기타 
SPB-63589,2024-09-28 23:03:29,체인
SPB-55336,2024-09-28 23:04:56,체인
SPB-50227,2024-09-28 23:13:19,페달
SPB-67907,2024-09-28 23:14:56,기타 
SPB-61933,2024-09-28 23:15:22,기타 
SPB-61943,2024-09-28 23:16:46,체인
SPB-33063,2024-09-28 23:24:16,페달
SPB-62873,2024-09-28 23:31:59,안장
SPB-34448,2024-09-28 23:37:54,안장
SPB-43580,2024-09-28 23:44:00,체인
SPB-47126,2024-09-28 23:45:33,안장
SPB-82527,2024-09-28 23:45:46,타이어 
SPB-59098,2024-09-28 23:47:44,타이어 
SPB-53299,2024-09-28 23:56:04,타이어 
SPB-38614,2024-09-29 00:01:10,체인
SPB-46362,2024-09-29 00:02:26,타이어 
SPB-52891,2024-09-29 00:07:05,체인
SPB-66741,2024-09-29 00:09:40,페달
SPB-67458,2024-09-29 00:12:17,타이어 
SPB-70244,2024-09-29 00:12:49,기타 
SPB-50945,2024-09-29 00:18:37,타이어 
SPB-33744,2024-09-29 00:19:49,단말기
SPB-40363,2024-09-29 00:21:22,타이어 
SPB-42647,2024-09-29 00:25:35,체인
SPB-32048,2024-09-29 00:37:42,페달
SPB-67864,2024-09-29 00:44:24,타이어 
SPB-48730,2024-09-29 00:56:09,안장
SPB-62429,2024-09-29 00:59:06,타이어 
SPB-42021,2024-09-29 01:02:00,체인
SPB-67593,2024-09-29 01:05:12,페달
SPB-51726,2024-09-29 01:07:31,기타 
SPB-57863,2024-09-29 01:16:48,기타 
SPB-39700,2024-09-29 01:19:42,타이어 
SPB-35389,2024-09-29 01:36:22,체인
SPB-39657,2024-09-29 02:16:35,안장
SPB-43016,2024-09-29 02:26:03,체인
SPB-41545,2024-09-29 02:41:35,안장
SPB-64883,2024-09-29 02:54:18,체인
SPB-60868,2024-09-29 02:56:20,체인
SPB-54229,2024-09-29 03:14:06,체인
SPB-82354,2024-09-29 03:14:32,타이어 
SPB-32721,2024-09-29 03:15:06,기타 
SPB-37922,2024-09-29 03:15:28,체인
SPB-40596,2024-09-29 03:16:59,기타 
SPB-50835,2024-09-29 03:28:03,체인
SPB-57442,2024-09-29 03:58:23,안장
SPB-47583,2024-09-29 04:14:44,페달
SPB-33534,2024-09-29 05:34:55,안장
SPB-62923,2024-09-29 06:05:05,안장
SPB-66756,2024-09-29 06:20:58,단말기
SPB-53783,2024-09-29 06:24:29,타이어 
SPB-33434,2024-09-29 07:32:34,안장
SPB-33263,2024-09-29 07:36:17,타이어 
SPB-62244,2024-09-29 07:44:04,안장
SPB-66571,2024-09-29 07:47:46,체인
SPB-50599,2024-09-29 07:48:30,타이어 
SPB-41720,2024-09-29 07:54:26,체인
SPB-34875,2024-09-29 07:57:49,타이어 
SPB-69032,2024-09-29 08:02:43,페달
SPB-54604,2024-09-29 08:10:02,타이어 
SPB-34929,2024-09-29 08:13:22,페달
SPB-66967,2024-09-29 08:16:28,타이어 
SPB-61596,2024-09-29 08:22:19,기타 
SPB-40814,2024-09-29 08:23:17,기타 
SPB-56751,2024-09-29 08:25:12,기타 
SPB-35866,2024-09-29 08:26:35,타이어 
SPB-48060,2024-09-29 08:28:24,체인
SPB-53524,2024-09-29 08:37:15,안장
SPB-42454,2024-09-29 08:38:41,기타 
SPB-38907,2024-09-29 08:39:31,타이어 
SPB-41666,2024-09-29 08:42:09,기타 
SPB-59334,2024-09-29 08:43:29,페달
SPB-47960,2024-09-29 08:44:40,타이어 
SPB-60031,2024-09-29 08:45:39,타이어 
SPB-41253,2024-09-29 08:47:39,페달
SPB-32384,2024-09-29 08:48:27,체인
SPB-55589,2024-09-29 08:50:12,체인
SPB-57630,2024-09-29 08:50:27,기타 
SPB-61545,2024-09-29 08:50:38,단말기
SPB-47663,2024-09-29 08:51:01,타이어 
SPB-61731,2024-09-29 08:51:47,기타 
SPB-50557,2024-09-29 09:00:57,안장
SPB-70239,2024-09-29 09:02:39,기타 
SPB-57135,2024-09-29 09:05:28,페달
SPB-64205,2024-09-29 09:12:39,체인
SPB-32344,2024-09-29 09:13:45,체인
SPB-44900,2024-09-29 09:18:46,페달
SPB-42033,2024-09-29 09:22:57,페달
SPB-34789,2024-09-29 09:25:12,단말기
SPB-41597,2024-09-29 09:29:47,타이어 
SPB-58893,2024-09-29 09:29:51,타이어 
SPB-59192,2024-09-29 09:32:19,안장
SPB-60805,2024-09-29 09:39:55,체인
SPB-32479,2024-09-29 09:40:45,안장
SPB-38876,2024-09-29 09:41:23,안장
SPB-68835,2024-09-29 09:45:17,타이어 
SPB-39604,2024-09-29 09:46:05,체인
SPB-55060,2024-09-29 09:46:29,기타 
SPB-57937,2024-09-29 09:49:20,페달
SPB-48543,2024-09-29 09:49:42,체인
SPB-65517,2024-09-29 09:52:25,타이어 
SPB-48646,2024-09-29 09:53:06,타이어 
SPB-48768,2024-09-29 09:56:06,페달
SPB-69177,2024-09-29 09:59:19,체인
SPB-57389,2024-09-29 10:01:17,안장
SPB-64382,2024-09-29 10:01:41,체인
SPB-39540,2024-09-29 10:02:23,타이어 
SPB-68388,2024-09-29 10:06:11,체인
SPB-54565,2024-09-29 10:07:32,체인
SPB-37802,2024-09-29 10:08:56,타이어 
SPB-49049,2024-09-29 10:10:46,타이어 
SPB-70173,2024-09-29 10:12:54,체인
SPB-51550,2024-09-29 10:14:22,단말기
SPB-51988,2024-09-29 10:15:08,페달
SPB-62092,2024-09-29 10:18:42,타이어 
SPB-46720,2024-09-29 10:22:36,기타 
SPB-47357,2024-09-29 10:25:53,체인
SPB-33373,2024-09-29 10:26:14,타이어 
SPB-61127,2024-09-29 10:26:19,체인
SPB-43028,2024-09-29 10:26:59,타이어 
SPB-82356,2024-09-29 10:27:19,기타 
SPB-44860,2024-09-29 10:28:18,타이어 
SPB-67073,2024-09-29 10:38:21,체인
SPB-31012,2024-09-29 10:39:48,타이어 
SPB-83534,2024-09-29 10:48:07,기타 
SPB-32848,2024-09-29 10:50:42,체인
SPB-57475,2024-09-29 10:52:23,기타 
SPB-63095,2024-09-29 10:56:03,기타 
SPB-66671,2024-09-29 10:56:20,타이어 
SPB-55213,2024-09-29 10:56:30,안장
SPB-65677,2024-09-29 10:58:20,타이어 
SPB-57082,2024-09-29 10:59:49,안장
SPB-35819,2024-09-29 11:12:07,안장
SPB-67692,2024-09-29 11:13:29,타이어 
SPB-52842,2024-09-29 11:14:05,안장
SPB-60836,2024-09-29 11:14:40,기타 
SPB-35014,2024-09-29 11:14:50,체인
SPB-68790,2024-09-29 11:14:51,기타 
SPB-41876,2024-09-29 11:15:16,체인
SPB-66148,2024-09-29 11:15:18,체인
SPB-51248,2024-09-29 11:15:54,타이어 
SPB-52783,2024-09-29 11:18:56,타이어 
SPB-38621,2024-09-29 11:24:31,기타 
SPB-66799,2024-09-29 11:27:25,기타 
SPB-57411,2024-09-29 11:29:21,체인
SPB-42262,2024-09-29 11:30:08,체인
SPB-48620,2024-09-29 11:31:40,체인
SPB-50209,2024-09-29 11:32:05,기타 
SPB-54394,2024-09-29 11:32:18,타이어 
SPB-44738,2024-09-29 11:39:10,기타 
SPB-64147,2024-09-29 11:41:44,타이어 
SPB-65447,2024-09-29 11:42:57,기타 
SPB-39303,2024-09-29 11:44:30,안장
SPB-54204,2024-09-29 11:46:22,페달
SPB-62201,2024-09-29 11:51:10,기타 
SPB-39834,2024-09-29 11:53:42,타이어 
SPB-32892,2024-09-29 11:57:18,기타 
SPB-50080,2024-09-29 11:58:54,안장
SPB-61196,2024-09-29 11:59:27,체인
SPB-59700,2024-09-29 12:00:38,페달
SPB-38012,2024-09-29 12:02:01,체인
SPB-63608,2024-09-29 12:04:34,기타 
SPB-38504,2024-09-29 12:05:38,체인
SPB-49371,2024-09-29 12:06:42,체인
SPB-48081,2024-09-29 12:09:44,타이어 
SPB-53402,2024-09-29 12:10:19,타이어 
SPB-35867,2024-09-29 12:12:02,체인
SPB-34478,2024-09-29 12:16:28,체인
SPB-49227,2024-09-29 12:17:02,페달
SPB-56860,2024-09-29 12:19:47,기타 
SPB-68192,2024-09-29 12:20:26,타이어 
SPB-64563,2024-09-29 12:20:34,체인
SPB-41183,2024-09-29 12:21:25,체인
SPB-55609,2024-09-29 12:28:15,페달
SPB-56509,2024-09-29 12:28:45,체인
SPB-81402,2024-09-29 12:31:11,타이어 
SPB-41417,2024-09-29 12:31:27,타이어 
SPB-61733,2024-09-29 12:33:56,안장
SPB-68848,2024-09-29 12:36:14,기타 
SPB-82370,2024-09-29 12:37:04,페달
SPB-62164,2024-09-29 12:37:49,기타 
SPB-82188,2024-09-29 12:39:04,기타 
SPB-56836,2024-09-29 12:39:16,기타 
SPB-41852,2024-09-29 12:43:02,페달
SPB-67268,2024-09-29 12:43:39,기타 
SPB-52972,2024-09-29 12:48:10,단말기
SPB-45359,2024-09-29 12:48:10,기타 
SPB-45742,2024-09-29 12:48:58,안장
SPB-57102,2024-09-29 12:50:01,안장
SPB-50463,2024-09-29 12:50:49,페달
SPB-67991,2024-09-29 12:52:16,타이어 
SPB-69193,2024-09-29 12:54:06,체인
SPB-69625,2024-09-29 12:56:06,체인
SPB-67643,2024-09-29 12:56:36,페달
SPB-52969,2024-09-29 13:05:35,체인
SPB-55140,2024-09-29 13:06:34,체인
SPB-57938,2024-09-29 13:07:19,단말기
SPB-43272,2024-09-29 13:07:41,기타 
SPB-49000,2024-09-29 13:11:04,체인
SPB-68094,2024-09-29 13:17:20,기타 
SPB-32886,2024-09-29 13:19:37,기타 
SPB-59088,2024-09-29 13:20:25,타이어 
SPB-45463,2024-09-29 13:26:35,안장
SPB-34776,2024-09-29 13:27:39,안장
SPB-60101,2024-09-29 13:31:28,페달
SPB-33672,2024-09-29 13:40:02,안장
SPB-46156,2024-09-29 13:43:17,기타 
SPB-53842,2024-09-29 13:44:12,타이어 
SPB-49335,2024-09-29 13:46:42,기타 
SPB-40893,2024-09-29 13:47:43,안장
SPB-55730,2024-09-29 13:49:33,체인
SPB-43580,2024-09-29 13:50:46,타이어 
SPB-57557,2024-09-29 13:51:52,페달
SPB-46926,2024-09-29 13:52:34,타이어 
SPB-84251,2024-09-29 13:54:53,기타 
SPB-31077,2024-09-29 13:59:22,타이어 
SPB-50034,2024-09-29 13:59:54,타이어 
SPB-39951,2024-09-29 14:01:36,타이어 
SPB-60979,2024-09-29 14:02:28,체인
SPB-33664,2024-09-29 14:04:42,체인
SPB-57802,2024-09-29 14:04:53,안장
SPB-34499,2024-09-29 14:06:15,체인
SPB-62615,2024-09-29 14:07:30,체인
SPB-56854,2024-09-29 14:08:06,안장
SPB-57331,2024-09-29 14:09:02,체인
SPB-31321,2024-09-29 14:10:38,체인
SPB-48545,2024-09-29 14:12:22,기타 
SPB-61207,2024-09-29 14:13:17,타이어 
SPB-53448,2024-09-29 14:15:15,안장
SPB-60725,2024-09-29 14:15:55,체인
SPB-67162,2024-09-29 14:17:17,기타 
SPB-38505,2024-09-29 14:19:06,기타 
SPB-41013,2024-09-29 14:20:42,페달
SPB-45285,2024-09-29 14:22:26,타이어 
SPB-43885,2024-09-29 14:25:54,체인
SPB-43575,2024-09-29 14:30:29,페달
SPB-33381,2024-09-29 14:33:41,기타 
SPB-60552,2024-09-29 14:34:43,페달
SPB-56756,2024-09-29 14:37:14,페달
SPB-36775,2024-09-29 14:37:35,페달
SPB-65895,2024-09-29 14:43:33,기타 
SPB-62401,2024-09-29 14:47:52,체인
SPB-45282,2024-09-29 14:52:38,체인
SPB-67696,2024-09-29 14:53:26,타이어 
SPB-59337,2024-09-29 14:55:26,기타 
SPB-35204,2024-09-29 14:55:45,타이어 
SPB-38526,2024-09-29 14:56:20,체인
SPB-67786,2024-09-29 14:57:06,기타 
SPB-41291,2024-09-29 14:57:56,단말기
SPB-40437,2024-09-29 15:04:02,단말기
SPB-47749,2024-09-29 15:05:34,타이어 
SPB-46990,2024-09-29 15:06:43,안장
SPB-53823,2024-09-29 15:07:53,타이어 
SPB-42315,2024-09-29 15:11:39,체인
SPB-38487,2024-09-29 15:13:48,체인
SPB-61376,2024-09-29 15:14:27,체인
SPB-45985,2024-09-29 15:17:57,체인
SPB-70125,2024-09-29 15:24:40,체인
SPB-61056,2024-09-29 15:27:40,타이어 
SPB-35359,2024-09-29 15:28:21,기타 
SPB-44177,2024-09-29 15:30:12,체인
SPB-57720,2024-09-29 15:32:14,페달
SPB-56553,2024-09-29 15:32:47,기타 
SPB-42503,2024-09-29 15:35:31,체인
SPB-44229,2024-09-29 15:39:46,체인
SPB-42605,2024-09-29 15:46:13,체인
SPB-65754,2024-09-29 15:48:27,타이어 
SPB-48536,2024-09-29 15:50:32,페달
SPB-65752,2024-09-29 15:55:08,기타 
SPB-65081,2024-09-29 15:55:26,타이어 
SPB-84567,2024-09-29 15:55:58,기타 
SPB-55678,2024-09-29 15:57:18,안장
SPB-31359,2024-09-29 15:57:24,안장
SPB-32422,2024-09-29 16:01:37,안장
SPB-40944,2024-09-29 16:02:30,안장
SPB-35071,2024-09-29 16:03:51,체인
SPB-30590,2024-09-29 16:06:41,기타 
SPB-50560,2024-09-29 16:07:56,타이어 
SPB-32528,2024-09-29 16:09:36,타이어 
SPB-34875,2024-09-29 16:13:00,기타 
SPB-35758,2024-09-29 16:14:42,타이어 
SPB-51796,2024-09-29 16:20:39,타이어 
SPB-44528,2024-09-29 16:22:11,체인
SPB-30324,2024-09-29 16:25:12,체인
SPB-58367,2024-09-29 16:25:40,타이어 
SPB-65859,2024-09-29 16:27:17,타이어 
SPB-60080,2024-09-29 16:27:30,페달
SPB-68349,2024-09-29 16:30:36,타이어 
SPB-66186,2024-09-29 16:36:37,타이어 
SPB-65691,2024-09-29 16:39:38,체인
SPB-58944,2024-09-29 16:40:12,체인
SPB-56876,2024-09-29 16:42:20,안장
SPB-62450,2024-09-29 16:45:52,기타 
SPB-35736,2024-09-29 16:46:19,타이어 
SPB-54214,2024-09-29 16:49:59,단말기
SPB-63317,2024-09-29 16:52:59,타이어 
SPB-49509,2024-09-29 16:57:30,체인
SPB-32254,2024-09-29 16:57:41,단말기
SPB-48070,2024-09-29 16:58:49,안장
SPB-39884,2024-09-29 16:59:11,체인
SPB-31516,2024-09-29 16:59:15,타이어 
SPB-64309,2024-09-29 17:00:13,안장
SPB-55063,2024-09-29 17:00:37,페달
SPB-58784,2024-09-29 17:02:33,타이어 
SPB-50377,2024-09-29 17:03:15,단말기
SPB-60048,2024-09-29 17:05:30,기타 
SPB-48092,2024-09-29 17:06:11,타이어 
SPB-58890,2024-09-29 17:06:43,기타 
SPB-46054,2024-09-29 17:07:09,기타 
SPB-69254,2024-09-29 17:07:34,기타 
SPB-56694,2024-09-29 17:09:40,체인
SPB-53746,2024-09-29 17:11:10,타이어 
SPB-70298,2024-09-29 17:11:17,체인
SPB-41393,2024-09-29 17:12:22,안장
SPB-69348,2024-09-29 17:13:02,체인
SPB-38548,2024-09-29 17:17:26,페달
SPB-57735,2024-09-29 17:18:50,단말기
SPB-69066,2024-09-29 17:19:10,안장
SPB-32401,2024-09-29 17:26:36,페달
SPB-41037,2024-09-29 17:26:57,체인
SPB-32397,2024-09-29 17:28:38,기타 
SPB-37648,2024-09-29 17:29:42,단말기
SPB-51108,2024-09-29 17:32:08,체인
SPB-40943,2024-09-29 17:34:58,안장
SPB-37117,2024-09-29 17:36:54,기타 
SPB-62552,2024-09-29 17:39:47,기타 
SPB-54937,2024-09-29 17:40:23,체인
SPB-51904,2024-09-29 17:43:06,페달
SPB-61589,2024-09-29 17:44:26,기타 
SPB-34160,2024-09-29 17:44:54,기타 
SPB-36277,2024-09-29 17:45:49,체인
SPB-65343,2024-09-29 17:45:54,타이어 
SPB-50422,2024-09-29 17:48:25,안장
SPB-44910,2024-09-29 17:48:44,타이어 
SPB-48074,2024-09-29 17:49:20,체인
SPB-35418,2024-09-29 17:50:36,기타 
SPB-82970,2024-09-29 17:57:59,타이어 
SPB-42640,2024-09-29 17:59:51,체인
SPB-69408,2024-09-29 18:01:41,체인
SPB-68750,2024-09-29 18:03:51,기타 
SPB-54898,2024-09-29 18:03:55,체인
SPB-37776,2024-09-29 18:04:24,체인
SPB-41591,2024-09-29 18:06:19,체인
SPB-57936,2024-09-29 18:09:32,타이어 
SPB-63054,2024-09-29 18:11:52,기타 
SPB-31823,2024-09-29 18:12:56,체인
SPB-58986,2024-09-29 18:14:32,기타 
SPB-52881,2024-09-29 18:15:56,안장
SPB-41265,2024-09-29 18:17:27,안장
SPB-32799,2024-09-29 18:19:21,타이어 
SPB-54546,2024-09-29 18:20:03,기타 
SPB-34166,2024-09-29 18:21:39,타이어 
SPB-65183,2024-09-29 18:22:46,타이어 
SPB-52792,2024-09-29 18:23:33,체인
SPB-48716,2024-09-29 18:23:39,기타 
SPB-64001,2024-09-29 18:24:40,타이어 
SPB-47939,2024-09-29 18:25:21,기타 
SPB-31031,2024-09-29 18:25:55,타이어 
SPB-56118,2024-09-29 18:27:26,기타 
SPB-30400,2024-09-29 18:28:21,타이어 
SPB-30581,2024-09-29 18:32:06,체인
SPB-61719,2024-09-29 18:34:55,타이어 
SPB-35395,2024-09-29 18:35:46,타이어 
SPB-66163,2024-09-29 18:38:02,기타 
SPB-30263,2024-09-29 18:39:16,타이어 
SPB-43777,2024-09-29 18:40:31,페달
SPB-55453,2024-09-29 18:47:25,체인
SPB-31704,2024-09-29 18:48:47,체인
SPB-48286,2024-09-29 18:49:35,타이어 
SPB-32742,2024-09-29 18:49:46,안장
SPB-38169,2024-09-29 18:52:05,안장
SPB-34481,2024-09-29 18:52:21,타이어 
SPB-50090,2024-09-29 18:53:47,타이어 
SPB-51287,2024-09-29 18:54:39,체인
SPB-47070,2024-09-29 18:55:07,체인
SPB-37136,2024-09-29 18:56:01,체인
SPB-52976,2024-09-29 18:58:36,타이어 
SPB-32917,2024-09-29 18:59:28,기타 
SPB-46369,2024-09-29 19:00:05,기타 
SPB-69836,2024-09-29 19:00:12,체인
SPB-51472,2024-09-29 19:00:29,기타 
SPB-67189,2024-09-29 19:00:37,체인
SPB-43620,2024-09-29 19:01:47,체인
SPB-35220,2024-09-29 19:01:49,기타 
SPB-44516,2024-09-29 19:01:59,페달
SPB-69615,2024-09-29 19:03:38,안장
SPB-43627,2024-09-29 19:07:02,체인
SPB-50151,2024-09-29 19:09:24,타이어 
SPB-31223,2024-09-29 19:09:45,기타 
SPB-54101,2024-09-29 19:11:51,체인
SPB-60011,2024-09-29 19:13:58,타이어 
SPB-40683,2024-09-29 19:14:20,타이어 
SPB-43217,2024-09-29 19:14:31,기타 
SPB-58369,2024-09-29 19:14:37,단말기
SPB-51000,2024-09-29 19:14:55,페달
SPB-50832,2024-09-29 19:17:40,기타 
SPB-84853,2024-09-29 19:17:52,타이어 
SPB-67120,2024-09-29 19:22:15,기타 
SPB-50538,2024-09-29 19:22:18,기타 
SPB-35094,2024-09-29 19:25:01,페달
SPB-49466,2024-09-29 19:27:20,기타 
SPB-45655,2024-09-29 19:28:48,체인
SPB-63033,2024-09-29 19:31:45,기타 
SPB-52145,2024-09-29 19:32:33,타이어 
SPB-51573,2024-09-29 19:32:48,타이어 
SPB-65276,2024-09-29 19:33:00,타이어 
SPB-64135,2024-09-29 19:33:13,타이어 
SPB-66778,2024-09-29 19:35:02,단말기
SPB-59778,2024-09-29 19:36:48,안장
SPB-82169,2024-09-29 19:39:38,체인
SPB-50630,2024-09-29 19:42:53,체인
SPB-67671,2024-09-29 19:43:42,기타 
SPB-64516,2024-09-29 19:45:45,타이어 
SPB-53998,2024-09-29 19:47:56,체인
SPB-84078,2024-09-29 19:53:37,타이어 
SPB-47221,2024-09-29 19:56:04,안장
SPB-41684,2024-09-29 19:59:22,체인
SPB-37504,2024-09-29 19:59:52,기타 
SPB-50919,2024-09-29 20:03:13,페달
SPB-59427,2024-09-29 20:04:55,기타 
SPB-42363,2024-09-29 20:05:09,페달
SPB-63779,2024-09-29 20:07:37,체인
SPB-40370,2024-09-29 20:08:28,기타 
SPB-50146,2024-09-29 20:09:54,페달
SPB-54695,2024-09-29 20:11:42,안장
SPB-68095,2024-09-29 20:11:57,체인
SPB-51064,2024-09-29 20:12:29,기타 
SPB-30893,2024-09-29 20:12:52,타이어 
SPB-64471,2024-09-29 20:13:57,안장
SPB-55291,2024-09-29 20:16:09,타이어 
SPB-33393,2024-09-29 20:17:58,체인
SPB-40103,2024-09-29 20:19:40,단말기
SPB-32173,2024-09-29 20:19:57,페달
SPB-32876,2024-09-29 20:21:54,타이어 
SPB-56874,2024-09-29 20:24:40,페달
SPB-48105,2024-09-29 20:26:51,타이어 
SPB-66353,2024-09-29 20:27:13,타이어 
SPB-38153,2024-09-29 20:27:15,페달
SPB-38173,2024-09-29 20:27:53,기타 
SPB-36606,2024-09-29 20:32:36,타이어 
SPB-49210,2024-09-29 20:32:45,타이어 
SPB-44743,2024-09-29 20:33:02,타이어 
SPB-66693,2024-09-29 20:35:01,체인
SPB-35144,2024-09-29 20:35:09,기타 
SPB-30107,2024-09-29 20:35:40,타이어 
SPB-35627,2024-09-29 20:36:32,단말기
SPB-62291,2024-09-29 20:36:42,체인
SPB-41484,2024-09-29 20:38:12,체인
SPB-38890,2024-09-29 20:38:58,기타 
SPB-54186,2024-09-29 20:39:49,타이어 
SPB-35042,2024-09-29 20:39:51,타이어 
SPB-32072,2024-09-29 20:42:17,안장
SPB-69657,2024-09-29 20:42:53,체인
SPB-54341,2024-09-29 20:48:29,기타 
SPB-83123,2024-09-29 20:48:37,타이어 
SPB-44315,2024-09-29 20:49:29,기타 
SPB-60350,2024-09-29 20:49:30,기타 
SPB-61007,2024-09-29 20:51:59,안장
SPB-42686,2024-09-29 20:52:39,타이어 
SPB-64158,2024-09-29 20:59:14,체인
SPB-36698,2024-09-29 21:03:11,타이어 
SPB-52657,2024-09-29 21:03:39,단말기
SPB-32598,2024-09-29 21:07:11,안장
SPB-42549,2024-09-29 21:08:19,타이어 
SPB-53467,2024-09-29 21:08:46,타이어 
SPB-59835,2024-09-29 21:10:45,페달
SPB-65343,2024-09-29 21:14:43,타이어 
SPB-55997,2024-09-29 21:17:55,기타 
SPB-62138,2024-09-29 21:18:19,페달
SPB-37938,2024-09-29 21:18:28,체인
SPB-41147,2024-09-29 21:19:38,체인
SPB-47928,2024-09-29 21:21:02,체인
SPB-48746,2024-09-29 21:22:35,페달
SPB-52246,2024-09-29 21:23:07,타이어 
SPB-36003,2024-09-29 21:23:36,체인
SPB-35698,2024-09-29 21:25:04,기타 
SPB-31874,2024-09-29 21:25:11,페달
SPB-46652,2024-09-29 21:26:35,기타 
SPB-43880,2024-09-29 21:27:41,체인
SPB-62566,2024-09-29 21:28:44,페달
SPB-60383,2024-09-29 21:29:55,체인
SPB-60360,2024-09-29 21:29:56,체인
SPB-50345,2024-09-29 21:30:02,체인
SPB-62463,2024-09-29 21:30:06,타이어 
SPB-32011,2024-09-29 21:30:43,기타 
SPB-37257,2024-09-29 21:32:09,페달
SPB-68622,2024-09-29 21:32:45,타이어 
SPB-64851,2024-09-29 21:37:28,기타 
SPB-38367,2024-09-29 21:42:24,페달
SPB-39260,2024-09-29 21:44:16,체인
SPB-31951,2024-09-29 21:46:26,체인
SPB-67502,2024-09-29 21:48:14,단말기
SPB-36519,2024-09-29 21:50:22,안장
SPB-53728,2024-09-29 21:51:36,안장
SPB-48523,2024-09-29 21:52:39,안장
SPB-45290,2024-09-29 21:55:02,안장
SPB-67065,2024-09-29 21:56:53,타이어 
SPB-51852,2024-09-29 22:07:03,단말기
SPB-43289,2024-09-29 22:08:17,체인
SPB-51035,2024-09-29 22:09:04,체인
SPB-37785,2024-09-29 22:09:15,체인
SPB-52970,2024-09-29 22:09:22,체인
SPB-45040,2024-09-29 22:09:40,타이어 
SPB-37327,2024-09-29 22:16:13,타이어 
SPB-35834,2024-09-29 22:16:42,기타 
SPB-54620,2024-09-29 22:17:53,기타 
SPB-33737,2024-09-29 22:19:12,단말기
SPB-41137,2024-09-29 22:26:15,기타 
SPB-38869,2024-09-29 22:26:53,타이어 
SPB-30715,2024-09-29 22:36:38,체인
SPB-65855,2024-09-29 22:38:28,기타 
SPB-54876,2024-09-29 22:39:45,기타 
SPB-40825,2024-09-29 22:40:22,페달
SPB-61160,2024-09-29 22:41:25,타이어 
SPB-37511,2024-09-29 22:43:22,체인
SPB-46904,2024-09-29 22:44:07,체인
SPB-62220,2024-09-29 22:44:12,타이어 
SPB-41851,2024-09-29 22:46:53,기타 
SPB-56332,2024-09-29 22:51:03,타이어 
SPB-42024,2024-09-29 22:51:11,타이어 
SPB-43548,2024-09-29 22:54:46,체인
SPB-42426,2024-09-29 22:58:28,체인
SPB-61018,2024-09-29 23:06:42,체인
SPB-30250,2024-09-29 23:10:12,페달
SPB-36447,2024-09-29 23:17:26,체인
SPB-58923,2024-09-29 23:26:14,기타 
SPB-65239,2024-09-29 23:30:00,타이어 
SPB-33506,2024-09-29 23:37:14,단말기
SPB-41602,2024-09-29 23:44:10,체인
SPB-53012,2024-09-30 00:03:44,체인
SPB-83971,2024-09-30 00:06:48,체인
SPB-34057,2024-09-30 00:11:55,타이어 
SPB-50820,2024-09-30 00:12:12,기타 
SPB-43004,2024-09-30 00:46:42,타이어 
SPB-45679,2024-09-30 00:51:55,안장
SPB-32652,2024-09-30 00:55:27,체인
SPB-61961,2024-09-30 01:17:21,타이어 
SPB-62197,2024-09-30 01:17:58,기타 
SPB-56883,2024-09-30 01:29:24,기타 
SPB-50060,2024-09-30 01:35:55,페달
SPB-65269,2024-09-30 02:17:22,기타 
SPB-65778,2024-09-30 02:28:47,안장
SPB-54430,2024-09-30 03:38:54,안장
SPB-45845,2024-09-30 03:54:32,체인
SPB-46628,2024-09-30 04:51:02,타이어 
SPB-51932,2024-09-30 05:00:51,타이어 
SPB-37441,2024-09-30 05:07:39,체인
SPB-30062,2024-09-30 05:11:03,기타 
SPB-69641,2024-09-30 05:12:50,체인
SPB-53283,2024-09-30 05:55:38,기타 
SPB-58813,2024-09-30 05:58:41,페달
SPB-81805,2024-09-30 06:15:05,타이어 
SPB-70200,2024-09-30 06:22:28,타이어 
SPB-38519,2024-09-30 06:26:44,체인
SPB-46328,2024-09-30 06:26:56,기타 
SPB-69096,2024-09-30 06:27:42,안장
SPB-67503,2024-09-30 06:32:42,기타 
SPB-39310,2024-09-30 06:32:45,안장
SPB-64816,2024-09-30 06:33:55,기타 
SPB-82145,2024-09-30 06:35:46,안장
SPB-41422,2024-09-30 06:40:31,안장
SPB-45365,2024-09-30 06:41:36,타이어 
SPB-45784,2024-09-30 06:46:10,체인
SPB-69920,2024-09-30 06:53:39,체인
SPB-35741,2024-09-30 06:54:13,타이어 
SPB-34519,2024-09-30 06:57:44,안장
SPB-30704,2024-09-30 06:59:02,안장
SPB-55621,2024-09-30 06:59:41,체인
SPB-54356,2024-09-30 07:02:27,기타 
SPB-59150,2024-09-30 07:02:29,체인
SPB-51728,2024-09-30 07:02:49,페달
SPB-50243,2024-09-30 07:04:54,기타 
SPB-47223,2024-09-30 07:07:02,안장
SPB-68641,2024-09-30 07:08:20,타이어 
SPB-42147,2024-09-30 07:09:18,체인
SPB-51132,2024-09-30 07:10:32,체인
SPB-39972,2024-09-30 07:11:23,기타 
SPB-54062,2024-09-30 07:15:56,기타 
SPB-35313,2024-09-30 07:16:57,페달
SPB-67919,2024-09-30 07:17:08,기타 
SPB-55314,2024-09-30 07:21:08,페달
SPB-52132,2024-09-30 07:25:26,체인
SPB-47273,2024-09-30 07:25:57,기타 
SPB-55256,2024-09-30 07:26:58,페달
SPB-52486,2024-09-30 07:27:08,페달
SPB-54201,2024-09-30 07:31:05,체인
SPB-43901,2024-09-30 07:31:32,단말기
SPB-54559,2024-09-30 07:32:12,기타 
SPB-63915,2024-09-30 07:34:36,체인
SPB-66848,2024-09-30 07:35:48,기타 
SPB-60182,2024-09-30 07:36:10,타이어 
SPB-39509,2024-09-30 07:37:13,페달
SPB-59411,2024-09-30 07:38:10,기타 
SPB-55969,2024-09-30 07:40:13,기타 
SPB-66320,2024-09-30 07:40:35,체인
SPB-66387,2024-09-30 07:40:51,기타 
SPB-39853,2024-09-30 07:41:12,페달
SPB-84171,2024-09-30 07:42:11,타이어 
SPB-54111,2024-09-30 07:43:30,타이어 
SPB-50268,2024-09-30 07:45:15,타이어 
SPB-58439,2024-09-30 07:45:16,기타 
SPB-50591,2024-09-30 07:45:51,페달
SPB-46761,2024-09-30 07:45:53,기타 
SPB-63559,2024-09-30 07:46:17,페달
SPB-31321,2024-09-30 07:46:33,안장
SPB-33607,2024-09-30 07:47:46,체인
SPB-70242,2024-09-30 07:49:02,체인
SPB-36311,2024-09-30 07:50:53,체인
SPB-31365,2024-09-30 07:51:13,체인
SPB-47079,2024-09-30 07:51:32,타이어 
SPB-60953,2024-09-30 07:51:42,타이어 
SPB-58502,2024-09-30 07:52:23,타이어 
SPB-67535,2024-09-30 07:52:58,페달
SPB-53266,2024-09-30 07:53:02,체인
SPB-46122,2024-09-30 07:53:18,타이어 
SPB-54731,2024-09-30 07:53:33,타이어 
SPB-51185,2024-09-30 07:53:48,타이어 
SPB-34179,2024-09-30 07:54:12,타이어 
SPB-66586,2024-09-30 07:54:41,기타 
SPB-55808,2024-09-30 07:55:33,페달
SPB-35223,2024-09-30 07:55:51,페달
SPB-60723,2024-09-30 07:57:55,체인
SPB-62006,2024-09-30 07:58:51,타이어 
SPB-33513,2024-09-30 07:58:56,타이어 
SPB-66902,2024-09-30 08:01:36,안장
SPB-33787,2024-09-30 08:01:59,타이어 
SPB-52336,2024-09-30 08:02:10,타이어 
SPB-36629,2024-09-30 08:04:07,기타 
SPB-62289,2024-09-30 08:04:17,안장
SPB-34155,2024-09-30 08:06:45,기타 
SPB-34070,2024-09-30 08:07:58,페달
SPB-67230,2024-09-30 08:08:31,안장
SPB-41492,2024-09-30 08:09:05,체인
SPB-57994,2024-09-30 08:09:46,페달
SPB-56299,2024-09-30 08:10:09,체인
SPB-50176,2024-09-30 08:10:28,타이어 
SPB-61831,2024-09-30 08:11:00,안장
SPB-45131,2024-09-30 08:11:30,체인
SPB-52494,2024-09-30 08:11:35,안장
SPB-57802,2024-09-30 08:12:32,안장
SPB-39507,2024-09-30 08:13:40,안장
SPB-39327,2024-09-30 08:14:04,체인
SPB-52806,2024-09-30 08:14:24,기타 
SPB-38023,2024-09-30 08:15:05,타이어 
SPB-37292,2024-09-30 08:16:14,페달
SPB-47591,2024-09-30 08:16:54,기타 
SPB-57403,2024-09-30 08:18:55,타이어 
SPB-55417,2024-09-30 08:19:17,페달
SPB-37655,2024-09-30 08:19:56,타이어 
SPB-46245,2024-09-30 08:19:57,타이어 
SPB-57363,2024-09-30 08:20:16,기타 
SPB-40942,2024-09-30 08:20:16,체인
SPB-58298,2024-09-30 08:21:45,안장
SPB-58617,2024-09-30 08:21:53,기타 
SPB-55399,2024-09-30 08:22:51,체인
SPB-69532,2024-09-30 08:23:16,체인
SPB-35395,2024-09-30 08:24:06,체인
SPB-37700,2024-09-30 08:26:01,타이어 
SPB-39060,2024-09-30 08:26:02,체인
SPB-53457,2024-09-30 08:27:33,기타 
SPB-56516,2024-09-30 08:27:34,타이어 
SPB-66830,2024-09-30 08:29:29,기타 
SPB-48860,2024-09-30 08:30:01,타이어 
SPB-31966,2024-09-30 08:31:32,안장
SPB-44980,2024-09-30 08:33:30,체인
SPB-32629,2024-09-30 08:35:17,타이어 
SPB-51807,2024-09-30 08:35:26,타이어 
SPB-34524,2024-09-30 08:35:40,안장
SPB-57193,2024-09-30 08:35:42,단말기
SPB-64757,2024-09-30 08:35:54,타이어 
SPB-32386,2024-09-30 08:37:49,타이어 
SPB-41196,2024-09-30 08:39:11,페달
SPB-59592,2024-09-30 08:39:35,타이어 
SPB-44924,2024-09-30 08:40:59,체인
SPB-44074,2024-09-30 08:41:18,체인
SPB-30507,2024-09-30 08:42:09,기타 
SPB-31933,2024-09-30 08:42:17,타이어 
SPB-59623,2024-09-30 08:42:58,체인
SPB-43888,2024-09-30 08:43:03,타이어 
SPB-84633,2024-09-30 08:43:15,기타 
SPB-57079,2024-09-30 08:43:22,체인
SPB-45059,2024-09-30 08:44:37,체인
SPB-46607,2024-09-30 08:44:45,안장
SPB-50133,2024-09-30 08:45:04,타이어 
SPB-64414,2024-09-30 08:45:06,타이어 
SPB-39118,2024-09-30 08:45:55,기타 
SPB-63340,2024-09-30 08:46:11,타이어 
SPB-37964,2024-09-30 08:47:35,기타 
SPB-59919,2024-09-30 08:48:25,체인
SPB-60546,2024-09-30 08:48:33,기타 
SPB-49425,2024-09-30 08:48:40,기타 
SPB-64520,2024-09-30 08:49:18,체인
SPB-64741,2024-09-30 08:49:29,타이어 
SPB-63236,2024-09-30 08:49:29,안장
SPB-48225,2024-09-30 08:52:08,기타 
SPB-46536,2024-09-30 08:53:31,체인
SPB-53162,2024-09-30 08:53:57,타이어 
SPB-46459,2024-09-30 08:54:25,안장
SPB-40888,2024-09-30 08:54:41,타이어 
SPB-70425,2024-09-30 08:56:59,체인
SPB-38341,2024-09-30 08:57:16,안장
SPB-66629,2024-09-30 08:57:50,체인
SPB-60440,2024-09-30 08:59:00,타이어 
SPB-37738,2024-09-30 08:59:07,기타 
SPB-40985,2024-09-30 08:59:23,안장
SPB-64854,2024-09-30 08:59:31,페달
SPB-84637,2024-09-30 09:00:02,기타 
SPB-56519,2024-09-30 09:00:31,기타 
SPB-53488,2024-09-30 09:04:57,타이어 
SPB-41551,2024-09-30 09:05:36,타이어 
SPB-36960,2024-09-30 09:06:08,안장
SPB-36267,2024-09-30 09:06:13,기타 
SPB-31604,2024-09-30 09:07:36,타이어 
SPB-39119,2024-09-30 09:07:42,안장
SPB-67900,2024-09-30 09:08:54,안장
SPB-61940,2024-09-30 09:11:01,기타 
SPB-31395,2024-09-30 09:13:06,단말기
SPB-62708,2024-09-30 09:16:44,안장
SPB-40827,2024-09-30 09:19:18,체인
SPB-68578,2024-09-30 09:19:54,체인
SPB-57159,2024-09-30 09:22:39,페달
SPB-53153,2024-09-30 09:24:09,페달
SPB-58738,2024-09-30 09:25:24,페달
SPB-45152,2024-09-30 09:25:32,페달
SPB-57988,2024-09-30 09:26:07,페달
SPB-64464,2024-09-30 09:29:11,타이어 
SPB-47759,2024-09-30 09:30:17,안장
SPB-63089,2024-09-30 09:30:19,페달
SPB-41305,2024-09-30 09:30:51,안장
SPB-69541,2024-09-30 09:32:55,기타 
SPB-41870,2024-09-30 09:34:16,단말기
SPB-59619,2024-09-30 09:36:15,단말기
SPB-41303,2024-09-30 09:36:17,체인
SPB-37203,2024-09-30 09:36:25,안장
SPB-36802,2024-09-30 09:37:31,타이어 
SPB-57273,2024-09-30 09:37:51,기타 
SPB-51431,2024-09-30 09:38:50,체인
SPB-58149,2024-09-30 09:41:20,체인
SPB-55286,2024-09-30 09:42:07,페달
SPB-43558,2024-09-30 09:53:43,체인
SPB-31232,2024-09-30 09:53:51,안장
SPB-58266,2024-09-30 09:53:54,페달
SPB-57193,2024-09-30 09:54:33,체인
SPB-40867,2024-09-30 09:55:21,안장
SPB-35018,2024-09-30 09:56:01,기타 
SPB-52425,2024-09-30 09:57:27,페달
SPB-81578,2024-09-30 10:00:20,타이어 
SPB-63395,2024-09-30 10:00:45,타이어 
SPB-30506,2024-09-30 10:01:34,안장
SPB-45417,2024-09-30 10:02:04,안장
SPB-41436,2024-09-30 10:03:35,페달
SPB-66882,2024-09-30 10:06:57,타이어 
SPB-33077,2024-09-30 10:07:03,기타 
SPB-31773,2024-09-30 10:07:29,체인
SPB-59994,2024-09-30 10:08:32,타이어 
SPB-30732,2024-09-30 10:11:44,체인
SPB-39821,2024-09-30 10:14:07,체인
SPB-48368,2024-09-30 10:15:20,타이어 
SPB-60421,2024-09-30 10:15:37,타이어 
SPB-46266,2024-09-30 10:16:24,기타 
SPB-68191,2024-09-30 10:16:42,타이어 
SPB-37797,2024-09-30 10:18:13,체인
SPB-45021,2024-09-30 10:18:22,타이어 
SPB-63503,2024-09-30 10:19:51,타이어 
SPB-61868,2024-09-30 10:21:24,단말기
SPB-63045,2024-09-30 10:25:35,안장
SPB-37286,2024-09-30 10:27:24,페달
SPB-34137,2024-09-30 10:27:52,타이어 
SPB-61358,2024-09-30 10:35:07,안장
SPB-39418,2024-09-30 10:36:55,기타 
SPB-63005,2024-09-30 10:39:17,안장
SPB-48376,2024-09-30 10:42:54,체인
SPB-59207,2024-09-30 10:49:41,페달
SPB-37733,2024-09-30 10:51:44,기타 
SPB-48146,2024-09-30 11:01:01,안장
SPB-54802,2024-09-30 11:01:35,페달
SPB-31666,2024-09-30 11:06:01,체인
SPB-38504,2024-09-30 11:10:05,체인
SPB-60064,2024-09-30 11:10:13,단말기
SPB-41520,2024-09-30 11:10:58,타이어 
SPB-42641,2024-09-30 11:18:31,단말기
SPB-52149,2024-09-30 11:21:36,단말기
SPB-61860,2024-09-30 11:23:05,안장
SPB-56293,2024-09-30 11:31:10,기타 
SPB-63435,2024-09-30 11:32:13,안장
SPB-54148,2024-09-30 11:32:22,페달
SPB-38791,2024-09-30 11:42:32,단말기
SPB-32739,2024-09-30 11:42:54,타이어 
SPB-53998,2024-09-30 11:43:40,페달
SPB-53976,2024-09-30 11:45:55,타이어 
SPB-31823,2024-09-30 11:50:49,기타 
SPB-69849,2024-09-30 11:56:37,체인
SPB-56852,2024-09-30 12:04:54,기타 
SPB-41904,2024-09-30 12:13:42,기타 
SPB-37013,2024-09-30 12:14:36,기타 
SPB-62078,2024-09-30 12:15:51,안장
SPB-67114,2024-09-30 12:19:05,기타 
SPB-58087,2024-09-30 12:23:08,페달
SPB-40827,2024-09-30 12:23:18,체인
SPB-61367,2024-09-30 12:26:23,안장
SPB-54710,2024-09-30 12:27:15,타이어 
SPB-66997,2024-09-30 12:33:29,타이어 
SPB-48855,2024-09-30 12:42:04,타이어 
SPB-41040,2024-09-30 12:42:05,체인
SPB-44552,2024-09-30 12:43:18,페달
SPB-63858,2024-09-30 12:44:11,체인
SPB-61076,2024-09-30 12:46:31,체인
SPB-56889,2024-09-30 12:49:24,기타 
SPB-41448,2024-09-30 12:53:29,안장
SPB-66119,2024-09-30 12:53:58,기타 
SPB-48555,2024-09-30 12:56:39,페달
SPB-62550,2024-09-30 13:01:50,타이어 
SPB-39552,2024-09-30 13:05:24,타이어 
SPB-37643,2024-09-30 13:09:52,기타 
SPB-50911,2024-09-30 13:18:16,기타 
SPB-64243,2024-09-30 13:24:31,기타 
SPB-58238,2024-09-30 13:25:26,타이어 
SPB-37570,2024-09-30 13:25:59,타이어 
SPB-64091,2024-09-30 13:27:17,페달
SPB-65866,2024-09-30 13:27:41,기타 
SPB-47511,2024-09-30 13:28:22,타이어 
SPB-57375,2024-09-30 13:29:12,페달
SPB-82154,2024-09-30 13:29:51,체인
SPB-53618,2024-09-30 13:40:37,타이어 
SPB-41866,2024-09-30 13:46:44,타이어 
SPB-31210,2024-09-30 13:47:53,안장
SPB-43551,2024-09-30 13:51:41,체인
SPB-62958,2024-09-30 13:54:34,체인
SPB-56537,2024-09-30 13:57:45,페달
SPB-48949,2024-09-30 13:58:06,페달
SPB-69640,2024-09-30 13:59:34,안장
SPB-52440,2024-09-30 14:01:48,기타 
SPB-48460,2024-09-30 14:02:26,체인
SPB-59775,2024-09-30 14:02:36,안장
SPB-62004,2024-09-30 14:10:50,안장
SPB-59816,2024-09-30 14:11:54,기타 
SPB-46137,2024-09-30 14:15:15,체인
SPB-41067,2024-09-30 14:17:08,안장
SPB-50625,2024-09-30 14:17:47,안장
SPB-60698,2024-09-30 14:17:57,기타 
SPB-58073,2024-09-30 14:23:58,페달
SPB-58867,2024-09-30 14:24:56,기타 
SPB-48210,2024-09-30 14:25:18,기타 
SPB-62784,2024-09-30 14:27:44,단말기
SPB-68702,2024-09-30 14:31:03,체인
SPB-31442,2024-09-30 14:32:32,체인
SPB-48229,2024-09-30 14:32:46,타이어 
SPB-69446,2024-09-30 14:35:47,안장
SPB-53187,2024-09-30 14:37:59,기타 
SPB-43192,2024-09-30 14:41:29,타이어 
SPB-66365,2024-09-30 14:44:10,체인
SPB-56662,2024-09-30 14:47:02,타이어 
SPB-38116,2024-09-30 14:48:26,체인
SPB-53627,2024-09-30 14:55:50,타이어 
SPB-48653,2024-09-30 14:58:30,타이어 
SPB-45755,2024-09-30 14:59:23,단말기
SPB-44703,2024-09-30 15:06:44,체인
SPB-57005,2024-09-30 15:13:02,기타 
SPB-67173,2024-09-30 15:13:52,타이어 
SPB-63500,2024-09-30 15:22:23,타이어 
SPB-39153,2024-09-30 15:28:20,체인
SPB-39402,2024-09-30 15:30:30,안장
SPB-33061,2024-09-30 15:37:20,체인
SPB-36862,2024-09-30 15:39:20,안장
SPB-32599,2024-09-30 15:39:28,타이어 
SPB-64665,2024-09-30 15:43:12,기타 
SPB-49119,2024-09-30 15:52:37,페달
SPB-31223,2024-09-30 15:54:02,체인
SPB-60819,2024-09-30 15:54:47,페달
SPB-62181,2024-09-30 16:14:38,타이어 
SPB-83455,2024-09-30 16:15:21,타이어 
SPB-39409,2024-09-30 16:23:53,체인
SPB-35428,2024-09-30 16:25:42,체인
SPB-51599,2024-09-30 16:25:49,체인
SPB-52767,2024-09-30 16:26:08,기타 
SPB-61603,2024-09-30 16:27:15,체인
SPB-31981,2024-09-30 16:30:55,타이어 
SPB-43572,2024-09-30 16:33:06,기타 
SPB-61940,2024-09-30 16:35:21,체인
SPB-50153,2024-09-30 16:36:54,기타 
SPB-64067,2024-09-30 16:37:03,타이어 
SPB-65276,2024-09-30 16:40:33,타이어 
SPB-69913,2024-09-30 16:41:40,체인
SPB-46830,2024-09-30 16:42:02,안장
SPB-69433,2024-09-30 16:42:34,체인
SPB-67365,2024-09-30 16:42:38,타이어 
SPB-69501,2024-09-30 16:42:39,페달
SPB-59858,2024-09-30 16:42:52,체인
SPB-61863,2024-09-30 16:44:55,안장
SPB-42633,2024-09-30 16:45:36,기타 
SPB-54957,2024-09-30 16:48:26,페달
SPB-62385,2024-09-30 16:51:58,기타 
SPB-52385,2024-09-30 16:57:20,안장
SPB-38780,2024-09-30 16:58:38,타이어 
SPB-44671,2024-09-30 16:59:07,안장
SPB-63732,2024-09-30 17:00:25,타이어 
SPB-57285,2024-09-30 17:00:27,페달
SPB-69457,2024-09-30 17:07:42,체인
SPB-70171,2024-09-30 17:07:51,타이어 
SPB-64355,2024-09-30 17:08:00,타이어 
SPB-52548,2024-09-30 17:08:48,기타 
SPB-63720,2024-09-30 17:09:00,타이어 
SPB-65166,2024-09-30 17:09:01,타이어 
SPB-62075,2024-09-30 17:11:18,타이어 
SPB-51409,2024-09-30 17:14:23,타이어 
SPB-64158,2024-09-30 17:15:56,체인
SPB-32564,2024-09-30 17:15:56,체인
SPB-66455,2024-09-30 17:17:51,단말기
SPB-39440,2024-09-30 17:18:09,체인
SPB-48556,2024-09-30 17:18:23,페달
SPB-59364,2024-09-30 17:18:42,타이어 
SPB-60111,2024-09-30 17:19:31,기타 
SPB-55961,2024-09-30 17:19:49,안장
SPB-39177,2024-09-30 17:20:19,페달
SPB-65804,2024-09-30 17:20:31,페달
SPB-44356,2024-09-30 17:24:13,안장
SPB-60368,2024-09-30 17:24:23,타이어 
SPB-56034,2024-09-30 17:24:33,기타 
SPB-30022,2024-09-30 17:29:23,페달
SPB-62721,2024-09-30 17:33:09,안장
SPB-33398,2024-09-30 17:33:21,페달
SPB-37083,2024-09-30 17:33:25,타이어 
SPB-58237,2024-09-30 17:34:33,기타 
SPB-31911,2024-09-30 17:35:11,타이어 
SPB-36237,2024-09-30 17:35:13,체인
SPB-68850,2024-09-30 17:36:44,타이어 
SPB-34735,2024-09-30 17:36:45,타이어 
SPB-44229,2024-09-30 17:37:12,체인
SPB-51071,2024-09-30 17:39:33,타이어 
SPB-63251,2024-09-30 17:39:45,타이어 
SPB-42316,2024-09-30 17:40:23,타이어 
SPB-56969,2024-09-30 17:40:56,페달
SPB-49172,2024-09-30 17:40:59,단말기
SPB-40311,2024-09-30 17:42:22,안장
SPB-44584,2024-09-30 17:42:40,단말기
SPB-70234,2024-09-30 17:43:22,타이어 
SPB-68972,2024-09-30 17:43:28,체인
SPB-45803,2024-09-30 17:43:43,기타 
SPB-65353,2024-09-30 17:43:47,안장
SPB-59681,2024-09-30 17:44:06,체인
SPB-37785,2024-09-30 17:44:15,단말기
SPB-52970,2024-09-30 17:44:22,체인
SPB-63177,2024-09-30 17:44:26,안장
SPB-38277,2024-09-30 17:44:29,체인
SPB-70434,2024-09-30 17:44:31,단말기
SPB-66824,2024-09-30 17:44:52,안장
SPB-69678,2024-09-30 17:46:09,기타 
SPB-59012,2024-09-30 17:46:44,체인
SPB-51426,2024-09-30 17:48:04,체인
SPB-56072,2024-09-30 17:49:39,안장
SPB-56104,2024-09-30 17:50:40,기타 
SPB-42491,2024-09-30 17:53:09,타이어 
SPB-68715,2024-09-30 17:53:32,기타 
SPB-60213,2024-09-30 17:53:40,페달
SPB-43689,2024-09-30 17:55:25,안장
SPB-37963,2024-09-30 17:56:10,기타 
SPB-56744,2024-09-30 17:56:30,페달
SPB-56566,2024-09-30 17:58:29,체인
SPB-34857,2024-09-30 18:00:05,체인
SPB-46201,2024-09-30 18:00:10,기타 
SPB-67737,2024-09-30 18:00:26,기타 
SPB-55042,2024-09-30 18:01:51,타이어 
SPB-35751,2024-09-30 18:01:51,안장
SPB-33258,2024-09-30 18:02:52,체인
SPB-63702,2024-09-30 18:03:33,기타 
SPB-62204,2024-09-30 18:03:35,기타 
SPB-55869,2024-09-30 18:03:41,안장
SPB-42198,2024-09-30 18:04:37,기타 
SPB-51831,2024-09-30 18:06:18,기타 
SPB-46750,2024-09-30 18:07:02,타이어 
SPB-58847,2024-09-30 18:07:43,기타 
SPB-56480,2024-09-30 18:08:31,기타 
SPB-66705,2024-09-30 18:08:49,타이어 
SPB-61003,2024-09-30 18:09:04,체인
SPB-54578,2024-09-30 18:09:58,기타 
SPB-64450,2024-09-30 18:10:23,체인
SPB-54927,2024-09-30 18:11:01,기타 
SPB-55411,2024-09-30 18:11:26,안장
SPB-48387,2024-09-30 18:11:28,기타 
SPB-42595,2024-09-30 18:11:34,기타 
SPB-46766,2024-09-30 18:11:38,타이어 
SPB-31573,2024-09-30 18:11:44,체인
SPB-40565,2024-09-30 18:12:10,안장
SPB-65619,2024-09-30 18:12:15,체인
SPB-82641,2024-09-30 18:13:01,타이어 
SPB-36652,2024-09-30 18:13:31,안장
SPB-60639,2024-09-30 18:14:20,안장
SPB-68710,2024-09-30 18:14:23,기타 
SPB-46638,2024-09-30 18:14:34,안장
SPB-36578,2024-09-30 18:15:44,타이어 
SPB-31823,2024-09-30 18:15:45,체인
SPB-60524,2024-09-30 18:16:02,기타 
SPB-67463,2024-09-30 18:16:14,체인
SPB-68066,2024-09-30 18:18:13,체인
SPB-45541,2024-09-30 18:18:16,단말기
SPB-45356,2024-09-30 18:18:55,체인
SPB-52448,2024-09-30 18:19:36,타이어 
SPB-35282,2024-09-30 18:19:45,안장
SPB-55571,2024-09-30 18:20:56,체인
SPB-69505,2024-09-30 18:21:18,체인
SPB-44290,2024-09-30 18:21:20,체인
SPB-59324,2024-09-30 18:21:31,페달
SPB-48116,2024-09-30 18:21:51,기타 
SPB-38597,2024-09-30 18:22:51,기타 
SPB-58911,2024-09-30 18:23:23,단말기
SPB-36268,2024-09-30 18:24:23,타이어 
SPB-54420,2024-09-30 18:25:14,타이어 
SPB-69225,2024-09-30 18:25:50,체인
SPB-33694,2024-09-30 18:26:03,체인
SPB-42164,2024-09-30 18:26:17,타이어 
SPB-63394,2024-09-30 18:26:37,타이어 
SPB-64539,2024-09-30 18:27:07,체인
SPB-68517,2024-09-30 18:28:19,페달
SPB-40473,2024-09-30 18:28:28,체인
SPB-55435,2024-09-30 18:28:33,체인
SPB-31453,2024-09-30 18:29:17,타이어 
SPB-60136,2024-09-30 18:29:57,기타 
SPB-30935,2024-09-30 18:30:05,타이어 
SPB-66571,2024-09-30 18:30:34,체인
SPB-56553,2024-09-30 18:32:55,체인
SPB-62124,2024-09-30 18:35:37,기타 
SPB-42130,2024-09-30 18:35:56,안장
SPB-57772,2024-09-30 18:37:04,타이어 
SPB-42033,2024-09-30 18:37:14,기타 
SPB-44299,2024-09-30 18:37:27,타이어 
SPB-63461,2024-09-30 18:38:02,타이어 
SPB-60982,2024-09-30 18:38:46,기타 
SPB-30180,2024-09-30 18:39:03,타이어 
SPB-58587,2024-09-30 18:39:53,타이어 
SPB-42849,2024-09-30 18:40:19,타이어 
SPB-61767,2024-09-30 18:42:20,페달
SPB-33949,2024-09-30 18:42:34,기타 
SPB-43555,2024-09-30 18:43:30,안장
SPB-51931,2024-09-30 18:43:50,안장
SPB-65223,2024-09-30 18:44:06,체인
SPB-68332,2024-09-30 18:44:14,타이어 
SPB-36989,2024-09-30 18:45:27,체인
SPB-61168,2024-09-30 18:45:34,타이어 
SPB-39251,2024-09-30 18:45:34,페달
SPB-59172,2024-09-30 18:45:53,페달
SPB-40146,2024-09-30 18:45:55,체인
SPB-39105,2024-09-30 18:46:10,안장
SPB-42409,2024-09-30 18:46:56,기타 
SPB-47129,2024-09-30 18:49:30,기타 
SPB-57728,2024-09-30 18:51:37,체인
SPB-58664,2024-09-30 18:54:21,체인
SPB-46099,2024-09-30 18:54:41,체인
SPB-32189,2024-09-30 18:54:51,안장
SPB-64805,2024-09-30 18:55:39,타이어 
SPB-39408,2024-09-30 18:56:17,체인
SPB-43944,2024-09-30 18:58:28,안장
SPB-54942,2024-09-30 18:58:30,기타 
SPB-51215,2024-09-30 19:02:20,안장
SPB-65526,2024-09-30 19:03:57,타이어 
SPB-48293,2024-09-30 19:04:28,체인
SPB-59969,2024-09-30 19:06:43,안장
SPB-33139,2024-09-30 19:08:38,기타 
SPB-67459,2024-09-30 19:09:22,체인
SPB-55126,2024-09-30 19:11:28,타이어 
SPB-56785,2024-09-30 19:13:13,기타 
SPB-45055,2024-09-30 19:13:16,체인
SPB-48286,2024-09-30 19:14:30,타이어 
SPB-56051,2024-09-30 19:17:26,타이어 
SPB-65297,2024-09-30 19:18:46,타이어 
SPB-43135,2024-09-30 19:18:53,체인
SPB-40006,2024-09-30 19:19:03,페달
SPB-53005,2024-09-30 19:20:08,기타 
SPB-64287,2024-09-30 19:21:48,타이어 
SPB-82073,2024-09-30 19:22:06,단말기
SPB-64471,2024-09-30 19:22:43,안장
SPB-50047,2024-09-30 19:24:02,체인
SPB-52884,2024-09-30 19:24:22,안장
SPB-41311,2024-09-30 19:24:29,체인
SPB-50714,2024-09-30 19:24:51,타이어 
SPB-46614,2024-09-30 19:26:06,안장
SPB-69656,2024-09-30 19:27:15,기타 
SPB-44803,2024-09-30 19:29:35,단말기
SPB-70173,2024-09-30 19:29:56,기타 
SPB-56691,2024-09-30 19:30:01,체인
SPB-45898,2024-09-30 19:30:15,단말기
SPB-35416,2024-09-30 19:30:44,기타 
SPB-40052,2024-09-30 19:33:08,기타 
SPB-34332,2024-09-30 19:35:42,기타 
SPB-53250,2024-09-30 19:35:46,기타 
SPB-66019,2024-09-30 19:36:16,기타 
SPB-55806,2024-09-30 19:37:05,체인
SPB-67577,2024-09-30 19:37:23,타이어 
SPB-67914,2024-09-30 19:38:06,페달
SPB-52353,2024-09-30 19:39:01,기타 
SPB-51809,2024-09-30 19:39:11,타이어 
SPB-35988,2024-09-30 19:40:13,안장
SPB-55409,2024-09-30 19:40:50,타이어 
SPB-55030,2024-09-30 19:40:55,기타 
SPB-83872,2024-09-30 19:41:39,타이어 
SPB-44413,2024-09-30 19:42:17,체인
SPB-60032,2024-09-30 19:44:19,안장
SPB-40055,2024-09-30 19:45:52,안장
SPB-66553,2024-09-30 19:50:16,안장
SPB-69156,2024-09-30 19:50:41,타이어 
SPB-32204,2024-09-30 19:50:43,체인
SPB-45951,2024-09-30 19:51:13,안장
SPB-64388,2024-09-30 19:51:40,단말기
SPB-47886,2024-09-30 19:52:10,단말기
SPB-68828,2024-09-30 19:52:27,페달
SPB-82978,2024-09-30 19:52:56,타이어 
SPB-68075,2024-09-30 19:54:36,기타 
SPB-45914,2024-09-30 19:54:43,안장
SPB-63700,2024-09-30 19:56:43,기타 
SPB-50059,2024-09-30 19:58:16,안장
SPB-36038,2024-09-30 19:58:20,단말기
SPB-67883,2024-09-30 19:58:27,기타 
SPB-64951,2024-09-30 19:59:11,타이어 
SPB-44632,2024-09-30 20:01:20,타이어 
SPB-49103,2024-09-30 20:03:38,타이어 
SPB-42493,2024-09-30 20:05:20,안장
SPB-42551,2024-09-30 20:05:32,기타 
SPB-34865,2024-09-30 20:05:42,기타 
SPB-69995,2024-09-30 20:08:12,안장
SPB-54228,2024-09-30 20:09:21,타이어 
SPB-55803,2024-09-30 20:10:07,타이어 
SPB-31227,2024-09-30 20:12:18,타이어 
SPB-81443,2024-09-30 20:14:18,체인
SPB-59194,2024-09-30 20:15:20,페달
SPB-58268,2024-09-30 20:15:31,페달
SPB-68849,2024-09-30 20:17:27,체인
SPB-34972,2024-09-30 20:19:22,타이어 
SPB-70396,2024-09-30 20:21:35,체인
SPB-52715,2024-09-30 20:22:40,타이어 
SPB-33150,2024-09-30 20:23:24,페달
SPB-58508,2024-09-30 20:24:51,기타 
SPB-30424,2024-09-30 20:25:00,기타 
SPB-33689,2024-09-30 20:25:06,기타 
SPB-81211,2024-09-30 20:25:17,체인
SPB-57813,2024-09-30 20:27:46,기타 
SPB-58024,2024-09-30 20:29:19,기타 
SPB-33611,2024-09-30 20:29:31,체인
SPB-35267,2024-09-30 20:30:08,페달
SPB-64575,2024-09-30 20:30:48,안장
SPB-42284,2024-09-30 20:35:01,페달
SPB-48793,2024-09-30 20:39:02,기타 
SPB-81475,2024-09-30 20:39:05,단말기
SPB-53707,2024-09-30 20:39:46,단말기
SPB-38927,2024-09-30 20:41:10,페달
SPB-44697,2024-09-30 20:41:51,기타 
SPB-37218,2024-09-30 20:42:46,기타 
SPB-44942,2024-09-30 20:43:34,기타 
SPB-69255,2024-09-30 20:43:57,기타 
SPB-59435,2024-09-30 20:45:06,페달
SPB-43265,2024-09-30 20:46:02,타이어 
SPB-32656,2024-09-30 20:46:36,기타 
SPB-50886,2024-09-30 20:47:02,체인
SPB-81171,2024-09-30 20:47:32,페달
SPB-51472,2024-09-30 20:48:02,체인
SPB-58568,2024-09-30 20:48:14,체인
SPB-65104,2024-09-30 20:48:23,기타 
SPB-48400,2024-09-30 20:49:14,기타 
SPB-60354,2024-09-30 20:49:47,페달
SPB-61179,2024-09-30 20:50:15,타이어 
SPB-50687,2024-09-30 20:50:46,안장
SPB-34156,2024-09-30 20:51:14,단말기
SPB-45403,2024-09-30 20:51:47,안장
SPB-32007,2024-09-30 20:53:50,페달
SPB-82597,2024-09-30 20:56:59,타이어 
SPB-44536,2024-09-30 20:57:32,안장
SPB-31159,2024-09-30 20:59:02,체인
SPB-61418,2024-09-30 20:59:16,체인
SPB-41744,2024-09-30 21:00:23,기타 
SPB-54804,2024-09-30 21:01:25,체인
SPB-36661,2024-09-30 21:02:24,타이어 
SPB-68083,2024-09-30 21:03:09,타이어 
SPB-31368,2024-09-30 21:04:13,체인
SPB-33820,2024-09-30 21:07:31,페달
SPB-32415,2024-09-30 21:07:48,기타 
SPB-41183,2024-09-30 21:08:05,체인
SPB-41741,2024-09-30 21:10:24,체인
SPB-67466,2024-09-30 21:10:40,기타 
SPB-35993,2024-09-30 21:11:11,안장
SPB-31246,2024-09-30 21:12:43,안장
SPB-80031,2024-09-30 21:12:57,타이어 
SPB-55046,2024-09-30 21:16:33,기타 
SPB-38175,2024-09-30 21:16:49,단말기
SPB-40578,2024-09-30 21:19:33,안장
SPB-50803,2024-09-30 21:20:18,타이어 
SPB-64711,2024-09-30 21:22:11,기타 
SPB-37115,2024-09-30 21:22:20,기타 
SPB-64548,2024-09-30 21:23:37,안장
SPB-69723,2024-09-30 21:23:39,안장
SPB-53261,2024-09-30 21:26:51,타이어 
SPB-31120,2024-09-30 21:30:35,체인
SPB-59816,2024-09-30 21:30:39,페달
SPB-41140,2024-09-30 21:31:40,안장
SPB-82757,2024-09-30 21:32:11,기타 
SPB-37485,2024-09-30 21:33:41,체인
SPB-49062,2024-09-30 21:41:33,기타 
SPB-37650,2024-09-30 21:41:36,안장
SPB-58281,2024-09-30 21:44:18,기타 
SPB-52008,2024-09-30 21:46:05,페달
SPB-43561,2024-09-30 21:46:09,기타 
SPB-68522,2024-09-30 21:48:48,기타 
SPB-43334,2024-09-30 21:51:14,기타 
SPB-47606,2024-09-30 21:52:30,타이어 
SPB-58731,2024-09-30 21:52:32,체인
SPB-59578,2024-09-30 21:53:58,기타 
SPB-44462,2024-09-30 21:55:32,타이어 
SPB-82225,2024-09-30 21:58:39,안장
SPB-61739,2024-09-30 21:59:39,페달
SPB-61454,2024-09-30 21:59:56,체인
SPB-67483,2024-09-30 22:01:28,타이어 
SPB-48796,2024-09-30 22:03:25,체인
SPB-70397,2024-09-30 22:04:42,체인
SPB-42314,2024-09-30 22:06:25,타이어 
SPB-58740,2024-09-30 22:08:02,기타 
SPB-67762,2024-09-30 22:08:24,체인
SPB-65540,2024-09-30 22:10:15,체인
SPB-53490,2024-09-30 22:12:04,체인
SPB-56253,2024-09-30 22:13:36,기타 
SPB-60442,2024-09-30 22:13:42,타이어 
SPB-59158,2024-09-30 22:13:45,기타 
SPB-55706,2024-09-30 22:14:33,기타 
SPB-67249,2024-09-30 22:14:35,타이어 
SPB-42078,2024-09-30 22:16:27,체인
SPB-64158,2024-09-30 22:17:44,체인
SPB-64754,2024-09-30 22:20:19,체인
SPB-52875,2024-09-30 22:23:44,타이어 
SPB-55473,2024-09-30 22:24:04,페달
SPB-30408,2024-09-30 22:24:46,기타 
SPB-46582,2024-09-30 22:26:18,페달
SPB-44740,2024-09-30 22:27:43,체인
SPB-57341,2024-09-30 22:27:50,페달
SPB-33500,2024-09-30 22:28:59,체인
SPB-62025,2024-09-30 22:31:09,타이어 
SPB-30814,2024-09-30 22:33:30,페달
SPB-32160,2024-09-30 22:33:45,안장
SPB-66527,2024-09-30 22:35:00,기타 
SPB-39853,2024-09-30 22:35:08,체인
SPB-66302,2024-09-30 22:35:12,체인
SPB-67250,2024-09-30 22:37:26,기타 
SPB-36067,2024-09-30 22:39:46,체인
SPB-46475,2024-09-30 22:43:58,체인
SPB-45757,2024-09-30 22:44:53,체인
SPB-48784,2024-09-30 22:45:42,타이어 
SPB-54170,2024-09-30 22:47:56,체인
SPB-36494,2024-09-30 22:47:58,단말기
SPB-57950,2024-09-30 22:49:16,기타 
SPB-51857,2024-09-30 22:50:16,타이어 
SPB-67703,2024-09-30 22:51:11,타이어 
SPB-59908,2024-09-30 22:51:33,타이어 
SPB-51469,2024-09-30 22:54:19,페달
SPB-64609,2024-09-30 22:55:41,체인
SPB-65343,2024-09-30 23:00:02,타이어 
SPB-48430,2024-09-30 23:00:18,타이어 
SPB-49104,2024-09-30 23:03:46,기타 
SPB-56257,2024-09-30 23:07:32,체인
SPB-33876,2024-09-30 23:07:44,기타 
SPB-43957,2024-09-30 23:09:50,기타 
SPB-54989,2024-09-30 23:19:58,페달
SPB-42718,2024-09-30 23:22:16,안장
SPB-69033,2024-09-30 23:25:15,체인
SPB-67277,2024-09-30 23:25:22,체인
SPB-38827,2024-09-30 23:25:58,안장
SPB-31893,2024-09-30 23:26:09,기타 
SPB-41698,2024-09-30 23:26:39,타이어 
SPB-39876,2024-09-30 23:33:57,타이어 
SPB-45074,2024-09-30 23:34:28,타이어 
SPB-65673,2024-09-30 23:36:30,기타 
SPB-51112,2024-09-30 23:42:35,기타 
SPB-66420,2024-09-30 23:44:18,타이어 
SPB-54720,2024-09-30 23:45:02,체인
SPB-32854,2024-09-30 23:50:58,타이어 
SPB-48760,2024-09-30 23:54:09,단말기
SPB-63894,2024-09-30 23:55:19,단말기
SPB-37898,2024-09-30 23:56:41,체인
SPB-66853,2024-09-30 23:58:44,타이어 
